True,Pred,Proba
1,1,0.645918228911085
1,1,0.9998806990840043
0,0,0.004258966589206388
0,0,0.03645703260999815
0,0,0.014343884526808183
0,0,0.0654712061937136
0,0,0.011536100734138188
0,0,0.034567366009723564
0,0,0.04741343488337958
0,0,0.01783627414807998
0,0,0.050230033408339175
0,0,0.011787725742364455
0,0,0.040791206264613064
0,0,0.045676573020206224
1,1,0.9989099864816792
0,0,0.011074007894606054
0,0,0.0184891662263545
0,0,0.016910865782799107
0,0,0.03295855319322017
0,1,0.6484347305077109
0,0,0.007159574747181007
0,0,0.033170927446034434
0,0,0.04168141179051196
0,0,0.03813582818474058
0,0,0.007695649427814856
0,0,0.018970732001654576
0,0,0.00844054615930956
0,0,0.02562802257276864
0,0,0.008305724909244175
0,0,0.06406847002400345
1,1,0.999316945555984
0,0,0.0403210131894215
0,0,0.024552853571931085
1,1,0.9996478553936357
0,0,0.027639826810382958
0,0,0.022207921691989416
0,0,0.015778757163995315
0,0,0.03480116138958728
0,0,0.018078996806787373
0,0,0.014669701101041141
1,1,0.9997106654444072
0,0,0.006598627339276783
1,1,0.8867436814956974
0,0,0.01699416945132157
0,0,0.034134639187917884
0,0,0.032582429993596125
0,0,0.08423029121435095
0,0,0.04559650174632336
0,0,0.02790274067588807
1,1,0.9992593262743309
1,1,0.9912588649364908
0,0,0.10484619822280926
0,0,0.1773312959815181
0,0,0.05213630304688917
1,1,0.9975380375266633
0,0,0.08770986767257845
0,0,0.07051882575615741
0,0,0.03604437930161092
1,1,0.7112926542988037
0,0,0.036546183707716014
1,1,0.9999196068361792
0,0,0.04017426713031232
0,0,0.07629357224424232
0,0,0.035451005195728545
0,0,0.011504161573022585
0,0,0.045546783694074326
0,0,0.05230533836588682
0,0,0.027876811816133298
0,0,0.024673843090502495
0,0,0.01608830369381363
0,0,0.01929974528255119
0,0,0.023709046601218118
0,0,0.028230426055503133
0,0,0.023848935441006122
0,0,0.03159824631036464
1,1,0.9998772921541448
1,1,0.9993181822471021
0,0,0.045762724881276605
0,0,0.01762804002458443
0,0,0.020306049971302007
0,0,0.031066384704151673
0,0,0.009046960802324094
0,0,0.047399018510158195
1,1,0.999826357087169
0,0,0.0342286763174633
0,0,0.040389396898388004
1,1,0.7328033665829676
1,1,0.9994731037914384
0,0,0.03812824960436826
0,0,0.12715247482895495
0,0,0.1634709206077898
0,0,0.021490255117968187
0,0,0.027703450114809864
0,0,0.01676050999014665
0,0,0.034646139272464696
0,0,0.01643453213273929
0,0,0.022280682431077097
0,0,0.042561033691318376
1,1,0.9997813731470411
0,0,0.05242255814739911
0,0,0.016725788243216532
0,0,0.029944373891760946
0,0,0.19151963824371154
1,1,0.9998781926741331
0,0,0.023003674866553823
0,0,0.014539364015032929
1,1,0.8561642252754523
0,0,0.03310706361919642
0,0,0.07004084660278602
0,0,0.016825007966714534
0,0,0.025606735430850094
1,1,0.998249929365087
0,0,0.046152594562685154
1,1,0.9998365005737841
1,1,0.9990111990217375
0,0,0.009744050651114973
0,0,0.040043046084514415
1,1,0.9992705456401854
0,0,0.014325751071595807
0,0,0.005779235786898632
0,0,0.015426592909031993
0,0,0.04599426922859467
0,0,0.039223740180904645
0,0,0.01022881995503696
0,0,0.011456402809914747
0,0,0.37082577899376207
0,0,0.07853254252870671
0,0,0.01895173306324684
0,0,0.013800570108417244
0,0,0.02187124589200679
0,0,0.007128598808528793
0,0,0.018393848954466146
0,0,0.33464861075522634
1,1,0.9998097871716343
0,0,0.029761233871590128
0,0,0.019751946453508973
0,0,0.014842802709308383
0,0,0.028426746895024092
0,0,0.019321058149579986
0,0,0.010986192155065275
1,1,0.9718184593703584
0,0,0.024978272170922
1,0,0.4370278197935777
0,0,0.05648192760848857
0,0,0.037793618278409574
0,0,0.050917880493774124
0,0,0.003975669212375756
0,0,0.028950232320737034
0,0,0.013504916306450858
0,0,0.035929126801459585
0,0,0.025392591705801826
0,0,0.018308429840278938
1,1,0.9997213421786647
0,0,0.00532490344887935
1,1,0.9997257540888934
0,0,0.012918835120757921
1,1,0.998197140391563
0,0,0.04748217906669318
0,0,0.007312273204602892
1,0,0.046680370843195436
1,1,0.9998204150649468
0,0,0.03100150019102121
1,1,0.5776029183304758
0,0,0.013488819528087758
0,0,0.0949157483043132
0,0,0.014870645778459528
0,0,0.03772578970596521
1,1,0.9992611725637313
0,0,0.022121281400394894
0,0,0.023124672042435745
0,0,0.1395340065897583
0,0,0.034171536495768234
0,0,0.21263065656792302
0,0,0.02683915484681116
1,1,0.8950731861049789
0,0,0.008401815595812167
1,1,0.9998132459978756
1,0,0.10744410891908916
1,1,0.999301432507493
0,0,0.012209649664513406
0,0,0.052082439741382144
0,0,0.05676370881277471
0,0,0.06619561408026016
0,0,0.01435504818052979
0,0,0.04081002356830623
0,0,0.01717804959455913
0,0,0.0315944554196586
0,0,0.062184062191103576
1,1,0.9990113594280629
0,0,0.017743843840456946
0,0,0.016989212485431428
0,0,0.01349466837971356
0,0,0.026779560869519367
0,0,0.03175413624806955
0,0,0.009970488416898782
0,1,0.6885979623335273
0,0,0.033770722927614974
0,0,0.022268104218962238
0,0,0.03766461739572253
1,1,0.637038391840271
0,0,0.013761489013103641
0,0,0.013191367531131067
0,0,0.08941434196301776
1,1,0.5742093794291472
1,1,0.9998990588694828
0,0,0.03989182101891614
1,1,0.9875277268389155
0,0,0.04144438946817134
0,0,0.02704473421469406
0,0,0.025430931678575564
0,0,0.030295370451806202
0,0,0.07313852825792334
0,0,0.01890016209172102
0,0,0.007204070788448917
0,0,0.026670090819590018
1,1,0.9998812327520221
0,0,0.01940653229460064
0,0,0.037078797727251776
0,0,0.03130383383234467
0,0,0.021066581171531575
1,1,0.9996748039675479
1,1,0.9993104747906911
0,0,0.03423352356881234
0,0,0.022191374190622584
1,1,0.9359480978046891
1,0,0.19088277596930617
0,0,0.009599941234155642
0,0,0.01357285377533305
0,0,0.03929580921151586
1,1,0.5710583088776955
0,0,0.011630254342260846
0,0,0.05760776534992432
0,0,0.04647699233257091
0,0,0.024525297645673853
0,0,0.014433812764421091
0,0,0.05066636724205578
0,0,0.021376966261163633
1,1,0.999316945555984
0,0,0.016407111003685897
0,0,0.09265932876462837
0,0,0.010882624830239187
0,0,0.027365539651016797
1,1,0.8474490845725003
0,0,0.011511318034498525
0,0,0.030635968864777464
0,0,0.007297914728988699
0,0,0.03804202994708909
0,0,0.013269363204399582
0,0,0.029384966793097742
0,0,0.25767424890574314
0,0,0.014199255101684037
0,0,0.02215913702783713
0,0,0.03841621054203133
1,1,0.9994731037914384
0,0,0.018840062975518358
0,0,0.020305229041732716
0,0,0.04063881244426716
0,0,0.016804525904378562
0,0,0.03222675072500601
0,0,0.008845362513287117
0,0,0.04168321038783756
0,0,0.11032276262009914
1,1,0.9729561882422307
0,0,0.35084380005490523
0,0,0.01674755987960654
0,0,0.010877455514206427
0,0,0.020565877889412033
0,0,0.02050486489548161
0,0,0.012108400466772404
0,0,0.03175878402727076
1,1,0.983539495512014
0,0,0.020502127294811615
0,0,0.020809932501520263
0,0,0.007513096221568486
0,0,0.05393071788253555
0,0,0.014197254236425304
1,1,0.6411735953397621
0,0,0.02008493132153107
1,1,0.9873758941369065
0,0,0.03771706087154694
0,0,0.008189900386711536
0,0,0.09266272720999467
0,0,0.012256931773135622
0,0,0.021573217636241034
1,1,0.9550032221727743
0,0,0.21353938178115972
0,0,0.01368146256710121
0,0,0.007451265232287096
0,0,0.01469083132304127
1,1,0.9999538927865106
0,0,0.010957460392975463
0,0,0.019882566434962792
0,0,0.012829492395973176
0,0,0.016082467989055483
0,0,0.010406375043755127
0,0,0.040923249243940404
0,0,0.031152660436863933
1,1,0.9102928837829116
0,0,0.009929475250751284
0,0,0.03412658941069991
1,1,0.9911961240865145
0,0,0.012211789684534026
0,0,0.022467693737461537
0,0,0.028583350283838377
0,0,0.02090894090168665
0,0,0.006872220109820462
0,0,0.008560882705376657
0,0,0.03451967911616057
0,0,0.013356193895220535
0,0,0.0376170762999132
0,0,0.01838606522943833
0,0,0.12476228091498022
0,0,0.011869196849249452
1,0,0.18283014127680336
0,0,0.013707253414519161
0,0,0.027592364790485248
0,0,0.042096826922179684
1,1,0.7417642588770383
0,0,0.025710708339191233
0,0,0.020162753702050073
0,0,0.01591910032287506
0,0,0.01738493024071872
0,0,0.010722031593959465
0,0,0.04511557619632276
1,1,0.8108582017010357
0,0,0.02361968065688513
0,0,0.018531056275024806
0,0,0.03548277698137477
0,0,0.00987311090915655
0,0,0.010621454039497946
0,0,0.029796279608416007
0,0,0.011687450693845145
0,0,0.011247488142854114
0,0,0.008644706231289169
0,0,0.006113591468767292
1,1,0.9991297189762798
0,0,0.006218740031459177
0,0,0.025562849324813702
0,0,0.020797017596672636
1,0,0.04442239602395648
0,0,0.010692739272187286
1,0,0.17543909127988205
0,0,0.032511489041472635
0,0,0.043077576028337804
1,1,0.9999415915594568
0,0,0.009111346194779742
1,1,0.8035053086414654
0,0,0.013156725498640762
0,0,0.006789786987905028
0,0,0.04954183202415314
0,0,0.008741661666705135
0,0,0.014995784302216784
0,0,0.03046116557998556
0,0,0.03690123588717066
0,0,0.01445937942927918
0,0,0.03432625854512637
0,0,0.03144787769544116
1,1,0.9550401433586352
0,0,0.038454879790140215
0,0,0.03919239533787395
1,1,0.9689900555205816
0,0,0.012517936764375006
1,1,0.966283396420963
0,0,0.026988044997801806
0,0,0.013617061900444328
0,0,0.045097776613547164
1,1,0.9992573180366731
0,0,0.048516228753954546
0,0,0.026255040635640527
0,0,0.05638293369524952
0,0,0.009185319941694628
0,0,0.041544994465733114
0,0,0.023686554899813698
0,0,0.01476690290052066
0,0,0.03419159032178189
1,1,0.5568098496047903
0,0,0.009116897559874961
0,0,0.04261657682731239
1,1,0.999388842626589
0,0,0.047796173093570316
0,0,0.019724224125765633
0,0,0.04026100207070686
0,0,0.038276810927126204
0,0,0.03944567699613082
0,0,0.03750923291675011
0,0,0.01914760590753296
1,1,0.9986288645491687
0,0,0.04273783125074509
0,0,0.025587773515034124
0,0,0.017271714976112795
0,0,0.024051292525594247
0,0,0.038785832022129076
0,0,0.039073332790453594
0,0,0.01554271887841603
0,0,0.0948317710300235
0,0,0.03402976210028943
0,0,0.05235236579232113
0,0,0.014930726460785386
0,0,0.017445023104243024
1,0,0.06692885366471131
0,0,0.013076531888909589
0,0,0.04928418847476233
0,0,0.018487394435600085
0,0,0.03687773920269359
0,0,0.021888579599396413
1,1,0.9997699801784897
0,0,0.03377087755708602
1,0,0.04678046697734383
0,0,0.030652597852245757
0,0,0.03790618948624464
0,0,0.020614951038757084
0,0,0.06757305857991901
1,1,0.9993734589344883
0,0,0.022672748736422096
0,1,0.8391823893726051
0,0,0.033082433912181186
0,0,0.007259949029608635
1,0,0.38352005623614843
0,0,0.03591917980823351
0,0,0.03800125072011008
1,1,0.9993884214500565
1,1,0.9997825545149062
0,0,0.026817595524837604
0,0,0.009824617135822217
1,1,0.8108722470173931
0,0,0.03786472967003174
0,0,0.02198020292855763
0,0,0.1588264668491771
0,0,0.017501175679001103
0,0,0.018479551731491156
0,0,0.012264836840076548
0,0,0.04938686636162637
0,0,0.03954947555568803
0,0,0.05349784940848185
0,0,0.018092150474347937
0,0,0.023064004108591052
0,0,0.05789490097983581
0,0,0.04131742933990508
0,0,0.03752223019109026
0,0,0.12685974491947055
0,0,0.024107314856166885
1,1,0.9967965210404475
0,0,0.010425192263802225
1,1,0.9995719465028408
0,0,0.012089720217678429
1,1,0.9996256168549399
0,0,0.02558044949841945
0,0,0.02099045561834184
0,0,0.0418772990819823
0,0,0.027396119985092206
0,0,0.003887925281230933
0,0,0.03513119462401214
1,1,0.8623226614134809
0,0,0.009103145070873571
0,0,0.03898097574629565
0,0,0.013794835069366799
0,0,0.052052517502821624
0,0,0.07090141542952476
0,0,0.017518542968421563
0,0,0.046946762247953126
0,0,0.023272124911993784
0,0,0.021074069763839524
1,1,0.9929382314272187
0,0,0.060760639960659044
0,0,0.010861053828111212
0,0,0.04929693820365288
1,1,0.9997094882001235
1,1,0.9988170417087657
0,0,0.03240465560772499
0,0,0.020743514191532402
0,0,0.009696475238874914
0,0,0.00846854007139453
1,1,0.9994881504490865
1,0,0.03050877891455143
0,0,0.0217355707527415
0,0,0.15102819828156264
0,0,0.03800125072011008
0,0,0.03129690686134535
0,0,0.020847380143970036
1,1,0.9993647996124165
0,0,0.017792480119844547
1,1,0.9774973805885813
0,0,0.039706786365199934
0,0,0.01616832763909439
1,1,0.9767095284101137
0,0,0.022979123355456047
0,0,0.04891695663125471
1,1,0.9003051423763108
0,0,0.015334920736266399
1,1,0.974451273320534
0,0,0.038207251827449176
0,0,0.04135995666652683
0,0,0.07205546717895221
0,0,0.01452816302168854
0,0,0.03168354487149444
0,0,0.025204547639310453
0,0,0.03457793139119584
0,0,0.01670047969966634
0,0,0.04786239682085784
0,0,0.01206442250279024
0,0,0.00955019545844123
0,0,0.009979523361641896
1,1,0.9991654757390164
0,0,0.031133668925043562
0,0,0.0440711988882524
1,0,0.4583261158040986
1,1,0.9996748915218366
0,0,0.06894087945421887
0,0,0.18182010126311354
0,0,0.012693245122985763
1,1,0.9749794083933413
0,0,0.030659771611477656
0,0,0.03373697594358033
0,0,0.014708332659113836
1,1,0.9997741718352189
0,0,0.0034194465261460096
0,0,0.056946097638678625
0,0,0.05280856076683315
0,0,0.062159685406819064
0,0,0.013383500843193952
0,0,0.025852960644881944
0,0,0.01622699561963993
0,0,0.01906076813487685
0,0,0.015148286236376228
0,0,0.059461329706431684
0,0,0.018391435418511723
0,0,0.012202675216371188
0,0,0.0184677836961627
0,0,0.039520005554568166
0,0,0.07974355932836213
0,0,0.2330665430880266
0,1,0.7522407077547025
1,1,0.9994209803032083
0,0,0.0608558760604702
1,0,0.10048134648361956
1,1,0.9989841861407481
0,0,0.04524347592753669
1,1,0.9980804125407373
0,0,0.03372165851768752
0,0,0.005371627560861561
0,0,0.018366298879579857
1,0,0.38818963417984276
0,0,0.01915815211693367
0,0,0.02979356849552619
0,0,0.06094451360755351
0,0,0.03147482972740472
0,0,0.03776744873028265
0,0,0.021371314601314105
0,0,0.022677411353773585
0,0,0.03148578857035289
0,0,0.008640815181679579
1,0,0.03576659139435469
0,0,0.2672079622572543
1,1,0.8296584441194489
0,0,0.022197749444177187
0,0,0.04077470657661055
0,0,0.012960680807625354
0,0,0.028122765261631533
0,0,0.028216102785734054
0,0,0.02500283386216884
0,0,0.01575904476182566
0,0,0.014971396061018799
0,0,0.04070645509359305
0,0,0.009704531886277595
1,1,0.9958661542228192
1,1,0.999069713205628
0,0,0.03645600586092048
0,0,0.027990222984338647
0,0,0.008872643719378475
0,0,0.025417780293478354
0,0,0.028769248716852568
0,0,0.20915231816258328
1,1,0.7930801091357444
0,0,0.061594807193212836
0,0,0.12476460008718553
0,0,0.012996493193023848
0,0,0.04142354126859295
1,1,0.9140361789543142
0,0,0.04410198319831972
0,0,0.010171801305537206
0,0,0.03569622650922007
0,0,0.02812908249602199
0,0,0.01895081126850708
0,0,0.028561892357664678
1,1,0.9996113311511705
0,0,0.017793222617053767
0,0,0.012054250661279733
0,0,0.04755585442992805
0,0,0.017921380036795744
1,0,0.05000717499282649
0,0,0.04417233975264922
0,0,0.035838496433435535
0,0,0.02983929410430443
1,1,0.9998355230017422
0,0,0.0212266204239799
0,0,0.04216178306594034
0,0,0.03154861398539496
0,0,0.00819933969465285
0,0,0.010973800138230778
0,0,0.012717386086936434
0,0,0.037384810788867094
0,0,0.03282166372296026
0,0,0.020546760388060355
0,0,0.02272252335319576
1,1,0.9992435465286075
1,1,0.9995359292239668
0,0,0.033340925544734154
0,0,0.016466594134105957
0,0,0.034330414953807016
0,0,0.012728509973996396
1,1,0.9998465633155527
0,0,0.024904467277944962
0,0,0.008950799220672047
0,0,0.09522223369569292
0,0,0.015724468951388727
0,0,0.03222759973492155
0,0,0.03835477483393628
0,0,0.01598613909931255
0,0,0.014467534119076652
1,0,0.4967182480236308
0,0,0.026220575149840827
0,1,0.704083788101034
1,1,0.9561749304860102
0,0,0.046869679244208776
0,0,0.09701313962619006
0,0,0.016710947072092343
1,1,0.9992962918492374
0,0,0.022034794463226644
0,0,0.057786083059296105
0,0,0.007017525137424408
0,0,0.032310621306678854
0,0,0.16752929759215715
1,1,0.9769194183796053
1,1,0.98953346263371
0,0,0.03797145091843855
0,0,0.01124242642142533
0,0,0.009813048314714102
0,0,0.030676107930367215
0,0,0.04019982937694954
0,0,0.018327118842930146
0,0,0.0494042754961625
0,0,0.0353899840971322
0,0,0.012164046047186296
0,0,0.031790446282403136
0,0,0.170140964903565
0,0,0.03191983424905208
1,1,0.9576862081568571
0,0,0.024527405347434913
0,0,0.03787274832944147
0,0,0.01736933935287096
0,0,0.027395427590228606
1,1,0.999940538304526
0,0,0.04306144277147381
0,0,0.026582764335233714
0,0,0.017914980813623867
0,0,0.049904341295879534
1,1,0.8922165615679504
0,0,0.029348358680867336
1,0,0.1164325399090594
0,0,0.02482264761052306
1,1,0.7158582656492543
0,0,0.019414677402886226
0,0,0.03703958626224763
0,0,0.027436840330104777
0,0,0.027438265567234076
0,0,0.025867546627818892
0,0,0.018587259958102034
1,1,0.9996119777015117
1,1,0.981071335478505
1,1,0.9992634786685269
0,0,0.04023552036268406
0,0,0.05840250596727768
1,1,0.9999160618229673
0,0,0.008648504038828511
0,0,0.03496617006095497
0,0,0.019247658680835913
1,1,0.8637122280276476
0,0,0.028005148497014423
0,0,0.020797017596672636
0,0,0.010604633483435495
0,0,0.014926009533583312
0,0,0.045229111172291545
0,0,0.034775713555617725
0,0,0.06399682692195467
0,0,0.013711870700489279
0,0,0.07459972871511697
0,0,0.028004411595623585
0,0,0.013409420414534079
0,0,0.016242437793134973
1,1,0.9996141506123803
1,0,0.2645937134136357
0,0,0.0538384801350743
1,1,0.8967902190322324
0,0,0.030220347445312615
0,0,0.008478452117293037
1,0,0.08760579143042801
0,0,0.04058132526300505
0,0,0.020622617398009364
0,0,0.03002151916339366
1,1,0.9992714988723601
0,0,0.011404695210792777
1,1,0.9993808997455846
0,0,0.019382445552246563
1,1,0.9996803439324334
0,0,0.03233693062692045
0,0,0.014388253808823692
0,0,0.04414823517237971
0,0,0.02368209855397439
0,0,0.014517361089882302
1,0,0.030395127016040892
0,0,0.03459112078261029
0,0,0.01435504818052979
0,0,0.02108254017366959
1,1,0.9115946500346205
0,0,0.009933094335333214
1,0,0.05417491373433155
0,0,0.03837320347427015
0,0,0.010038118557142716
0,0,0.00590859513166114
0,0,0.031510846786565135
0,0,0.015969181924416726
0,0,0.048326039175848226
0,0,0.03215884408326191
0,0,0.009090402675402573
0,0,0.1620389118172998
0,0,0.02942363683958015
0,0,0.047547773451950846
0,0,0.0157391829422596
1,1,0.9989338998091605
0,0,0.016375590387532585
0,0,0.026152276378096893
0,0,0.05483009687851718
1,1,0.8442672924315635
0,0,0.20013030862825862
0,0,0.014224215527789134
0,0,0.049983221657180894
0,0,0.012992860856520717
0,0,0.017105249633525395
0,0,0.023669584757005962
1,1,0.9993064507480921
0,0,0.02811492565539254
0,0,0.050317564472423165
0,0,0.03398846659238943
1,1,0.9917516533057578
0,0,0.024453047470936566
0,0,0.017251518839984846
0,0,0.020351073535285327
1,1,0.9987314483433772
0,0,0.05764521767144399
0,0,0.009614237876781463
0,0,0.008985131337614981
0,0,0.032282456974531845
1,1,0.998197140391563
0,0,0.01835954231935819
1,1,0.8188426537152784
0,0,0.027874405277516993
0,0,0.019748088013778406
0,0,0.014829216237378921
0,0,0.007961052955367564
0,0,0.03452269627252555
1,1,0.9986741008940969
0,0,0.03669643082413311
0,1,0.5248589135452888
0,0,0.020155331096925237
1,0,0.06082632022207097
0,0,0.04883720933365928
0,0,0.04294627703919781
0,0,0.014246038390097209
0,0,0.024897253430027876
1,1,0.9993480962436825
0,0,0.02031337538892079
0,0,0.04202183650690253
0,0,0.0562439501363685
0,0,0.015570738824112553
0,0,0.030657111360647
0,0,0.05483508829980044
0,0,0.015914066295540822
1,1,0.9984719263565155
1,1,0.6721810932151918
0,0,0.06977018358935154
0,0,0.055402476103202224
0,0,0.034444812492213164
0,0,0.055739282972607496
0,0,0.01797433870794433
0,0,0.02840690775253217
0,0,0.026891587135318137
0,0,0.02785821473200636
0,0,0.014279790852863464
0,0,0.00847222667374618
0,0,0.04229870815219924
0,0,0.016393101983758183
0,0,0.007216637528990208
0,0,0.03922732193203582
1,1,0.9615918480905796
0,0,0.007514247934969695
0,0,0.042480031366995664
0,0,0.018442939928796233
0,0,0.035367925210073745
1,1,0.6938453868389673
0,0,0.06954972486292545
1,1,0.981071335478505
0,0,0.05122188056915148
0,0,0.04188740497596343
0,0,0.033695527301116454
0,0,0.009659430026714868
0,0,0.03328270200044596
1,1,0.9341836449514682
0,0,0.029576466598515167
0,0,0.043684130693642534
1,1,0.9973444318013553
1,1,0.9991153513504807
0,0,0.016810701978051765
0,0,0.02374461983983291
0,0,0.017642995115808614
0,0,0.04902525034874833
0,0,0.02073724898552766
0,0,0.02323003212419685
1,1,0.7395819926910362
0,0,0.012365130835106715
0,0,0.0187528098519208
0,0,0.015410592326579464
0,0,0.36921278732790835
1,1,0.9978806135325493
1,1,0.9989993535179716
0,0,0.010341020651225453
0,0,0.026491997717882743
0,0,0.0315208150228102
0,0,0.03742366991064218
0,0,0.10876367262936591
0,0,0.011099182852081106
0,0,0.019511855333170746
0,0,0.02954187860524472
0,0,0.019525208206087597
0,0,0.030679083312265976
0,0,0.01380372437512823
0,0,0.011002875401527104
0,0,0.020035077120429637
1,1,0.8647033269093658
0,0,0.022787136375237917
1,0,0.04433267007386841
0,0,0.01136594121778382
0,0,0.014897333502345055
0,0,0.03461556377112093
0,0,0.04834172893384075
0,0,0.01446264671449076
0,0,0.03527603425867041
0,0,0.05915238007680986
0,0,0.041988681414315075
0,0,0.02185742295811407
0,0,0.04188772658017108
0,0,0.016709039032552615
1,1,0.9997005223420254
0,0,0.3360407685944996
1,1,0.8695674820766156
0,0,0.02508191889209854
0,0,0.0119645013362757
0,0,0.16281941293331453
0,0,0.04561647901480624
0,0,0.05565507437675936
0,0,0.03169187064848475
0,0,0.025736352579941633
0,0,0.007892824886160846
1,1,0.9987411052698397
0,0,0.10195811430595475
0,0,0.047392891794312594
1,1,0.9902613842816734
0,0,0.17635642057428286
0,0,0.011128296722029172
0,0,0.05880144628360335
0,0,0.011703864614316392
0,0,0.31059493567766405
0,0,0.019283639683309726
0,0,0.028074935222713454
0,0,0.01001408113627717
0,0,0.017563123888195083
0,0,0.10384254603631812
0,0,0.03844845378118738
0,0,0.0572618640350006
1,1,0.8402803122765122
0,0,0.010337563975663806
0,0,0.014657561334834715
0,0,0.013542958719381269
0,0,0.06418091457112804
0,0,0.2066826222821828
0,0,0.03633344857851752
0,0,0.03354505101316741
0,0,0.0569601440842557
0,0,0.07257408166228682
0,0,0.04464705715453345
0,0,0.031750911714604584
0,0,0.03471731628851267
1,0,0.1495238647164775
0,0,0.05037909502274838
0,0,0.037687157382189876
1,0,0.3388031303976946
0,0,0.03597264288449501
1,1,0.7870365308345569
0,0,0.021800849966233028
1,1,0.9994022278875107
0,0,0.014580738642681956
0,0,0.01292346675410802
1,1,0.9997785212721125
1,1,0.9994122070643294
0,0,0.048589987713714304
0,0,0.014267927394492076
1,1,0.999144700620824
0,0,0.024479744895626144
0,0,0.017677164049453728
0,0,0.019229963999145356
0,0,0.07245228715963248
1,1,0.8247556549919439
1,1,0.9991419161773756
0,0,0.028789166718211693
0,0,0.021590799058680703
0,0,0.03876795523783966
1,1,0.9822345515923107
0,0,0.04093983994302775
0,0,0.00972991572826404
0,0,0.04811403810248732
0,1,0.6690484296116613
0,0,0.013279928593169585
0,0,0.012385985981739307
1,1,0.9986118491898115
0,0,0.04180815528233356
0,0,0.03589323034678545
0,0,0.009708419540688178
0,0,0.017796957290728572
0,0,0.03290609428048566
0,0,0.028908055444261813
0,0,0.017046108776760976
0,0,0.011187378293303416
1,0,0.49175203624777303
1,1,0.976007496986406
0,0,0.19199080746913375
0,0,0.018000330486373103
1,1,0.9994398700372069
0,0,0.044435164683845514
0,0,0.01574006579518083
0,0,0.036415070557869925
0,0,0.0145843881865365
0,0,0.028634534067797958
0,0,0.009194599217340671
0,0,0.016246088959852734
1,0,0.07735705491659699
0,0,0.04484959196158153
0,0,0.046471010502463474
0,0,0.032732996195828874
0,0,0.08726152791681988
1,1,0.9996998215913498
0,0,0.009747257681013038
0,0,0.03842603588602759
1,1,0.6428914053736033
1,0,0.312249479506632
0,0,0.022459070677341722
1,1,0.9437630404960335
0,0,0.06181760157157167
0,0,0.018270440874993913
0,0,0.04102203163047762
0,0,0.23208923839291212
0,0,0.006756559026356781
0,0,0.03595816934555568
0,0,0.024989814822736385
0,0,0.0767313278256817
1,1,0.9131356072796135
0,0,0.01136682273952356
1,0,0.11415375580746705
1,0,0.07687126272408441
1,1,0.9923901644692685
0,0,0.06973487832191605
0,0,0.04920895801715668
0,0,0.01883728174463113
1,1,0.9999351208757926
0,0,0.029570209244661787
0,1,0.5232775871194157
0,0,0.018418657018295013
0,0,0.013607450452233268
0,0,0.018039105105034686
0,0,0.041389967567586616
0,0,0.03210701950960419
0,0,0.48951072035426224
0,0,0.01746440797010732
0,0,0.11844040106954457
0,0,0.01308629151808538
1,1,0.9993606558301273
0,0,0.030014886034302198
0,0,0.028944733290909148
0,0,0.025793403762535888
0,0,0.023397282096523413
0,0,0.02521374434615961
1,1,0.7493158839344224
0,0,0.045288851012797816
1,1,0.7354789819166644
0,0,0.04137200390161238
0,0,0.007018214890450904
0,0,0.010624108255293111
0,0,0.030645003509823923
0,0,0.01716972812205992
0,0,0.02662671416160547
0,0,0.058709497214830125
0,0,0.02739985630224936
0,0,0.035708787426309285
0,0,0.02762599919570183
0,0,0.017447139894620888
0,0,0.04802380150545848
1,0,0.2841327906031721
0,0,0.009180036142087395
0,0,0.03816340082498408
0,0,0.015363152348645628
0,0,0.0098399223973872
0,0,0.030496403006146817
1,1,0.9459288449638911
1,1,0.9990265340206317
0,0,0.02382962738736943
0,0,0.017663153832241117
0,0,0.01486920558929697
1,1,0.734854812658878
0,0,0.02873445506845799
1,1,0.9996422997036227
0,0,0.030823643925752906
0,0,0.02313378179394429
0,0,0.040354836679578926
0,0,0.017211897189668594
0,0,0.027760320155630513
0,0,0.018515280556195477
0,0,0.011624247304715857
1,1,0.999431182444109
0,0,0.014971323153406076
0,0,0.013940405048201012
0,0,0.01464729769851207
0,0,0.0396203128807978
1,1,0.9973078465677213
0,0,0.21622032998038593
1,0,0.020244613506942035
0,0,0.014933156617020982
0,0,0.022108563884530447
0,0,0.016527006437919437
0,0,0.018195877358316945
1,1,0.8917610293633357
0,0,0.014490658270135803
0,0,0.025735758764260284
0,0,0.006475916107681718
0,0,0.027481609677482095
0,0,0.06175066928544667
0,0,0.19034880738148882
0,1,0.9109256224007419
0,0,0.024070351063029273
1,1,0.999260329702698
1,1,0.9993271780595059
0,0,0.028385283962868817
0,0,0.014576728171861265
0,0,0.025920759724893924
0,0,0.03568071283559569
1,1,0.9999464794020286
0,0,0.021030603507578297
0,0,0.01881048786114489
0,0,0.02033050055223491
1,1,0.5665314206675864
0,0,0.03902396798695531
0,0,0.014759074783311328
0,0,0.033183780067860665
0,0,0.03474578524024672
0,0,0.03035730048205865
0,0,0.015532095870120466
1,1,0.9998946928146735
1,1,0.999647375737425
0,0,0.044924668018936395
0,0,0.018722054309576984
0,0,0.00969328400025027
0,0,0.035077727189899995
1,0,0.03604230546176512
0,0,0.01804701016880356
1,0,0.03852007043189414
1,0,0.3500397884657382
1,0,0.06258068642745036
0,0,0.06589016522121853
0,0,0.03513660280776208
0,0,0.05567477390507812
1,1,0.9454691161923536
0,0,0.0764889709064304
0,0,0.01181695092367084
0,0,0.013542417918368554
0,0,0.05302428390185636
0,0,0.0814088331064826
0,0,0.02528014822226021
1,1,0.9397229973587883
0,0,0.07699340919100431
0,0,0.015467488666851529
0,0,0.012952386362388085
0,0,0.022977605483100686
0,0,0.034016226792646896
0,0,0.05094839560492829
0,0,0.024023670303976997
1,1,0.999474620592965
0,0,0.016374395504683784
0,0,0.05313437854983315
1,1,0.7961640641245721
0,0,0.016370150626444653
1,1,0.999821744182054
0,0,0.009906702747389749
0,0,0.009932017491350593
1,1,0.9390680596709668
0,0,0.04280965622402127
0,0,0.013845001853371347
1,0,0.048266666780693974
1,1,0.7609130181173085
0,0,0.039290624196826864
1,1,0.8872539064660426
1,1,0.9999322525013341
0,0,0.024605355606437646
0,0,0.01779242024973671
1,1,0.9999331868488363
0,0,0.03602365840884622
1,0,0.008832275641250841
0,0,0.04337551947078265
0,0,0.01421487958338569
0,0,0.0063796402541096055
1,1,0.9495162791341706
1,1,0.9500862767670023
0,0,0.027054761633457346
0,0,0.036190337820883316
0,0,0.08209836955156141
0,0,0.018073113432545296
1,1,0.9839517826580313
0,0,0.02758004128725431
0,0,0.01571254681524764
1,1,0.999274485302685
0,0,0.022294702727330105
0,0,0.02181548401542314
0,0,0.0913675813530219
0,0,0.05511958041613578
1,1,0.9996814429345666
0,0,0.031110919743996483
0,0,0.019608187077152117
0,0,0.049373659900245684
0,0,0.0488382274411171
0,0,0.048595153339247354
0,0,0.008931019486634242
1,0,0.016625268216342047
1,1,0.9995430514153694
0,1,0.8762188310187802
0,0,0.06340708730031731
0,0,0.05167806782574984
0,0,0.03582941448644737
1,1,0.9994241230282146
0,0,0.015294444067016213
0,0,0.020906437515367752
1,1,0.9995209446006887
0,0,0.014060647478058621
1,1,0.9995701213705555
0,0,0.010405169482284565
0,0,0.032616148803850435
0,0,0.057623809163182854
0,0,0.026686985327990877
0,0,0.04467836997042043
0,0,0.05019767147325678
1,1,0.9740951196108206
0,0,0.046337130346801286
0,0,0.01584046898642028
0,0,0.06784462785740687
0,0,0.042740944686846194
0,0,0.10511196072514802
0,0,0.34851925301146064
0,0,0.014566351187595562
0,0,0.01568364989646894
1,1,0.9989841861407481
0,0,0.027068426784318388
1,0,0.42756419583089883
0,0,0.022736470542000214
0,0,0.028537674423148415
0,0,0.04366851565146631
0,0,0.01613203618036555
0,0,0.00862436690081479
0,0,0.04808996890765217
0,0,0.07731850372761293
0,0,0.06181580836420976
0,0,0.005773338386873
1,1,0.9975431153056697
0,0,0.20792420833853348
0,0,0.015312572994818497
1,1,0.9997741718352189
0,0,0.01808714861702982
0,0,0.03961178490405256
0,0,0.017838152574504856
0,0,0.019547581998578843
0,0,0.011823027814013664
0,0,0.13395352144557923
0,0,0.04039740257168732
0,0,0.15475545001913835
0,0,0.02628865285110228
0,0,0.017085628563094344
0,0,0.047196395358156694
0,1,0.5759738069063101
0,0,0.013690888545251974
1,1,0.999707028922583
0,0,0.053734214591117505
0,0,0.024765053164236803
1,0,0.21158472877617174
1,1,0.9994597280122172
1,1,0.999408209343208
0,0,0.041306678944605185
0,0,0.02294348328191304
0,0,0.0619052878615954
0,0,0.026663774139801005
1,1,0.9986430235387661
0,0,0.032152500455698826
0,0,0.010734778925796055
1,1,0.9989066012352186
0,0,0.028238161224811015
0,0,0.011829426616280383
0,0,0.05122834899248091
0,0,0.03551355510066452
0,0,0.012378954385796228
1,1,0.7309821719638868
0,0,0.01106039667267113
0,0,0.018143716011569028
1,1,0.9397658869331352
0,0,0.05007979227451295
0,0,0.06822124883328318
0,0,0.11492330388238223
0,0,0.009447898921529179
0,0,0.05063521437569883
0,0,0.03371220848420883
0,0,0.01661854043932704
0,0,0.04669472656773486
1,1,0.9882260376361671
0,0,0.07618617572554803
0,0,0.027898823353917423
0,0,0.01821232536636066
0,0,0.04947518733265369
0,0,0.031211354641145304
0,0,0.01335407322446405
0,0,0.018145226098286123
0,0,0.015286790884519869
0,0,0.02462383068601913
0,0,0.02792497883589421
0,0,0.02450022174909992
0,1,0.7624142110277711
0,0,0.009199740083574591
0,0,0.024051772813916072
0,0,0.007616256825075061
1,1,0.9998512415603109
0,0,0.03429802089627599
0,0,0.01092479533392223
0,0,0.030086060249811815
1,1,0.7628660500310859
0,0,0.02459072840332201
0,0,0.4817525473035873
0,1,0.5375080030605418
0,0,0.03530469243364372
0,0,0.028358446244552304
0,0,0.028210809550036128
0,0,0.006730540456578623
1,0,0.4378817711957702
1,1,0.9500862767670023
0,0,0.03836617856058457
0,1,0.7961926461577681
0,0,0.014950757777941533
0,0,0.021965538132605576
0,0,0.0145215325073534
0,0,0.024603099428108757
0,0,0.03067120423240754
0,0,0.03570695812768088
0,0,0.04426815820882097
0,0,0.03490508331548537
0,0,0.009535907385083706
0,0,0.0389895224944042
0,0,0.013862051460446558
0,0,0.018349877549546905
0,0,0.021597319637791174
0,0,0.0165023291622252
0,0,0.007872531067610412
0,0,0.02640935453342386
0,0,0.12501202436339248
1,1,0.9998952417292278
0,0,0.047405109822944005
0,0,0.03514262432641415
0,0,0.20542378850357806
0,0,0.04348128763165384
0,0,0.0339789799396675
0,0,0.033830546536571485
0,0,0.05251303799330358
0,0,0.01590026798699065
0,0,0.025465762254848492
0,0,0.035651411985640445
0,0,0.030199474086415438
0,0,0.04125218599961725
0,0,0.024249116733403273
0,0,0.04318675563282656
1,0,0.09432806090440626
0,0,0.03770040692918304
0,0,0.011721773380359209
1,0,0.3295247694690003
0,0,0.03991919059708314
0,0,0.03585376668696818
1,1,0.946678760753561
0,0,0.07195325176250743
0,0,0.03503532797798097
0,0,0.044456932116821626
0,0,0.01524493926606472
1,1,0.999934715489926
0,0,0.008644494227839888
0,0,0.019117136262303
0,0,0.029451386014973033
0,0,0.03345885635155611
1,1,0.9992703600524016
0,0,0.017663387347941525
0,0,0.020947081903724605
0,0,0.007393365027523562
0,0,0.1985662388073988
1,1,0.9997813731470411
1,1,0.9999247964757301
0,1,0.8097147379963006
1,0,0.4326156036033265
1,1,0.9998118627771087
0,0,0.017971046292751505
0,0,0.011190606348316187
0,0,0.03140216578170899
0,0,0.01897624150870724
0,0,0.007908737341663757
0,0,0.009290514772585485
0,0,0.0185950273519659
0,0,0.03478533571792226
0,0,0.01916294020484761
0,0,0.10833677111141221
1,1,0.9981487790980949
1,1,0.9997389900773729
0,1,0.583946837613147
0,0,0.008135117647431543
0,0,0.0439239742028365
0,0,0.018420459796976065
0,0,0.021299764387420397
0,0,0.061454295403119384
0,0,0.03241510218729016
1,1,0.9999284573247034
0,0,0.027848873061898663
0,0,0.012099658738069332
0,0,0.012681749505620699
1,1,0.9982149676975165
0,0,0.02652360451108487
0,0,0.016384405149302988
0,0,0.028684618282192067
0,0,0.02731302631547996
0,0,0.0392207910052229
0,0,0.029921485266353104
0,0,0.08438036029277392
1,1,0.9998340693371393
0,0,0.02226157680367651
0,0,0.007520015473913054
0,0,0.01376539834542875
0,0,0.0460034508220558
0,0,0.00967482866528391
0,0,0.020400014767452655
0,0,0.007992217410021643
1,1,0.9950443361343135
0,0,0.009507336712583215
0,0,0.040620222175704886
0,0,0.04750567670019996
1,1,0.9878126163207718
0,0,0.4900804146555802
0,0,0.04567163345924276
0,0,0.02788384489968847
1,1,0.9995418254570168
0,0,0.022913775703618345
0,0,0.03529749294771958
1,1,0.9469585948294049
0,0,0.015816850842821403
0,0,0.0386322754148875
1,1,0.9825170797249777
0,0,0.007703627905169926
0,0,0.05133880748581143
1,1,0.9990075184908278
0,0,0.021052986515705686
0,0,0.006935756346601506
0,0,0.039024786144115926
1,1,0.995329531512944
0,0,0.012876179943267172
0,0,0.020468955428055637
0,0,0.01541818453388011
0,0,0.027262389854522645
0,0,0.01603680787256972
1,1,0.9997813731470411
0,0,0.04414805468019531
0,0,0.033686887364593014
1,1,0.9992571606646384
1,1,0.9993850347475768
0,0,0.09048306780909861
1,1,0.9991910138376455
0,0,0.031879652900133545
0,0,0.0059040052308167576
1,1,0.9909950774249627
0,0,0.012808355753682093
0,0,0.008916524092486462
1,1,0.992083858928258
0,0,0.01965649049640002
0,0,0.02086135690678519
0,0,0.025515662517553054
0,0,0.4892449851660448
0,0,0.05447833027268019
0,0,0.016709719538520736
0,0,0.0456339525033675
0,0,0.027870828358718847
0,0,0.010303361670860368
0,0,0.016271004819399543
1,1,0.999727216650057
1,1,0.99946353158861
0,0,0.13974791606438777
0,0,0.023613033157642616
0,0,0.48688960392698805
1,1,0.9996096838706443
0,0,0.02712998302455292
0,0,0.029285389926719477
0,0,0.008073508918593278
0,0,0.02240315756460149
0,0,0.009355853554073604
0,0,0.02232446378619597
0,0,0.010734520072653035
0,0,0.0115886721765603
0,0,0.028596283955001096
0,0,0.01764565464491533
0,0,0.054319395908202485
0,0,0.02238938315638138
0,0,0.0387411939671709
0,0,0.04859083291596687
0,0,0.04085914585687013
0,0,0.010258435695128213
1,1,0.9998856334839462
1,1,0.959385682264455
0,0,0.09930409822381873
0,0,0.018990469450216128
1,1,0.9999164094491223
0,0,0.015159865182090808
0,0,0.06278596297905391
0,0,0.0339368904061081
0,0,0.036199079407956934
0,0,0.09014568695150732
0,0,0.02345636306356826
0,0,0.01351509831434321
0,0,0.02835631298243628
0,0,0.03223504996532072
0,0,0.04821980929296746
0,0,0.0364718187933254
0,0,0.02284405630006504
0,0,0.06076425238024184
0,0,0.04242836718876646
0,0,0.02562109428404322
0,0,0.033132191783991
0,0,0.0033294574188352014
0,0,0.010111017391922068
0,0,0.044122479208375205
0,0,0.018763574177359972
0,0,0.007161347465298424
0,0,0.007451831400038932
0,0,0.0151227306401426
0,0,0.036818768776296716
0,0,0.021161600815402467
1,0,0.15699722208431027
0,0,0.03135111378390336
0,0,0.020912073948176315
0,0,0.035453275300708735
0,0,0.0216801941210911
0,0,0.02023570802075477
0,0,0.03207004064384939
0,0,0.0486462896631214
0,0,0.013429060540736634
0,0,0.3567309631642006
0,0,0.04525851493164566
0,0,0.017116262624885463
0,0,0.022512802969485383
1,1,0.9984222881613519
0,0,0.01748902574540892
0,0,0.016926162642826245
0,0,0.01546707985591231
0,0,0.024463008153679664
0,0,0.027559691006171408
0,0,0.016921133523906142
0,0,0.011767924583496013
0,0,0.034672789709663
1,1,0.9993436465867187
0,0,0.019035372417854184
1,1,0.9933794475810315
0,0,0.011936687345756222
0,0,0.0306714574782068
1,0,0.1475127559191215
0,0,0.01989654621332274
0,0,0.03235517770116609
0,0,0.03690139844568238
0,0,0.02975965392342654
0,0,0.0334472993323521
0,0,0.031409117205261024
0,0,0.01732740601350288
1,1,0.9989417757537443
0,0,0.027824349364284205
1,1,0.9875748248038657
0,0,0.05486847855881722
0,0,0.014887214709540516
0,0,0.03949043808781926
0,0,0.012274535870236934
1,1,0.9998399597269172
0,0,0.01609249913819157
1,1,0.9984421690360766
0,0,0.09131322321559299
0,0,0.017699085786795646
0,0,0.11029943527322425
0,0,0.022753715059812316
1,1,0.6176353900512095
0,0,0.06019592113110077
1,1,0.9997341009507804
0,1,0.5157147136872104
0,0,0.019883658760741656
0,0,0.027261020811943672
0,0,0.015683090663841413
0,0,0.035304380381925245
1,1,0.998022674845705
0,0,0.03629006059971822
0,0,0.01224967856464114
0,0,0.007017886711331989
1,1,0.9998952417292278
0,0,0.01238627110523289
1,1,0.9621478280689019
0,0,0.015102109519441161
0,0,0.014019291528968013
0,0,0.029709756871728898
0,0,0.07670998676679329
1,1,0.9994218314723236
0,0,0.018522965332988934
1,1,0.9996403539467352
0,0,0.06803496662873917
0,0,0.016364826757488123
0,0,0.017096738644616295
1,0,0.3419542988220077
0,0,0.47323615634359933
0,0,0.005588852275814603
0,0,0.021315340557119197
1,1,0.9998587056345304
1,1,0.9997826695958265
0,0,0.02908549946166173
0,0,0.017159878580695065
0,0,0.027988348277408648
1,1,0.9994423810152697
0,0,0.04435814996720711
0,0,0.021301506603977737
1,1,0.9509015728372752
0,0,0.04125363514367042
0,0,0.03173134837240076
0,0,0.00975233711212634
0,0,0.027628371163633435
0,0,0.03405543625422457
0,0,0.027009577961977657
0,0,0.018051964910401612
1,1,0.998613139308927
1,1,0.999751136699353
0,0,0.01705370372589231
0,0,0.02120741490490217
0,0,0.008046899327478927
0,0,0.019830241284443828
0,0,0.017912816939805648
1,1,0.9997657590079264
0,0,0.04618159032633172
0,0,0.022758437480681362
1,0,0.17678798572278207
0,0,0.01165414373773449
0,0,0.0440614659368892
1,1,0.5854779024918182
1,1,0.9846082289295045
1,1,0.7344827464450953
1,0,0.05849876853928163
0,0,0.041669828214082966
1,1,0.9989637953845929
0,0,0.040930860073624495
0,0,0.03412419787931295
0,0,0.030577364181085274
1,1,0.9988562532321767
0,0,0.01293199389745089
1,0,0.31947566674678013
1,1,0.8039721691055935
0,0,0.10730098604062459
1,1,0.9996720722678266
0,0,0.02325147345188096
0,0,0.008904830297660518
0,0,0.017214986602920188
0,0,0.01295614572991502
0,0,0.04426758382220636
0,0,0.016404059369980767
0,0,0.08638101440658791
0,0,0.006427111686990724
0,0,0.024588092747703575
0,0,0.008801466469500767
1,0,0.3360407685944996
1,1,0.9993876303570742
0,0,0.059948682040456586
0,0,0.03780900589477629
0,0,0.011524201235791471
1,1,0.9678050526059283
1,1,0.9998831871137213
0,0,0.015073537368371928
1,1,0.9999375805512508
0,0,0.008497208242714743
1,1,0.7243680146110326
1,1,0.9998637613838519
0,0,0.17641060981990392
0,0,0.022079400400125643
0,0,0.033313831037691755
0,0,0.017106884474325283
0,0,0.014199280638138459
0,0,0.015732670458384532
0,0,0.01695174810598549
1,1,0.7718237909849749
0,0,0.010338708421769809
0,0,0.00740499012570769
1,1,0.5083124069971121
0,0,0.02469580264759935
0,0,0.03021068635830441
0,0,0.024045237942854413
1,1,0.9995701619670107
0,0,0.01818713522065767
0,0,0.041966351627213246
1,1,0.9996787276154011
0,0,0.02534456845029446
0,0,0.03754862908997803
1,1,0.9977150034786393
1,1,0.9993496163383921
0,0,0.026196004571226676
0,0,0.031786283246977125
1,1,0.9041134608579721
1,1,0.999477022245515
0,0,0.02977309797190784
1,1,0.9052531887066276
0,0,0.03151171499699404
0,0,0.01313983947274081
0,0,0.039156884602195005
1,0,0.015471643844112943
0,0,0.03173174276063413
1,1,0.5788155468150932
1,0,0.058686840522925846
0,0,0.030488548482345324
1,1,0.999776017851024
0,0,0.0338600183595073
0,0,0.017504611325770702
1,1,0.8156067867387616
0,0,0.03742402885526245
0,0,0.012349281055716678
0,0,0.036120326122840836
0,0,0.00608268736836754
0,0,0.026675165754759273
0,0,0.04783729583572726
0,0,0.06497998124550322
0,0,0.05098825944237425
1,1,0.7604931461664893
1,0,0.017269785188832643
0,0,0.0407890540079826
0,0,0.033917052507154086
0,0,0.014444653692247886
1,1,0.9998727607973885
1,1,0.9998362620700104
1,1,0.992083858928258
0,0,0.009862920638416775
0,0,0.009538484100917436
0,0,0.03807986495760376
0,0,0.010045139994731656
1,1,0.9988097760481037
0,0,0.03205815681618048
1,1,0.7700231289431028
0,0,0.022786426707238683
0,0,0.019529269722210092
1,1,0.9984621857259852
0,0,0.030452906565005756
0,0,0.07887540650522551
0,0,0.028138878367234707
0,0,0.02727580253315983
0,0,0.12129966320213643
0,0,0.031119909582948763
0,0,0.02106045282595479
0,0,0.011745887536521948
1,1,0.7913518326211304
1,0,0.059195604709847964
0,0,0.03717768447226053
0,0,0.03295902238902205
1,1,0.8594475828847793
0,0,0.003185307115776211
0,0,0.1318144503948425
0,0,0.01377401915659116
0,0,0.027691117413061087
0,0,0.008320662235042974
0,0,0.07064744823290561
0,0,0.0379820779642754
1,1,0.9999180969607541
1,1,0.5211959779615222
0,0,0.21995171588117277
1,0,0.07462380936887177
0,0,0.03529546401273644
0,1,0.6524610096833628
1,1,0.9992574747274668
0,0,0.024085822554306822
1,1,0.9991743748504045
0,0,0.006071478122770964
0,0,0.11609982377049075
0,0,0.01787155586341308
0,0,0.04427991089515894
0,0,0.011883969506387348
0,0,0.018816135904461937
0,0,0.04080525646430766
0,0,0.0169419491856644
0,0,0.030541765571532487
0,0,0.02287491987706868
0,0,0.03489673338316577
1,1,0.89616283531758
0,0,0.014001408231561688
0,0,0.020411388912700744
0,0,0.021948397676508847
0,0,0.015540667614248712
0,0,0.015588787735768456
0,0,0.01289587516548155
1,1,0.9995464235983259
0,0,0.014232493549146723
0,0,0.04707279769053981
0,0,0.013481702045721395
0,0,0.053018912334826376
0,0,0.01691338640719029
0,0,0.032909256406663645
1,1,0.9902830908821785
0,0,0.03799140845117854
0,0,0.009936484323114649
0,0,0.014891067005909102
1,1,0.9670422891444819
0,1,0.5172750837078907
0,0,0.03504515825363819
0,0,0.04841385424087273
0,0,0.0399421248603156
1,0,0.3506627367044235
0,0,0.08057719819209712
0,0,0.05157753381688699
1,1,0.6881992876933876
1,1,0.8841702008314521
1,1,0.9995735670541304
1,0,0.33153545210729324
0,0,0.01882913015809896
0,0,0.02998963610885439
0,0,0.023305874430149243
0,0,0.02863306539007477
0,0,0.008520607836180333
0,0,0.022977605483100686
0,0,0.02000408816899792
1,1,0.9727541145737746
0,0,0.032463035862602414
0,0,0.03778499943730917
0,0,0.023279583270987322
0,0,0.020877596644591257
0,0,0.046019870983948066
0,0,0.03046110950629628
0,0,0.005293211262142427
1,0,0.43064950238014726
1,1,0.9729155829038836
0,0,0.014219407635188763
0,0,0.011673655493202722
0,0,0.019608700432667384
1,0,0.17782944291907934
0,0,0.031898438645963395
0,0,0.027630179326708918
0,0,0.011764237814097566
0,0,0.00636268572753063
0,0,0.3444667134957784
0,0,0.017981368456914164
0,0,0.00729850068099095
0,1,0.9436743901738266
1,0,0.11285126360196639
1,1,0.9993067304213663
0,0,0.13459555751616034
0,0,0.03063161182470128
0,0,0.014768428200539535
0,0,0.05037373668026168
0,0,0.04328312324813421
0,0,0.04224021645922817
0,0,0.011578284157019997
0,0,0.056568647676538276
0,0,0.3845224935276012
0,0,0.018373098982941007
0,0,0.018216799535471916
0,0,0.013304201944122416
0,0,0.04405261090553669
0,0,0.025007612979124877
0,0,0.02957417824559887
0,0,0.021197601594738873
0,0,0.022106155135129854
0,0,0.0609504496359094
1,0,0.17131984209885573
0,0,0.03366878832227594
0,0,0.028967710808541384
0,0,0.06771989421852281
0,0,0.03844960357405493
0,0,0.016967023983679462
0,0,0.022399665213241524
0,0,0.09475499505810692
0,0,0.014428154540956101
0,0,0.03718283899486273
0,0,0.03110226274395257
0,0,0.06345900229958124
1,1,0.9753416543280509
0,0,0.038378715204144376
1,1,0.9996208624567485
1,1,0.8179390676447864
1,1,0.9995160819237432
0,0,0.008320899365933646
0,0,0.018694023715300264
1,0,0.03481266619013948
0,0,0.015570738824112553
0,0,0.03837775558877921
0,0,0.02569636268717746
0,0,0.05390020188686195
0,0,0.01655502287745015
0,0,0.03150945798485979
0,0,0.07508201574401183
0,0,0.02554691849916734
0,0,0.013990530020395443
0,0,0.04706220519598019
0,0,0.03140660600194888
0,0,0.01534960165906091
1,1,0.9681510408981809
0,0,0.04918891660418551
0,0,0.011531683994170362
0,0,0.022368012434623573
0,0,0.011914913580560139
0,0,0.019811785372918295
0,0,0.03477654054915889
0,0,0.03412721102453951
0,0,0.014087151720452395
0,0,0.06020325332362156
0,0,0.059195604709847964
0,0,0.03708137529582673
0,1,0.932332095883746
0,0,0.01391581713567817
0,0,0.05677746735225869
0,0,0.025597189589728425
0,0,0.005970632025129117
1,1,0.999392265469215
0,0,0.03376706978425698
0,0,0.04565300117927498
0,0,0.09873840811210165
0,0,0.01038520630462967
0,0,0.03427953151886515
0,0,0.02922184042158249
0,0,0.028315493865048776
1,1,0.9994217284556263
0,0,0.03264567420374946
0,0,0.007816585145830203
0,0,0.007675260613651601
0,0,0.033687271542505746
0,0,0.0338605042635527
0,0,0.016992557083737
0,0,0.02741159274628395
0,0,0.026945953964783987
0,0,0.013865190097282149
0,0,0.013681302254888858
0,0,0.024217226499056284
0,0,0.014196999929709565
0,0,0.011459984879209495
0,0,0.07215299375203878
1,1,0.9983296835924289
0,0,0.037504106755239096
1,1,0.9999148604696576
0,0,0.01667879525442624
0,0,0.08156543664758675
0,0,0.012280593383733955
0,0,0.028287316079840235
1,1,0.6944957221840089
0,0,0.09626775077664512
0,0,0.039292059019872864
0,0,0.016917210625648146
0,0,0.02146837131824792
1,1,0.9991855155728571
0,0,0.0750267476269037
1,1,0.5013351695341567
0,0,0.008389026291335894
0,0,0.00933085187075281
0,0,0.04590842507604284
0,0,0.00887590951333451
0,0,0.0521483263760683
0,0,0.04808996890765217
1,0,0.4019955500862874
0,0,0.004631080972020674
0,0,0.031008660877728574
0,0,0.01467938294338321
0,0,0.04071602243471283
0,0,0.01632625064796778
0,0,0.011379234404959703
0,0,0.02582341183454411
0,0,0.02148402109646295
0,0,0.03773798461103117
0,0,0.03657203998429542
0,0,0.027179372857048804
0,0,0.02502887615655027
0,0,0.02061876331595678
1,1,0.9992326161810038
1,1,0.9094952499968395
0,0,0.009964322745719534
1,1,0.9990674509238735
1,1,0.9994124277042851
0,0,0.010021040635069818
1,1,0.6397645553461588
0,0,0.004700041191236092
1,0,0.13696751798674356
0,0,0.023601162131094654
0,0,0.03039918919913923
0,0,0.045951021306973025
1,0,0.0685509345840449
0,0,0.017651322533281326
0,0,0.038457423296352745
0,0,0.010883188667788977
0,1,0.540027250373412
0,0,0.05248626129626486
1,1,0.881780708267598
0,0,0.041353586374838006
1,1,0.9787220827524711
0,0,0.04055773072852993
1,1,0.9998822061857306
0,0,0.03784766088997059
0,0,0.054142033004445915
0,0,0.04506004579386041
0,0,0.014989659174407923
1,0,0.2596694365066976
1,1,0.999477877085731
1,1,0.9983978814623449
0,0,0.021618620090250937
0,0,0.018625051458272583
0,0,0.01576390065738509
1,1,0.9755351811235878
1,1,0.9995887294491165
0,0,0.0764640039029628
0,0,0.22316783986160768
0,0,0.05889537843876792
0,0,0.01649438832411763
1,1,0.75336145694142
1,1,0.9995244506669994
0,0,0.013059407691695972
0,0,0.008132947645397282
0,0,0.01984087682443949
0,0,0.03078812110989189
0,0,0.05872568573373156
0,0,0.03985772128457807
0,0,0.023639769638759054
0,0,0.018492378129979614
0,0,0.058930903971040755
0,0,0.005556225118657715
0,0,0.058242126730473354
0,0,0.01269462592896035
0,0,0.037984962964347814
0,0,0.02822097689681749
0,0,0.03152262340583916
0,0,0.02796006970915204
0,0,0.01567008787486983
0,0,0.009969655913921483
0,0,0.02049710758918321
0,0,0.0677120604225558
0,0,0.0848402252459352
0,0,0.057926579936168725
0,0,0.014476134532915918
0,1,0.8870489663155279
0,0,0.01010606812103406
0,0,0.03082190214558057
0,0,0.010879667492014612
0,0,0.033649499941263504
0,0,0.022523489667148292
0,0,0.029653397107180648
1,1,0.9719975698935849
0,0,0.03945344710603254
0,0,0.017217413837088334
1,0,0.021500968797337462
0,0,0.014460660088482945
1,1,0.8298172501290323
0,0,0.02342308229384323
0,0,0.17380073206380767
0,0,0.029852739691070766
0,0,0.03954364994278948
0,0,0.013970081793016748
0,0,0.03877050936873347
0,0,0.0234875892449505
0,0,0.01591910032287506
0,0,0.03138034380154362
0,0,0.03567198747770777
0,0,0.024729171370457458
0,0,0.03372035587067714
1,0,0.07986406301907371
0,0,0.028372140371676773
1,1,0.9753583637594097
0,0,0.05452655477439912
0,0,0.00729830631884408
0,0,0.013229769790421198
0,0,0.0482770864948375
1,0,0.05377293092460482
0,0,0.01950325511508242
0,0,0.00932615397113483
0,0,0.05063032405295282
0,0,0.022712298424106225
1,1,0.9993375635235201
0,0,0.041496143783016595
0,0,0.01969228822152944
0,0,0.014608208239428312
0,0,0.23456718364463333
0,0,0.016569374859168193
0,0,0.014254148543773567
0,0,0.0128606221899485
0,0,0.02183319351716251
0,0,0.04979198198031193
0,0,0.04606522871181057
0,0,0.016114879761697502
0,0,0.019965666376715995
1,0,0.17251076930020934
0,0,0.016796642261870113
0,0,0.04587877473762308
0,1,0.8356114885257716
0,0,0.03249757823935586
0,0,0.01220468153305268
1,1,0.9986403114553963
0,0,0.017396816501380363
0,0,0.018912076588942405
0,0,0.17173851599864848
0,0,0.038012996078928
0,0,0.02936737140710688
0,0,0.012937633254424073
0,0,0.013566406911176125
0,0,0.012386170190215507
0,0,0.03817111388567885
1,1,0.8350371567041335
0,0,0.015896175537909472
0,0,0.018111912356154575
0,0,0.012981930414033702
1,1,0.998868967367781
0,0,0.015844409744431555
1,1,0.779129779872194
0,0,0.016427122290107295
0,0,0.10983959188307107
0,0,0.03469387575851466
0,0,0.08368461792520232
0,0,0.00986602805348659
0,0,0.05889537843876792
0,0,0.02344200038647898
0,0,0.03220309646376891
0,0,0.023857913514142265
0,0,0.030047270005202954
0,0,0.010223888336284164
0,0,0.015385666762883178
0,0,0.014299505489736585
0,0,0.017396189910302017
0,0,0.008610839493742565
0,0,0.038511068899037035
0,0,0.03717061797231498
0,0,0.02855818170587316
0,0,0.09409322215381084
0,0,0.016151196623091783
0,0,0.009252057505520704
0,0,0.010409000165225835
0,0,0.005464371072307493
0,0,0.017043518981687385
1,1,0.8358408924296531
0,0,0.03952378288296726
0,0,0.10864093006531969
0,0,0.03570555888944774
0,0,0.027318662454931367
0,0,0.021731391887840967
0,0,0.02738494519723304
1,1,0.9992932576658761
1,1,0.5205861899890315
0,0,0.02209227268470666
0,0,0.03839921330231283
0,0,0.02126388574530291
0,0,0.07335601263655474
0,0,0.021796400514104555
0,0,0.0060317030505028
0,0,0.022682499734909798
0,0,0.020690102123089818
0,0,0.01980549397857924
0,0,0.01906514307923897
0,0,0.01214967653626353
0,0,0.01415642091348954
1,1,0.7432699378167071
1,1,0.9993489358198431
0,0,0.018884781946091184
1,1,0.9623315975616796
0,0,0.015660017101233013
0,0,0.012511883501132687
1,1,0.9994044574475016
0,0,0.02902698207452816
1,1,0.9988014632668393
0,0,0.014359956714329653
0,0,0.0274809862739023
1,1,0.8527497089008527
0,0,0.03559793207008668
0,0,0.07429742295389523
0,0,0.05826958763434791
0,0,0.027975020686608308
0,0,0.016812857540339496
0,0,0.04252342042990244
0,0,0.015043330485647367
0,0,0.05179955339359461
0,0,0.008137043289007988
1,1,0.9999440860511267
0,0,0.028306149855182546
1,1,0.9999505763786984
0,0,0.022092832546351256
0,0,0.053402610289685876
0,0,0.01636021758524519
0,0,0.015902367224977072
1,1,0.9992167489693728
0,0,0.04526327427226063
1,0,0.03594479512623213
1,1,0.9989199926619702
0,0,0.02853258577936011
0,0,0.01737322205231661
0,0,0.07344992931068527
0,0,0.030032238484832583
1,1,0.9993992422662004
0,0,0.028842146592052087
0,0,0.011536100734138188
0,0,0.036100098752706054
0,0,0.013639058429500766
0,0,0.02854775735338499
0,0,0.04397104500120612
0,0,0.014103450232213889
1,0,0.19899619306652694
0,0,0.053845568364101655
0,0,0.01095858247961566
1,1,0.999952733790276
0,0,0.009392383003138464
0,0,0.01948236418879707
0,0,0.019624234705660937
0,0,0.024403548558657635
0,0,0.014680964783124166
0,0,0.01747253480416694
0,0,0.43381604660667417
0,0,0.04734326873092798
0,0,0.012608370965378606
0,0,0.016234305604112723
0,0,0.009274654186022925
0,0,0.014091498782350897
0,0,0.010741954062901056
0,0,0.004668318751211713
0,0,0.023688285131955245
1,1,0.9983134839228879
0,0,0.041537524809381304
0,0,0.011440185609113732
0,0,0.0551389185433233
0,0,0.031064931075004087
0,0,0.023155021600631674
1,1,0.8776427426379085
0,0,0.00819803193772567
0,0,0.048948791022037266
0,0,0.019778750884377423
0,0,0.036677219394802806
1,1,0.9998196491462542
1,1,0.999392265469215
0,0,0.06630170215842587
0,0,0.08741266560120828
1,1,0.7897393009686586
0,0,0.013980442839154804
0,0,0.021760219143684825
0,0,0.016574122794449732
1,1,0.8924809196000243
0,0,0.14854014379871663
0,0,0.03508159228004841
0,0,0.011936427147764512
0,0,0.013517555936843097
0,0,0.020714418895921217
1,1,0.9648252114528264
0,0,0.015779629752237533
0,0,0.010021048973514808
0,0,0.013213074853610422
0,0,0.014044188970846583
0,0,0.023240532235330298
1,1,0.9616971493991026
0,0,0.040847938740201914
0,0,0.009264221815226629
0,0,0.02307681654146306
0,0,0.0095539553532825
0,0,0.09347122248076933
1,1,0.9999034065099041
1,1,0.8648601977601493
0,0,0.04151880102211939
1,1,0.9992547925913229
0,0,0.02131995984251321
0,0,0.015942245543755198
1,1,0.9521676038411703
0,0,0.01279902754471226
0,0,0.03636975479630778
0,0,0.016550207118213298
0,1,0.6989191973811485
0,0,0.014284707094923054
1,1,0.9998461313065248
1,1,0.996492153692117
0,0,0.026439743616173742
0,0,0.02337213569039393
1,1,0.9995082695890445
0,0,0.1335008067683604
0,0,0.01482245068614686
0,0,0.0574911491564194
0,0,0.05982700732780239
0,0,0.060932889641560385
0,0,0.014275266838055025
1,1,0.8455399077470924
0,0,0.03925906241955189
0,0,0.03319342475665872
0,0,0.047945930151390294
0,0,0.016139651170855283
1,1,0.9990296945020528
0,0,0.09232517566731571
0,0,0.10741472105263809
0,0,0.018567181633328482
0,0,0.01681621554523329
0,0,0.05435842221761949
0,0,0.050986308658167286
0,0,0.06999690693519188
0,0,0.031873282325769386
0,0,0.027294605669615345
1,1,0.7208825931398553
1,1,0.9992606919676631
1,1,0.9992865969516183
0,0,0.03840701699474421
0,0,0.01892874053622872
0,0,0.008681563247910053
1,1,0.9881283064497066
1,1,0.9646370724476939
1,1,0.9990000971405824
0,0,0.09814534260312366
0,0,0.39950889393270855
0,0,0.03269639123936439
0,0,0.04245030008066866
0,0,0.39578617788755727
0,0,0.023470177658652124
1,1,0.9955989626771299
0,0,0.04154724125052566
1,1,0.9998355230017422
0,0,0.004049477097488079
1,1,0.9715845317713945
0,0,0.033548286688950345
1,1,0.9998436687898284
0,0,0.006888902583337718
0,0,0.035950948329184045
0,0,0.0227794537794585
1,1,0.9999190769437897
0,0,0.10886435848475516
0,0,0.02028610259740345
0,0,0.011268713757328049
0,0,0.012514331930731721
0,0,0.019894542329001355
0,0,0.02086006860504212
0,0,0.025391709262350966
0,0,0.0224518691231931
0,0,0.012215805804156878
0,0,0.010390302670718533
0,0,0.03412843955292547
0,0,0.014328429794887233
1,0,0.10077648194493345
0,0,0.031046277617134313
1,1,0.9998276219871215
0,0,0.04650299522188666
0,0,0.035414708560855226
0,0,0.02124267945525522
1,1,0.998351967285593
1,1,0.9995454145161939
0,0,0.02153847889312443
1,1,0.9571491444372942
0,0,0.033969722508074375
0,0,0.012756548372709052
0,0,0.04217217359571572
0,0,0.01420688407962829
1,1,0.9996147764571682
1,1,0.9991667440437749
1,1,0.9994803843227985
0,0,0.043343620197462886
0,0,0.007582079046636749
1,1,0.9149545703946045
1,1,0.8785315760724087
0,0,0.020178555724996255
0,0,0.014860254737055899
0,0,0.019107425269902698
0,0,0.011887480678675691
0,0,0.041028036358343505
0,0,0.017433851068879312
0,0,0.0200300760617675
0,0,0.03443317010478276
0,0,0.026987266113794896
0,0,0.031739990219100025
1,1,0.6936383948567865
0,0,0.014130939776104847
1,1,0.7076869003547446
1,0,0.06639334325203465
1,1,0.9998500208492733
0,0,0.023519538276527002
0,1,0.6540407384814134
1,1,0.980501109762289
0,0,0.011042187370046438
0,0,0.04473673284029507
0,0,0.01092407332702847
0,0,0.029353237631381927
0,0,0.010485661708947871
0,0,0.037410181266044874
0,0,0.008718935142288678
0,0,0.02237193020350324
0,0,0.01508282160877168
1,1,0.9979488857629399
0,0,0.009866426477957959
1,1,0.9993947875066389
0,0,0.03646661438666151
0,0,0.029991814650408156
0,0,0.09131322321559299
0,0,0.02490162497070833
0,0,0.049918562110891365
0,0,0.01787977649545794
0,0,0.2203035661815076
1,1,0.9977957867332141
0,0,0.049918562110891365
1,0,0.04748217906669318
0,0,0.0379848464748175
0,0,0.007644953780607604
0,0,0.034779421400393966
0,0,0.03404389202544007
1,1,0.8359243620124107
1,1,0.952990333042825
1,1,0.9997153077457316
0,0,0.029580007925451374
1,1,0.9983843090510525
1,1,0.9592409914658262
0,0,0.014574691698216236
0,0,0.038121000043674934
0,0,0.03361680147407976
0,0,0.018413188896702327
0,0,0.024414326551176653
0,0,0.03784299576231993
1,0,0.283551552999133
0,0,0.01707562585891468
1,1,0.9992912675764701
0,0,0.042400790975392705
0,0,0.015472731104823837
0,0,0.013014892486174523
1,1,0.9731809714207128
0,0,0.012470725762285506
0,0,0.017138217897755912
0,0,0.0176325422588565
0,0,0.02387789941024152
0,0,0.01402086330399299
0,0,0.012895477673731972
0,0,0.030025919389250626
0,0,0.018675774112047093
0,0,0.016243686083072674
1,1,0.9211532994787826
0,0,0.051785506569874414
0,0,0.034623985150976574
0,0,0.011108550473893369
0,0,0.008163141061373624
0,0,0.007862605113506877
0,0,0.07737942616550454
1,1,0.9975431153056697
0,0,0.02671071527663777
0,0,0.005035463526628918
0,0,0.02670969721296118
1,1,0.977427170239946
0,0,0.022013875434610634
0,0,0.029609346242980488
0,0,0.032809501167602236
0,0,0.03874386405160576
1,1,0.78383411476479
0,0,0.03849034269888675
0,0,0.016161628225863263
1,1,0.9845528318217557
0,0,0.04574439979714358
1,0,0.07749763741172849
1,1,0.999575387474164
0,0,0.020173272355621084
0,0,0.131719107333093
1,1,0.9840263978076516
0,0,0.03138156154262381
0,0,0.03443830105702257
0,0,0.01122779942501991
0,0,0.009666867991832242
0,0,0.05339198580793367
0,0,0.1880162014921322
0,0,0.01631873358294997
0,0,0.038205112019673707
0,0,0.015776961917851325
0,0,0.009342550338472845
1,0,0.2791625833303727
1,1,0.9998698563047348
0,0,0.04765157381877478
0,0,0.011302373028598229
0,0,0.025635239351365708
0,0,0.03070397938354213
0,0,0.07644615307372614
0,0,0.03162584087243429
0,0,0.03034202247500262
0,0,0.057525520828054504
0,0,0.02334289638045529
0,0,0.06894880745804383
0,0,0.022641324552596927
0,0,0.014735367771983705
1,1,0.9574904054106141
0,0,0.011044395719012286
0,0,0.01146051601871492
0,0,0.04475369842465171
1,1,0.9991317551585108
0,0,0.008297565378044967
0,0,0.030375691848653415
1,1,0.519351077802472
0,0,0.009367836548293111
1,1,0.9593864417670992
0,0,0.0187271648590296
0,0,0.14790337657171612
0,0,0.02984908198827956
0,0,0.01817598894057887
0,0,0.026469298890203743
0,0,0.007374015194591978
0,0,0.03930779501770534
1,1,0.8136814503209856
0,0,0.05432261367591744
0,0,0.03407091479680887
0,0,0.007496338579198972
0,0,0.04497971060055795
0,0,0.018809181449357466
0,0,0.007069815423364219
0,0,0.06514114853767189
0,0,0.035539392762932956
1,1,0.999761638728587
0,0,0.04061233094347331
0,0,0.03238013446129261
0,0,0.012385985981739307
1,1,0.998843772699499
1,1,0.999634106496614
0,0,0.022509276995140746
0,0,0.02698292646901967
0,0,0.04389804877697734
1,1,0.6215547706836236
0,0,0.07210238468613071
0,0,0.013799007535857407
0,0,0.026268481450503076
0,0,0.041161154400236155
1,1,0.9988014632668393
0,0,0.022631748189711285
0,0,0.0337132055769951
0,0,0.049242539302374794
0,1,0.9217125329948213
0,0,0.08339855714139371
0,0,0.011442685133930961
0,0,0.020963240443571323
0,0,0.09148911520887373
0,0,0.1216718933585279
0,1,0.6460362799840943
0,0,0.09472516629358002
0,0,0.02982900270090899
0,0,0.02381971053311399
0,0,0.003893867658555023
0,0,0.04700529127614148
0,0,0.05070020444994205
0,0,0.03944577874262256
0,0,0.040585957132668965
1,1,0.8636700964349092
0,0,0.0387540633165301
0,0,0.031553856218712796
0,0,0.36064409399625763
0,0,0.016754213240522058
0,0,0.024584426543976585
0,0,0.017484674582161103
1,1,0.999775533768162
0,0,0.020742145936791318
0,0,0.017977876903747463
1,1,0.9022328416981333
0,0,0.03344501144427043
1,1,0.9995461350500701
0,0,0.025036384623073886
1,1,0.6238650616706777
0,0,0.02813757329111222
1,1,0.9996504182213191
0,0,0.02931076419577123
0,0,0.020581357100208423
0,0,0.012744753569608216
0,0,0.06697222300447146
1,1,0.999847235720121
0,0,0.0375059884180314
0,0,0.04306494634098461
0,0,0.0095395927226606
0,0,0.018812237242963145
1,1,0.999801041949272
1,1,0.9982891266170378
0,0,0.033973756330969
0,0,0.026757869371843837
0,0,0.05982306193485771
0,0,0.07737942616550454
0,0,0.0183296688058942
0,0,0.01773167442073737
0,0,0.019717374052999802
0,0,0.0324769679178711
0,0,0.06175066928544667
0,0,0.038160119304219337
0,0,0.019874739275356722
0,0,0.02947739658972475
1,1,0.930342543592398
0,0,0.007169170092673201
0,0,0.040279826932825856
0,0,0.032486155978926505
0,0,0.022131213763237352
0,0,0.04672359129192566
0,0,0.06074194845749584
0,0,0.022040470543424902
0,0,0.0123201278651395
0,0,0.033014676054056086
0,0,0.0346124765914585
0,0,0.015104678575322293
0,0,0.031111968473892405
1,0,0.09506364377791163
0,0,0.058407955736330806
0,0,0.0352607721550743
0,0,0.02168490216497797
0,0,0.010747295956830228
1,1,0.9977930771018584
0,1,0.6016289480845826
0,0,0.01284393904082967
0,0,0.04124295030907977
0,0,0.02467214660056691
0,0,0.008368716307902093
0,0,0.007724685714484337
0,0,0.07924058076108631
0,0,0.01937298445405199
0,0,0.020036441754506546
0,0,0.028059412069767274
0,0,0.013860038265849906
0,0,0.02425853176520536
0,0,0.02528821033865742
1,0,0.06996033146233632
1,1,0.9997721204921236
0,0,0.049400982979465914
0,0,0.017922019886712975
0,0,0.02136228953365433
0,0,0.02148587358645526
0,0,0.013100210799831178
0,0,0.00801150166003366
1,1,0.8362515005658538
1,0,0.19375238602392977
0,0,0.025371369243292637
0,0,0.013950345410015793
0,0,0.033340341696375606
0,0,0.04348720404998026
1,0,0.055148955503060815
0,0,0.021782697672026848
0,0,0.01806006881130872
0,0,0.01965343060383557
0,0,0.043784226715654004
0,0,0.022878935639332455
0,0,0.029519684687257196
0,0,0.01449448147168086
0,0,0.03198570144362374
0,0,0.035053262760079744
0,0,0.022055655501766153
0,0,0.032997534116875504
0,0,0.005278398867484568
0,0,0.012959395286501953
0,0,0.053030768369048374
0,0,0.032404633134541574
0,0,0.00713564037871623
0,0,0.15356786649646617
0,0,0.052264878370262884
0,0,0.033431440216637145
0,0,0.025497907104019255
1,0,0.0470257813191241
0,0,0.012159766708980363
0,0,0.06242554158553949
1,1,0.9998016092369749
0,0,0.011701011124755797
0,0,0.03456463123234331
0,0,0.021178635133998827
0,0,0.04975349261101463
0,0,0.10626092952725186
1,1,0.9062527595766041
0,0,0.030100516006808735
1,1,0.9797140192196004
0,0,0.06658015963910877
1,1,0.9993781880199698
1,1,0.9017151132120416
0,0,0.04777775750067729
1,1,0.9997997039058311
0,0,0.04746413189092849
1,1,0.9862150329147518
0,0,0.013304871649438178
0,0,0.013538012715453443
0,0,0.01996453404406537
1,1,0.9997463970448601
1,1,0.9993483487383467
0,0,0.019607160235469073
0,0,0.03445893845763573
0,0,0.00934094974651606
1,1,0.9684585561851792
0,0,0.3350293490071068
0,0,0.06130193198472908
0,0,0.029208198448084706
0,0,0.028668400788214896
0,0,0.015027597661769974
0,0,0.024254614706824204
1,1,0.9993765149856868
0,0,0.0068836641543882325
0,0,0.02159607589398382
0,0,0.018559704741231104
0,0,0.03939522140217955
0,0,0.020217894566579905
0,0,0.18757234074265358
0,0,0.0340099662858909
1,1,0.5172160891063924
0,0,0.024249132025400515
0,0,0.043381294250035646
0,0,0.03833115928446159
1,1,0.9378386947054682
0,0,0.009600049842310896
0,0,0.031106664947510593
1,1,0.976504993513146
0,0,0.24413900183955392
0,0,0.05331800871777221
0,0,0.04832591857103934
0,0,0.02153285353182064
0,0,0.04037623602623168
0,0,0.031132259099034176
1,1,0.9996173864316473
0,0,0.016374951366222208
0,0,0.01850496162125395
1,1,0.9917516533057578
0,0,0.08070955970904098
1,1,0.9944039887717421
0,0,0.005508677955591174
0,0,0.028110339472008593
1,1,0.88465005977577
0,0,0.08385894339988052
0,0,0.04784652004781762
0,0,0.011859423702236476
1,1,0.9992625840018493
0,0,0.029361581090937568
0,0,0.023999382518998663
1,1,0.9998981440656253
0,0,0.013509928925080359
0,0,0.03541274668256587
0,0,0.03697307332512753
0,0,0.022551562239675423
0,0,0.017878538546418993
1,0,0.041102784244100375
0,0,0.01585676992612884
0,0,0.023927960461452707
0,0,0.016526347900800393
0,0,0.0413834551874116
0,0,0.046492062534564844
0,0,0.04788565100923548
0,0,0.018563032109358238
0,0,0.03153532528899224
0,0,0.045442750684855794
1,1,0.9996109467866064
1,1,0.9978355039628548
0,0,0.020965868452960106
1,1,0.7643447203229852
0,0,0.046036673371387726
1,1,0.9998805541512442
0,0,0.008407834090157584
0,0,0.015161286318101702
0,0,0.020343543028433747
0,1,0.5906751557747209
0,0,0.01682440319207281
0,0,0.3302311652154585
1,1,0.872370364388716
1,1,0.8479991133702375
0,0,0.030107378437965092
0,0,0.3444295831163697
0,0,0.01172416851662459
0,1,0.6473971767499018
0,0,0.02184806881085458
0,0,0.05615567817937274
0,0,0.024888604348011087
0,0,0.044521350013478456
0,0,0.016732560511604263
0,0,0.090170666820607
1,1,0.9817007939674801
0,0,0.034943939371465726
0,0,0.013646617235499507
1,0,0.3073060253010543
0,0,0.024960825315406405
0,0,0.02329304030936596
0,0,0.020350105789072266
0,0,0.05478787608278554
0,0,0.0376318454431651
0,0,0.03385402552083066
0,0,0.022523489667148292
0,0,0.007896889317836893
0,0,0.01426228060594052
1,0,0.04172084568288087
0,0,0.020187387364612834
0,0,0.04948229046849273
1,1,0.9346511676791579
0,0,0.05552877596662918
0,0,0.03271844622878903
0,0,0.021591918086972264
0,0,0.017051325046480992
0,0,0.029358379357745795
1,1,0.9879107509458052
0,0,0.006106386258702267
0,0,0.20915231816258328
0,0,0.033258242929543685
0,0,0.015725124562966077
0,0,0.009354648491529123
1,1,0.9998263631282537
0,0,0.018709598332909156
0,0,0.03913254808409237
0,0,0.026700228241626957
0,0,0.1045687014294738
1,1,0.9995791128296971
0,0,0.025596680723206817
0,0,0.040285115710208035
1,1,0.8792816632765481
0,0,0.03373213439637592
1,1,0.8355068138275399
0,0,0.03995897970756032
1,0,0.38140330559335656
0,0,0.014917700562237277
0,0,0.010004150434826487
1,1,0.999260329702698
1,1,0.5562213737011116
0,0,0.030734694559097848
0,0,0.027318662454931367
0,0,0.13268605198156577
0,0,0.03737000748594046
0,0,0.01964800532237681
0,0,0.015542473418435097
1,1,0.833398037561928
0,0,0.03892423340775417
0,0,0.03654819130145007
0,0,0.017045880913099293
0,0,0.49739773898770756
0,0,0.01068211360573833
0,0,0.019119784272515383
0,0,0.01620146237133448
0,0,0.032677709963674605
0,0,0.014503076227202361
0,0,0.013196085642299562
1,1,0.9993109809500653
0,0,0.007890325257667957
0,0,0.027567290693217218
0,0,0.031901822292926485
0,0,0.016590659127596205
0,0,0.04248204492089172
1,1,0.9992224577888582
0,0,0.040588061275622235
1,1,0.9988477505562807
0,0,0.010565322637766304
1,1,0.6890000115423474
0,0,0.020807412719378526
1,0,0.008724137391972113
1,1,0.999913433843577
0,1,0.8539742495165563
0,0,0.016768744849041728
0,1,0.6979440192310858
0,0,0.008262593835746205
1,1,0.984560613024389
1,1,0.9962243559704791
0,0,0.07740840782543569
0,0,0.011375223633529583
0,0,0.014888346010601343
0,0,0.015875859054587913
1,1,0.8459868686084525
0,0,0.05072270996614328
0,0,0.017614690200077235
0,0,0.03451546793836606
0,0,0.021561720330862472
0,0,0.013723694838268394
0,0,0.02500312044190998
0,0,0.026511822971586937
0,0,0.02668737009222575
0,0,0.037983880650045924
0,0,0.013366476726512371
0,0,0.017944091761303797
1,1,0.999618994262995
1,1,0.9997608862635637
0,0,0.008743282414677044
0,0,0.013610663218890474
1,1,0.6034552854019445
0,0,0.010899280577990354
0,0,0.017512605514930783
0,0,0.038369211370397185
0,0,0.006527157847687597
1,1,0.9637513660342194
0,0,0.02051573346363011
1,1,0.9999245769324628
0,0,0.025306898193200228
0,0,0.04063537479679977
1,0,0.47730426264513554
1,1,0.7590085100998097
0,0,0.04111304197783565
1,0,0.15563097658612565
0,0,0.018151497663359592
0,0,0.029493659448868458
1,1,0.7964620914652598
0,0,0.07465596716439597
0,0,0.027076164076517514
0,0,0.023909850004733828
0,0,0.050088951956982306
0,0,0.03927270929111963
0,0,0.010235796953411534
1,0,0.4822592191593737
0,0,0.09719766731853106
0,0,0.018852927077182335
0,0,0.04245106628089511
0,0,0.007821795058813842
1,0,0.04235227286204055
0,0,0.02079419944823653
0,0,0.03119488136177845
0,0,0.025527063283985463
0,0,0.019099533176616387
0,0,0.019942781194989812
0,0,0.03342294054255094
0,0,0.020978148545772537
0,0,0.010549857258560455
0,0,0.043261405679030016
0,0,0.04304365754488399
0,0,0.018229043304524722
0,0,0.011626032783787484
0,0,0.01580285314330355
0,0,0.05140806405349042
0,0,0.03306015689414134
1,1,0.9846926559568163
0,0,0.012978906204878932
0,0,0.014382397243739948
0,0,0.017978604714254352
0,0,0.04696230435951915
0,0,0.03404063346368837
0,0,0.036680035371562295
0,0,0.03478230261249789
0,1,0.5098168326947526
1,1,0.9999697926325092
0,0,0.031617762637496015
1,0,0.3156765212991099
0,0,0.03978899760254258
0,0,0.03777070478434312
0,0,0.04479218634328317
0,0,0.03521189357136973
0,0,0.039677743444570174
0,0,0.0197711122493913
0,0,0.04804384953110481
0,0,0.014984430735173417
0,0,0.049531736341858444
0,0,0.08745142805207828
0,0,0.03704248056066957
1,1,0.9999010138427539
1,1,0.891482826321306
0,0,0.009549698819061737
0,0,0.18530836629668554
0,0,0.0038684817483044527
1,1,0.9610336949283975
0,0,0.0327681383384839
0,0,0.018787414426421293
0,0,0.012977184458782256
0,0,0.06741849468411014
1,1,0.9997310611420693
1,0,0.23594404489148885
0,0,0.036607845057104425
0,0,0.011917178961037236
1,1,0.9998368459802655
0,0,0.020778576628634728
0,0,0.015687485322783423
1,1,0.9989449663895215
0,0,0.004894018342091276
0,0,0.0380623853884196
0,0,0.010894030293649708
0,0,0.009198535110574613
0,0,0.01863388546593737
0,0,0.01563018644230977
0,0,0.011409079100325691
0,0,0.02094252660549597
0,0,0.034521636809658626
0,0,0.020359627211018264
1,1,0.9842814123585424
0,0,0.02919088126590069
0,0,0.012226982559915786
0,0,0.020697334656908414
0,0,0.03854203736517272
0,0,0.01948236418879707
0,0,0.03634700018259633
0,0,0.00882146155112826
0,0,0.027618529537853487
0,0,0.012940538495989761
1,0,0.4684748723688831
0,0,0.03106543137284562
0,0,0.016870233538175357
1,0,0.47104718794990635
0,0,0.0326383376473797
0,0,0.04819466893364953
1,1,0.790625805505606
1,1,0.9998204995430734
0,0,0.03193320349279763
0,0,0.0400949373636083
0,0,0.05116583245592909
0,0,0.03764083477732054
1,1,0.9986826701508027
0,0,0.0402982544931663
0,0,0.015437618094718707
0,0,0.023629159389860682
1,1,0.9015418436009792
0,0,0.017897045637846328
0,0,0.016996589330744567
0,0,0.07316003370542978
0,0,0.005789150683553138
1,1,0.999607422713094
0,0,0.02031915655325058
0,0,0.05787848278223929
0,0,0.054456205661615076
0,0,0.015707588040028538
0,0,0.12789689972966112
0,0,0.02858069419696812
0,0,0.015880071169949137
1,1,0.9653162217486436
0,0,0.02656672284709545
0,0,0.00892871930098903
0,0,0.03368579635166269
0,0,0.01876016959260891
1,1,0.9911961240865145
0,0,0.1963381828108048
0,0,0.06079987087139006
0,0,0.03445166577760924
0,0,0.036873911184383094
0,0,0.028289904378044163
0,0,0.017164224869648515
0,0,0.02888877692009681
0,0,0.03844798843298396
0,0,0.032598300047397805
0,0,0.058629445337970786
0,0,0.01685810040470226
0,0,0.039267882063053164
0,0,0.020561500720860375
0,0,0.034823266824237406
1,1,0.8439507785651766
0,0,0.05018889793304343
0,0,0.032041588797140814
1,1,0.9994122476791514
0,0,0.3573305526553303
0,0,0.035566433350001744
0,0,0.0434259204149848
0,0,0.029772104251494364
1,1,0.9989099864816792
0,0,0.018398615159242467
1,1,0.9996911880421109
1,1,0.9994402554240069
0,0,0.02942724222599911
0,0,0.03899750801092371
0,0,0.03745227741293703
0,0,0.03789521253676011
0,0,0.014619931689011998
0,0,0.00947008043547951
1,0,0.12814545180076775
0,0,0.05552090709410004
1,0,0.4766528422320898
0,0,0.012810920903034213
0,0,0.05182355815259148
0,0,0.0413008305962597
1,1,0.8850521150290298
0,0,0.032094237204386755
1,1,0.9998640620558111
0,1,0.8975617632818285
0,0,0.010049162780872464
0,0,0.023289041317548297
0,0,0.040562722467637445
0,0,0.027699818162790348
0,0,0.02881376681376049
0,0,0.1122777026476794
0,0,0.0458613771838912
0,0,0.03189119550559194
0,0,0.031926767658470905
0,1,0.7818794110040898
0,0,0.023099584402127202
0,0,0.06537455630473323
0,0,0.032739591281898316
0,0,0.025957742594024922
0,0,0.006427240001532816
1,1,0.8263261270869272
0,1,0.9904970939613543
0,0,0.05925499539556787
1,1,0.9996792059815424
0,0,0.028740008148866486
0,0,0.16341812370426492
0,0,0.01753682048901596
0,0,0.08633402382622372
0,0,0.016464397351722143
0,0,0.062319765162076726
1,0,0.3518977251125261
0,0,0.017125088922903573
0,0,0.024164404718949043
1,1,0.999812231343622
0,0,0.009611851910527299
1,1,0.7017459289741916
0,0,0.011781663378348411
0,0,0.05441795165517136
0,0,0.023189443123172095
1,1,0.9994432790226471
1,1,0.9998170815458582
0,0,0.026711757452238933
0,0,0.039699091219537234
0,0,0.012865526364792653
1,0,0.229591815107303
1,1,0.9894714954144386
0,0,0.031992921874518895
0,0,0.009564274693285468
0,0,0.0362897574561988
0,0,0.013620088173805313
0,0,0.012370935257980222
0,0,0.029017952555964604
0,0,0.042503257184548504
1,1,0.9532325263418885
0,0,0.026697534777334764
0,0,0.031146600295124498
0,0,0.02166547671297226
0,0,0.011195876737474113
0,0,0.007675885771970599
0,0,0.02449754759661432
0,0,0.00754635028279699
1,1,0.9995721095439161
0,0,0.03653884839736234
0,0,0.018485326588247704
0,0,0.024586796831908852
0,0,0.030351902298313756
0,0,0.06646818096345974
0,0,0.029332423268189734
0,0,0.02795501138715615
0,0,0.009665189007651452
0,0,0.005371540335485881
0,0,0.019113375866089327
0,0,0.022129872067426573
0,0,0.4111162442293252
0,0,0.026043483297206207
0,0,0.03752781836082652
1,1,0.988429365320263
0,0,0.19292572383133821
0,0,0.02669718321410443
1,1,0.5526619411210406
1,1,0.999530091313698
0,0,0.015885914032875478
0,0,0.03301256047038649
0,0,0.12708629324754056
0,0,0.006192244391285242
0,0,0.04080903964231757
0,0,0.07242851203521658
0,0,0.041130624275782186
0,0,0.008536765479688518
1,1,0.9995917225201402
0,0,0.02638483640580539
0,0,0.011556928967626329
1,1,0.9998946928146735
0,0,0.04415212401981367
0,0,0.10075749553581304
0,0,0.02183432920386778
0,0,0.014392327666585861
1,1,0.9991156863660645
0,0,0.0164062763616282
0,0,0.01453085635861913
1,1,0.9825323463890449
0,0,0.03985235714435909
0,0,0.020560300805677827
0,0,0.02329973117016941
1,1,0.9990566049785015
0,0,0.021266757646156386
0,0,0.034234385295663465
0,0,0.003393985435453577
0,0,0.007067988829757101
0,0,0.03977735382954643
0,0,0.026387241975793518
0,0,0.04564538810787624
0,0,0.056189828198025524
1,1,0.9997793363155522
1,1,0.9989697003360671
0,0,0.02746945441961645
0,0,0.017412929104841723
0,0,0.09720610632738513
0,0,0.017408343975051588
0,0,0.02381833476941687
0,0,0.019899054806489597
0,0,0.05141344104313056
0,0,0.01918556669750054
0,0,0.028560023062566383
0,0,0.006949396398075656
0,0,0.04028243646263912
0,0,0.10023435142803827
0,0,0.039780087180409235
0,0,0.020978408932986584
0,0,0.0313642311972601
0,0,0.09971800934187064
0,0,0.012201094170055835
0,0,0.01312711135703317
0,0,0.030018716385501777
0,0,0.018749965714504394
0,0,0.035141080164245844
0,0,0.0248106711634328
0,0,0.02567826524548251
1,1,0.7214080382229722
0,0,0.006914128446729087
0,0,0.08043241090611684
0,0,0.013945671506030488
1,1,0.6623365240692682
0,0,0.03748250929290776
0,0,0.016708332328804636
0,0,0.019832208262957878
0,0,0.01652004395432274
1,1,0.9649034476093707
1,1,0.9563853383198626
0,0,0.03719462209500829
0,0,0.02085994457935542
0,0,0.015050735025948113
0,0,0.04084639377212831
0,0,0.027252085838597458
0,0,0.037090475305036355
0,0,0.01242218703809078
0,0,0.0215702286244353
0,0,0.02414296530859838
0,0,0.03120757539528785
1,1,0.9990583474038136
0,0,0.037800651154649624
0,0,0.004782410061444082
0,0,0.04067780201100654
0,0,0.04038407574109967
0,0,0.013878998737154152
0,0,0.02894191111051838
0,0,0.012537403538661672
0,0,0.013479428451931877
0,0,0.029675782620075856
0,0,0.013355004049118633
0,0,0.03801192681431495
0,0,0.014715755655301229
1,1,0.9601439802534507
1,1,0.9992398883015884
0,0,0.017643442565185987
0,0,0.019089742486099584
0,0,0.015531376558482012
0,0,0.04975640748525588
1,0,0.037424130704628654
0,0,0.006766021421217763
0,0,0.03223538137354527
0,0,0.03971479991930003
0,0,0.026181421812302423
0,0,0.02275901501764723
0,0,0.024034776583884195
1,1,0.8738982569447437
1,1,0.9998009582711452
0,0,0.04692486550959806
0,0,0.030612515051150643
0,0,0.04101088172072692
1,1,0.9545820707734057
0,0,0.014248637537301462
0,0,0.013082397761402161
0,0,0.09838536428938463
0,0,0.045309552563917936
0,0,0.04093716251859069
1,0,0.026845105099546893
0,0,0.02593185868763
0,0,0.057107304770604175
0,0,0.038647074981595586
0,0,0.01767004997780756
0,0,0.04432885398475855
0,0,0.023934330102367035
0,0,0.03669889068256521
0,0,0.04851251115017861
1,1,0.8715122419237856
0,0,0.0195853321587761
0,0,0.017287396902495974
0,0,0.04910861501361959
0,0,0.009153445413533363
1,1,0.7475868073430897
0,0,0.01969996553458757
1,1,0.7828935966868976
0,0,0.032711647574618315
0,0,0.008872700166724685
1,1,0.8339659879892118
0,0,0.02942740227843946
0,0,0.048251267529545575
0,0,0.015765216491030493
0,0,0.06464286536813703
1,1,0.9701904473077648
0,0,0.017904344941600217
0,0,0.14664784140051249
1,0,0.4747512071488007
0,0,0.03846492382419836
1,0,0.04122681218778108
0,0,0.005869549015715596
0,0,0.019730321450479812
0,0,0.009361195135388294
0,0,0.05711867020742764
0,0,0.010186345604720705
0,0,0.029747799756419155
1,1,0.9998856334839462
0,0,0.012006872840238261
0,0,0.03216731710063324
0,0,0.018326884593871866
0,0,0.00959716373918424
0,0,0.03896509109467274
1,1,0.9997155691910472
0,0,0.031632191970203644
0,0,0.07628766091500853
0,0,0.025930880083447266
0,0,0.045294477135009434
0,0,0.008626806063856986
0,0,0.007019567654149798
0,0,0.02152758049308785
1,1,0.9992167489693728
0,0,0.014996751834002564
0,0,0.07535196444837634
0,0,0.030456728441920454
0,0,0.017151446946216703
0,0,0.010216721212551612
0,0,0.03275489518170145
1,1,0.6938675436026216
0,0,0.11369329219523534
0,0,0.01813731084677947
1,1,0.9745072595169917
0,0,0.021361879296177288
0,0,0.2022663815259582
0,0,0.03406123390741552
0,0,0.03848091664010391
0,0,0.005959477368109116
0,0,0.015573143068878265
1,1,0.999273522144763
0,0,0.0590759558949371
0,0,0.021772379918178982
1,1,0.9997741718352189
1,1,0.9747481212189897
0,0,0.050853402830637974
0,1,0.6553941931825837
0,0,0.0597744971594176
0,0,0.01239142768349699
0,0,0.01911898103402254
1,1,0.9338810507487668
0,0,0.013898123478304523
0,0,0.01818877403795052
0,0,0.020177904682481634
0,0,0.041677643586370536
0,0,0.04961192986790736
0,0,0.02665806008025164
1,1,0.9998409828510604
0,0,0.03896509109467274
0,0,0.005603745037639625
1,1,0.9998078512232612
0,0,0.023956394882840196
0,0,0.032653915844348846
0,0,0.06231607502685602
0,0,0.034050364017919256
1,0,0.49356990286095154
0,0,0.011963090699410563
0,0,0.0114594416255598
1,0,0.36795153142156917
1,1,0.5234442525945098
1,1,0.999412841439961
1,1,0.5800214954572891
1,1,0.9225858235789247
0,0,0.023866548023011892
0,0,0.014935881691196863
0,0,0.01742252489521255
0,0,0.035403945119518644
1,1,0.6484284417058206
0,0,0.025254392333581368
0,0,0.021222347183360128
0,0,0.011624360301119508
1,1,0.999552889853498
1,1,0.9994014288946838
0,0,0.020400852906482008
0,0,0.018695553940747553
0,0,0.04274736720088422
0,0,0.02065660119138606
1,1,0.9984765224703902
0,0,0.0484590305812844
0,0,0.011614765813943911
0,0,0.03369630883544216
0,0,0.05846925213613968
1,1,0.968696663173625
0,0,0.01072453901033944
0,0,0.02613639860672222
0,0,0.018289846697423028
0,0,0.009304104316101527
0,0,0.030445841499118588
0,1,0.6309998843384121
1,1,0.9999222505147946
0,0,0.049399381567891136
0,0,0.033238676507852484
0,0,0.0435179475257396
0,0,0.04211389984313748
0,0,0.011143711366319605
0,0,0.03184824375942141
0,0,0.03632326623336141
0,0,0.02808164992742703
1,0,0.4012828964865151
0,0,0.02238938315638138
0,0,0.016279249425868857
1,1,0.9834117065709143
0,0,0.02299047621829436
0,0,0.05257747868650724
0,0,0.04271530851524121
0,0,0.007450566016973748
1,1,0.9998856334839462
0,0,0.09232517566731571
0,0,0.02127615486596762
1,1,0.9891676608613043
1,1,0.9995267136870317
0,0,0.02035174094040678
0,0,0.041198523716547836
0,0,0.018625239006121376
0,0,0.020057500001541304
0,0,0.025181265290215218
0,0,0.015081613433039362
1,1,0.6826671162353994
1,1,0.9994147910013973
0,0,0.15532580865577705
0,0,0.011830294978475313
0,0,0.035030836775273654
0,0,0.03476020522095877
0,0,0.02358692532963964
0,0,0.01373410522330779
0,0,0.017947610919331305
0,0,0.018895443179772698
0,0,0.02705476955651908
1,1,0.9995540433780775
0,0,0.01741674790013177
0,0,0.04341949677261244
1,1,0.9991131732660384
0,0,0.016848601496308034
0,0,0.011532390301670591
0,0,0.03160640920900956
0,0,0.010058324779226796
1,1,0.9998437393886866
0,0,0.02482699539659807
1,0,0.06800334269832123
0,0,0.03276778474522999
0,0,0.04640541796158696
1,1,0.9997153077457316
0,0,0.2244012218252577
0,0,0.010717191423081713
1,1,0.9998356830178394
0,0,0.021219128323844202
0,0,0.034482434764860743
1,1,0.9995359292239668
0,0,0.03428512200448128
0,0,0.011749798923942616
0,0,0.10563033848582558
0,0,0.02854579845938233
1,1,0.9998323993829523
0,0,0.07546363807655289
0,0,0.022002669196186625
0,0,0.0745483606612759
0,0,0.04206188485714766
0,0,0.01591866771029766
0,0,0.03230960298908864
0,0,0.030504657243113752
0,0,0.038371368396731345
0,0,0.011293318862559925
0,0,0.019455948590830656
0,0,0.036816163600016556
1,1,0.7440013580911757
0,0,0.01092407332702847
1,0,0.016161628225863263
0,0,0.051610683770653254
0,0,0.08939239179321185
0,0,0.010584565652253968
0,0,0.022832901848409335
1,1,0.9996858425816137
1,1,0.9998324901496748
0,0,0.020699737322124132
0,0,0.024379878194284384
0,0,0.008338209758336717
1,1,0.9721436462544824
0,0,0.01386487054636914
0,0,0.024592335558766783
0,0,0.03918853527245643
0,0,0.029531785527782493
0,0,0.005255177680583241
0,0,0.013870562121821656
0,0,0.04507121614265795
0,0,0.015562762276623497
0,0,0.02041218683561426
0,0,0.04297669157558612
0,0,0.03875945799656388
0,0,0.0278039273238136
1,1,0.9994500001018427
0,0,0.01697584703894616
1,1,0.9993206347905753
0,0,0.05014875714049895
0,0,0.022225816480586025
0,0,0.02848039228182223
0,0,0.03287785616033713
0,0,0.04875476573750475
1,1,0.9999562553834125
1,1,0.5427652601959292
0,0,0.03630962159635384
0,0,0.049992130620556505
0,0,0.07500095210268437
0,0,0.021629021225380303
0,0,0.02302030256435325
0,0,0.4963243840574685
0,0,0.2519991181283498
0,0,0.010766638714247804
0,0,0.005803414091471058
0,0,0.07888848708651479
0,0,0.043726617277013866
0,0,0.018481513794517918
0,0,0.030779834993472248
0,0,0.12261439465550752
0,0,0.06684009302919013
0,0,0.023589816563177653
0,0,0.02205965538770953
0,0,0.009443575163349045
0,0,0.1993334783014176
0,0,0.05158140869661887
0,0,0.02132519912639055
0,0,0.013362247965757062
0,0,0.03548693029275619
0,0,0.03395620489161844
0,0,0.03803566194533809
0,0,0.04200221442490949
1,1,0.8531965300858707
0,0,0.011919250896063178
0,0,0.01373410522330779
0,0,0.03715114229726054
1,1,0.9998866695563086
0,0,0.05605416706448069
0,0,0.021851160142570766
0,0,0.1273123125760962
1,1,0.7176185325174579
0,0,0.014403151986340009
0,0,0.00950358629786307
0,0,0.013305654833203284
0,0,0.009673412302605253
0,0,0.013605518661168608
0,0,0.015570359266691687
0,0,0.01377520050410177
0,0,0.020590476403809503
1,1,0.8336751770210967
0,0,0.011215908742316115
1,1,0.8661505463428659
0,0,0.013555473022809917
0,0,0.024061762928892675
0,0,0.018812346493908
1,1,0.6506826237468751
1,0,0.19292572383133821
0,0,0.023931621318823763
0,0,0.016863027888371625
1,1,0.9315500753230529
1,1,0.7778234207979231
0,0,0.026902593373997218
0,0,0.030790064954710396
0,0,0.017935729864980765
1,1,0.9990566049785015
0,0,0.05762832733579347
1,1,0.9997545016498379
0,0,0.14172251654266152
1,1,0.9998471181209794
0,0,0.01816652330130208
1,1,0.9995735670541304
0,0,0.010759850954310582
0,0,0.044855196573420575
1,0,0.45698098121401454
0,0,0.017661218607195932
0,0,0.01680800414698385
1,1,0.8639347101455777
1,0,0.4730039885664809
0,0,0.013750152057150532
0,0,0.0362961994885361
0,0,0.006427419302243074
0,0,0.033319316948300086
0,0,0.014203211193577078
0,0,0.018138159620021882
1,1,0.9994225551771306
0,0,0.005321822163197011
1,0,0.4532989916126608
0,0,0.038310603407461785
0,0,0.024402442055319978
0,0,0.016450138482508203
0,0,0.013035918122620758
1,1,0.9997108030332661
0,0,0.022940344841424126
0,0,0.026002123545347384
0,0,0.015865471487835667
1,1,0.9895297353630257
0,0,0.03694215808459346
1,1,0.5259052645609502
0,0,0.03745328885100914
0,0,0.018451614677665065
0,0,0.032264193374564584
0,0,0.01370890250156386
1,0,0.08309199644340984
0,0,0.018672177453453037
0,0,0.013965260228096124
1,1,0.9997819836543603
1,1,0.9985107104513042
0,0,0.02036057820242128
0,1,0.8922165615679504
1,1,0.9581101788818099
0,0,0.025181109476334586
0,1,0.6628403656979283
0,0,0.036555275813404564
1,0,0.4583261158040986
0,0,0.02275151451573893
0,0,0.06631982249725277
0,0,0.016099488157358018
1,1,0.9909950774249627
0,0,0.021349557059627853
0,0,0.025240424790172918
0,0,0.013663858487077164
0,0,0.018560386983248096
0,0,0.012200185692159096
0,0,0.01152154237882548
0,0,0.03801081622683191
1,0,0.28884831886696144
0,0,0.01879747069074032
0,0,0.015566184689563388
1,1,0.9988211091617021
0,0,0.04746087242707761
0,0,0.025178464869042894
0,0,0.013369421803498056
0,0,0.06425209163924715
1,1,0.9909833898334632
0,0,0.04890542900124929
0,0,0.03466489365248978
0,0,0.017123438257979736
0,0,0.025148675552321212
0,0,0.05036759969308311
1,0,0.05997585735520985
0,0,0.031634923632038646
0,1,0.9201251746050206
0,0,0.008342331701777672
1,0,0.48989560263902693
0,0,0.049564932623218115
0,0,0.01725364861136501
0,0,0.03224475506103889
1,0,0.04797235315729587
0,0,0.015732692396244894
0,0,0.02243965788771353
0,0,0.018651251768067426
1,1,0.9982530219738297
0,0,0.03943256505341332
1,1,0.656979310368778
0,0,0.059351474286418265
1,1,0.9975420041681493
0,0,0.03958141172372254
0,0,0.04418935575925717
1,0,0.3673304852636108
0,0,0.015786963681819973
0,0,0.014824589022530067
0,0,0.08567781749387077
1,1,0.9992806752070136
0,0,0.029152016608001572
1,1,0.9993715521095924
0,0,0.014121352158580054
0,0,0.007707328263925362
0,0,0.007251443858956472
1,1,0.9998901132751709
0,0,0.035269620839017246
0,0,0.036777996924021054
0,0,0.0333700685168753
1,1,0.7202838687310275
0,0,0.09718386984342836
0,0,0.020856467215298328
0,0,0.01751304516836327
0,0,0.017999888121394653
1,1,0.9998856334839462
0,0,0.021300631159932592
0,0,0.028608071537917057
1,0,0.28217899775406036
0,0,0.05310841289438771
0,0,0.008432648935040555
0,0,0.04779071701975782
0,0,0.017337619381824376
0,0,0.01627178302360812
1,1,0.9992715439394169
0,0,0.008597803364453385
0,0,0.03324286019903345
1,1,0.998420050212483
0,0,0.03428643995940653
0,0,0.02543091987173589
0,0,0.014628454888464587
0,0,0.018641606570767254
0,0,0.026528951961432255
0,0,0.03186624139259747
1,1,0.9986580325974506
0,0,0.020608446225966123
0,0,0.04237738053127636
1,1,0.9046497312393179
0,0,0.040819340231916454
1,0,0.25767424890574314
0,0,0.018903357064704727
0,0,0.010284780721577968
0,0,0.035984036646134955
0,0,0.01899397335101238
0,0,0.031473335525122076
0,0,0.033001947273847754
0,0,0.08483181182380665
0,0,0.015314647273322005
0,0,0.014926396719171934
0,0,0.019229433544770635
1,1,0.9805924217594792
0,0,0.05615567817937274
0,0,0.02913596671395438
0,0,0.02085380099337303
0,0,0.021068632655111722
0,0,0.021246037304957936
0,0,0.018851555700612775
1,0,0.44678355157554783
0,0,0.055704935667528724
0,0,0.008905621006798585
0,0,0.01449108497678846
0,0,0.027956768485798877
0,0,0.012258008350890479
1,1,0.9991454111799788
0,0,0.015153628080122336
0,0,0.0468873635907317
0,0,0.06411543752067242
0,0,0.08039418019243108
0,0,0.02023754955619717
0,0,0.08045146188589442
1,0,0.05979343144184117
0,0,0.041783582544949655
0,0,0.03917298834302716
1,1,0.998988725549173
0,0,0.023994045430103764
0,0,0.029071884001163673
0,0,0.01880692565787191
1,1,0.9802193644140069
0,0,0.0508424214293059
0,0,0.04987761429384571
0,0,0.03927049785296247
1,1,0.7587902344323998
0,0,0.03663496698000869
0,0,0.03899004317307023
0,0,0.03224124952529029
0,0,0.009348587774241982
0,0,0.07670374365932524
0,0,0.1575924353772869
1,1,0.9992769127259314
1,1,0.999382164238322
0,0,0.033131796840519236
0,0,0.03695122631914378
0,0,0.035817630486182965
0,0,0.028798269412483715
1,1,0.9916611177233956
0,0,0.01736208277423595
0,0,0.019136010516105913
0,0,0.014265805388458836
1,1,0.9992625840018493
0,0,0.06988272303623998
0,0,0.013767739766379135
0,0,0.018044904018502214
1,1,0.9874897673989272
0,0,0.031199717601376065
0,0,0.11819327497869692
0,0,0.03770608029701877
0,0,0.0283449796746518
0,0,0.03820079551515954
0,0,0.0075327458310969295
0,0,0.020331834515685144
0,0,0.013191367531131067
1,1,0.9995129281290155
0,0,0.015553364225815304
0,0,0.014193826757001373
1,1,0.9670643062743376
0,0,0.00867436933605707
0,0,0.01808822541212188
0,0,0.009591505309781936
1,1,0.9017537587968666
1,1,0.9998519995764636
0,0,0.025825203989461122
0,0,0.016064843894193374
0,0,0.008519623744867708
0,0,0.008050862642057656
0,0,0.007203166553047539
1,1,0.9819231481626246
1,1,0.9932023810865889
0,0,0.3763014214299503
0,0,0.026180644162664076
0,0,0.01062420919872251
0,0,0.009790064954956797
1,1,0.999861759379499
0,0,0.03806751079424675
0,0,0.036153361530260025
0,0,0.05565507437675936
0,0,0.05750929550855261
0,0,0.050881044750238615
1,1,0.9998861422801162
0,0,0.01792530316006935
1,1,0.7755668468502143
0,0,0.03869743108528058
0,0,0.030365155948105998
0,0,0.04782274906841399
1,1,0.9915472430770703
0,0,0.02632878986122925
0,0,0.00787375125214099
0,0,0.048986729791566756
0,0,0.021826641892969963
0,0,0.03277591011612843
0,0,0.04290680585093923
1,1,0.9998075380533451
0,0,0.04048819135811861
0,0,0.013211449107271511
0,0,0.03305133136515731
0,0,0.2645937134136357
0,0,0.02080715583588501
1,1,0.9526088836972096
0,0,0.034473916889945395
0,0,0.029764980991547788
0,0,0.03650273982558485
0,0,0.1204604072638463
0,0,0.030900263784601117
0,0,0.020720309349934737
0,0,0.021499043333379236
1,1,0.9632594409778186
1,1,0.9955989626771299
0,0,0.008481651477092443
0,0,0.02704222998698557
0,0,0.021965538132605576
0,0,0.013486901960890847
0,0,0.01601773252206586
0,0,0.011044589406703532
1,0,0.3620314234836694
0,0,0.018523448997628856
0,0,0.015202403226427633
0,0,0.024282385704940367
0,0,0.013232797885110382
0,0,0.03444665992772613
0,0,0.03021209922252013
0,0,0.012070810751503402
0,0,0.048399703118341825
0,0,0.04141872972678891
1,1,0.7113596117055397
0,0,0.03425831259568063
0,0,0.03255950390516056
0,0,0.03129251690061286
0,0,0.04591434219573118
1,1,0.8702139993754451
0,0,0.027472900086189307
0,0,0.010119745232659969
0,0,0.048960751089754354
0,0,0.01581316685091042
0,0,0.007714040910544799
0,0,0.019120496313077908
0,0,0.03137059842481171
1,1,0.8936403797787856
0,0,0.0447214568374882
0,0,0.02370780310929771
0,0,0.03280687935494389
0,0,0.03821239478698034
0,0,0.028434611226392098
0,0,0.01451175252185747
0,0,0.05141516371872002
0,0,0.037033722543197506
0,0,0.019253666119319966
0,0,0.046845903313511204
0,0,0.025271464456996642
0,0,0.021332730522103768
0,0,0.02178257693303746
0,0,0.026978378260635687
1,1,0.9992585797613053
0,0,0.014896933701045155
1,1,0.9616051629173262
0,0,0.024716676349360176
0,0,0.0186052858056343
0,0,0.018458882629323603
1,0,0.16457558763413366
1,1,0.9998399597269172
1,1,0.9998207955782082
0,0,0.05266234744267987
0,0,0.014091498782350897
1,1,0.9758939656115799
0,0,0.025945399478608574
0,0,0.013318191608209793
1,1,0.9997497999042428
1,1,0.999850831329078
0,0,0.013945671506030488
1,0,0.036729251856705204
0,0,0.038496072371755306
1,1,0.9576350891880044
0,0,0.016976780765781734
1,1,0.7456385005514808
0,0,0.008317356035001493
1,1,0.9889814330197297
0,0,0.014829928307577801
0,0,0.008724137391972113
0,0,0.035976819261439245
0,0,0.04212940892217617
0,0,0.026217005991097202
0,0,0.4730258898778495
0,0,0.030870408434977945
0,0,0.03981972768770163
0,0,0.030962480399538715
0,0,0.011917316370090065
1,1,0.9996792059815424
1,1,0.5194297043717375
0,0,0.005556253605067105
1,1,0.9990426950911495
1,1,0.9997948257194142
0,0,0.02087030935971456
1,1,0.8792186086304563
0,0,0.04033401393833564
1,1,0.9999013676592929
0,0,0.023305412381494715
1,0,0.37853033571117356
0,0,0.038128586365894265
1,0,0.19241897941521932
0,0,0.025557292006960924
0,0,0.015788694101740136
0,0,0.008857436908133464
0,0,0.02802997393057593
0,0,0.00864369869130454
0,0,0.03622206980775367
0,0,0.03156877843425616
0,0,0.03173544553270859
0,0,0.019042810107561706
0,0,0.010606382035783627
0,0,0.021429283078282842
0,0,0.024938102284276682
0,0,0.05063176447436247
0,0,0.043077557210355236
0,0,0.024194520752935832
0,0,0.010306156999359028
0,0,0.03398588726952863
0,0,0.01446174944003848
0,0,0.02444053925668329
0,0,0.06463964315136553
0,0,0.013073496461500099
0,0,0.013111757402716537
0,0,0.025193944841319246
0,0,0.015961711235797843
1,0,0.06271043823176586
0,0,0.03565405127299956
0,0,0.008472717199005855
1,1,0.999575387474164
0,0,0.05331611620909645
0,0,0.020780312960964425
1,1,0.9608556801105347
0,0,0.017781319758900755
0,0,0.03912705265058154
0,0,0.035687102165395494
1,1,0.9982526823360889
0,0,0.022822874067880302
0,0,0.05029504587058567
0,0,0.012509884763558814
0,0,0.029683520182017833
0,0,0.010101307543595327
0,0,0.046732899493951416
0,0,0.02644270508072783
1,1,0.5849750037749991
1,1,0.9781530314993533
0,0,0.007511611168258472
0,0,0.008642257716900966
0,0,0.01247006553907015
1,0,0.043524428787039826
1,1,0.9758939656115799
0,0,0.01611349218135754
0,0,0.12738331792494845
0,0,0.009445073489592807
0,0,0.04558328898330079
1,1,0.9985844130932978
0,0,0.026725471111110278
0,0,0.012960576668345354
0,0,0.011077517207228065
0,0,0.03907405624269039
0,0,0.019993817785700897
0,0,0.017887187588074827
0,0,0.024487807077385175
1,1,0.5268223778404494
0,0,0.03837088653943638
0,0,0.01809548664440132
0,0,0.015138476781102746
0,0,0.03409968673734211
0,0,0.01210509154400068
0,0,0.031138984841090622
0,0,0.015901835192329888
1,1,0.9999074396295422
1,0,0.05867156825369261
0,0,0.0535682689116867
1,1,0.9997707897130325
0,0,0.04395378911058942
0,0,0.03967078321428948
1,1,0.8945060252170485
0,0,0.012978026123978042
0,0,0.05815977799492785
0,0,0.02740311782083658
1,1,0.7619409952656206
0,0,0.019930532445020258
0,0,0.042689892635928636
0,0,0.05014266007491306
0,0,0.0398072004840879
0,0,0.04263947143444883
0,0,0.011193477057528326
0,0,0.03817988184404046
1,1,0.9776820367035036
1,1,0.9995984960225299
0,0,0.13517357997899113
0,0,0.043161824765091096
0,0,0.038559854808970305
0,0,0.015317811937937523
0,0,0.02054046745519837
0,0,0.042290809110660424
0,0,0.03371401934384877
0,0,0.01338478726323917
1,1,0.9995913957141361
0,0,0.01488320368250179
0,0,0.03721681176490827
0,0,0.009067993715105598
0,0,0.04500245436221252
0,0,0.03702887732592978
0,0,0.023811901077658886
0,0,0.022482422498417247
0,0,0.09078373754267378
0,0,0.024800782997129033
0,0,0.028959031898742677
0,0,0.015947217071513985
0,0,0.05942253923241349
1,1,0.9045626035257471
1,1,0.9987251693221226
0,0,0.01793334898109944
0,0,0.02848918402659778
0,0,0.03455028142691028
0,0,0.04844936704007499
1,1,0.9790550652778383
0,0,0.023554160483594967
0,0,0.021375297688381697
1,1,0.9993206347905753
0,0,0.01589982319482694
0,0,0.02356734473638658
0,0,0.03869459863098413
1,1,0.8812500142790951
1,1,0.999870449489812
0,0,0.03804685658590938
0,0,0.025487580081991205
0,0,0.01604287387191364
0,0,0.01879893438741741
0,0,0.022536202468115895
0,0,0.03955161189133182
1,1,0.9997496202363881
0,0,0.017671284715568905
1,1,0.9999538927865106
1,1,0.7269222296906038
0,0,0.017364407738291933
1,1,0.9998952086010229
0,0,0.010227199495669007
0,0,0.012662263955215492
0,0,0.009187333331999432
0,0,0.018681102447351862
0,0,0.021189279049817513
0,0,0.017992221930168435
0,0,0.060548402437691454
0,0,0.011594504506022
0,0,0.03350538433153288
1,1,0.9969957526572861
1,1,0.9886383689942241
0,0,0.005840232168199949
1,1,0.9789210007441156
0,0,0.012397055983108392
0,0,0.24780345167011653
0,0,0.009294030429835856
0,0,0.026541562668451976
0,0,0.019981678560517947
0,0,0.04092106680772446
0,0,0.04667993364787641
0,0,0.021275204898829187
0,0,0.017597592079434093
0,0,0.015454325599699531
0,0,0.014130939776104847
0,0,0.006000038454918286
0,0,0.030222402462209624
0,0,0.00810918439081725
1,1,0.9998152246426588
0,0,0.03825721066557824
0,0,0.01531353919419367
0,0,0.009750620468881699
0,0,0.015618359605517948
1,1,0.9829258879142885
0,0,0.03438193638326001
0,0,0.019053883235532393
0,0,0.039044331502786724
0,0,0.01864852458726681
1,1,0.9979755934579021
0,0,0.015752644170316143
1,1,0.9991667440437749
0,0,0.0603265337238751
0,0,0.04170366797540429
0,0,0.0141685497800656
1,1,0.9906806579998132
0,0,0.07489135088863005
1,0,0.0681657646978782
0,0,0.0408109943506727
1,0,0.03186548582502797
0,0,0.006703348236094174
0,0,0.024194520752935832
0,0,0.03285380094059825
0,0,0.0494380486244132
0,0,0.04584484033679139
0,0,0.024298360476194384
0,0,0.0165666272649627
0,0,0.025293118724126065
1,1,0.9794803156275302
0,0,0.027794260270484726
0,0,0.01733342425521878
1,1,0.9966445635780197
1,1,0.9990590050860594
1,1,0.9989066012352186
1,1,0.9998362620700104
0,0,0.028507140640528537
0,0,0.03514262432641415
0,0,0.04383351150748276
0,0,0.02399464273222049
0,0,0.025972607882038763
0,0,0.03327171080872309
0,0,0.10484619822280926
0,0,0.037336966235595605
1,1,0.9997582742053088
1,0,0.033896417178555856
0,0,0.053209579051178804
1,1,0.9998107524581268
1,1,0.9977150034786393
0,0,0.02742007257445562
0,0,0.022176871886874595
0,0,0.042482893476745325
0,0,0.03862360018162689
1,1,0.9983225838408473
0,0,0.02694931577934253
0,0,0.011425138847749379
0,0,0.013021854722086425
0,0,0.04016519035196749
1,1,0.9978806135325493
0,0,0.029553594407854537
0,0,0.019572962549677875
1,1,0.7341995729979115
0,0,0.010559764409899471
1,1,0.9981717244318176
0,0,0.008161515777738073
0,0,0.050883713553727956
0,0,0.02903516418305529
0,0,0.026745696098538125
0,0,0.016756044260829335
0,0,0.05031730181727749
0,0,0.011858525404653318
1,1,0.9994055848822045
0,0,0.013694376867320439
0,0,0.03876335423037238
0,0,0.015574625016373508
0,0,0.062391613943743075
0,0,0.012537755177745233
0,0,0.03251657950052536
0,0,0.007249447655979507
0,0,0.05633857709319686
0,0,0.03270467927774268
0,0,0.09960464380868837
0,0,0.03539982894050394
1,1,0.9994166632795972
0,0,0.03141685966761845
0,0,0.07307936849023723
0,0,0.0438187866183957
0,0,0.013367927832534989
0,0,0.02035624205137667
1,0,0.07418995920336793
0,0,0.015484880189230277
0,0,0.012160188627118438
0,0,0.02884977369230827
1,1,0.9999271377124285
0,0,0.02257379358720633
0,0,0.0075202146357358605
1,1,0.8389816754074836
0,0,0.030965928903220478
0,0,0.013027365828225952
0,0,0.010569801629397958
0,0,0.01314900858084952
0,0,0.03764666149844504
0,0,0.047539530791683736
0,0,0.01252989519405186
0,0,0.010894019040134397
0,0,0.01486532921887031
0,0,0.042541643273267475
0,0,0.015962731264266488
0,0,0.05067168497549821
0,0,0.02532767175596785
1,1,0.9998992425708008
0,0,0.040970532230098486
0,0,0.020918701061494606
1,1,0.7826119796050216
1,0,0.0968851327715618
0,0,0.029717846204448527
0,0,0.0656493333161324
1,1,0.9997259709005155
0,0,0.043192635300410044
0,0,0.032376806581349726
0,0,0.09613871259230285
0,0,0.019948364941297612
1,1,0.9997106818076222
0,0,0.03298005630076693
0,0,0.020240511330561088
1,1,0.9998815677181102
0,0,0.03452769506828937
0,0,0.051160019190668725
0,0,0.00974384158653016
1,1,0.9992435053650426
0,0,0.01874095658585079
1,1,0.9994292673775222
0,0,0.04006878971356334
0,0,0.006290909647307523
0,0,0.01878339644649562
0,0,0.023353527899336184
1,1,0.990946586558258
0,0,0.013888627134003729
0,0,0.013385511060506061
1,1,0.607074504468854
0,0,0.04316805474466147
0,0,0.006054381445067728
1,1,0.9994877970149076
0,0,0.040822581577804315
0,0,0.021806776409465083
0,0,0.008409791587274916
0,0,0.03090695052672764
0,0,0.1601111114717432
0,0,0.024530734823223755
0,0,0.019501458674057986
0,0,0.018268846978516374
1,1,0.7419960943058471
0,0,0.021219659106939258
0,0,0.014155225607045694
0,0,0.03435536939232479
0,0,0.06583791368887146
0,0,0.054525398992302646
0,0,0.038929279824128776
0,0,0.02045156652026619
0,0,0.0580418959189429
0,0,0.014671396823221524
0,0,0.04989471780089455
0,0,0.007415934409827642
1,1,0.9993606558301273
0,0,0.01173393371865351
0,0,0.012715049325048175
0,0,0.03375101363602513
1,1,0.9795231006102715
0,0,0.022281103323609126
0,0,0.03314227144395659
0,0,0.00542021003868388
0,0,0.02728036196541688
1,1,0.9998186251090636
1,1,0.9995721095439161
0,0,0.023177228864159512
0,0,0.025901463762241474
0,0,0.029437603500577655
0,0,0.007187869308195845
0,0,0.010814158023687783
0,1,0.6650347090017488
0,0,0.04005913815239425
0,0,0.4429038932335917
0,0,0.01182266579825495
0,0,0.014777015161988913
0,0,0.02013181665530311
1,1,0.9912117819498525
0,0,0.03449180218747065
0,0,0.049003004375545306
1,1,0.9755882564781835
1,0,0.014768215376599099
0,0,0.036490833107945354
0,0,0.04468728875774528
0,0,0.05155196930611637
0,0,0.05169814609364447
0,0,0.03666878524531214
1,0,0.04274093076281258
0,0,0.03205169296918854
0,0,0.02690646329731569
0,0,0.036051451129504836
1,0,0.1744298563407655
0,0,0.023640417194782055
1,1,0.9981817452929
0,0,0.022335748432024558
0,0,0.047823657325333856
0,0,0.031712439159468656
1,1,0.8496624636874677
1,0,0.10158457052705286
0,0,0.0033294574188352014
0,0,0.1104707187003498
0,0,0.03429208926647929
0,0,0.02973780290091754
1,1,0.8132061753039387
0,0,0.023386190682675032
0,0,0.0661513963795866
0,0,0.0716518076688434
0,0,0.02445762918375976
0,0,0.011413127896329764
1,0,0.019228642975448035
0,0,0.03610103069699319
0,0,0.01446057133752634
1,0,0.12414892734172532
0,0,0.014254882868597905
0,0,0.04706484601796195
1,1,0.9996422997036227
0,0,0.012218060914014544
1,1,0.998948714775939
0,0,0.022793147047986767
0,0,0.044259108112342384
0,0,0.03474585915470676
0,0,0.011607293506119738
1,1,0.9617789438050489
0,0,0.016440761650928434
1,1,0.9451413746257795
0,0,0.05165016999762959
0,0,0.05060641411763993
0,0,0.03817858339935138
0,0,0.025059747753445313
0,0,0.02265190240040673
1,1,0.9227388336660677
1,1,0.999804832143291
0,0,0.024876305677519323
0,0,0.010190507514627892
1,1,0.9995664180427278
1,1,0.9992355740385049
0,0,0.11274151246170191
0,0,0.008335101335335436
0,0,0.012073966304204695
1,1,0.9999573897603765
0,0,0.049425667238758485
0,0,0.011954848320571282
0,0,0.061823408291802495
0,0,0.29379225772071244
0,0,0.3458959373389455
0,0,0.02658110258715923
1,0,0.044849117310203766
0,0,0.015112032268655115
0,0,0.01940494876288847
0,0,0.041013138909740864
1,1,0.9996056580602901
0,0,0.01602848849013995
0,0,0.03468689570473813
1,1,0.9999045984219129
0,0,0.031524299415563756
0,0,0.017132813513043722
0,0,0.012910146452417058
1,1,0.9490889458056854
0,0,0.009790064954956797
0,0,0.09197005561134884
0,0,0.01887389978446868
0,0,0.06133599706385375
1,1,0.9998628309688267
0,0,0.02512737475297437
0,0,0.016601139645943726
0,0,0.03934199350163837
0,0,0.01219664904391593
0,0,0.03645813280753718
0,0,0.01983407926812249
0,0,0.0281483100526508
0,0,0.020675325708844096
0,0,0.038787260899827924
0,0,0.03134051447988111
0,0,0.01760972769475338
0,0,0.015053715128017215
0,0,0.01668124994287033
0,0,0.008110654479911172
0,0,0.05080030841986709
0,0,0.018583665572490266
0,0,0.013420448113852502
0,0,0.01478054620183946
0,0,0.00970178141940608
0,0,0.01413052819163694
0,0,0.012048049982851241
0,0,0.011387184428351942
0,0,0.026570243954596933
0,0,0.018387753280640042
0,0,0.045588184458691734
0,0,0.014657643261204218
0,0,0.0351475650028435
0,0,0.005322603743043917
0,0,0.022376519842949475
0,0,0.024001352305113424
0,0,0.032318126784069784
0,0,0.034823266824237406
0,0,0.026024901026499517
0,0,0.11771685024311092
0,0,0.04446794524749218
0,0,0.04005067014252958
0,0,0.017326165783532726
0,0,0.040814804432312925
1,0,0.03561930287675349
1,1,0.9997688063935966
0,0,0.061800772442078045
0,0,0.017189812922475102
0,0,0.02831866128663276
0,0,0.029818951369533386
1,1,0.9990590050860594
1,1,0.9749395690349187
1,1,0.9975337782454587
0,0,0.030802285204991137
0,0,0.02972314154450847
1,1,0.9992208980196037
0,0,0.018026210427384635
0,0,0.014967477858047378
1,1,0.9995596553266578
1,0,0.16460960429244556
0,0,0.02453467752559119
0,0,0.0070482380817927575
0,0,0.03702827837995195
0,0,0.046548076961225676
1,0,0.06492320255392649
0,0,0.07255862629340547
0,0,0.018536258599328538
1,1,0.9997005223420254
0,0,0.023425235678436934
0,0,0.03869946241874279
0,0,0.022836221483572058
0,0,0.032045501298492235
0,0,0.03480998290629931
0,0,0.025234127487096632
0,0,0.019280432666489326
0,0,0.04402993541337075
1,1,0.9993953114780738
1,1,0.7641654816029478
0,0,0.01300580944436658
1,1,0.9681510408981809
1,1,0.999936927084018
1,1,0.9997213421786647
0,0,0.008573810521093192
0,0,0.04880566938917661
1,0,0.0448909262469968
0,0,0.037526268642247236
0,0,0.036403426322969654
1,1,0.9989159654470313
0,0,0.018076316706513093
0,0,0.0508475823920302
0,0,0.021096407935891785
0,0,0.027739187659518903
0,0,0.026778616547764058
0,0,0.3040336841024782
0,0,0.002859291145953433
1,0,0.18369347574956665
0,0,0.03317100390022178
0,0,0.006643469457185765
0,0,0.016624513185232757
0,0,0.4709506427464151
0,0,0.031791934160534295
0,0,0.02798533093793875
0,0,0.021610272767387452
0,0,0.11116399051799335
0,0,0.03404264928688195
0,0,0.017260812171206858
0,0,0.023437762762743772
0,0,0.017105465727760533
0,0,0.015154207568289455
0,1,0.8532971391638859
1,0,0.39950889393270855
1,0,0.44424149038912286
0,0,0.03563059016126502
1,1,0.9800578235058044
0,0,0.013304871649438178
0,0,0.03155655562154846
0,0,0.034478332406103214
0,0,0.021066586031153745
0,0,0.037500954307863425
0,0,0.028578891948411417
0,0,0.015511663761747778
0,0,0.028393594345799564
0,0,0.028907011807721397
1,1,0.8971315300715139
0,0,0.01941405870967954
0,0,0.04968880718091135
0,0,0.028469044457269867
0,0,0.04068306102678392
0,0,0.03736014936827111
0,0,0.02361342471359298
0,0,0.03396460848284556
0,0,0.024191193541014094
0,0,0.025589607391360417
0,0,0.017123550614814034
0,0,0.08593595574037455
0,0,0.02441924080113159
1,0,0.22620329183569926
0,0,0.0361370804800597
0,0,0.024838102573894016
0,0,0.01206388416489976
0,0,0.018210420151773796
0,0,0.025463963584263765
0,0,0.16770358262868879
0,0,0.015129690926824636
0,0,0.024408705616822412
0,0,0.027365770467844275
0,0,0.053009509850073556
0,0,0.034887330859732495
1,1,0.8549502569288377
0,0,0.017711889622493104
0,0,0.04619051125746416
0,0,0.09300669243554313
1,1,0.6229514720831062
1,1,0.9995479075623492
0,0,0.03878442165856711
0,1,0.587736630177311
1,1,0.9979928071239867
0,0,0.027576497139777018
0,0,0.03232802982056163
0,0,0.03265689915718008
0,0,0.01578275043150533
0,0,0.0351546619492515
0,0,0.017883993762797902
1,1,0.9979928071239867
0,0,0.025224611995372844
0,0,0.03194091416585142
1,1,0.9997090037806093
1,1,0.9994018336933503
0,0,0.017250909506400153
0,0,0.011507260931903466
1,0,0.457304244416937
1,1,0.980336027287128
1,1,0.9262621271950053
0,0,0.01785011168649322
0,0,0.05678291720267398
0,0,0.034623067171183054
0,0,0.01039583316262643
0,0,0.0062027873995204735
0,0,0.07684713324449144
0,0,0.04449793411150852
0,0,0.03820679698683771
0,0,0.03981434085726628
0,0,0.04226697972695412
0,0,0.019031119072923545
0,0,0.07487136459717415
0,0,0.2055628838974144
1,1,0.6694782216902614
0,0,0.04843495775625526
0,0,0.01342034410248325
0,0,0.2082624743653992
0,0,0.039883608599873416
0,0,0.14882312434433595
0,0,0.030155830227714644
0,0,0.02490933973279073
0,0,0.013816466466769699
1,1,0.9906032015857675
1,1,0.9103997767452068
1,1,0.9997674074493829
1,1,0.9995420574137701
1,1,0.9611769995764181
1,1,0.6097774944309202
0,0,0.04321212154568983
0,0,0.03148578857035289
0,0,0.009214459294291521
0,0,0.01124242642142533
0,0,0.035757068342851105
0,0,0.021175621682737716
0,0,0.019652218890423276
1,1,0.9996088334493494
0,0,0.030564947269504244
0,0,0.05166751794550862
0,0,0.011656684723553431
1,1,0.9657545127476554
0,0,0.04319421747584427
1,1,0.9994537311350624
0,0,0.0605004415535549
0,0,0.00756827201035474
0,0,0.023660225633451902
1,1,0.6066496319168324
0,0,0.05631258133443304
0,0,0.010193121030841934
0,0,0.028497501697570204
0,0,0.016082467989055483
1,0,0.4429038932335917
0,0,0.016655153025160945
0,0,0.014980521122560982
0,0,0.022368641126190067
1,1,0.9996430299070083
0,0,0.03722453703333136
0,0,0.03035923179089228
0,0,0.15846599872480022
0,0,0.0446680133972096
0,0,0.02854836309499907
1,1,0.9989483961106339
0,0,0.014630801813298965
0,0,0.05245803367585652
0,0,0.018776327875310646
0,0,0.04346626312930009
1,1,0.9999234828243986
1,1,0.9998013818649166
0,0,0.020441364911669917
1,1,0.9998399722314832
0,0,0.07321191122626909
0,0,0.019587019401321987
0,0,0.044982312180250464
0,0,0.02999398971430823
0,0,0.008627757923908467
0,0,0.024102223045046604
1,1,0.9983203889633072
0,0,0.016798400497114323
0,0,0.04844145095515336
1,1,0.8623882084913344
1,1,0.9993957630812907
0,0,0.0360020750916726
0,0,0.018182741944846488
0,1,0.7972267726704404
0,0,0.028323692364612244
1,1,0.994104568206293
0,0,0.006613030311676281
0,0,0.04143266763435152
0,0,0.04079543192440625
0,0,0.019867645033574785
0,0,0.02573862338588252
0,0,0.03991397150508908
1,1,0.8780179332776338
0,0,0.021006740396083835
1,0,0.26096694219782507
0,0,0.049458432071307235
0,0,0.052598892121517714
0,0,0.01649093987781015
0,0,0.11645936574225059
1,1,0.8657682402711853
1,1,0.9993722996657709
1,1,0.9964901533460313
1,1,0.8198740096983468
0,0,0.019977977328485073
1,1,0.9999293615801682
0,0,0.006792051975077999
1,1,0.9993064507480921
0,0,0.01301775324002876
0,0,0.06270195926016735
0,0,0.052087889620649044
0,0,0.01753474757328566
0,0,0.032840343977589545
0,0,0.028720371033618214
0,0,0.03652960619691047
0,0,0.025315790532925497
0,0,0.009901513870069484
0,0,0.024078603411153122
0,0,0.03906944476598802
0,0,0.010935266940628074
0,0,0.3996906612632335
1,1,0.9770412993114335
0,0,0.0359414659111697
0,0,0.02598268588373236
0,0,0.03840990880124137
0,0,0.008204276675593643
1,0,0.27143717488435065
0,0,0.009570738993015826
0,0,0.13642856295888714
0,0,0.019597733542886766
1,1,0.9997092319574129
0,0,0.23392410682864498
0,0,0.01270699873884395
1,1,0.704083788101034
0,0,0.018063068410383302
0,0,0.017872103171034086
0,0,0.03455784332753923
1,1,0.9998416563223793
0,0,0.0984538158278598
0,0,0.042592182593411645
0,0,0.013364643333967124
0,0,0.049502237948994166
1,1,0.8389848477593004
0,0,0.03152262340583916
0,0,0.02221869778276045
0,0,0.017089643103421863
0,0,0.03151626340981138
1,1,0.999465499696619
1,1,0.9995992710783793
0,0,0.008535031046090519
0,0,0.007018214890450904
0,0,0.008874486587952457
0,0,0.02401047325179357
0,0,0.01537632199854727
0,0,0.09656642299848417
0,0,0.012597940531115119
0,0,0.0745909661742643
0,0,0.01403834871536598
0,0,0.022194018996117573
0,0,0.01634863976519946
0,0,0.11973977195314804
0,0,0.02950891398171044
1,1,0.5183832055783547
1,1,0.9986681102000772
0,0,0.03057718419217782
0,0,0.03693119819039809
0,0,0.017966237661266107
0,0,0.037267163439744046
0,0,0.028062504535683507
1,0,0.4476507579400939
0,0,0.2013933443726642
0,0,0.021083905665414727
1,1,0.9995116198536358
0,0,0.019660769622475545
1,1,0.903362846407349
0,0,0.011113210489178682
0,1,0.5961589651121632
1,1,0.9997598075189171
0,0,0.030319452578054965
0,0,0.013811984301347337
0,0,0.01546764431392551
0,0,0.047403305137613774
0,0,0.027282747798426283
0,0,0.023742468949711895
1,1,0.6345307833919509
0,0,0.01937922343202853
0,0,0.015637563658183737
0,0,0.051789597912080834
0,0,0.2034891154405163
0,0,0.01903227028543561
0,0,0.017250909506400153
0,0,0.02707608948598744
0,0,0.04298259261751203
0,0,0.011165751585821953
0,0,0.013652251925180396
0,0,0.026490161716916583
0,0,0.031157072042927805
0,0,0.0281465105642307
0,0,0.054182134617324185
0,0,0.019806361369632257
0,0,0.011820618355199635
0,1,0.6372981426322722
0,0,0.018663128834755717
0,0,0.05872662411108639
0,0,0.012743059180694658
0,0,0.016523021657684857
0,0,0.011130021158186199
0,0,0.026768283611122243
0,0,0.005457229461513522
0,0,0.018823722484610495
0,0,0.05173709327985339
0,0,0.04412548082885983
0,0,0.052668455556413085
1,0,0.07880130255758386
0,0,0.024688110851225
0,0,0.02663875170113607
0,0,0.015343256406173587
0,0,0.10860171127074023
0,0,0.10375183143236885
0,0,0.02793896491305616
0,0,0.015855564120413484
0,0,0.017454480597146778
0,0,0.019731665468871465
1,1,0.567610869170817
0,0,0.02098812345520038
0,0,0.03791796197654928
0,0,0.02688421144653566
1,1,0.9997638918992051
0,0,0.01768035001539502
0,0,0.12122864328072622
0,0,0.014309320918319398
0,0,0.04163581765613275
0,0,0.03612658900671583
0,0,0.02229484956794857
0,0,0.010005831530353382
0,0,0.018872082081135635
1,0,0.03915164121277471
0,0,0.011841873778132674
0,0,0.01578317470468941
0,0,0.019313631879959603
0,0,0.011835331391742258
0,0,0.023640329074305185
0,0,0.010182477841739888
0,0,0.0283498266951121
0,0,0.01588438647556395
0,0,0.02336704771797198
1,1,0.999804832143291
0,0,0.04280146139819791
0,0,0.015449775126324908
0,0,0.009116897559874961
0,0,0.021078705700861344
0,0,0.019649245312613868
1,1,0.9998972261761576
0,0,0.46548388384633266
0,0,0.017609428577880136
0,0,0.025598898245557434
0,0,0.11515518756635097
0,0,0.008721869727039797
0,0,0.016348561852018786
0,0,0.014993517499878803
0,0,0.03486467119755776
1,1,0.9996221377349991
1,1,0.9686236811535989
0,0,0.028176426021981876
0,0,0.01576453788777943
0,0,0.038465548368406294
1,1,0.9958679574243434
1,1,0.9999271377124285
0,0,0.02489969587525078
0,0,0.013994978347925941
0,0,0.041328947443085504
0,0,0.05113479012559425
0,0,0.013016315779361558
0,0,0.025807400868165034
0,0,0.032770452784140626
1,1,0.9991771059486204
0,0,0.01145234486089108
0,0,0.011016773739532616
0,0,0.030821619538685927
0,0,0.04274689511993262
0,0,0.03163844864008886
0,0,0.04550372787667344
0,0,0.008943843613165426
0,0,0.12145277574965989
0,0,0.02902746892060489
0,0,0.026154643705700854
0,0,0.010164511432546427
1,0,0.04834193961169997
1,1,0.9995288588052887
0,0,0.005869549015715596
0,1,0.7112926542988037
0,0,0.007488328519956673
1,0,0.46607299112988915
1,1,0.7404120387762756
0,0,0.04283269758931453
0,0,0.02214308471197588
1,1,0.9997123265127442
0,0,0.010126688991707506
0,0,0.03816209006891552
0,0,0.011636454172002887
0,0,0.02742007257445562
1,1,0.9993732812674425
0,0,0.06129922653183827
1,1,0.7092422723261727
0,0,0.03451161953665994
0,0,0.0128664202608249
1,1,0.9986298366927773
1,1,0.9599878745737886
0,0,0.14042051809207112
0,0,0.022030396151571034
1,1,0.9922837948750185
1,1,0.9995254231693986
0,0,0.015992570906216006
0,0,0.033427345026859526
0,0,0.010611047880502844
0,0,0.02261553487191073
0,0,0.007634617113119948
0,0,0.018648458661383788
0,0,0.02306399009265901
0,0,0.01583122043317222
0,0,0.032752670489259145
0,0,0.02903254510423082
1,1,0.9989633710859384
0,0,0.03005197282641452
0,0,0.022843032178193803
0,0,0.03334118423396334
1,1,0.9998273014311138
0,0,0.0521352425030066
1,1,0.9998324901496748
0,0,0.025568825186890506
1,1,0.9979755934579021
1,1,0.9659769724074878
0,0,0.031703628741620644
0,0,0.019293922809992405
1,1,0.99820528501567
1,0,0.10005090660455093
0,0,0.02944526860597905
0,0,0.01844502848036734
1,0,0.0938717089863332
0,0,0.02803112183391705
0,0,0.04045790448474249
1,1,0.8999865546791912
0,0,0.022430486443784505
0,0,0.06806284564610295
0,0,0.03765555512430774
0,0,0.02215602227559398
1,1,0.991512908239431
0,0,0.03903214985758722
0,0,0.03878546670749646
1,0,0.12723562162945007
0,0,0.012925870857729272
0,0,0.038636046816221375
1,1,0.9995501662773557
0,0,0.01434962261777413
0,0,0.059865241843888986
0,0,0.04313844997479284
0,0,0.049428798048946655
0,0,0.047464077935012054
0,0,0.021858791455383518
1,0,0.16590404834470893
0,0,0.009922759778781317
1,1,0.9797140192196004
0,0,0.0157552670282191
0,0,0.03250969117553338
0,0,0.029739695902764204
0,0,0.028760982157521247
1,1,0.9996331088660607
1,1,0.9996258665145307
0,0,0.027036975436606818
0,0,0.006482197663801771
1,0,0.3107030400927648
0,0,0.01751524909836929
0,0,0.022487057907900832
0,0,0.05361748141792086
0,0,0.012760447117196904
0,0,0.016855672409388
0,0,0.04997610016695926
0,0,0.04294987193658251
0,0,0.04518436884479048
0,0,0.04203440598170978
0,0,0.009109842217325867
0,0,0.037512502455178044
0,0,0.03263942170973546
0,0,0.054402693708154315
0,0,0.025999919758446063
0,0,0.010019457136066591
0,0,0.004933092338053414
0,0,0.01628896100370212
0,0,0.029978544276532647
0,0,0.06446727135117376
1,1,0.7837719022016165
0,0,0.025234967592614326
0,0,0.015525792495299673
0,0,0.03296448246524743
1,1,0.9210920251591248
0,0,0.030389867051459848
0,0,0.02002167121607924
0,0,0.019137740397268198
0,0,0.029848354994644933
0,0,0.48989560263902693
0,0,0.0205393483178438
0,0,0.11719981618194851
0,0,0.02512220108957754
0,0,0.014503030683565643
0,0,0.037928534991353374
0,0,0.02700260328308916
0,0,0.01437745200980774
0,0,0.04178946387726258
0,0,0.06397183845659052
0,0,0.056388246803512454
0,0,0.007839236535666759
0,0,0.03070194727645456
0,0,0.2066826222821828
1,1,0.9999040846536486
0,0,0.015154207568289455
0,0,0.014607812925078727
1,1,0.9997355376902091
0,0,0.051582643287487476
0,0,0.01832562156880118
0,0,0.0403262054496761
0,0,0.016586447375206433
0,0,0.01725738636128144
1,1,0.7810489185373876
1,1,0.9934366475303785
0,0,0.026779730370908753
0,0,0.04792144171555981
0,0,0.00793681116504461
1,1,0.9989502730930702
1,1,0.9646370724476939
0,0,0.009872558082411083
0,0,0.06668831821389003
0,0,0.0659576976688084
0,0,0.033996357877273016
0,0,0.014428154540956101
1,0,0.17809926892556843
0,0,0.01781063599238078
0,0,0.005702178581055453
0,0,0.08990698874784628
0,0,0.06879066783115272
0,0,0.020287648300033902
0,0,0.004391578269137789
1,1,0.9999269563781087
0,0,0.02893540183109926
0,0,0.009473817343142857
0,0,0.016194330052836423
1,1,0.5030060924352484
0,0,0.0332135386810429
0,0,0.05764521767144399
0,0,0.043599701609087306
0,0,0.014261262820285189
0,1,0.5550740519524537
0,0,0.02263064562245329
0,0,0.014989695393695992
0,0,0.010509693688899327
1,1,0.9992660603125674
0,0,0.01479460482840249
0,0,0.04451672518805539
1,1,0.999851358733889
0,0,0.3394677161603663
1,1,0.9996930140628244
1,1,0.8313348589312085
0,0,0.00574817997383407
0,0,0.06465537077898123
0,0,0.01388777583686266
0,0,0.027559691006171408
0,0,0.019246286834445396
0,0,0.03546079712330543
0,0,0.045404902325284276
0,0,0.05702225152092645
1,1,0.846455097705041
0,0,0.008008880739971278
0,0,0.04038855559220767
1,0,0.0887683734584749
1,1,0.84164570887148
0,0,0.05237533849544532
0,0,0.05115231974135334
0,0,0.013131116535176814
0,0,0.03275476915257509
0,0,0.006930745292133716
0,0,0.023790387978642413
0,0,0.03191173140714535
1,1,0.9984903606656067
0,0,0.03531323674170566
1,0,0.06368425330382807
0,0,0.01886909497576666
0,0,0.01954638400782193
0,0,0.01676295754208027
0,0,0.06351147252809534
0,0,0.040308887606220624
0,0,0.02073659271235564
0,0,0.00919366132622972
0,0,0.003360462293557336
0,0,0.04555506959829291
0,0,0.028824085052277282
0,0,0.03022547242156479
0,0,0.10563033848582558
1,1,0.9712027185692159
0,0,0.012388071225097424
0,0,0.02261149071476787
0,0,0.014352400454935403
0,0,0.014974351279201555
0,0,0.018885160400266297
1,1,0.9996798323826681
0,0,0.031638682746785676
0,0,0.009284540051772993
0,0,0.01852342943104552
0,0,0.03917089459699227
0,0,0.034693985144426086
0,0,0.012025072617643148
0,0,0.040258157304517865
0,0,0.2749734714759287
1,0,0.06034556568308876
0,0,0.009160070727730476
0,0,0.03676175051966965
0,0,0.029312005096391282
0,0,0.04457645293790097
0,0,0.056804793871977025
0,0,0.03325509048263737
0,0,0.07909408916239932
0,0,0.03221274227976756
0,0,0.03239715414851954
0,0,0.032977874773990966
0,0,0.02472600430793791
0,0,0.05299820836946161
0,0,0.06551483161892176
1,1,0.8792816632765481
0,0,0.014013545293247746
0,0,0.0389239469803329
0,0,0.00984179607423221
0,0,0.03838523731623133
1,0,0.286432929948893
0,0,0.05123112473270386
1,0,0.01011366501333534
0,0,0.019680406267826456
0,0,0.013904395555859447
0,0,0.00790430369772376
0,0,0.045128153913136335
0,0,0.020606488601006487
0,0,0.10517516317752622
0,0,0.02081548537467273
0,0,0.08795734737077815
0,0,0.033590109925382736
0,0,0.010082730776539234
1,0,0.23351526293549787
0,0,0.03760037261912984
0,0,0.01746766162246867
1,0,0.0840041919701094
0,0,0.030198224931618025
0,0,0.05013441089760917
1,1,0.9997948257194142
0,0,0.043511149630181295
1,1,0.9992629585938704
0,0,0.029729888645840575
0,0,0.02881686880876228
0,0,0.03488406640351657
0,0,0.05552090709410004
0,1,0.5729588928996585
0,0,0.019628938057955875
0,0,0.022310913278390673
0,0,0.019972548041910336
0,0,0.04432615965336529
0,0,0.008848360526304975
0,0,0.008931692305530021
0,0,0.016499622774340066
0,0,0.007481531743029749
1,1,0.9999483545608507
0,0,0.029140952989292743
0,0,0.02319990814704113
0,0,0.04567402652787742
0,0,0.03380856893798711
0,0,0.024750674896046095
1,1,0.9120989640780884
0,0,0.04419306055332797
1,1,0.9993796462278645
0,0,0.029831684331324358
0,0,0.04245106628089511
0,0,0.03143751408083753
0,0,0.016354151226863928
0,0,0.017706170972206732
0,0,0.343350858817992
0,0,0.015169753191446709
0,0,0.009027335506050633
0,0,0.024604458005630304
0,0,0.021200303626776187
0,0,0.03541419493145229
1,0,0.03874125624668247
0,0,0.02676234419444969
0,0,0.25948798895159475
0,0,0.03373302473514038
0,0,0.017160683541725556
0,0,0.0860627813902374
0,0,0.01586904657015037
0,0,0.033270071826414865
0,0,0.015668224151272017
0,0,0.03338007564660866
0,0,0.016929637254304623
0,0,0.03911008208199695
0,0,0.02579467959779112
0,0,0.02008822379983708
0,0,0.012376058238724839
0,0,0.02922184042158249
0,0,0.030510623246089483
1,1,0.9994348313867313
1,1,0.9817769433089917
0,0,0.03587992994116892
0,0,0.0360475335248374
1,1,0.8933795486042284
0,0,0.016614579770261602
0,0,0.043705792094435106
0,0,0.025992803978663197
1,0,0.2607546555583224
0,0,0.03694993867493837
1,1,0.9726441182146268
0,0,0.01675174017041977
0,0,0.03588661276291663
0,0,0.010803994528512457
0,0,0.030085096685349186
0,0,0.028313951764080542
0,0,0.03583996831540257
1,1,0.7997421884897702
0,0,0.030842792354766144
0,0,0.03738220706887855
1,1,0.9985982212398101
0,0,0.03488669672818628
0,0,0.03222675072500601
0,0,0.0146952584242225
0,0,0.0061470639444466645
0,0,0.01911344370629204
1,1,0.9986820237728681
1,1,0.9987682755607936
0,0,0.014391634213098947
1,1,0.9983133972736065
1,1,0.9010501531468172
0,1,0.6837615904029778
0,0,0.026327182379028466
0,0,0.027365148633792708
0,0,0.014787597324271892
0,0,0.024599010755536006
0,0,0.034191933635154347
0,0,0.07339484147092801
0,0,0.010311997472298839
1,1,0.9474372351958398
0,0,0.01425178313480531
0,0,0.07699340919100431
0,0,0.03143523421494022
0,0,0.11366956494406172
0,0,0.006639208889865845
0,0,0.013286836466052075
0,0,0.015934376702330305
0,0,0.04676156174922703
0,0,0.048172832025658474
0,0,0.04030798995367584
0,0,0.04932305267607824
0,0,0.023019650881635295
0,0,0.015203036297869538
0,0,0.04695977141326142
0,0,0.028287976924760674
1,0,0.33717851988929065
0,0,0.011858718426630215
0,0,0.018318536129288025
0,0,0.02693191278512431
0,0,0.03378634098672346
1,1,0.9248056948620228
0,0,0.02079869872182112
0,0,0.01939878745338993
1,1,0.9997825545149062
0,0,0.018041051629934576
0,0,0.024430391024506604
0,0,0.020774482093275932
0,0,0.03781664615091428
1,0,0.03133045386724296
0,0,0.02365255600024839
0,0,0.013426234372555827
1,0,0.46962486042137497
0,0,0.10375183143236885
0,0,0.2983625125734449
0,0,0.03771011732932932
0,0,0.023039898342254304
0,0,0.2373737325747589
0,0,0.0376492417872655
0,0,0.02401047325179357
0,0,0.05620627759293941
0,0,0.0321029237692311
0,0,0.017508726852647667
1,0,0.15402747260525854
0,0,0.013495131387122897
0,0,0.019402487455795186
0,0,0.0451972261659023
0,0,0.030285622899119593
0,0,0.08695590209155173
0,0,0.019972548041910336
0,0,0.02087889192520148
0,0,0.02393302825154054
1,1,0.9998967314445112
0,0,0.012564200742209413
0,0,0.04065632901663659
1,1,0.8917616012509961
0,0,0.014891067005909102
1,0,0.08627901105675027
0,0,0.03740382921365338
1,1,0.8304243317448028
0,0,0.021045141453755502
0,0,0.02184369503744269
0,0,0.008534038131252001
0,0,0.04236173334140269
0,0,0.020069806078436208
0,0,0.012858853781565139
0,0,0.0244471041389725
1,1,0.6746791571362889
1,1,0.9872630463346811
0,0,0.07018423986387555
0,0,0.024672235777005357
0,0,0.06638236404824255
0,0,0.009033116126713892
0,0,0.03194044228903662
0,0,0.03264181043967308
0,0,0.016878797892457668
0,0,0.012020244139339446
0,0,0.009429105901771028
0,0,0.018593623905330963
0,0,0.01881527988679256
0,0,0.021960060581133353
0,0,0.008427813164413073
0,0,0.015339849795361498
0,0,0.01704574140048816
0,0,0.13580837218818081
1,1,0.9768408750820278
0,0,0.029350402047940725
0,0,0.07173128339810383
0,0,0.017478635353423373
0,0,0.042798474248404876
0,0,0.016439503946620346
0,0,0.007074979546550571
0,0,0.014784845044069652
1,0,0.09959437512586242
1,1,0.9988211091617021
0,0,0.09677226587395696
0,0,0.02005603958962668
0,0,0.030702327201453404
0,0,0.1528268647218998
0,0,0.024525765568979053
1,1,0.9998644537268309
0,0,0.014870290496479649
0,0,0.02102519427790049
1,0,0.032986282612999976
0,0,0.05167806782574984
0,0,0.02075020863739217
0,0,0.010570960415963232
0,0,0.031564441077119726
0,0,0.008661158802043378
0,0,0.03385047399286104
0,1,0.9052889952425696
0,0,0.03897649883864305
0,0,0.07299875456829781
0,0,0.008488361506429986
0,0,0.01946533251336052
0,0,0.012998144492717472
0,0,0.03129251471756769
0,0,0.014106863459961172
0,0,0.031486809917676314
0,0,0.09403276725839649
0,0,0.016516235015742273
0,0,0.03129212099783156
0,0,0.46658605829687044
0,1,0.6944184108024597
0,0,0.014184254711534696
0,0,0.01580979461855334
0,0,0.03025016372452523
1,0,0.029551784497080815
0,0,0.025650362039847215
1,1,0.5290243334667628
0,0,0.0166984903204998
1,1,0.999695997549361
0,0,0.008150880466113609
0,0,0.007953045584491268
0,0,0.036897118441599625
0,0,0.012117457458559555
0,0,0.023073800537851043
1,1,0.9993912510067501
0,0,0.06139141644995495
0,0,0.018530828108949987
0,0,0.008766014827913364
0,0,0.0370487142159142
0,0,0.040605661168669906
0,0,0.050159929559262274
0,0,0.0709178080078324
0,0,0.039083813585229006
1,1,0.9991125491047633
0,0,0.03148993363287371
1,1,0.9986007351071807
0,0,0.010812320134938921
1,1,0.6642528270456515
0,0,0.04022118753603166
0,1,0.923852695141566
0,0,0.02105275909702308
0,0,0.013521134475998802
0,0,0.04239298532901801
0,0,0.02388040209606932
1,0,0.03514112321451116
1,1,0.9988014632668393
0,0,0.024739482160906795
1,0,0.06073332983451244
0,0,0.01593977825459779
0,0,0.019806361369632257
1,1,0.5723171415776058
0,0,0.011551446959344349
0,0,0.024339072918625967
0,1,0.620314111569744
0,0,0.03657212101014984
1,1,0.999477589026075
0,0,0.04537337551170429
1,1,0.9995430514153694
0,0,0.014238857800017173
0,0,0.016063962805618427
1,1,0.683038976443423
0,0,0.034172547712063205
0,0,0.009732168728054389
0,0,0.08009448602870564
0,0,0.03282528160798526
0,0,0.03404318250619288
0,0,0.0166153070417182
0,0,0.014787670863195884
0,0,0.024640672392936238
0,0,0.062636058654071
0,0,0.04821146489916201
0,0,0.0457037462793092
0,0,0.03270436822801744
0,0,0.033321632060025454
1,1,0.99946353158861
0,0,0.03468347280643387
0,0,0.0668907265385107
0,0,0.02448608026563719
0,0,0.025283675016826514
0,0,0.02304428858404618
0,0,0.023536855994770716
0,0,0.038115994559262546
1,1,0.9208748685455436
0,0,0.013219314000473393
1,1,0.8911865195032876
0,0,0.013069978935106603
0,0,0.14113533071770318
0,0,0.015505045320188445
0,0,0.017857237694557486
1,1,0.9989993535179716
1,1,0.9998339541937383
0,0,0.1347095492591843
0,0,0.03253856174081887
0,0,0.029821615873623964
0,0,0.014367539606671005
0,0,0.03953307951835165
0,0,0.029461939187011704
0,0,0.015304050787517036
0,0,0.04721116553662365
0,0,0.06547077351781071
0,0,0.01760041733451898
1,1,0.9989623529912494
0,0,0.007540132694393397
0,0,0.016443958758612966
1,1,0.9237824910828338
0,0,0.024069910356850657
0,0,0.0370115792000987
0,0,0.027132494720857634
0,0,0.01995966651192324
0,0,0.011689733398270787
1,1,0.9993811639231367
0,0,0.01608444273283038
0,0,0.026170062734536367
1,1,0.9996771983960091
0,0,0.006501774394891329
1,1,0.9934776089299813
1,0,0.03380387068847133
0,0,0.013096471505833365
0,0,0.01798244802715512
0,0,0.012396846891242139
0,0,0.017534147708788052
1,1,0.9985791152747698
0,0,0.07473968407725136
0,1,0.7240754006900019
1,1,0.9986767342509953
1,1,0.9997607968223258
0,0,0.01379298775301313
0,0,0.018497605218067294
0,0,0.018622471993054508
0,0,0.03846672599199536
0,0,0.02170731817299045
0,0,0.010932872800349512
0,0,0.022848522465338455
0,0,0.03710512699567368
0,0,0.032807829364866654
1,1,0.9996798323826681
0,0,0.020735198772612495
1,1,0.9786104690956384
1,1,0.7573353414845846
0,0,0.030437782726453314
1,1,0.9989099942710936
1,1,0.998868967367781
0,0,0.0489662390381766
0,0,0.0637393226135991
1,1,0.5881758209932685
0,0,0.04754015995519015
0,0,0.011094644777694774
1,1,0.9990319804247105
0,0,0.03957690918559282
1,1,0.9996699193173948
0,0,0.026451652853686412
0,0,0.02962431884603322
0,0,0.05521076121117832
0,0,0.01855142857542554
0,0,0.006427240001532816
0,0,0.01046375928713295
0,0,0.009478586031672754
0,0,0.03957612792142496
0,0,0.008218953316724164
0,0,0.018827122218159662
0,0,0.007183281473865058
0,0,0.01343431818722664
0,0,0.03899010577149239
0,0,0.012778593601603602
0,0,0.031026716788681394
0,0,0.02142102186255346
0,0,0.015724468951388727
0,1,0.7579918019707413
0,0,0.036151914765463686
0,0,0.03261053377561212
0,1,0.9182706209724415
0,0,0.06796343683399121
0,0,0.037826693079671486
0,0,0.029284993079971653
0,0,0.014900088510349256
0,0,0.017882118669272726
0,0,0.00890744621577796
0,0,0.039223058403624375
1,0,0.34675558594798445
0,0,0.02079330400855607
0,0,0.005697352665369985
1,1,0.9978512292779601
0,0,0.00957640798164992
0,0,0.012680941776215936
0,0,0.03829272638790027
0,0,0.03795889459876434
0,0,0.23927876044146157
1,1,0.981071335478505
0,0,0.04730550147128662
1,1,0.9994717671230746
1,0,0.4099187760234847
1,1,0.9993428046451858
0,0,0.05233057516038506
0,0,0.018878116963208978
1,0,0.06139141644995495
0,0,0.01622548064655939
1,1,0.9993956214544735
0,0,0.029383797668582557
1,1,0.9998790333704505
0,0,0.019841923551051695
0,0,0.044650891365572425
1,0,0.05019767147325678
1,1,0.5354917678804253
0,0,0.029214675478761002
0,0,0.011068964232234208
0,0,0.051637792487586244
0,0,0.017889881076038956
0,0,0.026533047697330298
1,0,0.046592064992214015
0,0,0.010564209351019127
0,0,0.03968112801622632
0,0,0.014174868534229817
0,0,0.019703914156233425
0,0,0.05303850790745324
0,0,0.01929893282965472
0,0,0.011599162732745296
0,0,0.03369630883544216
0,0,0.018780338409983343
0,0,0.013112258440326754
0,0,0.034028449079672035
0,0,0.01412974473824102
0,0,0.022119881795022497
0,0,0.008775276144525238
0,0,0.015082463967389912
0,0,0.03573919876972963
1,1,0.9995501662773557
0,0,0.019558904832249528
0,0,0.01130769626680005
0,0,0.023843608478848522
0,0,0.2842752150072884
0,0,0.049774085836954175
0,0,0.01857968278790691
0,0,0.03664102505213339
0,0,0.038295742734354814
0,0,0.021968883338091782
0,0,0.10787737790954094
0,0,0.08633402382622372
1,1,0.9842814123585424
1,1,0.9997224950000562
0,0,0.02159032739615241
0,0,0.007417680379634578
1,1,0.5500397106779138
0,0,0.015385666762883178
0,0,0.015467332819234406
1,0,0.15770225785410935
1,1,0.999284560200565
0,0,0.047038309297573556
0,0,0.010701283381472632
1,0,0.3520447135171089
0,0,0.019169435944138707
0,0,0.009416797717003635
0,0,0.02831114249492793
1,1,0.6481997049982514
0,0,0.0290055517540892
0,0,0.03738026157707907
0,0,0.026425378393932726
0,0,0.016336472045784426
0,0,0.05971307062232292
0,0,0.055211886114944056
1,1,0.9984361769306276
0,0,0.05253237627379726
0,0,0.007023881916760019
1,0,0.4972967956650148
0,0,0.27337592944660166
0,0,0.047936306788838486
1,1,0.9798586214176574
1,1,0.9965698776919113
0,0,0.03461186621336335
0,0,0.016080202397592464
0,0,0.00555654226265464
0,0,0.017597847003440907
0,0,0.04100933261798503
1,1,0.9999160618229673
1,1,0.9982119300053928
0,0,0.01625175163457143
0,1,0.612294521172901
1,0,0.03166304485175621
0,0,0.032267319001988065
0,0,0.01893720015407662
1,1,0.9997257540888934
0,0,0.018279844526532835
0,0,0.011846087106904483
0,0,0.01933589321904223
1,1,0.9424949344730373
0,0,0.012646460394013367
0,0,0.03758053330086576
0,0,0.03627783457994891
0,0,0.03554124478555425
0,0,0.022429434244323036
0,0,0.02670068486268459
0,0,0.027798627855776015
0,0,0.010039596375722153
0,0,0.006911090642216662
0,0,0.025826044102517615
0,0,0.059588420092457954
0,0,0.03214659517304335
0,0,0.005080791134632204
0,0,0.03425710558125078
0,0,0.014475166151336587
0,0,0.026424985725481995
0,0,0.04362643270157398
0,0,0.029049935477939135
1,1,0.9993478108108824
1,1,0.9995910521837051
0,0,0.3518862332812783
0,0,0.009159423913969802
0,0,0.03403807718114214
0,0,0.007662310705437098
0,0,0.029332456606668483
1,0,0.048958210614326
0,0,0.042964248932677356
1,0,0.4296959607954539
0,0,0.010725969880331504
1,1,0.9996471572751614
0,0,0.026272439681845065
0,0,0.04964797849905299
1,1,0.9955038898006937
1,0,0.26096694219782507
1,1,0.9998136567547081
1,0,0.26951177581863256
0,0,0.01805283499660955
0,0,0.036835295489436565
0,0,0.02252414736146169
0,0,0.007361615554472798
0,0,0.03920644562275911
0,0,0.013579286646082428
1,1,0.9800831885365354
0,0,0.025083340705605577
0,0,0.03284210000602414
0,0,0.029642424973839124
0,0,0.06050463699444607
0,0,0.056319970154554894
0,0,0.028808076555397858
1,1,0.9999394205505159
1,1,0.9996170972340049
0,0,0.028843605514789185
0,0,0.02679628811091997
0,0,0.014216784405230177
0,0,0.021434563105208315
0,0,0.013694376867320439
0,0,0.0126302114570951
1,1,0.9201251746050206
0,0,0.03483934875953769
0,0,0.03271965238937413
0,0,0.013243353387734542
0,0,0.014004376493302408
1,1,0.9321409167558781
0,0,0.031024166339053038
0,0,0.05038811845740838
0,0,0.012590426000117363
1,1,0.9997497200642933
1,1,0.9998273014311138
1,1,0.9997813731470411
1,1,0.9998716590316438
0,0,0.05157073098744762
0,0,0.02014416681959346
1,1,0.9996429648193524
0,0,0.03348599988050523
0,0,0.01380901617178795
0,0,0.010513275024143946
0,0,0.0855829261976384
0,0,0.028549323984221782
1,1,0.9993496163383921
0,0,0.03319338314042667
0,0,0.041403606759228585
0,0,0.0290756442559887
0,0,0.012043582092274895
1,1,0.9998437393886866
0,0,0.038292290081114386
0,0,0.021617462203215067
0,0,0.05741042397613031
0,0,0.011892233374144663
0,0,0.02470971642326945
0,0,0.016696525774812086
0,0,0.05021193240636097
0,0,0.016475278316626745
0,0,0.018571086792283902
0,0,0.14327378645782204
0,0,0.028645709048661493
1,1,0.9998187838969175
0,0,0.016346934705783158
0,0,0.31439341583608843
0,0,0.02369849247000367
0,0,0.019771049397726927
0,0,0.01744181609459252
0,0,0.04449709735550243
1,1,0.6553941931825837
0,0,0.013238678681664914
0,0,0.05606972488261467
0,0,0.015162759187894378
0,0,0.03035730048205865
1,1,0.9804890383509236
0,0,0.034047205402784386
0,0,0.03664964376537194
0,0,0.015911274350584467
0,0,0.06816462210905526
0,0,0.017242123883858686
0,0,0.022951795814996397
0,0,0.0404096921321338
0,0,0.028130627231904237
0,0,0.02538558678106051
1,1,0.9957450906102496
0,0,0.04628933647375382
1,1,0.9987357244756632
0,0,0.05367333382417949
0,0,0.014547262423922023
0,0,0.03857888250474868
0,0,0.019649245312613868
0,0,0.018257719324542378
0,0,0.04845534253309867
0,0,0.03064294549341979
0,0,0.10951024001914351
0,0,0.024084772745078486
0,0,0.017793222617053767
1,1,0.9806398335875233
0,0,0.01910205229264475
0,0,0.0246612792926127
0,0,0.023741255580218435
0,0,0.02887395297759512
0,0,0.05041435547860387
0,0,0.03617785535340094
0,0,0.016357515704826592
0,0,0.0514401454236467
0,0,0.05612014796582199
0,0,0.05475245564804375
0,0,0.01669928399469484
0,0,0.03524162448093027
0,0,0.033982956209857834
1,1,0.9755882564781835
0,0,0.011100396644346628
0,0,0.013479428451931877
0,0,0.039569195128217216
0,0,0.012870668803025152
0,0,0.021021357047436313
0,0,0.3146592004529962
0,0,0.020320038218432767
0,0,0.026683005006295894
0,0,0.018393040320126213
0,0,0.08911785764446754
0,0,0.01412259015278663
0,0,0.02427601254175255
1,1,0.999822387126979
0,0,0.01172605403132723
0,0,0.021848651700051167
0,0,0.02099239490549742
1,1,0.9997502578676914
0,0,0.03447072138331105
0,0,0.030037290295976418
0,0,0.027879999471714347
0,0,0.030096831042532995
0,0,0.062159685406819064
1,1,0.9985297348405598
0,0,0.046644165613646635
0,0,0.044622656534859376
1,0,0.07523207941774135
0,0,0.028465167941059587
0,0,0.032474192484277874
0,0,0.023017127100146213
0,0,0.01332893471725822
0,0,0.005769638862550775
0,0,0.034380801388640664
1,0,0.19875736150933193
0,0,0.02258347678177011
0,0,0.051812432199432434
1,0,0.07577185880967179
0,0,0.04371562264320244
0,0,0.02038156965150257
0,0,0.044623765529935924
0,0,0.017218538561833523
0,0,0.018580657775304613
0,0,0.025206290938630516
0,0,0.013426474516200415
1,1,0.9993298624585307
0,0,0.032683499647991915
0,0,0.057454711647283344
0,0,0.05193092510781489
0,0,0.04973226931697025
0,0,0.04019408692704396
0,0,0.055305590910549894
0,0,0.014047565439650434
0,0,0.014525035910148717
0,0,0.010706542362759993
0,0,0.012192564582440332
1,0,0.09508692320585473
0,0,0.061404952077404144
0,0,0.019050947510148537
0,0,0.024845920665989653
0,0,0.07962409910186699
1,1,0.999383106652833
0,0,0.024362565736583405
0,0,0.009285577623659218
0,0,0.03208437611906252
0,0,0.0152112893248082
1,0,0.026970339357248328
0,0,0.029586259756631126
0,0,0.0056783824553481264
0,0,0.03560910544464002
0,0,0.03196702283127339
0,0,0.06055285862009667
0,0,0.17912170271866282
0,0,0.018849171820399597
0,0,0.04411078068867414
0,0,0.054371616555778456
0,0,0.02142039107463239
0,0,0.017126471076973793
1,1,0.9998659292165374
0,0,0.012168055948984229
0,0,0.04870261574316355
1,1,0.8514309888624804
1,1,0.9992431304214916
0,0,0.00942930422836098
0,1,0.8709745783517813
0,0,0.033171270441115515
0,0,0.10582851393339207
0,0,0.025613882868192897
0,0,0.011811741677589232
0,0,0.06932238605233067
0,0,0.026897141619003712
1,1,0.9993206347905753
1,0,0.04979702651287843
1,1,0.8705749918742105
0,0,0.03537901018381495
0,0,0.022849881816669197
0,0,0.014366160912870513
0,0,0.015684906887410466
0,0,0.017858472210138938
0,0,0.020121895310451603
0,0,0.012902414355716915
0,0,0.20004746990834754
0,0,0.022798825498278733
0,0,0.01837335203456417
1,1,0.8498159846014125
0,0,0.020551237176330422
1,1,0.9994814431348822
0,0,0.019075811910288867
1,1,0.9991240032218891
0,0,0.011549945842905055
1,1,0.9996998215913498
1,1,0.9900642511110622
0,0,0.055961171937330065
0,0,0.03267297637092029
0,0,0.008578282083907164
0,0,0.03796922920402078
0,0,0.03732873466861498
1,1,0.999800142677551
0,0,0.03734614007357764
0,0,0.0483887163026953
0,0,0.10067743550652057
0,0,0.008616338039581155
0,0,0.016199975835352626
1,1,0.9999371025225494
0,0,0.04214034121488965
0,0,0.020922577216634656
0,0,0.01082741469110645
0,0,0.01820264692204242
0,0,0.0042300538272051795
0,0,0.17054310607640122
0,0,0.20326396704879254
0,0,0.027990222984338647
0,0,0.020277579466617807
1,1,0.9990566049785015
0,0,0.04034299889526568
0,0,0.027999608134020117
0,0,0.0197711122493913
1,1,0.9547828780520766
0,0,0.03800301297452255
0,0,0.02419857888351913
0,0,0.038584943865974795
0,0,0.014136488373011312
0,0,0.031526128557680194
0,0,0.04247462984018998
0,0,0.022793417488579805
0,0,0.037471877646675325
1,1,0.9998502945158051
0,0,0.007915326486758313
1,0,0.4887054793497315
1,0,0.08423392509295831
0,0,0.045500906684939196
1,1,0.9992117675638209
1,1,0.9996612825269314
0,0,0.017018186133800215
0,0,0.018931739496210336
1,1,0.9977150034786393
0,0,0.03367443016251627
0,0,0.03921862355809855
0,0,0.02053067939451738
1,0,0.009038747726934637
0,0,0.04702653309717731
0,0,0.013073939238628528
0,0,0.06458196108735928
1,1,0.776339069488316
0,0,0.011456402809914747
0,0,0.009643061629302077
0,0,0.0792566506845356
0,0,0.04475369842465171
0,0,0.014955819771445398
0,0,0.0710982609506035
0,0,0.03763217188243268
0,0,0.009019534983723931
1,1,0.9998640620558111
0,0,0.11495364464825056
0,0,0.01364453130131825
0,0,0.0633068240659975
0,0,0.023883188972657704
0,0,0.026317952308738145
0,0,0.032408030390382855
1,1,0.7048538784583629
0,0,0.03397702354537145
0,0,0.022100250972571664
0,0,0.05065895065735551
0,0,0.013091520521955209
1,1,0.9990908541739938
1,1,0.9996798323826681
0,0,0.04019840372471082
0,0,0.009670423163714881
0,0,0.029287778107203326
0,0,0.04715567420174549
0,0,0.037924507531998435
0,0,0.02528747533048951
1,0,0.05019324531530869
0,0,0.027194641143643162
0,0,0.10986889601859537
0,0,0.03174416223909097
0,0,0.05384084275237813
0,0,0.05797264794613447
0,0,0.031959711715490745
0,0,0.04025927380217385
0,0,0.023563505013670806
0,0,0.015948266999557273
1,1,0.5399266708178357
0,0,0.10043121865263992
0,0,0.008915959765342582
0,0,0.03091719389667493
0,0,0.023587190380981234
0,0,0.014682940963206203
0,0,0.038337154971990646
0,0,0.029374561024983772
0,0,0.016067689290139627
0,0,0.03229349380374425
0,0,0.01342567846690235
0,0,0.04900754465322164
0,0,0.009297273961771201
1,1,0.9427306856608622
1,1,0.9998102654146098
0,0,0.013636547076104634
0,0,0.03811889998992634
0,0,0.0316761766223043
1,1,0.999316945555984
0,0,0.058160188591275565
0,0,0.018634887856942107
0,0,0.03811536643751318
0,0,0.01354065077098596
0,0,0.04014774973745237
1,1,0.9997199622553293
0,0,0.058867866768503994
0,0,0.014823375663663927
1,0,0.042265201308756446
0,0,0.016601918354899187
0,0,0.13261238152699165
0,0,0.02158008559584964
0,0,0.2500250789633814
0,0,0.0509581887978028
0,0,0.017258243154846763
1,1,0.8291605481843269
0,0,0.012608564591994735
0,0,0.09550298504619587
0,0,0.026696766598848145
0,0,0.03664910418310929
1,1,0.8598814234673656
0,0,0.02528698282951011
0,0,0.032296889530323517
0,0,0.015034213215527994
0,0,0.04439551002998687
1,1,0.9989349367892589
0,0,0.01755157355684016
0,1,0.510251889635629
0,0,0.040603058269448336
0,0,0.03317298578490936
0,0,0.01685765959317931
0,0,0.039217180531588874
0,0,0.03182695104122426
0,0,0.04034242185488882
0,0,0.029278006170710042
0,0,0.03245059459415623
0,0,0.005781097176116068
0,0,0.22316783986160768
1,1,0.8559223706558039
1,1,0.9623895046089761
0,0,0.11856487558725773
0,0,0.009067993715105598
0,0,0.021419388650292952
0,0,0.0247696782727487
0,0,0.03327737061996398
0,0,0.021034800764481776
0,0,0.013481702045721395
1,1,0.9995527953119145
0,0,0.015398781993440804
0,0,0.015086759575602954
0,0,0.09335524274315703
0,0,0.03864898726306405
1,1,0.9991240032218891
0,0,0.062419885695217156
0,0,0.20224164825493432
0,0,0.08870882863908053
0,0,0.03792381933509495
0,0,0.018064636647677032
0,0,0.02049443371640806
1,1,0.9998640620558111
0,0,0.029992798458888754
0,0,0.005122124593455895
1,1,0.9769802749852082
1,0,0.05791407672974494
0,0,0.018307566197418457
1,1,0.9995268429842795
0,0,0.022754764349631234
1,0,0.034983625962908715
0,0,0.012849909189758514
0,0,0.04469840424203776
0,0,0.023116490856015515
0,0,0.04214160431920339
0,0,0.008023386222128117
0,0,0.01522427635903385
0,0,0.010487676407209493
1,1,0.9995939282642616
0,0,0.007983774029395204
0,0,0.015531467256275596
1,1,0.9987828130351164
0,0,0.01599373549891817
0,0,0.044376974684163746
0,0,0.01719086556830215
0,0,0.032070693033189525
1,1,0.7214080382229722
0,0,0.012960449867382672
1,1,0.9882847541634797
0,0,0.01639976663666313
0,0,0.044137866459676156
1,1,0.5701212703112839
0,0,0.018502597881514166
0,0,0.04836671271307116
0,0,0.011776504229135579
0,0,0.018852927077182335
0,1,0.9716753835060997
0,0,0.10411962864894357
0,0,0.017519573235049123
1,1,0.7730697434516289
1,0,0.06376054534040727
1,1,0.9995752701088891
0,0,0.04245428803627662
0,0,0.027916568844360955
1,1,0.9992961804639887
0,0,0.010314064828951417
1,1,0.9682276579929401
0,0,0.039649390974843504
0,0,0.014971714211994417
0,0,0.007764597859589167
0,0,0.06200015369299945
0,0,0.011243920998894891
0,0,0.04402679722127371
0,0,0.047204782346132866
1,1,0.8188028081020713
0,0,0.01508814383512652
1,0,0.21451894572859856
0,0,0.027815840230381417
1,1,0.613332174296021
0,0,0.03158630983051699
1,0,0.0575237669405615
0,0,0.011339644365960692
1,1,0.5712872604453311
0,0,0.009279238285554216
0,0,0.21094719103681467
1,0,0.08360654918363533
0,0,0.0783369729138309
1,1,0.7367997424098508
0,0,0.040365756180344575
0,0,0.03195767878407736
0,0,0.025048901115977212
0,0,0.02448346203922518
0,0,0.012195982203705573
0,0,0.03693220137918551
0,0,0.05820548172898649
0,0,0.011596374731805402
1,1,0.9999771265333031
0,0,0.015699338208516232
0,0,0.02531778484927918
1,1,0.9833032788012722
0,0,0.009414293299666442
0,0,0.02901181897911533
0,0,0.019755967324219907
0,0,0.05432371129347017
0,0,0.024593439876753692
0,0,0.04562148793480702
1,1,0.9995030320909556
0,0,0.05485947738532227
0,0,0.03202776146350984
0,0,0.02023760263997849
0,0,0.041346737607678194
1,0,0.4326156036033265
0,0,0.02182546756624953
0,0,0.047091623882057836
1,1,0.9993868291507556
0,0,0.055357636022071104
0,0,0.03755505225993754
0,0,0.020863618796057373
0,0,0.03819093836182576
0,0,0.00946724239864018
0,0,0.03464694092976783
0,0,0.11515518756635097
1,0,0.05421225794827116
1,1,0.8241225440902114
0,0,0.015248861069645615
0,0,0.03241703524360158
0,0,0.01174497261800962
0,0,0.01712185933639464
0,0,0.011300478645161025
0,1,0.702656074413922
0,0,0.015769387093586416
0,0,0.02427437855648135
1,1,0.9983225838408473
0,0,0.028736460075748406
0,0,0.010006310374799583
0,0,0.038122045855435785
0,0,0.018151467798308552
0,0,0.03901701162378687
0,0,0.033870680114460906
0,0,0.040468814821708686
0,0,0.04372170309598193
0,0,0.10384052242558518
0,0,0.028791525136116238
0,0,0.010484956648066542
0,0,0.007232429346021199
0,0,0.02750572894055521
0,0,0.01334743161049156
0,0,0.026256693627843587
0,0,0.142018266473608
0,0,0.02437676387649334
0,0,0.02907963127109378
0,0,0.057527092847203365
0,0,0.02168157126141806
0,0,0.012465229799155582
0,0,0.017393145478949823
1,1,0.9996621041119518
0,0,0.035338870791027564
0,0,0.024679895393172856
1,1,0.9994581631822123
0,0,0.006703348236094174
1,1,0.7909879238655947
0,0,0.042988194803186414
0,0,0.048430001383351885
0,0,0.03252445728811117
0,0,0.028391998518869952
0,0,0.022536982264335245
1,1,0.980901665418216
0,0,0.008800373236638287
0,0,0.015865471487835667
0,0,0.015716268338411048
1,1,0.6975278153827776
0,0,0.03573083766043369
1,1,0.6404438650502221
0,0,0.04906675613557822
0,0,0.02867513979209657
0,0,0.04767801897067069
1,1,0.998202759563517
0,0,0.01759074985550346
0,0,0.02886906968399463
0,0,0.03548175958277514
0,0,0.030529121134298086
0,0,0.04004070669962389
0,0,0.027968603382832607
0,0,0.017196924879703184
0,0,0.04277275417033189
0,0,0.03951932728132177
0,0,0.02278925376791135
1,1,0.8392672265551315
0,0,0.018355393040613927
0,0,0.026831944359198955
1,1,0.9998967314445112
0,0,0.010058729291783499
0,0,0.0103536702647265
0,0,0.03321381074503121
1,1,0.8785688420471869
0,0,0.020746790780871913
0,0,0.014754406723346193
0,0,0.03135420635794872
0,0,0.04335921357824403
1,1,0.999069713205628
0,0,0.022137054420231728
0,0,0.09402734741703135
0,0,0.1973591014295892
0,0,0.011578284157019997
1,1,0.9984932625120009
0,0,0.019004788335644108
0,0,0.016187901696220263
0,0,0.029064658357655513
1,0,0.05382662944812886
0,0,0.01606855204624429
0,0,0.1938806878474915
0,0,0.038790972435941026
0,0,0.01554581419053894
0,0,0.026770029001638287
1,1,0.9996819607084002
0,0,0.016217620009728914
1,1,0.9998645227767531
0,0,0.02056151349652553
0,0,0.010235796953411534
0,0,0.029850353944050508
0,0,0.010754785175590762
0,0,0.011459984879209495
0,0,0.010893484955153278
0,0,0.037500954307863425
0,0,0.018990109775393164
0,0,0.01820768812892532
0,0,0.11289582469915968
0,0,0.041346737607678194
0,0,0.00778879158816886
0,0,0.16139321951277677
0,0,0.05668582496623379
0,0,0.02364069900382272
0,0,0.017341774569512015
0,0,0.03934002034177545
0,0,0.0335204121897839
1,1,0.9998254509637665
0,0,0.04300492202800433
0,0,0.01905595405204108
0,0,0.008605615245182248
0,0,0.03525737841701009
0,0,0.01871367517051804
0,0,0.015001475811786229
0,0,0.018930484278730526
0,1,0.782752005016888
0,0,0.03334310470446555
1,1,0.9997945195736708
0,0,0.020406720567176014
0,0,0.012946769532757944
0,0,0.03549917300826757
0,0,0.04885161002916269
0,0,0.03921102870837433
0,1,0.6153150358864116
0,0,0.014341004335247912
0,0,0.018142468195942032
0,0,0.03916930954130466
0,0,0.016687899264693207
0,0,0.014847609764743294
0,0,0.010228720514337016
0,0,0.010768674480636916
1,1,0.9994642899082385
0,0,0.0414319791400865
0,0,0.053528168308684856
0,0,0.046655016210384107
0,0,0.03854568771297997
0,0,0.006976679355188594
0,0,0.04527208637933493
0,0,0.21456347812132104
0,0,0.02322487024407618
0,0,0.06961157992278669
0,0,0.159306501357324
0,0,0.042853003794738324
0,0,0.007435215805352182
0,0,0.028834726542679937
0,0,0.03981515839287093
1,1,0.9683939523042907
0,0,0.020306049971302007
1,1,0.999569306163542
0,0,0.0181751618832349
1,1,0.9977739897641489
1,0,0.17251076930020934
0,0,0.017766804592735382
1,1,0.9547828780520766
0,0,0.019210799725608317
0,0,0.021420708312543557
0,0,0.09247263166303611
0,0,0.016305698158551724
0,0,0.05746311460167944
1,1,0.9987781148255638
1,1,0.999575387474164
0,0,0.021692472609324942
0,0,0.03127832981894871
0,0,0.01773266453618553
0,0,0.009026746336994242
1,1,0.9999810239505946
1,1,0.9997408363184536
0,0,0.009548196490807289
0,0,0.022901725477797952
0,0,0.03900064376845457
0,0,0.02807013966118516
0,0,0.010633536045293494
0,0,0.024395820211267488
0,0,0.0257543361745526
0,0,0.016535672303649305
0,0,0.011064333559052068
0,0,0.027100538402202144
0,0,0.01055841194010113
0,0,0.2196850589874555
0,0,0.0337028072297693
0,0,0.02770530461918495
0,0,0.02327390735541314
0,0,0.04470775775587988
0,0,0.021416147513963014
0,0,0.05708334122699131
0,0,0.04960663469640374
0,0,0.03477550173224001
0,0,0.012948306473666283
0,0,0.2196850589874555
0,0,0.028671895055130014
1,1,0.9972512237381779
0,0,0.020343156624598648
0,0,0.038070678255040145
0,0,0.019608700432667384
0,0,0.030301388303174595
0,0,0.009126135090786372
0,0,0.014641335440733812
1,0,0.04784652004781762
0,0,0.013680716539368408
0,0,0.03430567567767382
0,0,0.022120653392107302
0,0,0.051099578159114284
1,1,0.7500717345986023
0,0,0.04657178305401053
0,0,0.017911371060824324
0,0,0.021800230080753945
0,0,0.006759804749904193
1,1,0.8114951353786515
1,1,0.9975337782454587
0,0,0.024175901844955133
0,0,0.025761474800677208
0,0,0.025609513229909578
1,1,0.9150842186152418
0,0,0.021731964761946554
0,0,0.38676993960501327
0,0,0.022853673237893637
0,0,0.09344040434663643
0,0,0.004989432947396737
0,0,0.05895100401624318
0,0,0.004425880083470496
0,0,0.09217258064892438
1,1,0.9998541774621968
0,0,0.025533793726958774
0,0,0.02337785722082653
0,0,0.03887573187473706
0,0,0.023087989546762767
0,0,0.011617199185128328
1,1,0.9995160819237432
0,0,0.010833019453040353
1,0,0.01569182130653234
1,1,0.9998356830178394
0,0,0.034608988023919596
0,0,0.01852445457419813
0,0,0.03188942173749272
0,0,0.07655667401802521
1,1,0.5232775871194157
0,0,0.037623480382523646
1,1,0.9996940350657011
0,0,0.05074349778504958
0,0,0.027465005885024377
0,0,0.03233243241728722
0,0,0.006501774394891329
1,1,0.9980502463233205
0,0,0.04326687472786242
0,0,0.03603466507991249
0,0,0.05633857709319686
0,0,0.016132320550762705
1,1,0.9996718892472259
0,0,0.008651620011910055
0,0,0.03624142699519904
0,0,0.03538593975896036
1,0,0.047294830660409855
0,0,0.029806341831159978
0,0,0.2901010381092757
0,0,0.040373739670770445
0,0,0.1461380695947277
0,0,0.05476741332954232
0,0,0.042327351933424726
1,1,0.9992896009571605
0,0,0.02770530461918495
0,0,0.022288500846828124
0,0,0.024492066481675373
0,0,0.020710510784385606
1,1,0.698179202493034
0,0,0.025148675552321212
0,0,0.03468849463553793
0,0,0.05071265235697731
0,0,0.053191241267533454
0,0,0.04144405917579816
0,0,0.009184584553679155
0,0,0.029358379357745795
0,0,0.03138468710754494
0,0,0.0151516487477307
0,0,0.02620697328059402
0,0,0.022003807212660355
0,0,0.06790296752260531
0,0,0.019494653972242832
0,0,0.03215647820760118
0,0,0.04346864099984532
0,0,0.02834386929546513
0,0,0.01747545722032
0,0,0.019875276991527063
0,0,0.014914892756433075
0,0,0.02844835150754996
0,0,0.023822573533572096
0,0,0.0688526377797734
0,0,0.01724529270096985
0,0,0.019014132240729856
0,1,0.700857017984846
0,0,0.0166749177704523
1,1,0.8651412434235425
0,0,0.026001835448920405
1,1,0.9998913635752616
0,0,0.04962706080701347
0,0,0.03031474162489087
0,0,0.01690443842858606
0,0,0.015647654390405094
0,0,0.0214675648485767
0,0,0.028957006159291757
0,0,0.018952806736410942
0,0,0.025736370577381446
0,0,0.038292260078614936
0,0,0.024158799312423204
0,0,0.02906503464364564
1,1,0.9998812327520221
0,0,0.026533047697330298
1,1,0.9987407137951145
0,0,0.03887823445278279
0,0,0.03610233728172435
0,0,0.02504107803910141
1,0,0.2292418456234895
0,0,0.054144527357178784
0,0,0.010635113315511379
0,0,0.04093809494288156
0,0,0.03338424862579988
0,0,0.0376476811536008
1,0,0.057091439696893065
0,0,0.043436319741282446
0,0,0.018054917301698125
0,0,0.005019671520351841
0,0,0.029367331028080344
0,0,0.039601012743698004
0,0,0.04003425229147504
0,0,0.026257139132199746
0,0,0.035246982548916374
0,0,0.009288158413610931
0,0,0.014709506420881115
0,0,0.015284060717288864
1,0,0.41243262547406556
0,0,0.024603446768971905
0,0,0.013244567215407838
1,1,0.5707615681228491
0,0,0.03395990755927485
0,0,0.03442746708046127
0,0,0.03683884200725623
0,0,0.021186436337179343
0,0,0.03252159513131968
0,0,0.01219664904391593
0,0,0.44316171735920595
0,0,0.04117155580602676
0,0,0.02133265402198134
0,0,0.05524120169810873
0,0,0.01807677298333982
0,0,0.01610632683310265
1,1,0.9975431153056697
0,0,0.011781634720551928
0,0,0.03054911985681857
1,1,0.9998823949540413
0,0,0.020477740404296015
0,0,0.13287119944942438
0,0,0.14747483744316117
0,0,0.050772302358397726
0,0,0.008814360370325463
1,1,0.9327015728337134
1,0,0.042364958544578786
1,1,0.9996086232926052
0,0,0.021940150549093977
0,0,0.015867530155203553
0,0,0.02185132043746547
0,0,0.04194383085409021
0,0,0.024376227891409065
0,0,0.03652316130819305
0,0,0.010570351431314585
0,0,0.030648604165549383
0,0,0.02705221868310151
0,0,0.03245042986553534
1,1,0.990423779372114
1,1,0.9995911956823232
1,1,0.6360989367940237
1,1,0.6077680452366149
0,0,0.048200218091810854
0,0,0.022709127614915534
0,0,0.05738075572795688
1,1,0.6250151657132775
1,1,0.9655726777601542
0,0,0.016800690550719564
0,0,0.008178211755351132
0,0,0.031056407055379383
0,0,0.07428545624761919
0,0,0.018639804657634675
1,1,0.9881404851200063
1,1,0.9995897926258919
0,0,0.008696329574564116
0,0,0.023927960461452707
0,0,0.013237219949505477
0,0,0.12605333783332892
0,0,0.0385373851798569
1,1,0.9994671682606256
0,0,0.06734015612514367
1,0,0.037779509969583215
0,0,0.03726411722533188
0,0,0.018460285309383248
0,0,0.10735692155037752
0,0,0.011295498710150247
0,0,0.02957062971083705
0,0,0.008991674597561072
0,0,0.017690077417125055
0,0,0.019428110093681457
1,1,0.9955172566437076
0,0,0.021966319580960337
0,0,0.014980521122560982
0,0,0.0427325809889352
0,0,0.015856325216607386
0,0,0.06074304785972631
0,0,0.022351052280835695
1,0,0.4583261158040986
0,0,0.012348431699606435
0,0,0.0333842051640662
0,0,0.006455542135848063
0,0,0.015518682759273985
1,1,0.8196543639794037
0,0,0.02928472956487239
0,0,0.05775863946164097
1,0,0.17251076930020934
1,1,0.9997163538141474
0,0,0.029747373669556352
0,0,0.014962859122917052
0,0,0.1513593135606797
1,1,0.9793128557180757
1,1,0.9740604099334508
0,0,0.04132091159105006
0,0,0.022638316843186963
0,0,0.020490411969942654
0,0,0.027713230927790197
0,0,0.20297079935791093
0,0,0.00957178918689526
0,0,0.005592576512067769
0,0,0.026717926988080308
0,1,0.9765020638805827
0,0,0.03741637610005876
0,0,0.007239658665917655
1,1,0.9998273014311138
0,0,0.022200342194710208
0,0,0.017091336272878434
0,0,0.021473551598449138
1,1,0.8420669905868833
1,1,0.9993796462278645
0,0,0.013632051521287002
0,0,0.012476370723190598
0,0,0.015310962366810435
0,0,0.008352190633283449
0,0,0.041830216189573964
1,1,0.9975420041681493
0,0,0.04956923997160395
0,0,0.016220799736027875
0,0,0.016768077013826953
0,0,0.008641979510141595
1,1,0.9662432322485494
0,0,0.01669928399469484
0,0,0.017570378337506326
0,0,0.00934356282190671
1,1,0.5581518263455277
0,0,0.021434047882954797
0,0,0.03114205594307956
1,0,0.31658766393666954
1,1,0.9986007351071807
1,1,0.9891676608613043
0,0,0.23305650921347357
0,0,0.013294577081312554
0,0,0.037608879381162745
0,0,0.031655773808526834
0,0,0.020642259387021106
0,0,0.06250198558920064
0,0,0.015214175328305903
0,0,0.019596208690018806
1,1,0.9998892781010549
0,0,0.059946857560330746
1,1,0.9986361003254324
1,1,0.7835325749193833
0,0,0.016983893296777894
1,1,0.9983992968930974
0,0,0.15325664641361006
0,0,0.0368834242186355
0,0,0.031178164127615076
0,0,0.07231331456562201
0,0,0.04209176199408157
0,0,0.017889131117191606
0,0,0.01429232506065169
0,0,0.4726652226403017
0,0,0.3843212381492028
0,0,0.01663581430535699
0,0,0.03823123606413736
0,0,0.031757486001522124
1,1,0.9994435841572735
0,0,0.13061965687883742
0,0,0.030266033987076786
0,0,0.022519956142576528
0,0,0.023783606202678494
0,0,0.03793280215313867
0,0,0.005833011142001508
0,0,0.019844784606707976
0,0,0.05126624694058888
0,0,0.01420444027177752
1,1,0.9993571837865655
0,0,0.06594446327949648
0,1,0.6540407384814134
1,1,0.9993571837865655
0,0,0.024046857925961816
0,0,0.47131462171050564
0,0,0.040466370920952184
0,0,0.06756076327947443
0,0,0.0323393866328141
1,1,0.9992748995505383
0,0,0.030719918543993224
0,0,0.028432233918117444
0,0,0.012819155173140109
0,0,0.015721204219239445
0,0,0.014608722919872679
1,1,0.5492297640862559
0,0,0.020082410080870475
0,0,0.010900522496153229
0,0,0.040847156169674874
0,0,0.010948383462362007
0,0,0.037073828290714546
0,0,0.03801887369616495
0,0,0.014562795126243108
0,0,0.014510869608438877
0,0,0.02851557673388684
1,1,0.7605943555603404
0,0,0.034014763844154354
0,0,0.013817678410202852
0,0,0.0661860891548967
0,0,0.03209851989984667
0,0,0.010236952485390041
0,0,0.04140317315787019
0,0,0.014737733462918238
0,0,0.0297191242573906
0,0,0.02842761044790048
0,0,0.3581727718646034
0,0,0.015163744106921971
1,1,0.9080096536961616
0,0,0.040531928903422124
1,1,0.9996088334493494
0,0,0.040254875921220734
1,1,0.9999322525013341
0,0,0.04400568430335625
1,1,0.9979300685799863
0,0,0.013831905091861607
0,0,0.04545112783400939
0,0,0.05814412292905921
0,0,0.011786825276752635
0,0,0.04629427596458764
0,0,0.029520816413272127
0,0,0.032010743604602786
0,1,0.5066480245331503
0,0,0.03452178213926064
1,0,0.2014431076166838
0,0,0.01002400018384919
0,0,0.13085057119373664
0,0,0.055490805951342384
0,0,0.025509581046665397
0,0,0.05651333001804102
1,1,0.9816094786326847
0,0,0.017591523057764118
0,0,0.031617762637496015
0,0,0.050359144960527964
0,0,0.013705379496576625
0,0,0.010885864016316698
0,0,0.02362343073422918
0,0,0.00920321006403733
1,1,0.9993257970058467
0,0,0.03560854567139836
0,0,0.015046665691094913
0,0,0.050385312998455715
0,0,0.0054507253388558045
1,0,0.34410743565434004
0,0,0.00574468663291544
0,0,0.03255011355641082
0,0,0.030186317120120792
0,0,0.08882984641707031
0,0,0.017746695934657327
0,0,0.025349782625349947
1,1,0.5845462559844226
0,0,0.012962554890447111
1,1,0.9989278193113887
0,0,0.013320580395887974
0,0,0.008501306905547793
0,0,0.03345445071284231
1,0,0.03257930848243884
0,0,0.04774422333186496
1,1,0.9990488846123432
0,0,0.037959599679450055
0,0,0.19650575122262973
1,1,0.9049198198397104
0,0,0.014739095357354556
0,0,0.011119189720804482
0,0,0.04294620344347387
0,0,0.03923314808564086
1,0,0.20560449725234398
0,0,0.017855088083604954
1,1,0.9991240918681866
0,0,0.014874324670655994
0,0,0.008105876809137621
0,0,0.007181626796471544
1,1,0.9997029069988366
0,0,0.03855487577666238
0,0,0.013988813455542167
0,0,0.03429168567462524
0,0,0.04589147089936494
0,0,0.006048468789413958
0,0,0.010770877325418761
0,0,0.019976588023444833
0,0,0.044182187870791964
0,0,0.017757819979359196
1,1,0.9685159773790211
0,0,0.06705198039944871
0,0,0.039025368076176424
1,1,0.7889372869233124
0,0,0.020237845735192557
0,0,0.00993000611270774
1,1,0.9998397085944429
0,0,0.036604177096903195
1,1,0.9957450906102496
1,1,0.9996792059815424
1,1,0.9997368001720202
1,0,0.21515069136080098
0,0,0.016789649632175198
0,0,0.013778992371992097
0,0,0.031359362309438976
0,0,0.017751686667187922
1,1,0.9996363536018783
0,0,0.021402080162622076
0,0,0.03873510876179298
1,1,0.971548867465384
1,1,0.9721018287350155
1,1,0.9903079195373152
0,0,0.03991606398326212
0,0,0.01889048665130135
0,0,0.03151735985297724
0,0,0.016348807517761545
0,0,0.030687074575315502
0,0,0.02179852633418661
0,0,0.014153568606103124
1,1,0.9992611725637313
1,1,0.9994435808637279
0,0,0.03663867882072485
0,0,0.021841163401240184
0,0,0.040043811085878095
0,0,0.033497422971225696
0,0,0.0071796594611760215
0,0,0.011414018061584688
1,0,0.1261569956141714
0,0,0.03343278289745843
0,0,0.012992415010569885
1,1,0.9988668126431848
0,0,0.048449310777072416
0,0,0.026645134703198792
0,0,0.0475593830768942
0,0,0.06245229239005467
0,0,0.031835512609883605
1,1,0.9075217855897221
0,0,0.026182987429302525
0,0,0.030457909973282363
0,0,0.016510662410691445
0,0,0.015471771139536985
1,1,0.890415498381706
0,0,0.17203589038264144
1,1,0.9997206783882719
0,0,0.045463324207741414
1,1,0.9996836124741059
0,0,0.06684680124562864
0,0,0.04105256273199469
0,0,0.019644785263254867
1,0,0.06123482571012075
0,0,0.02248778515923383
0,0,0.011260769026442605
0,0,0.0532753898351611
0,0,0.01566613332447306
0,0,0.012671469136258431
0,0,0.008163141061373624
1,1,0.999861759379499
0,0,0.06175193510095734
0,0,0.03918476879330033
0,0,0.00891797684295209
0,0,0.011984586943920484
0,0,0.01544442328365165
0,0,0.01693375116288187
1,1,0.9753821554478793
0,0,0.018335152183517275
1,1,0.8841298808735802
0,0,0.03258891411974936
0,0,0.0550605648609354
0,0,0.04252342042990244
0,0,0.04839682955210544
1,0,0.09578293935792835
0,0,0.012284845951162544
0,0,0.02066097975733695
1,1,0.9991769704146415
0,0,0.01815499495653486
0,0,0.015641462476688243
0,0,0.02073799743710932
0,0,0.013726198924010334
1,1,0.999266939202694
0,0,0.046173611225570885
1,0,0.36285764515671276
1,1,0.7514813885683145
0,0,0.018557627128274832
0,0,0.007288936863618205
0,0,0.04110639903395192
0,0,0.27109150860463554
1,0,0.32346081442943936
1,1,0.5882027963099723
0,0,0.03522753976832956
1,1,0.8652956935237193
0,0,0.01193605142164865
0,0,0.02491204425358408
0,0,0.025936767564874424
0,0,0.01282153902895391
0,0,0.06785028554314704
0,0,0.034881436517331235
0,0,0.02422421276066925
0,0,0.11349206154817021
1,1,0.9997967825155646
0,0,0.03686302784561111
1,1,0.9171186262676903
0,0,0.021817880414838047
0,0,0.017884989633103834
1,1,0.6332730993225881
0,0,0.1481540873609351
0,0,0.03570877129394582
0,0,0.018564529370540494
0,0,0.019541544150006925
0,0,0.02251173221658111
0,0,0.04236867311636646
0,0,0.022850839609630923
0,0,0.03266298080970962
1,1,0.8346234817878515
0,0,0.031892167311972495
0,0,0.00823015299714609
0,0,0.014367152994731376
0,0,0.048256126360180604
1,0,0.022577309525005695
0,0,0.015159865182090808
0,0,0.058368229266235624
0,0,0.009450419063345468
0,0,0.05803220990487031
0,0,0.040263326265231526
0,0,0.03684228699405247
0,0,0.02879945214877623
0,1,0.5096668218515624
1,0,0.010064284214688173
0,0,0.011956813440618138
0,0,0.03152467927833937
0,0,0.02783879528075625
0,0,0.03523783564474474
1,1,0.9116942934695281
0,0,0.013750152057150532
0,0,0.029873637244471483
0,0,0.00672100980125544
0,0,0.02053135159734001
0,0,0.05381469429696367
0,0,0.09961160673994914
0,0,0.04197653405055972
0,0,0.02265180613556788
1,0,0.04375785375527263
0,0,0.01809870255704439
0,0,0.018630222214076588
0,0,0.006215651213770725
0,0,0.012203265586442216
0,0,0.036613970949570335
0,0,0.02017388100564058
1,1,0.9995724841435244
0,0,0.022995651050826085
0,0,0.03640640224099128
0,0,0.021177635344811294
0,0,0.0666847854663225
1,1,0.9989819627860516
0,0,0.03420862356517282
0,0,0.030593008657005125
0,0,0.018228218125821916
0,0,0.022019035848938804
0,0,0.030207180222547425
0,0,0.017467103540804926
0,0,0.04623918123876597
0,0,0.02106123134912791
0,0,0.05975319158973779
0,0,0.00822562312605007
0,0,0.04326783011403881
1,1,0.9721976265458105
0,0,0.04908174933296812
0,0,0.015932358419462406
0,0,0.01096587899415463
1,0,0.04090290837196733
0,0,0.03345272913398006
0,0,0.06019760833983411
1,1,0.999736144516346
0,0,0.020123196102814534
0,0,0.021500968797337462
1,1,0.9997975629750596
0,0,0.07661775139894922
1,1,0.9529459863571286
0,0,0.04127044065376985
0,0,0.026614440404189255
0,0,0.02217478123861526
1,1,0.97659113257413
0,0,0.06926204091405992
0,0,0.02471879607046454
0,0,0.017489951776426326
0,0,0.0160898496160533
0,0,0.012885547743053092
1,0,0.03661943693819548
0,0,0.06895145024175696
0,0,0.047221572330905834
1,1,0.9999506199690122
1,0,0.47360301653277787
1,1,0.9990778967820217
0,0,0.034361021938925006
1,1,0.9997945312827291
0,0,0.2082624743653992
0,0,0.03850869566493199
0,0,0.017794188139368866
1,1,0.999026107285042
0,0,0.025396492809357643
0,0,0.02318439825278666
0,0,0.023153800898568496
0,0,0.03543927641858624
0,0,0.015055604930703865
0,0,0.03663964158907675
0,0,0.019381213779097937
0,0,0.05735152767966028
0,0,0.018631307511486072
0,0,0.017787520277597762
0,0,0.0381784093648671
0,0,0.061487292212280116
0,0,0.021278810923285152
1,1,0.9996363536018783
0,0,0.033810152118380996
1,1,0.9987464502687983
0,0,0.0316457918827696
1,1,0.9453869608025405
1,0,0.19034880738148882
0,0,0.016100113905721754
0,0,0.031351917564272185
0,0,0.010794747181787818
0,0,0.07234626417717584
0,0,0.019751972563876983
1,1,0.9981587660731708
0,0,0.0077583479707311175
0,0,0.00769751836033381
0,0,0.056397245337011535
0,0,0.034394854587153294
0,0,0.053555719549819046
0,0,0.046665300743327365
0,0,0.048602714790183306
0,0,0.04763265383800116
0,0,0.03358149156614478
0,0,0.040666525045319764
0,0,0.010888679318916494
0,0,0.016246088959852734
0,0,0.010676987251864585
0,0,0.4892449851660448
0,0,0.009945046437592385
0,0,0.009286905951082093
0,0,0.030151546093433748
0,0,0.026947014086767904
1,1,0.9989222001809541
0,0,0.020073992766833595
0,0,0.030263793870575827
1,1,0.9997497999042428
0,0,0.01026024958679356
0,0,0.0145050407875662
1,1,0.8389644018152244
0,0,0.011286496492416604
1,1,0.9918832825555737
0,0,0.25429461140930565
0,0,0.03869743108528058
0,0,0.017500098605993306
1,0,0.20454093657131397
1,1,0.999842069445094
1,1,0.944542471447563
1,1,0.999408209343208
1,1,0.9978701963031449
0,0,0.08115479985311075
0,0,0.014186258728017152
0,0,0.014157743148008292
0,0,0.036128930518308996
0,0,0.05182839042812183
0,0,0.03924331523397442
1,0,0.14106061262482109
0,0,0.02163502503668728
0,0,0.009763892649621526
0,0,0.017955399164189
0,0,0.022654911361381973
0,0,0.03445100095638561
0,0,0.3434145589057956
0,0,0.0066281853805375
0,0,0.01795219671280629
0,0,0.08242333101985869
0,0,0.03580522771489625
0,0,0.02103405743036491
0,0,0.03858632970140844
0,0,0.040640200807438645
0,0,0.014132320342994888
0,0,0.07738760089894867
0,0,0.017054113154444977
0,0,0.02552984259575604
1,1,0.8270707283871362
0,0,0.01792445963262197
0,0,0.04607377547752623
0,0,0.009526844476050858
0,0,0.020605741345278213
0,0,0.19096148959174414
0,0,0.031951293658462464
0,0,0.02999125816051144
0,0,0.013517561282633253
0,0,0.017109088278378207
0,0,0.011409079100325691
0,0,0.02566071281241196
0,0,0.03159564535719724
0,0,0.049429141080744005
0,0,0.028703130260781452
0,0,0.029578611584413095
0,0,0.057746478153796056
0,0,0.04527374063993208
0,0,0.017345251129068505
0,0,0.028436468327001304
1,1,0.9998365005737841
0,0,0.012949066374274246
0,0,0.03530076251063249
0,0,0.02497857668109803
0,0,0.015956809148664843
0,0,0.020490411969942654
0,0,0.025245211915147135
1,1,0.52973704221671
0,0,0.03580715488266034
1,0,0.24276527969883707
0,0,0.09076088308150594
0,0,0.032865739334410615
0,0,0.009961632547812018
0,0,0.03164675271350339
0,0,0.028265888708892545
0,0,0.021976737250275078
0,0,0.06394166158233192
1,1,0.8619302987059019
0,0,0.03966747351782652
0,0,0.031506594269718136
0,0,0.027923201984460227
0,0,0.02057107413601526
1,1,0.9548822287382549
0,0,0.36141877000354283
0,1,0.7128863991566274
1,1,0.9999503078178508
0,0,0.020380390628666485
0,0,0.014381091180353914
0,0,0.046288409189484785
0,0,0.011345234859317299
0,0,0.035441067368272766
0,0,0.07070868318416453
0,0,0.04017315601035376
0,0,0.047579658105451644
1,1,0.8468250679973045
0,0,0.05146469547668225
1,1,0.9999301238285089
0,0,0.021364078838430865
1,1,0.9995431039522655
0,0,0.016800072925146722
0,0,0.022369182228592275
0,0,0.0067683146964652805
0,0,0.2565627636185168
1,1,0.992732525034058
0,0,0.028902475765359623
0,0,0.07203451828529113
0,0,0.06073308195647895
0,0,0.029160920784213278
0,0,0.17394840370182565
1,1,0.9997547989277036
0,0,0.012453290282748473
1,0,0.044517470606307515
0,0,0.049918562110891365
0,0,0.029487854643968865
0,0,0.023191775036242857
0,0,0.036527297528781186
0,0,0.030660280656454028
1,1,0.9308557900984585
1,1,0.8797916138007159
0,0,0.0571022942276085
0,0,0.018288510401776526
0,0,0.028944772120165642
1,1,0.9989751051355731
0,0,0.013846898258591164
0,0,0.016436867925464886
0,0,0.029487854643968865
0,0,0.03769956913292136
0,1,0.9633227760000261
0,0,0.3099266441761673
0,0,0.008642810462497128
0,0,0.03383000501334704
0,0,0.026570501783561892
0,0,0.02453229791561178
1,1,0.942770753839795
0,0,0.020977048028439048
0,0,0.018515280556195477
0,0,0.010791570211013422
0,0,0.018289262940719357
0,0,0.017017605729432703
0,0,0.032123700297123824
1,1,0.999751136699353
0,0,0.008562731160341059
0,0,0.03003235336742006
0,0,0.017054113154444977
0,0,0.07122790295571976
1,1,0.9015545078005462
1,1,0.799799895136458
1,1,0.999051483313526
0,0,0.03066500408659053
0,0,0.030381348211216953
0,0,0.0588933962544977
0,0,0.027804149370670602
0,0,0.015380966132782345
0,0,0.022008680102771898
0,0,0.022753383398412267
0,0,0.03255406219725992
0,0,0.03263694494718518
0,0,0.0078428541477853
0,0,0.030416826270939872
1,1,0.5234442525945098
0,0,0.02165641547289499
0,0,0.023822409378729537
0,0,0.029618682499276155
1,0,0.09301801060352785
0,0,0.03000477802021866
0,0,0.009545599122716946
0,0,0.0146958579861276
0,0,0.09707081657372461
0,0,0.019036805020560585
0,0,0.04508049143172348
0,0,0.016517651192198005
0,0,0.04321810665301129
0,0,0.02837802990802915
0,0,0.22063023504074517
1,1,0.9998875540954487
0,0,0.05009683057477276
1,1,0.9991631030065166
0,0,0.027670089708785837
1,1,0.9955038898006937
0,0,0.057783526452766014
0,0,0.09300395011335552
1,1,0.9983431213677195
0,0,0.04344336446283879
1,1,0.8313422872827069
0,0,0.009851451290908149
0,0,0.0416841840913161
0,0,0.023460400125985745
0,0,0.03641986230115684
0,0,0.044710559818164644
0,0,0.01828482827685289
0,0,0.03128741874110503
0,0,0.028763493989995472
1,1,0.9623492492840563
0,0,0.02595807233144602
0,0,0.04100904642348597
0,0,0.037334395173122134
0,1,0.6367658167070921
0,0,0.009700585157930635
0,0,0.03670983346053613
0,0,0.037614701894856925
0,0,0.25714682366607833
0,0,0.024415508007925895
1,1,0.9997475392482202
0,0,0.036983662855812234
0,0,0.018969647979326074
0,0,0.03708990828722609
1,1,0.8531435406555666
0,0,0.051680417490016485
0,0,0.02649643807314107
1,1,0.9992625840018493
0,0,0.03743195565935171
1,0,0.0798614245799213
1,0,0.142018266473608
1,1,0.9987585911261377
0,0,0.045052466972030414
0,0,0.025334608478211017
0,0,0.04318377743557581
0,0,0.04673187708150804
1,0,0.06535634574436043
0,0,0.013409420414534079
0,0,0.04740036859652682
0,0,0.03026528823458631
0,0,0.06113665014060584
0,0,0.02708959280294743
0,0,0.031672490483699335
0,0,0.010654795113501845
0,0,0.027380492220117052
0,0,0.04944303911449024
0,0,0.034127325684218335
0,0,0.02709886299954503
1,1,0.6236412144788108
1,0,0.47571676215738895
0,0,0.027076654543449055
1,1,0.9992049122581597
0,0,0.0622622596815076
0,0,0.04114112336900529
1,1,0.9997950431613534
0,0,0.014744362508789514
1,1,0.9999149964274479
0,0,0.015081477003427282
0,0,0.027559421942471497
0,0,0.046833184556787893
1,1,0.5829912142198046
1,1,0.8861993870512505
0,0,0.02407582959309795
0,0,0.011345234859317299
1,1,0.6659110087167952
0,0,0.03355122283172489
0,1,0.8040605981777807
0,0,0.0233572225730958
0,0,0.0189367310131954
0,0,0.020872592016040806
1,1,0.9998521619849015
0,0,0.03486017891046865
0,0,0.0070528698496281385
0,0,0.01633317724837931
0,0,0.04985934250329028
0,0,0.04226385461143334
0,1,0.9299927835357974
0,0,0.013454449530804782
0,0,0.3073060253010543
1,1,0.9444228572195631
1,1,0.9768878078196386
0,0,0.0223724311396913
0,0,0.019497549706188336
0,0,0.04008254425467153
0,0,0.23158212092351807
0,0,0.018694605481491572
0,0,0.09307556212872456
0,0,0.018602172095788683
0,0,0.0353249112582488
0,0,0.006847390055484171
0,0,0.015524731316643213
0,0,0.4269267471992339
1,1,0.990630490014811
1,1,0.9993613500578344
0,0,0.04073364381898779
0,0,0.01509297543324155
0,0,0.023631913845629023
0,0,0.013678250681035608
0,0,0.04448891767908623
0,0,0.035913258219134235
0,0,0.006959847758881508
0,0,0.010069357791979067
1,1,0.9988344340240796
0,0,0.021284825713029348
0,0,0.023499595505297205
0,0,0.034070490548234356
1,1,0.7290922908052208
0,0,0.016924498492262616
0,0,0.005359547685959647
0,0,0.20370276784658134
0,0,0.017624411366288766
0,0,0.03602727358958299
0,0,0.01590963424928014
0,0,0.016394404126084196
0,0,0.009600689145117894
0,0,0.032306414162009675
0,0,0.022477963942745736
1,1,0.9983670810680964
0,0,0.4492220247235966
0,0,0.01470960746748582
0,0,0.008335101335335436
1,1,0.9998574887980614
0,0,0.03102779478469359
0,0,0.01739813898450853
0,0,0.026403299976153313
0,0,0.04948327307477223
1,1,0.9998204995430734
0,0,0.03264327660554746
0,0,0.020618604655180853
0,0,0.036929562936377454
0,0,0.05011359071957522
0,0,0.1799118485193097
0,0,0.032960439670067974
0,0,0.10181961815512225
0,0,0.044746611450125665
1,1,0.9923491280479076
0,0,0.03178488539463993
0,0,0.051099578159114284
1,0,0.06657885537440328
1,1,0.6126544969614132
0,0,0.00876912901177136
0,0,0.036241524349229275
1,1,0.9686397641928953
1,1,0.996757914433207
0,0,0.05091775286872773
0,0,0.018709556869690756
0,0,0.05452655477439912
0,0,0.013171755710410295
0,0,0.03739807029467354
1,1,0.9996072570587446
0,0,0.04656837723508329
0,0,0.037432990390032235
0,0,0.039483981169085774
0,0,0.0759773239844794
0,0,0.01356261442111598
0,0,0.10085567360406637
1,1,0.9977150034786393
0,0,0.038776570687495675
0,0,0.021844955495166945
0,0,0.02000462297044773
0,0,0.018537806122382625
0,0,0.013222934801032964
0,0,0.01236600816838764
0,0,0.10718981621757329
0,0,0.034775713555617725
0,0,0.045772804979863815
0,0,0.030169092221395282
0,0,0.03450534587769055
0,0,0.038313524392302574
0,0,0.05633248504040884
0,0,0.03404426812255066
1,1,0.999800142677551
0,0,0.041178683896641775
0,0,0.03742060411601426
1,1,0.9990532220054931
0,0,0.02770530461918495
0,0,0.009474193196366353
0,0,0.014725559377168481
1,0,0.40673182740233776
0,0,0.005082047502347692
0,0,0.010579998499566388
0,0,0.02562373416671395
0,0,0.041292122612585885
0,0,0.06588991777492796
0,0,0.035890859966871774
0,0,0.008950799220672047
0,0,0.018440697992821366
0,0,0.03833895426524011
1,1,0.5194297043717375
0,0,0.08386111589598537
0,0,0.041276635135496655
1,1,0.9729552728200771
0,0,0.026334614647440788
0,0,0.022178014219809285
0,0,0.061162371144469034
0,0,0.02569510114903706
0,0,0.023191775036242857
0,0,0.016180458083113445
0,0,0.012080555975549913
0,0,0.025728673676891425
1,1,0.6060586962850992
1,1,0.998604316331351
1,1,0.967686621252858
1,1,0.9999395663743097
0,0,0.014471051189040154
0,0,0.02969493825119649
0,0,0.029990644345516265
0,0,0.048059912852595636
1,1,0.9996254103309511
0,0,0.025613673781731253
0,0,0.025088953296395163
0,1,0.6454633731816269
0,0,0.015832097613417404
1,1,0.9996755574202901
0,0,0.03030254133521306
1,0,0.03742307558856079
0,0,0.02939781128738327
0,0,0.03971479991930003
0,0,0.008224730481748587
0,0,0.021981105033417405
0,0,0.04953770752251559
0,0,0.056083400568115734
1,1,0.9997948257194142
0,0,0.2097586368500641
0,0,0.048704529357130474
0,0,0.019806361369632257
0,0,0.052196091849703925
0,0,0.01655311046678575
0,0,0.012388071225097424
0,0,0.31432500019728027
0,0,0.04034771807720013
1,1,0.700857017984846
1,1,0.9990807641766873
1,1,0.7306093110042619
0,0,0.029629227890182908
0,0,0.013365891173754973
0,0,0.0341534883695792
0,0,0.007736951940554298
0,0,0.022074389873039696
0,0,0.012581391296970827
0,0,0.030242557937155006
0,0,0.022708082661084338
0,0,0.028974050813292844
0,0,0.28589454662688296
0,0,0.006777441561783648
1,1,0.8051311581434915
0,0,0.02239572320783638
0,0,0.07888926135721701
0,0,0.029837779642722967
0,1,0.7990544968582921
0,0,0.03805479348251698
1,0,0.47872607764942415
1,1,0.9957450906102496
0,0,0.014865296425816478
0,0,0.022070055507421527
1,1,0.9998875306655737
0,0,0.04026802328509791
0,0,0.017247064621179822
0,0,0.006723842913800133
1,1,0.9988647925555922
0,0,0.017548076644147193
0,0,0.08443028077061733
0,0,0.037314069279628
0,0,0.06691652793231406
0,0,0.039626721122828786
0,0,0.016769334995735786
0,0,0.019134743611967847
0,0,0.03753433306630406
0,0,0.022097388938912343
0,0,0.012644402450194523
0,0,0.016035221551292597
0,0,0.048273755822476686
0,0,0.03738120558134229
0,0,0.03385231638415507
0,0,0.04822663531839972
0,0,0.03439552016889234
0,0,0.013122347706737867
0,0,0.0330059433195107
1,1,0.7894738028082868
1,1,0.945920213876541
0,0,0.029997994105544133
1,1,0.9998339541937383
1,0,0.18170465682555936
0,0,0.046941488625321694
0,0,0.01318128912242971
0,0,0.009066976220732433
0,0,0.013058229220632444
0,0,0.1895195531659925
0,0,0.19814800912597427
0,0,0.006930039053631845
0,0,0.041130624275782186
1,1,0.9999020148782665
0,0,0.03675720476562914
0,0,0.018567751868533374
0,0,0.10677670818469047
0,0,0.0370012376684625
0,0,0.010835328608503947
0,0,0.016830883000819807
0,0,0.0221876056638706
0,0,0.010204544488146275
1,1,0.999316945555984
0,0,0.03426239954157834
0,0,0.027209379398931907
0,0,0.049769590393038236
0,0,0.022774782003361794
0,0,0.042888353963313815
0,0,0.03676763720013697
0,0,0.059854011430553127
0,0,0.007483474656747815
0,0,0.041438825722666696
0,0,0.03917537715519338
0,0,0.0489642848643656
0,0,0.026769760466530162
1,1,0.9796326466716622
0,0,0.015976907911810757
0,0,0.034698026970134424
0,0,0.01980022094658958
0,0,0.06631982249725277
0,0,0.21295201984825896
1,0,0.02554207146117742
0,0,0.04060365189163581
0,0,0.26890666625838605
0,0,0.04232660157838309
0,0,0.06683645519049021
0,0,0.03149142819739008
1,1,0.9997945312827291
1,1,0.8695927774218393
0,0,0.02626789294156529
0,0,0.04289713260622746
0,1,0.5049037126133051
0,0,0.024153337341747832
0,0,0.04395019737195158
0,0,0.06201012980922769
0,0,0.02805875655262859
0,0,0.03330479599391595
1,1,0.9994209803032083
0,0,0.03533452813915053
0,0,0.015280292156305211
1,0,0.4726652226403017
0,0,0.19684503707431086
0,0,0.03665502671489383
0,0,0.09754874580051433
0,0,0.015469111649485561
0,0,0.008412924334626558
0,0,0.015861609969899746
1,0,0.4356949149593935
0,0,0.03674552501627762
0,0,0.0058814015061975705
0,0,0.024284576283705936
0,0,0.05550104412108823
0,0,0.015462425640134924
0,0,0.0745347162676577
1,1,0.9992546870462264
1,1,0.9997607968223258
0,0,0.009574442144649899
1,1,0.7673898480148044
1,1,0.9999164094491223
0,0,0.019877542021514132
0,0,0.047351565678863484
0,0,0.02021099145626389
0,0,0.023010865914662604
0,0,0.04819391773768347
0,0,0.011534477823667075
0,0,0.014934059787233483
0,0,0.04256407249664719
0,0,0.10879173886133134
0,0,0.021746855858983213
1,1,0.9990783810398925
1,1,0.6690484296116613
0,0,0.013079790152512072
0,0,0.0340555604880953
0,1,0.620314111569744
0,0,0.036219218418347354
0,0,0.036313419624261774
1,1,0.9690805726143534
1,1,0.999477589026075
0,0,0.04898473684053516
0,0,0.03865333816541912
0,0,0.052572878062465786
0,0,0.008852022984570758
0,0,0.017414581871948585
0,0,0.010881351697325676
0,0,0.009538199333347964
0,0,0.09782071387572855
0,0,0.03136621675729957
0,0,0.03871788507788565
0,1,0.5225307115304396
0,0,0.04079820896644376
0,0,0.04591910197532237
0,0,0.030259608833436518
1,1,0.6094526351604338
0,0,0.020607428664843767
0,0,0.06451582485732682
0,0,0.2509391992603596
0,0,0.015990867832128566
0,0,0.06623236724104242
0,0,0.026897141619003712
0,0,0.06456056354872214
0,0,0.012468199826277128
1,1,0.979593945102535
0,0,0.009753317795217735
0,0,0.038321188450918066
1,1,0.9908673152494105
1,1,0.9074512849853641
0,1,0.5709583773326737
0,0,0.03575097608972779
1,1,0.9988835805155681
0,0,0.01128760740669392
0,0,0.03937830629730108
1,1,0.9979305704531621
0,0,0.011607293506119738
0,0,0.016544665550287177
0,0,0.02008410590758232
0,0,0.02494718551371693
0,0,0.033443126370406376
0,0,0.045765678297429224
1,1,0.9998340693371393
0,0,0.42122022200842235
0,0,0.03072732633603542
0,0,0.03750702722960272
1,0,0.02580120664435332
0,0,0.016349463365906744
0,0,0.0218395672978654
1,1,0.9990540202961278
0,0,0.015716326305130958
0,0,0.02368716823668309
0,0,0.02198020292855763
0,0,0.04167091135455117
1,1,0.9997813731470411
0,0,0.035601347850119806
0,0,0.010152503263385966
0,0,0.0541733282522808
1,1,0.5584382136693775
0,0,0.03434576433676672
0,0,0.027447803588215938
1,1,0.9997299061802342
0,0,0.013367673738067251
1,1,0.9998244187865241
0,0,0.04259058343512434
0,0,0.036646272510796794
1,0,0.0572717628271143
0,0,0.01918086658069604
0,0,0.02245182341006815
0,0,0.015111607079261385
0,0,0.014952470640056283
0,0,0.020509713850796533
0,0,0.01813382277823534
0,0,0.015289350438570923
1,1,0.9732980003654106
1,1,0.9824237451518785
0,0,0.009473322773689914
0,0,0.017946722751516764
1,1,0.6189544200608774
0,0,0.020549965450262987
0,0,0.2500250789633814
1,1,0.9990704754705217
0,0,0.023494164846462735
0,0,0.04474866163336943
0,0,0.26890666625838605
0,0,0.0211621472785563
0,0,0.054667297772764904
0,0,0.026910476576256972
0,0,0.036529663295488964
0,0,0.0073677646532308285
0,0,0.13454358312832243
0,0,0.04483199655807773
1,1,0.9985791152747698
1,1,0.9994371745250388
0,0,0.020331177078424918
1,0,0.0484228166019339
0,0,0.02423892324309975
0,0,0.013818037142232852
0,0,0.02652623985207014
0,0,0.014238857800017173
0,0,0.01739813898450853
1,1,0.9993339661576934
0,0,0.02164199104072732
0,0,0.013650493687298072
1,1,0.9912117819498525
0,0,0.011260061450604427
0,0,0.019807844398277617
0,0,0.030732236628465696
0,0,0.010462513169094946
0,1,0.5365124148597131
0,0,0.03157472452588694
0,0,0.013982491087630113
0,0,0.025376698477794
0,0,0.06540826321601494
1,1,0.9993722090807756
0,0,0.013809648488262003
0,0,0.030244310425871133
0,0,0.012433240336127721
0,0,0.018301369138590116
0,0,0.021220014914307955
0,0,0.02522452946350485
1,1,0.742993176772393
0,0,0.023602857284341052
0,0,0.017420612321688247
0,0,0.008884910642228324
1,0,0.10629084942945977
0,0,0.10268618624329721
0,0,0.0912355393377672
0,0,0.03674545446616918
0,0,0.025517297149509805
0,0,0.01599391125161504
0,0,0.03687200983731911
0,0,0.028473986934381964
1,1,0.9691278892037639
0,0,0.13948668981212228
0,0,0.03563219165873014
0,0,0.060113557531621106
0,0,0.024061762928892675
1,1,0.9990724864492724
0,0,0.008654050256173468
0,0,0.03556624558843734
0,0,0.23305650921347357
0,0,0.019331144417440733
1,0,0.038229970326853914
0,0,0.02107215667143675
0,0,0.009591585710935284
0,0,0.045325591298244663
0,0,0.03250252159704336
0,0,0.01168640515124893
0,0,0.014584219149511345
0,0,0.06492056010233324
0,0,0.018862497050901733
0,0,0.045433736485682004
0,0,0.03560564795045101
0,0,0.031246275273863963
0,0,0.04434742199786312
1,1,0.9094442052288191
0,0,0.02118948737929718
0,0,0.03485924869827397
0,0,0.007398263461364157
1,1,0.9991813151001344
0,0,0.06104678094192939
0,0,0.01726250127987493
0,0,0.018085562800764392
1,1,0.9407762979106341
0,0,0.023915765130709844
0,1,0.6549403108890594
0,0,0.010114018287825047
0,0,0.09289675187794522
0,0,0.4532671586278879
0,0,0.30762096719943016
0,0,0.017840663087259474
0,0,0.02162442998290745
0,0,0.025153750618722062
0,0,0.02888949574384846
0,1,0.8870489663155279
0,0,0.20560449725234398
0,0,0.05015347753805396
0,0,0.2913246497847441
0,0,0.03601401185426087
0,0,0.05003484057181218
0,0,0.01269989329172919
0,0,0.006662892171796517
0,0,0.03344633057967949
1,1,0.9991996419460856
0,0,0.03488406640351657
0,0,0.005359539578427134
0,0,0.0098639832361499
0,0,0.021709579619576997
0,0,0.00825185586767784
0,0,0.023069274178332606
0,0,0.049504252203318146
0,0,0.028350167821990353
0,0,0.01042105948349139
0,0,0.01161554434889507
0,0,0.04745204928299553
0,0,0.0340049673649332
0,0,0.012294895832717406
1,1,0.537011357216127
0,0,0.06833591322637866
1,1,0.7601180659635733
0,0,0.03770472947275848
0,0,0.07707326956251126
1,0,0.11455879000841841
0,0,0.04475369842465171
1,1,0.9995589292823428
0,1,0.6652295014912597
1,0,0.10125490830698718
0,0,0.011906306612010874
0,0,0.02369950259510194
0,0,0.016201913663170784
0,0,0.018079036160437222
1,1,0.9945754708803897
1,1,0.999913719705063
0,0,0.04275769603496081
0,0,0.022883045618321825
0,0,0.13454358312832243
0,0,0.02739150442893781
0,0,0.026662717140311827
0,0,0.0455545558167658
0,0,0.07008163894341672
0,0,0.011765494406651063
0,0,0.016060074975733897
1,0,0.42341795052361886
0,0,0.03526954434064353
0,0,0.01834499686892434
0,0,0.036388673542164296
0,0,0.02562580831038103
1,1,0.9992049122581597
0,0,0.044496754185745425
0,0,0.007532710278512931
0,0,0.03563259530028552
0,0,0.014846403101422136
0,0,0.013390805871932468
0,0,0.014106923975687117
0,0,0.038814388374187346
0,0,0.021039112011207534
0,0,0.007113152403423233
0,0,0.03663572470757311
0,0,0.014632361098441802
1,1,0.9996322176219815
0,0,0.01717681348785303
0,0,0.02981627527741646
0,0,0.013693266332298596
0,0,0.009051972619018226
0,0,0.011403116280446483
0,0,0.01626417849676286
0,0,0.1164365443947321
0,0,0.013936214366345104
0,0,0.015088129448182105
0,0,0.05514725306487912
0,0,0.01198406414071677
0,0,0.03985325280017591
0,0,0.017866767348758545
0,0,0.051271804370339034
0,0,0.03575772959176356
0,0,0.013645573232838111
0,0,0.019310563829357287
0,0,0.05582961723978057
0,0,0.013437569247042315
0,0,0.009874873934655323
0,0,0.01919101172695844
0,0,0.019843878359183748
0,0,0.03077848281607491
0,0,0.08472841966030369
0,0,0.058254587985333214
0,0,0.11776169486794
0,0,0.08317082487831041
0,0,0.04209381770109186
0,0,0.013422868810967433
0,0,0.004967367387097169
0,0,0.02311007205186868
0,0,0.03764712838574973
0,0,0.028866791866971567
0,0,0.026316275784084707
0,0,0.036176188980410015
0,0,0.013461558753375956
0,0,0.1085168263484108
1,1,0.9497997377247114
1,1,0.9996346941186325
0,0,0.031160833309679066
0,0,0.048785529795948766
0,0,0.03450347461915553
1,1,0.9724721985784363
1,1,0.8418455586736825
0,0,0.028587078463865122
0,0,0.01104943562435664
0,0,0.015532427112745028
0,0,0.018629274321841114
0,0,0.031245001249661
0,1,0.6630001182786275
0,0,0.04553393714042371
1,0,0.20284584448362392
0,0,0.008975721446072546
0,0,0.021234780743665038
0,0,0.03255758160841596
0,0,0.027691558813545483
1,1,0.8082725995331768
0,0,0.025104763925496713
0,0,0.02545213626182805
0,0,0.014193672426260618
0,0,0.019866649355306104
0,0,0.022586915620147734
1,1,0.6524610096833628
0,0,0.022044801768769103
1,1,0.9992355740385049
0,0,0.04846460090463883
0,0,0.016625919770928078
1,1,0.9983134839228879
0,0,0.07298259821853259
0,0,0.040992002449440845
0,0,0.03710748416498536
0,1,0.7450958779271228
0,0,0.020364569257210967
0,0,0.11860641812685031
0,0,0.019095661878456148
0,0,0.027710227619105812
0,0,0.042037545001662735
1,1,0.9932023810865889
1,0,0.4492220247235966
0,0,0.030870352567413814
1,1,0.6537728133045071
0,0,0.04422102010448572
1,1,0.9349366057851461
0,0,0.04885161002916269
0,0,0.017849638720867523
1,1,0.8283965222530959
1,1,0.8020365079311887
0,0,0.025355502943256128
1,0,0.44874677013851827
1,1,0.9673419681249782
0,0,0.027725477015590198
1,1,0.9986357747631991
0,0,0.05234597652325802
0,0,0.017836665204188706
0,0,0.041601427944590805
0,0,0.022429434244323036
0,0,0.029584877202280147
0,0,0.013976443553158885
0,0,0.03539660877193453
0,0,0.006369646298877707
1,1,0.9998720694519636
0,0,0.011558798711475853
1,0,0.45727859843203256
0,0,0.020719415730229864
1,1,0.7215434920560605
0,0,0.0369496070051368
0,0,0.021522582744831837
0,0,0.016083880905345155
0,0,0.019639669586940724
0,0,0.00689671398203514
0,0,0.06072928543244342
1,1,0.8975300190268055
0,0,0.005436876383151066
0,0,0.048194308394527687
1,1,0.9976645274966985
0,0,0.010228788312888697
0,0,0.015013568473446896
0,0,0.03126527409063668
0,0,0.1528268647218998
0,0,0.040324601625416887
0,0,0.01971717260661112
0,0,0.4684748723688831
0,0,0.10922812327174353
0,0,0.038465736739126705
0,0,0.013757182766801676
0,0,0.0161146861294722
0,0,0.03755513529375829
1,1,0.8041073136905204
0,0,0.022832901848409335
0,0,0.03755368099588475
0,0,0.021210931537320274
0,0,0.04014392176457054
0,0,0.014619931689011998
0,0,0.024890281700565908
1,1,0.9997213421786647
0,0,0.03166441296457299
0,0,0.029215675262659762
0,0,0.012434117394123582
1,0,0.15289523425976567
1,0,0.08806071844999584
0,0,0.03899922552365382
0,0,0.03710111055523335
1,1,0.9996194497176358
0,0,0.06994083639763071
0,0,0.045438859891016814
1,1,0.8341491412862594
0,0,0.05035635776188261
1,1,0.5290324484027806
0,0,0.03405465096372606
0,0,0.015936959315608797
1,1,0.9904845905764633
1,0,0.043517992534371525
0,0,0.044248786648438836
0,0,0.036572202502300394
1,1,0.6216111242476486
0,0,0.015321918708819908
0,0,0.018146741306621084
0,0,0.027877037802185475
1,1,0.5463967021342132
0,0,0.029114742203069394
0,0,0.1276823127460021
0,0,0.057482389786849164
0,0,0.024618732776992624
0,0,0.04124967179544358
1,0,0.044861203387748474
0,0,0.07483474394700934
0,0,0.036816163600016556
0,0,0.005452979400491771
1,1,0.814190818438099
0,0,0.06460635143854558
0,0,0.16447692773509492
0,0,0.017885521307699066
0,0,0.03950571876271865
0,0,0.017743598941936913
0,1,0.8122959090439287
0,0,0.029872837327240897
0,0,0.08070955970904098
0,0,0.022056019587611848
0,0,0.012251757590694643
1,1,0.9988843890371356
1,1,0.9923901644692685
0,0,0.016466541171537057
0,0,0.038843553967100514
0,0,0.03679965598947079
0,0,0.03590837016043429
0,0,0.06693058615519795
0,0,0.0327156607854603
0,0,0.025729710854711128
0,0,0.008990417036122071
0,0,0.04567458545104432
1,1,0.9977871188144604
0,0,0.005816886558074971
0,0,0.15967235081895648
0,0,0.04029551702690811
0,0,0.022951795814996397
0,0,0.03209903655823349
0,0,0.01907420428081788
0,0,0.05500241336782716
0,0,0.03771011732932932
0,0,0.029778279236940246
0,0,0.023848372119206287
0,0,0.044744717616011245
0,0,0.037189322910310525
0,0,0.031322047488995954
0,0,0.04699948384818944
0,0,0.02489831164086302
0,0,0.061725935998332565
0,0,0.01870573661192419
0,0,0.012809459721966855
0,0,0.03219591875342223
0,0,0.0508044240160219
0,0,0.01165052774761116
0,0,0.022942637129020282
0,0,0.01099618945112268
0,0,0.03322448863092977
1,1,0.9827790145429239
0,0,0.033519118675837706
0,0,0.014846207461149723
0,0,0.04396607560565765
0,0,0.007390715472367595
1,1,0.769373862679559
0,0,0.03206674380963587
0,0,0.09791186415030091
0,0,0.053402262200455686
0,0,0.05679234135388033
1,1,0.9989786717178684
0,0,0.07209297862668718
1,1,0.7840618925662458
0,0,0.017657093871156628
1,1,0.9987445228186783
0,0,0.27040243494993743
1,1,0.9992571606646384
0,0,0.03622664137909822
0,0,0.020914845622518052
0,0,0.02327331542096857
0,0,0.04305494050262404
1,1,0.9992988502848177
0,0,0.030747292203968365
0,0,0.013664913596464696
0,0,0.010527429097960367
0,0,0.00808996315362889
0,0,0.0146070371412492
0,0,0.023789097373686507
0,0,0.03574258329837235
0,0,0.042504573858008744
0,0,0.011646244636987402
0,0,0.024924239898484607
1,1,0.999794167703421
0,0,0.01523419324186051
0,0,0.03800125072011008
1,1,0.9995430514153694
0,0,0.02579467959779112
0,0,0.018887149904935036
0,0,0.007602092091072171
0,0,0.046948998772753825
1,0,0.049988371255725396
0,0,0.019844643972251403
0,0,0.023645512489803115
1,1,0.9998227074404543
1,1,0.7143007286208982
0,0,0.03826579419524296
0,0,0.010755860055258084
0,0,0.05014266007491306
1,1,0.9997399772604141
1,1,0.9990292471552193
0,0,0.058431163772173535
0,0,0.018703130672265617
0,0,0.029989787194337793
0,0,0.012761841276840529
1,1,0.9995701619670107
1,1,0.9994448978419664
1,1,0.9395737944126642
0,0,0.04684486355693641
0,0,0.0261133399293104
1,1,0.999942586093941
0,0,0.026556723368259875
0,0,0.10626092952725186
0,0,0.04165265880388533
1,0,0.48735140323647624
0,0,0.009738001456233875
0,0,0.05033820739849068
0,0,0.012932317931266488
0,0,0.02941690332785374
0,0,0.03404833233519675
0,0,0.010508216049960446
0,0,0.039224589271841706
1,1,0.7859839376675546
0,0,0.02515642098951855
0,0,0.04087412189302087
0,1,0.8448750182473777
0,1,0.6435147400067452
0,0,0.03428574251902367
0,0,0.03815436252462657
1,0,0.08804170016740288
1,1,0.9600054662143185
0,0,0.016063915581718553
0,0,0.010981369041308926
0,0,0.04432524424484498
0,0,0.04018133010167121
0,0,0.012789874561818288
0,0,0.03152262340583916
0,0,0.026300314270676594
0,0,0.026093101290870117
0,0,0.012648895373986287
0,0,0.032805387674376504
1,1,0.8756744941021781
0,0,0.024722900955148196
0,0,0.039782954176311724
0,0,0.02323273746117
0,0,0.024745182312880448
0,0,0.13368618577415511
0,0,0.016376755888415258
0,0,0.03038709375191312
0,0,0.018865329698353573
0,0,0.48847234036064685
0,0,0.022992010992913148
0,0,0.01623484590420823
0,0,0.03282014073701338
1,1,0.9998946361957167
0,0,0.04071146810019301
0,0,0.03189471396003899
0,0,0.018930484278730526
0,0,0.09263849768090099
0,0,0.014785057213023168
0,0,0.03247317068487918
0,0,0.03086751089594859
0,0,0.05303508399645355
0,0,0.04994588864665748
0,0,0.016894050075364965
1,1,0.5297130210506166
0,0,0.04129009796099411
1,1,0.999206551621738
0,0,0.022016803864843084
0,0,0.009959736834866464
0,0,0.013046241426056959
1,1,0.999584035514431
0,0,0.020272472623224472
1,1,0.9993647996124165
0,0,0.016178973870440986
0,0,0.018856667106200625
0,0,0.0356257865348107
0,0,0.032743827058805346
0,0,0.04371543898323094
0,0,0.13454358312832243
0,0,0.015301191457431277
1,1,0.9998900351868293
0,0,0.02131881036226433
0,0,0.03667736930780568
1,1,0.9999303645979696
0,0,0.021442615358223425
1,1,0.9986403114553963
0,0,0.02530356825961391
0,0,0.03986309449043334
0,0,0.021991473155488012
0,0,0.033182314778733187
0,0,0.051530938453101145
0,0,0.013814131070323915
1,1,0.8294553437212662
0,0,0.02201071727939901
0,0,0.03711425266370952
1,1,0.7916308119782479
0,0,0.016389389237457384
1,1,0.9716155141692316
0,0,0.024316515410872916
0,0,0.09148911520887373
0,0,0.03319342475665872
1,1,0.9995944653221625
0,0,0.0177163521662755
0,0,0.025774687685134565
0,0,0.013716903360379786
0,0,0.0356204223490019
0,0,0.06646258844473067
0,0,0.024272985005237165
0,0,0.04344487596351736
0,0,0.051677968893095554
0,0,0.02914765312339135
0,0,0.008922349417654305
0,0,0.09726113588848379
0,0,0.01682440319207281
0,0,0.33833423113006866
0,0,0.03398717529575717
0,0,0.009850927275357925
0,0,0.020192677208881404
0,0,0.016216141082175797
0,0,0.009093962163845325
0,0,0.012119958852765284
1,1,0.8021211351690966
1,1,0.9990716181783771
0,0,0.015148101300716126
0,0,0.013911972684329236
0,0,0.023072036490312867
0,0,0.01320503684600413
1,1,0.9996780411550357
0,0,0.17458030391039314
0,0,0.01000748404928075
0,0,0.07561929739959206
0,0,0.01887405621630694
0,0,0.010924259494705704
0,0,0.01590600753526082
0,0,0.027092169908571682
0,0,0.03237770066499373
0,0,0.011302373028598229
0,0,0.012488875198358798
0,0,0.01606709641563227
0,0,0.07015834012885692
0,0,0.015556600625819974
0,0,0.024812660451842886
0,0,0.016310250538722
0,0,0.013649711344984836
0,0,0.012090377504335928
0,0,0.04364282389689007
0,0,0.015883176907655366
0,0,0.02283939206463719
0,0,0.016137937937719896
0,0,0.05389825028226007
0,0,0.015130124503038252
0,0,0.03710948671187363
0,0,0.01098142139768599
1,1,0.9989366158192228
0,0,0.019482791995157327
0,0,0.018516024115554038
0,0,0.013905422304039025
0,0,0.020979076718113523
0,0,0.016902241180907503
0,0,0.02483268169919617
1,1,0.9932023810865889
0,0,0.014844291936953169
0,0,0.044174892504413255
1,0,0.05056632201240344
0,0,0.058267736079394984
0,0,0.03733256177291216
0,0,0.027936156378800484
0,0,0.05191358752601352
0,0,0.03551584963064713
0,0,0.011814699561141569
0,0,0.05323253404158992
1,1,0.993117598336238
0,0,0.012623863031278559
0,0,0.044364552281130815
0,1,0.7678253503379829
0,0,0.06292481119250203
1,1,0.9995639661445853
0,0,0.013007521316235551
0,0,0.04184968929299345
0,0,0.024631804861419703
1,1,0.9635686341624368
1,1,0.999206551621738
0,0,0.03212031361476765
1,1,0.7847179640190741
0,0,0.08633402382622372
0,0,0.05395449012699434
0,0,0.026138933776839398
0,0,0.1259084932291561
0,0,0.0075695813724990044
0,0,0.017739842307903382
0,0,0.01586775651310532
0,0,0.04171007352879793
0,0,0.014597062759751896
0,0,0.0464521491336438
0,0,0.042954690197440235
0,1,0.9043229995208443
1,1,0.9996391301923117
0,0,0.010156653325091572
0,0,0.04127938068501019
0,0,0.02087216651128625
1,1,0.9986064618523608
1,1,0.9992515988828986
0,0,0.04728464974063987
0,0,0.010018996451739865
1,1,0.9993328250138213
0,0,0.041434289646710414
1,1,0.9997455466578107
0,0,0.0375643639004548
0,0,0.014613959735541126
1,1,0.5623478901960985
0,0,0.048344420715935664
0,0,0.02456439568146111
0,0,0.061471793957465146
0,0,0.018615977044625264
0,0,0.056301069553238915
0,0,0.016166271235218653
0,0,0.03306228265994907
1,0,0.17265128188951528
0,0,0.023095169752217117
0,0,0.02251421025090932
0,0,0.02590280412303488
0,0,0.016853641726555468
1,0,0.0360929060090251
0,0,0.023035624667228846
0,0,0.023868212652446298
1,1,0.9987828130351164
1,1,0.9999297193565888
0,0,0.017602240723234165
0,0,0.022872429232929526
0,0,0.03782695495047465
0,0,0.07402152532024323
0,0,0.0316088624285542
0,0,0.012029817818252504
1,1,0.9999195142779644
0,0,0.048211569562588895
0,0,0.017611792919903325
0,0,0.006759804749904193
1,1,0.811438138294263
1,1,0.9832462852888437
0,0,0.006747671183573779
0,0,0.05110279726898106
0,0,0.025094276492085003
0,0,0.01927567717823031
0,0,0.07121568318957128
1,1,0.9625721754213569
0,0,0.23822192939339945
1,0,0.09329741902337442
0,0,0.06655147716289103
0,0,0.02878825249161853
0,0,0.015908809490915637
1,1,0.9974006940976126
0,0,0.014255748166404068
0,0,0.04432570179947712
0,0,0.009981711526551555
0,0,0.014683457991715889
0,0,0.01742386205736426
1,1,0.9995715643293922
1,1,0.7800235739985819
0,0,0.0145624795552448
0,0,0.030700166293216875
0,0,0.023819922842523548
1,0,0.4122275923959872
0,0,0.04046474404110275
1,1,0.9996322176219815
0,0,0.017715292558893696
0,0,0.03264359214153583
0,0,0.041276635135496655
0,0,0.03778178161803832
0,0,0.034446250473925556
0,0,0.013774508474894363
0,0,0.00753216320095969
0,0,0.009592478768014445
0,0,0.04582128412735294
0,0,0.015509467366650922
0,0,0.010818026670407994
1,1,0.5126145054967345
0,0,0.018069889062971887
1,1,0.9957020007799317
1,0,0.04684040918340495
0,0,0.01261680835850516
0,0,0.020537588546026997
1,0,0.04106716107374906
0,0,0.014944915419243051
0,0,0.021957195681203318
0,0,0.01572809053744836
0,0,0.055877934329202225
0,0,0.03192741281548915
1,1,0.9914142814549359
0,0,0.039712664062055376
0,0,0.02100260523214034
0,0,0.0646389536280914
0,0,0.03540223858614705
0,0,0.01640531884823435
0,0,0.03499083953965787
1,0,0.024242769876711815
1,1,0.9992104448230332
0,0,0.022260926595851292
0,0,0.03527708326866537
0,0,0.08062926389404419
0,0,0.017918917522135477
0,0,0.011788562286436946
0,0,0.037636363629979255
0,0,0.005458722126432895
0,0,0.022368816022065183
0,0,0.015048015756235477
1,1,0.9993647996124165
1,0,0.01954706544228269
0,0,0.02781926340749931
1,0,0.15020004252812658
0,0,0.01188235959380703
1,0,0.24660122124440734
0,0,0.04915533131669085
0,0,0.042478631142224374
0,0,0.03921346047080879
0,0,0.036581182070308034
0,0,0.017868222768998545
0,0,0.034725135876493986
0,0,0.014812081441880953
0,0,0.017320902352120447
0,0,0.02223016433567322
1,1,0.9438224978597596
0,0,0.029039162929193174
1,0,0.03428221782535117
0,0,0.008655040418433149
0,0,0.006820959434487444
0,0,0.44036661090634815
0,0,0.01913513470270144
0,0,0.0062870562800713715
0,0,0.04667308245631554
0,0,0.05579587574182919
0,0,0.02102425160618891
1,1,0.9998041255508305
0,0,0.04608248660795511
1,1,0.9841392081044014
1,1,0.8440020655350468
1,1,0.5810207237706556
1,1,0.9990488846123432
0,0,0.02268557149210615
0,0,0.01709682138353197
1,1,0.9999420847463621
1,0,0.04738132440494386
0,0,0.007492659254031702
0,0,0.017050046653071905
0,0,0.02962356402240884
0,0,0.017288954071014558
0,0,0.015695907490902713
1,1,0.9998997099491143
1,1,0.8811551649383069
1,1,0.9996457102911748
0,0,0.016233364878753768
1,0,0.2133697640335504
0,0,0.045294477135009434
0,0,0.014714915785882816
0,0,0.04132091159105006
0,0,0.037024708383868024
0,0,0.055014040825975816
0,0,0.015267988042927307
0,0,0.035074337720012026
0,0,0.049229328121005694
0,1,0.6067174856900057
0,0,0.031254219241043296
0,0,0.05184551660109087
0,0,0.01209848827865299
0,0,0.013699987149468674
0,0,0.01689903084719252
0,0,0.023445750836533063
0,0,0.0052924584034302335
0,0,0.023629286968242895
0,0,0.06950756503564265
0,0,0.03254118534229785
0,0,0.00579155652830579
0,0,0.04396607560565765
1,1,0.9975420041681493
1,1,0.999847235720121
1,0,0.033719252514916115
0,0,0.02235674146287158
0,0,0.038094687976129936
0,0,0.016313245904616306
1,1,0.6825957017591676
0,0,0.04387052852224949
0,0,0.038841953075794675
1,1,0.9633969285329934
1,1,0.9995966498445429
0,0,0.0767313278256817
0,0,0.01890833352302516
0,0,0.014776590729477871
0,0,0.010432309978399236
0,0,0.01440893624875416
0,0,0.009074763788961604
0,0,0.019566609344833816
0,0,0.0159076112197924
0,0,0.02644136737360564
0,0,0.0367185743346363
0,0,0.009892265941725842
1,1,0.6511287360657182
0,0,0.04872270894397494
0,0,0.03254118534229785
0,0,0.028378420371639953
0,0,0.007067962135160689
1,0,0.1527289060999192
0,0,0.09652369805756508
0,0,0.020436224684991663
0,0,0.05973398848150783
0,0,0.04152127160098959
1,1,0.992752564594586
0,0,0.057724285063168616
0,0,0.05681882192391572
0,0,0.017842681620341912
0,0,0.038947745909482044
0,0,0.014963308546821787
0,0,0.01565737413721922
1,1,0.9992574747274668
0,0,0.014629228785036677
0,0,0.06392248748518857
0,0,0.014976217580112233
0,0,0.021299646766721362
0,0,0.048660270779499276
0,0,0.01615122086405618
0,0,0.030297104497214296
0,0,0.005692731625973032
1,1,0.9988584276654169
0,0,0.03311326016227875
0,0,0.035823865900616085
0,0,0.36795153142156917
0,0,0.01519269750856301
1,1,0.7940897932104782
0,0,0.016069695216764282
1,1,0.9993846113808746
1,1,0.9406645580900523
0,0,0.01764749119446682
0,0,0.016976018085713498
0,0,0.03634866611973912
0,0,0.043773215119567346
0,0,0.05900983188791776
1,1,0.9986007351071807
0,0,0.022947335391164888
0,0,0.2626590498741109
0,0,0.05405894945304622
0,0,0.04784484819119075
0,0,0.022380973140421607
0,0,0.051562714359407465
0,0,0.016964952059375867
0,0,0.03374128326835249
1,0,0.0790537492803386
0,0,0.029491527851754018
0,0,0.01913307105113049
1,1,0.9995913957141361
1,1,0.9993766664179043
0,0,0.009236217948924905
0,0,0.011223305168656663
1,1,0.9955038898006937
0,0,0.012624051504345191
0,0,0.04141238106102838
0,0,0.01813039754626847
0,0,0.023389466016363172
1,1,0.9992625840018493
1,1,0.9998831871137213
0,0,0.009075251995163887
0,0,0.013085725296619274
0,0,0.016123115133096708
0,0,0.020369205313387675
0,0,0.007527855239305835
0,0,0.015216334037245705
0,0,0.0445622802816883
0,0,0.010463982734462397
0,0,0.011928512330241892
1,1,0.9998091110561353
1,1,0.5315813701956533
1,1,0.9672496335689572
0,0,0.029993181868857098
0,0,0.016116935690528602
0,0,0.040613553658391414
1,1,0.9574036416470211
0,0,0.009705286390894666
0,0,0.041535023361872134
1,1,0.9997939006137629
1,1,0.9986473677939306
1,0,0.1010862158328772
0,0,0.02075953236655099
0,0,0.02124179817243721
0,0,0.041438001142984064
0,0,0.03093746693529612
1,1,0.9997248536929917
0,0,0.05210020616663299
0,0,0.044815503409833826
0,0,0.02447353075425342
0,0,0.12432529214479547
0,0,0.057711835108299324
0,0,0.020877150373189178
0,0,0.025350174442098906
0,0,0.03921522051196344
0,0,0.0322295522853791
0,0,0.014139104547272218
0,0,0.013193568830390422
0,0,0.04229625276068341
1,0,0.035444890741220605
0,0,0.03152262340583916
0,0,0.011558280975131471
0,0,0.027887227099508187
0,0,0.012933405898171765
0,0,0.04002441828417127
0,0,0.01299912487588043
0,0,0.38929908007862607
1,1,0.8465244359074686
1,0,0.11648755064908545
1,1,0.947972613569101
0,0,0.02590626150997048
0,0,0.03278813751626285
0,0,0.02301844048294149
1,1,0.976504993513146
0,0,0.01073705048833882
0,0,0.03937142733422311
0,0,0.03269778042093708
1,0,0.08239855688455969
1,1,0.9605166882108731
0,0,0.03059119854816887
0,0,0.015822040181661775
0,0,0.03205405749836148
0,0,0.008374367647605836
0,0,0.027403029946396897
0,0,0.020847380143970036
1,0,0.006643469457185765
0,0,0.014631045070285637
0,0,0.030920628205826018
0,0,0.018289078118993676
0,0,0.0187895424632634
0,0,0.01344354209517975
0,0,0.18449159669966983
0,0,0.04257025220180782
0,0,0.18435654522712067
1,1,0.996492153692117
0,0,0.010068802261895746
0,0,0.009377244264450845
1,1,0.9975420041681493
0,0,0.014776969843125319
1,1,0.9996975418926173
1,1,0.9957450906102496
0,0,0.011754965760112162
1,1,0.9328685236952412
0,0,0.012202675216371188
0,0,0.0168856459903933
0,0,0.03098426427755942
0,0,0.07810267972730618
0,0,0.014444201795333358
0,0,0.09557127558906875
0,0,0.031136127654923407
1,1,0.6451869642874724
0,0,0.03160602116466267
1,1,0.9345031352895815
0,0,0.010775578417762154
0,0,0.019632627597419725
0,0,0.051238484568723174
0,0,0.024337984693645814
0,0,0.009610882228751116
0,0,0.02071364777219807
0,0,0.038790041015328174
0,0,0.06874674719083891
0,0,0.10823945911717936
1,1,0.9997216716921475
0,0,0.025514396131829337
0,0,0.010539061514580167
0,0,0.03404490177254528
0,0,0.018108738736849025
0,0,0.017589630555004503
0,0,0.05149817180464847
0,0,0.025327668256052708
0,0,0.014919473907894089
1,1,0.9989892149023767
0,0,0.03344528304585377
0,0,0.020530691464969553
0,0,0.03952342656544095
0,0,0.027435436648535188
0,0,0.04012581705225254
0,0,0.028171295718858704
0,0,0.006215651213770725
0,0,0.028263459869835316
0,0,0.012112146306139753
0,0,0.03868546546441679
0,0,0.030722524667493162
0,0,0.00962889221666378
0,0,0.057164503350966685
0,0,0.010413888569186404
0,0,0.003851568419556736
1,1,0.9111285671930964
0,1,0.5115520529855859
0,0,0.017269293397516358
1,1,0.9989786717178684
0,0,0.04518112268146694
0,0,0.009138747839431626
0,0,0.012936362167567727
0,0,0.011204144023724038
0,0,0.13194435437333468
0,0,0.032260556502352704
1,1,0.9987402857533243
0,0,0.031971068296212705
1,1,0.999681398383122
0,0,0.012683312340097072
0,0,0.03287934104131817
0,0,0.0625622044549056
0,0,0.012025817797047292
1,0,0.05268236720388018
0,0,0.019542002176968713
0,0,0.02562844769147022
0,0,0.04175364689813598
0,0,0.02790666691756161
0,0,0.033062293214196854
0,0,0.013416410103101151
0,0,0.016955562918031755
0,0,0.040909066700940334
0,0,0.01154228590774752
1,1,0.9741957216718139
0,0,0.02993286266329486
0,0,0.09051216993404418
0,0,0.028546079095431776
0,0,0.051726114653049445
1,0,0.19790018114552793
0,0,0.016808083656080986
0,0,0.031756506565637006
0,0,0.023750216095431067
0,0,0.01789527757439729
0,0,0.01380959681663973
0,0,0.021874958970496527
0,0,0.013253931165547432
0,0,0.02856227714019383
0,0,0.016157034142225638
0,0,0.04260754084570959
0,0,0.011375123585453645
1,1,0.970367916102074
1,1,0.9998013818649166
0,0,0.036832572957351234
1,1,0.9985037003843321
0,0,0.022176871886874595
1,0,0.0809010295822478
0,0,0.024831886873268916
1,1,0.999462971419595
0,0,0.021424791888717713
0,0,0.023558539345413014
0,0,0.035350676520043624
0,0,0.026311665058578675
0,0,0.011884038027171707
0,0,0.05396885002058452
0,0,0.03549475866806865
0,0,0.014800007162163085
0,0,0.037788825203103636
1,1,0.9991480635875815
0,0,0.1833558786262368
0,0,0.03055966577743871
0,0,0.024106364942766224
1,1,0.9990014746447105
0,0,0.02502223996074648
0,0,0.05092003907702317
1,1,0.6173165222609492
1,0,0.028923847927863924
1,1,0.5234442525945098
0,0,0.0327029503912299
0,0,0.013118506126239321
1,0,0.03399478906773662
0,0,0.021639329100167238
1,0,0.030065534252568683
1,1,0.9977150034786393
1,1,0.9997471839425058
0,0,0.027100036850894897
0,0,0.05997436134831567
0,0,0.014027210103177151
1,1,0.9997975629750596
0,0,0.0318373489622728
0,0,0.035152707514187774
1,0,0.19660912804672895
0,0,0.021124487609105985
1,1,0.960322926983213
0,0,0.013094842232096258
0,0,0.0227610433638464
0,0,0.05633857709319686
0,0,0.14288141136325877
0,0,0.03277588958839223
0,0,0.011507493375064196
0,0,0.02773051686101486
0,0,0.05454513828832251
1,0,0.058289419868549124
0,0,0.023220638519385522
0,0,0.027999608134020117
1,1,0.9997674190857695
0,0,0.02358705339745193
0,0,0.02141743188660102
0,0,0.012916137472211767
0,0,0.052562138191294835
0,0,0.04172132616833548
0,0,0.03779048689938357
0,0,0.02205965538770953
0,0,0.030098838341507537
0,0,0.02017317240067476
0,0,0.12862556726578453
0,0,0.016176971776032886
1,1,0.9990369182608246
0,1,0.8205568861059597
0,0,0.06673353777600466
0,0,0.0076606992922228405
0,0,0.007053131756228198
0,0,0.04287800606986096
0,0,0.016178655313849346
1,1,0.999942586093941
0,0,0.016476962141353763
0,0,0.006321632764752562
1,0,0.043816234730367394
0,0,0.1298893224445308
0,0,0.03206065527410987
0,0,0.034765036030116214
1,1,0.7440302077981593
1,1,0.9992171338669117
0,0,0.008143593602906066
0,0,0.013605117037763325
0,0,0.054132254061795546
0,0,0.04891525206853115
0,0,0.005925040378728675
1,1,0.6643090721313056
0,0,0.20293398516852287
0,0,0.01517788591201537
0,0,0.03371565591859773
0,0,0.016714689823521936
0,0,0.03388825874920795
0,0,0.005502242364048002
0,0,0.06365042540174382
1,1,0.9552929621422148
0,0,0.033319316948300086
0,0,0.04688752193113306
0,0,0.013000737501649923
1,1,0.9997813731470411
0,0,0.031057068381959888
0,0,0.015865279711221005
0,0,0.013638772144559563
0,0,0.01973127920832804
1,1,0.9993606558301273
0,0,0.014677206442602321
0,0,0.009963091512648516
0,0,0.014236610614405433
0,0,0.013673981634956017
0,0,0.019525509308541862
1,1,0.9269904423508046
0,0,0.03409141421326772
0,0,0.048098302213052724
0,0,0.04260162036648086
0,0,0.04120021791949314
0,0,0.03987776256525278
0,0,0.018075189601282352
0,0,0.011883969506387348
0,0,0.052898793566601335
0,0,0.015921981961871595
0,0,0.06684290546050081
0,0,0.02856555895025967
0,0,0.017510899622774398
0,0,0.010243175352093573
0,0,0.03603567752245968
0,0,0.3383695899782992
1,1,0.9993294974193523
1,1,0.7329681311697128
0,0,0.027580815346703653
0,0,0.018152275696684633
0,0,0.008846121445079826
1,1,0.6590259173354925
0,0,0.031135455969268963
0,0,0.006201049708405262
0,0,0.03775620792898264
1,1,0.6915040245766958
0,0,0.03366786254293733
0,0,0.41482940072629154
0,0,0.03871536081528037
0,0,0.050772302358397726
0,0,0.03247626985183612
1,1,0.5833897787147583
0,0,0.04042460468945455
1,1,0.9826111912738038
0,0,0.01188879988473683
0,0,0.03590875135237698
0,0,0.008690037532499393
0,0,0.019989395008715927
0,0,0.03719925738959934
1,1,0.999316945555984
0,0,0.012509689234022193
0,0,0.03278585445629677
1,1,0.7531727398781882
0,0,0.04005391974694585
0,0,0.03141349170612484
1,1,0.9827879810688063
0,0,0.017645268061045365
0,0,0.03753876929923373
0,0,0.013237514292381304
0,0,0.041130624275782186
0,0,0.06208878746286156
0,0,0.0713994747443944
1,1,0.9847847429920238
1,1,0.9998041255508305
0,0,0.029575173688410776
0,0,0.04018483004858814
0,0,0.017644876185455387
0,0,0.00968175859610214
0,0,0.03140678083637695
1,0,0.4164930430947005
0,0,0.021743863861233947
0,0,0.06760278234465526
0,0,0.027559421942471497
1,1,0.5454467879507187
0,0,0.046565531695109366
0,0,0.10268618624329721
0,0,0.02800273589191591
0,0,0.0407895383606605
0,0,0.02779710826077702
0,0,0.010894030293649708
0,0,0.028015972052412484
0,0,0.012206542691420656
0,0,0.01321637472779815
0,0,0.05001106681655666
1,1,0.9998960834334103
0,0,0.06360745422355611
0,0,0.015830759269207816
0,0,0.01851562842432081
0,0,0.025000126323999904
0,0,0.041704940770927575
0,0,0.031022133874732762
0,0,0.01622927978861704
0,0,0.009574011428258998
1,0,0.11745644018092259
0,0,0.014659298087783462
1,0,0.049379867737980504
0,0,0.024437928962358805
0,0,0.007453192398875655
0,0,0.015377016786115052
0,0,0.014389009455501008
0,0,0.11761232011837101
0,0,0.018471281852728838
1,1,0.9995030320909556
0,0,0.007713771318179783
0,0,0.014497062809570213
0,0,0.02916381988325581
0,0,0.014714036850723472
0,0,0.03926899847849788
0,0,0.020135545092977405
0,0,0.015362300832898588
0,0,0.01917642642564567
0,0,0.050788750112207535
0,0,0.020760977862873526
1,1,0.9993539615282746
0,0,0.01624430797743498
0,0,0.03416144578522752
0,0,0.03251801328281904
1,1,0.9991121702736323
0,0,0.01504416806932268
0,0,0.014056720876372315
0,0,0.03658625499570794
0,0,0.020710925446348206
0,0,0.04564636383998805
0,0,0.01058076620003908
0,0,0.04162371014059053
0,0,0.029103936876393517
0,0,0.009014614515961005
0,0,0.018225570158988312
0,0,0.0183449895291139
0,0,0.03227629097729909
0,0,0.016992557083737
0,0,0.014465310387642172
1,1,0.9962977519796181
0,0,0.031022133874732762
0,0,0.017523313017020068
0,0,0.029521027628155994
0,0,0.009543182646279616
1,1,0.9840674501771505
0,0,0.016408447488976238
0,0,0.08688600087670544
0,0,0.0119715885978116
0,0,0.05347374567921135
0,0,0.06406488709195889
1,0,0.28351091974661935
0,0,0.06379554701692153
0,0,0.009883159965163922
0,0,0.03222675072500601
0,0,0.00784494430084313
0,0,0.07023648695280955
0,0,0.14539616220134188
1,1,0.9992932576658761
0,0,0.013722076946739761
0,0,0.003595207110761609
0,0,0.029288930618820732
0,0,0.08827169305895058
0,0,0.012678724288632804
0,0,0.010410000139646025
1,1,0.9794141172301176
1,1,0.942920625838609
0,0,0.025223960690205476
0,0,0.2887199416691565
0,0,0.020904450336706175
0,0,0.021274149207418873
0,0,0.023647672825547025
0,0,0.04282172676121922
0,0,0.031524510384223846
0,0,0.03441408643135673
0,0,0.02067526475298159
0,0,0.024672242008766332
1,1,0.9917516533057578
0,0,0.019346519969326473
0,0,0.019531517644879107
1,1,0.9686073760003633
1,1,0.9998263631282537
0,0,0.019515793295255816
0,0,0.013111757402716537
0,0,0.0283049012039129
0,0,0.016290230689796584
1,1,0.9932388721582105
0,0,0.06495328601431653
1,1,0.9988276221592755
0,0,0.05233748875806704
0,0,0.05817326606998099
1,1,0.9997840156284328
0,0,0.08590118130511872
1,1,0.837275435446767
0,1,0.5403288421137269
0,0,0.008050351211842973
0,0,0.03495146019352444
1,1,0.9996694483111653
0,0,0.047019866137025135
0,0,0.17038518699657354
0,0,0.012773721707366965
0,0,0.043148725130316985
0,0,0.01739280106828666
0,0,0.05280361199118734
0,0,0.01013161691614291
1,1,0.8193985901820081
1,0,0.0840041919701094
0,0,0.01070001522276384
0,0,0.013385596926605889
0,0,0.010224877462157587
0,0,0.034731511153649156
0,0,0.012749093967906066
0,0,0.010051260352666442
1,1,0.9998875306655737
0,0,0.008476932914362786
0,0,0.03285208920274149
0,0,0.006662892171796517
0,0,0.06527488046099605
0,0,0.03138447107377687
1,1,0.9994134407518257
1,1,0.9995420574137701
0,0,0.012234474975137567
0,0,0.04763611784335022
0,0,0.03776266301899523
0,0,0.08641224866000821
1,1,0.7698606457419777
0,0,0.008791139175066826
0,0,0.014530332662906981
0,0,0.05076594340950798
0,0,0.04516808796332964
0,0,0.01230750405073241
1,1,0.7346450894683962
0,0,0.029576828208922247
0,0,0.010134244828336848
1,1,0.9183132934003917
0,0,0.018347174381973957
0,0,0.012068854553000798
0,0,0.03458182158101353
0,0,0.034203152134476535
0,0,0.011136985606737213
0,0,0.03308669610714606
0,0,0.014747087070777001
1,1,0.9994452829170777
0,0,0.06871966565036693
0,0,0.02204787635441707
0,0,0.05994257415819054
1,1,0.9797847316735849
0,0,0.025734426033026187
0,0,0.042569848389723684
0,0,0.05633857709319686
0,0,0.016594367465835126
1,0,0.10504836865004054
0,0,0.04778545476652022
0,0,0.01510736141320158
0,0,0.020747986629118642
0,0,0.06129922653183827
0,0,0.04212940892217617
1,1,0.8779507357259625
0,0,0.017679906693212486
0,0,0.019877542021514132
0,0,0.04212137393602734
0,0,0.04772140469278258
1,1,0.9752853316755739
1,0,0.27058005581669464
1,1,0.7811837531991809
0,0,0.022079386192304148
0,0,0.03796631907344262
0,0,0.008223941634186617
0,0,0.0212450080417018
0,0,0.03706718375896902
0,0,0.009555251572074926
0,0,0.01592936334094745
0,0,0.024765053164236803
0,0,0.03925845715024178
0,0,0.025114632976667075
0,0,0.012592964950210813
0,0,0.08435409352878738
0,0,0.01167794093514104
0,0,0.0386516590761211
0,0,0.020408471121063143
0,1,0.9258667314227371
1,1,0.6694225593489992
1,1,0.9985921286954498
0,0,0.026060571375672432
0,0,0.03703648907070033
0,0,0.008299401490921692
0,0,0.006058718527344557
1,1,0.9749597263210289
1,1,0.6480527644047787
0,0,0.011289916870325104
0,0,0.03827490653530538
0,0,0.027844087893801498
0,0,0.016606700255502937
0,0,0.03663496698000869
0,0,0.03931480705088453
0,0,0.014162405887661293
1,1,0.999893931032797
0,0,0.03594385108311342
1,1,0.9750725057680896
0,0,0.008380442719506342
1,0,0.04575299060442985
0,0,0.02210385043105617
0,0,0.019393601631502357
0,1,0.9091993799717443
0,0,0.04555172234981474
0,1,0.5500397106779138
0,0,0.03862313488236524
1,1,0.9995596553266578
0,0,0.036204706160347065
0,0,0.00940736241265318
0,0,0.01582500971347615
0,0,0.013665150792965874
0,0,0.015015504944075749
0,0,0.011292253614699547
0,0,0.0590548192891276
0,0,0.020380390628666485
0,0,0.004916261891851723
1,0,0.02664360543537087
0,0,0.029333403322443937
0,0,0.033458983475843744
0,0,0.03607564476063833
1,1,0.9994853704254671
1,0,0.04181346748319485
0,0,0.03635993565936942
0,0,0.022205899755674618
0,0,0.04244635228865957
1,1,0.9918832825555737
0,0,0.018728612179826798
0,1,0.7235091015196075
0,0,0.02445762918375976
0,0,0.017284513235209565
0,0,0.062159685406819064
0,0,0.025865715524389554
0,0,0.014593411541318532
0,0,0.03184112548638748
1,1,0.999270384627049
0,0,0.014919068065023659
0,0,0.00853244028422784
0,0,0.015085837086525247
0,0,0.055449671824513304
0,0,0.034188856285455226
0,0,0.04451212552215494
0,0,0.02840808730273504
1,1,0.9996013279181596
0,0,0.01614955406184273
0,0,0.009023142829243264
0,0,0.03853567958952597
0,0,0.028205881149066834
0,0,0.010217313752046809
0,0,0.07964297476285483
0,0,0.05111214304642346
0,0,0.030205600430758376
0,0,0.03588930621879104
0,0,0.03179470805296257
0,0,0.015725390758071375
0,0,0.09191391055620592
0,0,0.01743082321851646
0,0,0.04476881335533206
0,0,0.12661691672573933
0,0,0.02631894738625377
0,0,0.014399021136407997
0,0,0.019705410625790374
1,1,0.6768187823594618
1,1,0.999901900690737
1,0,0.046505187246945336
0,0,0.019423037183855837
0,0,0.005477108916999155
0,0,0.042783273677825244
0,0,0.032723957211324234
1,1,0.9987772449702035
1,1,0.998901530900692
1,1,0.9994255578610768
0,0,0.03753701140937018
0,0,0.015122648532622015
0,0,0.036732984927456525
0,0,0.03499351711286053
0,1,0.8732076834831737
0,0,0.02396419085932425
0,0,0.05772934923859597
0,0,0.006245547594312987
0,0,0.03942915302611294
0,0,0.02975693221186155
0,0,0.021220331435635054
0,0,0.03362935486229887
0,0,0.04306939368430916
0,0,0.011517785017692005
0,0,0.053688768661447284
1,1,0.9993489358198431
1,1,0.7631240794567216
1,0,0.44304956943066004
0,0,0.04836717708434412
0,0,0.02173152079250749
1,1,0.9893548209321135
0,0,0.01657319011160611
0,0,0.015236522148352099
1,1,0.5424993069218152
1,1,0.9995936687795492
0,0,0.00615335370289175
0,0,0.020717382394849614
1,1,0.9993606558301273
0,0,0.03327340345018345
0,0,0.019899494623753698
0,0,0.04929687685530209
1,1,0.9934366475303785
0,0,0.04657529538992073
0,0,0.032780081238046446
0,0,0.01595819563135423
0,0,0.033973593988577175
1,1,0.9995512956045824
0,0,0.01747853184890695
0,0,0.037196430360189964
0,0,0.02248038984709004
0,0,0.03681953118049988
0,0,0.0302658349712051
1,1,0.9987334489772799
0,0,0.09898566711995749
1,0,0.024832993910943613
0,0,0.0310927957955481
0,0,0.0228496836918061
0,0,0.021410333595782278
0,0,0.011500834327236182
0,0,0.07421504796540891
1,0,0.4014597362242375
0,0,0.018001314863927104
0,0,0.05548599621050183
0,0,0.013999342103445453
0,0,0.031207175743796577
1,1,0.9825124893264906
0,0,0.014297290911739396
0,0,0.011918462529495015
1,1,0.9987547952713058
1,1,0.9986218282039447
0,0,0.16780477347065612
0,0,0.014829459485025726
0,0,0.013478100034244048
0,0,0.009889499084913411
0,0,0.03284751219314343
0,0,0.030313502156442438
0,0,0.05276697390250744
0,0,0.02274040317470248
1,0,0.06113665014060584
0,0,0.010471882879965859
1,1,0.9416379486312455
1,1,0.9998907732957045
0,0,0.047026166942546965
0,0,0.023648325006924372
0,0,0.005611041629692777
0,0,0.02007502486285449
0,0,0.018348920385916092
0,0,0.029593501228057286
0,0,0.05546832793817225
0,0,0.019949010443320734
1,1,0.9997545186087857
0,0,0.2445802747981481
0,0,0.0648964741975802
0,0,0.04608248660795511
0,0,0.030246299226914918
1,0,0.30510528803576925
0,0,0.014623518806539653
0,0,0.041219992500675214
1,0,0.2501614061654714
0,0,0.017660934261855037
0,0,0.01828112257991037
1,1,0.9993242669927092
0,0,0.03758863222171056
1,1,0.9675458662987921
0,0,0.03486216692925073
0,0,0.024719674715163998
0,0,0.027537370482142807
0,0,0.016714026853984175
0,0,0.03700730861842024
1,1,0.9603441031285814
0,0,0.19884761808536924
0,0,0.015454325599699531
0,0,0.027460537789562776
0,0,0.017377582184161987
0,0,0.12782173172818956
0,0,0.025005991741218706
0,0,0.03860727862131188
0,0,0.028993724491207955
1,0,0.11719981618194851
0,0,0.03955768316328715
1,1,0.962538036187268
1,1,0.923852695141566
0,0,0.032388530740950765
1,1,0.9983225838408473
1,1,0.9998444851122328
0,0,0.01576791454821261
0,0,0.014286314223241458
1,1,0.9089271074205918
0,0,0.02001860536614859
0,0,0.10361417919687727
0,0,0.07060330608638679
1,1,0.9987094496636192
0,0,0.016083283055845426
0,0,0.08305074840541302
1,1,0.9991121702736323
0,0,0.11804661403024358
0,0,0.1801742928577343
0,0,0.020459396775463823
0,0,0.010218700361127703
0,0,0.022023570851696844
0,0,0.028422278285183396
0,0,0.026675165754759273
0,0,0.015553338821268655
1,1,0.9995030320909556
0,0,0.006916307981287818
0,0,0.027909285837683828
1,1,0.9993089569457019
0,0,0.04553057941298267
1,1,0.9985666596847531
0,0,0.016531124444559977
0,0,0.03208653636250433
0,0,0.03962776423610142
0,0,0.0455737112419399
1,1,0.999416088723326
0,0,0.02519522643461093
0,0,0.00900947942194305
0,0,0.04019270957667059
0,0,0.025268972634670917
0,0,0.05111452524645278
0,0,0.006610754756846602
0,0,0.019239004608779163
0,0,0.012521288192720996
0,0,0.04447786939769982
0,0,0.07133327094971866
0,0,0.02680278730353423
0,0,0.0170188959116677
0,0,0.005440449536447175
1,0,0.2034735071512741
0,0,0.01965682428256428
1,1,0.9998075380533451
1,0,0.2708272034301076
0,0,0.03182280439383629
0,0,0.022595511284628576
0,0,0.0322395204438746
0,0,0.05414975590514809
1,1,0.9993811639231367
0,0,0.008815909817115924
0,0,0.10285662173637868
0,0,0.04228236100105972
0,0,0.01961866625824129
0,0,0.0331401992860774
0,0,0.014460421672597926
1,1,0.9638159400964486
0,0,0.005330144091082872
0,0,0.3508474167601513
0,0,0.02911567844078539
0,0,0.020994175453921467
0,0,0.02112023817070345
0,0,0.019296687868709826
0,0,0.023853514028735034
0,0,0.10287497168135498
1,1,0.9997121367690485
0,0,0.02717098120025222
0,0,0.02304343408359975
0,0,0.022036461099843415
0,0,0.027862567739647914
0,0,0.027100637291495967
1,1,0.9990839212343331
0,0,0.015373536236542579
0,0,0.030534278075468053
0,0,0.1899698629334424
0,0,0.07661775139894922
0,0,0.041843409340381055
0,0,0.031100087062135878
0,0,0.03710601945062723
0,0,0.012698262763145781
0,0,0.04558072766725844
0,0,0.012977149152721572
0,0,0.03962312554272097
0,0,0.03360042381061611
0,0,0.0075502999634607755
0,0,0.03726616969739674
0,0,0.0626685943321735
0,0,0.01252302074423113
0,0,0.042333810686594794
0,0,0.03223721708595473
1,1,0.7512192610207588
1,0,0.35539578705596914
0,0,0.049441327909653124
1,1,0.5194297043717375
0,0,0.012856787617607578
0,0,0.04588141476674745
1,0,0.2107005051023055
0,0,0.09275087645614204
0,0,0.01817779185025938
0,0,0.04101988310579675
0,0,0.019309769062409242
0,0,0.02085970091996771
1,1,0.9990724864492724
0,0,0.015666206942703546
1,1,0.720472201694017
0,0,0.012814785223663404
0,0,0.019312912108605768
1,1,0.9994710948868261
0,0,0.01963907666065992
0,0,0.006687551660809613
0,0,0.04099632345904017
0,0,0.010585356607429968
1,1,0.9987548413192897
0,0,0.014013088612768825
0,0,0.0120383336090244
1,1,0.9995300533624393
0,0,0.12919464926688412
0,0,0.016203513850866602
0,0,0.025151977929823325
0,0,0.02450046365791425
0,0,0.006462960601737357
0,0,0.02416975083062773
0,0,0.010883957230708962
1,1,0.9903806175710497
1,1,0.5900551138429089
0,0,0.03739384385189741
0,0,0.013051575305944417
0,0,0.02157887066374579
0,0,0.03789248873031987
0,0,0.013717026579793281
0,0,0.020608023401172768
1,1,0.9988562532321767
0,0,0.020147490247736974
1,1,0.9998847904564673
1,0,0.07491786558307208
1,1,0.9155596261158581
0,0,0.015070742988218373
0,0,0.024147727604664514
0,0,0.06981180759420398
0,0,0.02082351962115064
1,1,0.891223692481773
0,0,0.04250218262289894
0,0,0.03397466955590617
0,0,0.03521189357136973
0,0,0.030952643757005828
0,0,0.022205899755674618
0,0,0.03350984894769048
0,0,0.017657437248394102
1,1,0.9982230678533561
0,0,0.029662958291764945
0,0,0.014473507760008024
0,0,0.01880110721929626
0,0,0.04960311638183945
0,0,0.02869649739677044
0,0,0.037773832920663296
0,0,0.03006042651965885
0,0,0.038106719801266786
0,0,0.032916912069563535
1,1,0.9991571461499789
0,0,0.01801859472967271
0,0,0.016157311424018887
0,0,0.02736953607897654
0,0,0.42814651290304445
1,1,0.8314731019340761
0,0,0.07734057014018944
1,0,0.02277137614759519
0,0,0.013183274508564772
1,1,0.9997674074493829
1,1,0.9803915679698102
0,0,0.012302368714843923
0,0,0.04829305618981263
0,0,0.03281348453982797
0,0,0.040834387166347554
1,1,0.9989678434840339
1,1,0.9807025474549299
0,0,0.005600865193911131
0,0,0.021121627591733017
1,0,0.04757477570444516
1,1,0.9998399597269172
0,0,0.018400914673007016
0,0,0.030049636302340504
0,0,0.041154021929534504
0,0,0.0391632961482352
1,1,0.9955038898006937
0,0,0.02716983833879908
0,0,0.02518686969097313
0,0,0.02490346297203639
0,0,0.07082301473601257
0,0,0.07086726858958496
0,0,0.03804048866946739
0,0,0.017554946478417724
0,0,0.09883892001863077
0,0,0.016756616484964838
0,0,0.0414329433565056
0,0,0.0985205709988706
0,0,0.011620131313278938
0,0,0.028903274284891003
1,1,0.9482823701681298
0,0,0.014967477858047378
0,0,0.035107759683086076
0,0,0.07319476962517818
0,0,0.0071122250485270355
1,0,0.18956962776258576
0,0,0.051156526668607295
0,0,0.008013022949954561
0,0,0.018567846050969793
1,0,0.1974779613180651
0,0,0.008500588620521625
0,0,0.03380326905156598
1,1,0.999431684822995
0,0,0.019083946325077494
0,0,0.010035409066901277
1,1,0.9805444827916457
0,0,0.02084832514189836
0,0,0.020200502413563446
1,1,0.999821744182054
0,0,0.015061370739297395
0,0,0.05591464966398631
0,0,0.016560128776704257
1,1,0.9354264475820827
0,0,0.1041186074747902
0,0,0.04564015007395732
0,0,0.03273110487803761
0,0,0.015146286406704231
0,0,0.015010177776743966
0,0,0.04640925289950671
0,0,0.05728273223896868
0,0,0.011793539278114872
0,0,0.0227250071726584
0,0,0.064414082373804
0,0,0.060473253047581506
0,0,0.03854969720124815
0,1,0.9113643762511663
0,0,0.048564647522883725
0,0,0.068297456056726
0,0,0.014376783676015463
1,1,0.9997892697779285
0,0,0.3419542988220077
0,0,0.011626032783787484
0,0,0.020892083106859412
0,0,0.021823383603943418
0,0,0.040946801076407933
0,0,0.03449734363231517
0,0,0.012318495727765827
0,0,0.01449108497678846
0,0,0.06035097614967899
0,0,0.03412151575735014
0,0,0.016421999577671174
0,0,0.014804297447055852
0,1,0.8212229212428589
0,0,0.021172222060072268
1,1,0.9800832680996661
0,0,0.018641122697767142
0,0,0.022498678453179793
1,1,0.999392265469215
1,1,0.9993294974193523
0,0,0.026162018450783836
0,0,0.017488422758945462
0,0,0.007701798565496965
0,0,0.02018326130632197
1,1,0.644110784589126
0,0,0.01938672661449509
0,0,0.029452405789875524
0,0,0.018082806650342932
0,0,0.014974501189838093
1,1,0.6046484853361587
1,1,0.9994839176102168
0,0,0.015276456729674008
0,0,0.02914232003654843
0,0,0.21703661042736228
0,0,0.014267532040143062
0,0,0.01476003592830367
0,0,0.03742496896424474
0,0,0.023041161434141113
0,0,0.02099218855433782
0,0,0.00846574880821037
0,0,0.022615383004885914
0,0,0.018860944280184432
0,0,0.019482894882845925
0,0,0.01186168547874416
0,0,0.024266933869387754
1,1,0.999751136699353
0,0,0.00842965967111774
0,0,0.014597062759751896
0,0,0.018231852698940117
0,0,0.019967719665257885
0,0,0.04087310207994756
1,1,0.99820528501567
0,0,0.017116001349935975
1,1,0.9997603416557012
0,0,0.026445489801127584
1,1,0.9959009279756023
1,1,0.9950521791447928
0,0,0.019367483544736098
1,1,0.7287953813096336
1,1,0.9991232277645716
0,0,0.04923164403602855
0,0,0.013748878592252822
0,0,0.042653448963567986
1,1,0.9994282286462257
0,0,0.038077307076628784
0,0,0.050508118917244306
0,0,0.04571586455545497
0,0,0.047453171741348964
1,1,0.9978696573872061
0,0,0.018396685845019273
0,0,0.040851078223346785
0,0,0.027244697443463493
0,0,0.011247488142854114
0,0,0.01442715843603588
0,0,0.03923896927616867
0,0,0.034478332406103214
0,0,0.05212245281523672
0,0,0.03510003416147533
0,0,0.03881134243640348
0,0,0.015779466939089028
0,0,0.03400499067544772
0,0,0.031653132703421454
0,0,0.04524761788216812
0,0,0.009122036252812079
1,0,0.09867739757052812
0,0,0.033382276336496604
0,0,0.05534140926177736
0,0,0.06785965588490472
0,0,0.04435814996720711
0,0,0.019959027962332707
0,0,0.07701169510574389
0,1,0.6352026132473978
0,0,0.03680799400196861
1,1,0.9996421660880761
0,0,0.036514667832413056
0,0,0.05050039160012698
0,0,0.023965683013862142
0,0,0.035698131933939684
0,0,0.03032714772521406
1,1,0.9996590666841654
0,0,0.024631251297240805
1,1,0.9997511769228145
0,0,0.026321934098466976
1,1,0.9973980798689892
0,0,0.12151462115940734
0,0,0.0890490974543497
0,0,0.03612822435083529
0,0,0.011638700436171216
1,1,0.9913680283093403
0,0,0.01188951930072753
1,1,0.6215066312757592
1,1,0.8951580823964954
0,0,0.04373326413009011
1,0,0.013101367912297584
0,0,0.014917348899766734
1,1,0.5447749862321288
0,0,0.045308736502044145
0,0,0.07991715923996441
0,0,0.03735803119263699
0,0,0.03471044526404278
0,0,0.04720822129543991
0,0,0.05713949424719293
0,0,0.034848989877848846
0,0,0.011166423877140447
0,0,0.02746692260075847
0,0,0.018144520007790457
1,1,0.6430696461832349
0,0,0.007553050564963394
0,0,0.027679286718299854
0,0,0.3840225175655771
0,0,0.008584415706252279
0,0,0.030769296211115925
1,1,0.9996619225387016
0,0,0.04002187300103251
1,1,0.9988344340240796
1,0,0.06706143646127166
1,1,0.9381247474694947
0,0,0.035951556270871425
0,0,0.015795144026168623
0,0,0.016320047448114598
1,1,0.970367916102074
0,1,0.6552659714442753
1,0,0.4551402183409263
0,0,0.3419542988220077
0,0,0.013177921414721593
0,0,0.041023242447043334
0,0,0.022634904790047185
0,0,0.03277731481735822
1,1,0.8811729235655867
0,0,0.013394379832266757
0,0,0.045180198979506515
0,0,0.010271581683529235
0,0,0.023790500687936332
0,0,0.034552881015128545
0,0,0.04473494140401264
0,0,0.030070075684885914
0,0,0.018886836788188397
0,0,0.009076126779742812
0,0,0.030051658471920897
0,0,0.033246144239767336
1,0,0.009929475250751284
1,1,0.999607422713094
1,1,0.999477022245515
0,0,0.037477291667881225
0,0,0.009562819288767748
0,0,0.06727064790906419
1,1,0.8457933957277162
1,1,0.874824802093958
0,0,0.02056492905513046
0,0,0.013551789271580565
0,0,0.018211698004475453
0,0,0.03669317065585604
1,0,0.1768140787707226
0,0,0.008398845812468525
0,0,0.004816931052564699
1,1,0.9762177201626162
0,0,0.02353500082326034
0,0,0.01808964752461501
0,0,0.0056797865428149475
0,0,0.013016469648534642
1,1,0.7363798956020472
0,0,0.06310442484416792
0,0,0.02141095843295623
0,0,0.04050133746995178
0,0,0.04269238856635377
0,0,0.008536410667412295
0,0,0.02697413147653401
1,1,0.9995059939512737
0,0,0.023163572170878246
0,0,0.0859783492997653
0,0,0.04572553671091175
1,1,0.8133167978967506
0,0,0.044747787062298955
0,0,0.07504136319878191
0,0,0.026966740564258292
0,0,0.014691115191905482
0,0,0.0264290979493601
1,1,0.9991468668707444
0,0,0.0412742005310837
0,0,0.042864862664057334
0,0,0.028918128420118795
0,0,0.02582770430505834
0,0,0.009478799987326878
0,0,0.022845035146917506
0,0,0.014879263518147903
0,0,0.01497987810012757
0,0,0.009190107080798999
0,0,0.019947676549193334
0,0,0.0714467087453462
0,0,0.011281031762971919
0,0,0.01936414776753469
0,0,0.0903128367212364
0,0,0.04149493031351043
0,0,0.03437374389944831
0,0,0.028639564046680353
1,0,0.2330665430880266
0,0,0.011382979984953728
0,0,0.01571732072366137
0,0,0.014443100906585618
1,1,0.9441868382971798
0,0,0.03585610127618422
1,0,0.23315459828255417
1,1,0.9984719263565155
0,0,0.03431861228750257
0,0,0.019824829292080234
0,0,0.02986788670059407
0,0,0.016132320550762705
0,0,0.022351052280835695
0,0,0.03417593303150534
1,0,0.041102784244100375
0,0,0.027597456174101177
0,0,0.024726561292658378
0,0,0.05839761202984538
0,0,0.02595393872510417
0,0,0.009976974858545085
0,0,0.020793461415892642
0,0,0.03573570970110384
0,0,0.011956646904264913
0,0,0.031050661825383106
0,0,0.02201507559862616
1,1,0.9814862642683457
0,0,0.017781313610936808
0,0,0.025022154211881163
0,0,0.025147358101250992
1,1,0.9748039357250563
0,0,0.010458835741667227
0,0,0.02453737804604484
0,0,0.029090116724330584
0,0,0.011980944448025487
0,0,0.024583936824922152
0,0,0.036125082791582115
0,0,0.01121124603971653
0,0,0.04041127139203944
0,0,0.020970081387836525
0,0,0.012095060105108387
0,0,0.0082315577513937
0,0,0.03835637608089137
0,0,0.029360014274587568
1,1,0.9998514428852179
0,0,0.03720972532281596
0,0,0.013779162450671617
0,0,0.04991837362411894
0,0,0.03758712500251295
0,0,0.03897453580935776
0,0,0.015970891544571694
1,1,0.9995030320909556
0,0,0.013307405897520767
0,0,0.030949309924263726
0,0,0.011452964365995265
0,0,0.07411643288745823
0,0,0.012552397507132006
1,0,0.019788539978538435
1,1,0.9991317551585108
0,0,0.02926567263587385
0,0,0.0163621003827971
0,0,0.11572373187990492
0,0,0.04155629475791877
1,1,0.9997667388134904
1,1,0.9996741253528223
0,0,0.008451466464826125
0,0,0.02160449908570041
0,0,0.04868961978392968
0,0,0.030444740077700004
1,1,0.9996967141450404
0,0,0.04373976060103048
0,0,0.024217520594326993
0,0,0.024457183776330948
0,0,0.048649917792139466
1,1,0.9996670993750787
0,0,0.038208485496444095
0,0,0.037380852794172595
0,0,0.03707430282918295
0,0,0.03698337849189322
0,0,0.009884866819806064
0,0,0.046557230851359585
0,0,0.045447827776539836
0,0,0.019169435944138707
0,0,0.031129771213548436
0,0,0.015311046379824203
0,0,0.01916277555034371
0,0,0.012202675216371188
0,0,0.017353070900895076
0,0,0.14530282161036664
0,0,0.011536704658979548
1,1,0.9999129426252605
0,0,0.015469933708050315
0,0,0.03902638264250638
0,0,0.004943838833760267
0,0,0.10538232591475898
1,1,0.9673647193519507
0,0,0.1076677474295101
0,0,0.01685892537991256
0,0,0.027680366200599563
0,0,0.019231487413352004
0,0,0.02947733396553638
1,1,0.5213862654713683
0,0,0.024719172638920983
0,0,0.01745951519364638
1,1,0.9989460083482249
0,0,0.03097007309744718
0,0,0.2963058559194648
0,0,0.019324192993175265
0,0,0.014756457742856102
0,0,0.0103792866321275
0,0,0.19236018282358977
0,0,0.022613481164556835
0,0,0.18629505031927082
0,0,0.04142576935981785
1,1,0.995311344898175
0,0,0.04279381328703744
1,1,0.9617707882618737
0,0,0.016441218633135742
0,0,0.015721204219239445
0,0,0.015002814845099488
0,0,0.02803622954714424
0,0,0.14262966886481132
0,0,0.034667073096275945
0,0,0.10260392806406378
0,0,0.020186860427789225
0,0,0.01947634504979142
0,0,0.0162317672071705
1,1,0.9995950948026164
1,0,0.014976490559270953
0,0,0.01109325553367325
1,1,0.9997871806599274
1,1,0.9623315975616796
0,0,0.012581446392300681
0,0,0.012315713524278089
0,0,0.02027262011504122
0,0,0.02532389923877228
1,1,0.6368515253345628
0,0,0.010704313672310102
0,0,0.020404060160336534
0,0,0.048907010003845744
0,0,0.016833545364188775
0,0,0.011843190913177985
0,0,0.08822367549327091
0,0,0.016337206289878243
1,1,0.9751024579408458
0,0,0.02986049351906452
0,0,0.030964400159658678
0,0,0.020206885938636038
0,0,0.026708704192764336
0,0,0.007030543947205268
0,0,0.036928463474147556
0,0,0.010513275024143946
0,0,0.13079411042244926
0,0,0.036388956973168664
1,1,0.9986064618523608
1,1,0.9992375024435961
0,0,0.05633526188806357
0,0,0.050565346076847484
0,0,0.034623067171183054
0,0,0.018011447459103585
0,0,0.0760544438693829
0,0,0.009796098601045236
1,1,0.9989359396793386
0,0,0.02208207740676923
1,0,0.07209297862668718
0,0,0.12122864328072622
0,0,0.03580432201861119
0,0,0.008127153980545806
0,0,0.017740365888452684
0,0,0.05503317122122142
0,0,0.03128334054883479
0,0,0.04157029848197549
0,0,0.013694222899018673
0,0,0.017743353088387193
0,0,0.010821575898312702
0,0,0.025152025446640237
0,0,0.037726820967742394
0,0,0.03396668909444956
1,1,0.9988783334663681
0,0,0.04152087991194025
1,0,0.17809926892556843
0,0,0.02568575859444873
0,0,0.041511548208687625
0,0,0.04342371241989337
0,0,0.028439482502784517
0,0,0.020206816227868612
0,0,0.051552837062218235
0,0,0.02903666323003413
1,1,0.9979292106252002
0,0,0.03679808527542448
0,0,0.015669608328189265
1,1,0.9995401311039986
0,0,0.08525162258136093
0,0,0.015392263472229375
0,0,0.0051636199050853725
0,1,0.8516763970070796
0,0,0.06589558015679704
0,0,0.04151028914204395
0,0,0.015658897378216362
1,1,0.9994423810152697
0,0,0.05052160910029199
0,0,0.04545595535635722
1,1,0.864792061171858
0,0,0.018442349881356783
0,0,0.04102170407909908
0,0,0.012600118005509461
0,0,0.0319493587271269
0,0,0.010597295365725842
0,0,0.010889790478962753
0,0,0.027837405548809275
0,0,0.034856418784631846
0,0,0.015321250256352873
0,0,0.025754098141315587
0,0,0.03449053801937569
0,0,0.020445110166905953
0,0,0.015088739638590616
0,0,0.04981817611911412
0,0,0.03225632272755787
0,0,0.25550777838145966
0,0,0.010666437187554759
0,0,0.02853258577936011
1,1,0.999529175835761
1,1,0.9992518806655879
0,0,0.03673461744738437
0,0,0.04470826805225761
0,0,0.03819648103802335
0,0,0.02382745609579024
1,1,0.8793546364505709
0,0,0.028669919438078742
0,0,0.024077164768898075
0,0,0.020672745195868935
0,0,0.047179639364687345
0,0,0.03044466855642299
0,0,0.007224215734834313
0,0,0.012660586461422709
1,1,0.999865662471106
1,1,0.9986007351071807
0,0,0.011634540229197403
0,0,0.03018659255941094
0,0,0.03854825465403182
0,0,0.015015504944075749
0,0,0.015325962352073995
1,1,0.9992625840018493
0,0,0.03035431763473396
0,0,0.014875192946921988
0,0,0.024036914381862725
0,0,0.020154969747777286
1,1,0.9994225551771306
0,0,0.01863175154545477
0,0,0.036137603726230594
0,0,0.06254585667326505
0,0,0.036037917836512605
0,0,0.018146969360021824
0,0,0.010799696784419593
0,0,0.05477971860137236
0,0,0.040201638891946716
0,0,0.03568316159675451
1,1,0.5662704812635331
0,0,0.04713014706280845
1,1,0.6886971347100568
0,0,0.01957447414237221
0,0,0.03231039863545618
0,0,0.021755735059585987
0,0,0.014984072603259372
0,0,0.0222757076832224
0,0,0.07617667466784295
1,1,0.7938499123114237
0,0,0.013724517074602089
1,1,0.9995043407923567
0,0,0.05206240862880049
0,0,0.013196784140747889
0,0,0.008311582694294883
1,0,0.11994953990481919
0,0,0.006776270052167703
1,1,0.9998630211474336
0,0,0.02390372560660372
0,0,0.014192946156658469
1,1,0.9998444851122328
1,1,0.9998504323595838
1,1,0.7838943028999307
1,1,0.9999120606970692
0,1,0.7481368731903204
0,0,0.011622303069257055
0,0,0.01982506393839188
0,0,0.01179531460269356
0,0,0.023594469285130523
0,0,0.0050468584717053505
0,0,0.07922400330463775
0,0,0.028802233925171
0,0,0.015467017178829881
0,0,0.013728989215895847
1,0,0.02411906333038432
0,0,0.02019315984827398
1,0,0.016348561852018786
0,0,0.02958243171976566
0,0,0.03790769879840025
1,1,0.999804832143291
1,1,0.9989474374855223
0,0,0.04002285961727001
0,0,0.030800508757005626
0,0,0.023782632441668214
0,0,0.05984911982342237
0,0,0.07686171487190332
1,1,0.9996109467866064
0,0,0.023991080361610854
0,0,0.008937879334736004
0,0,0.034686886641324355
1,1,0.9999664375181778
1,1,0.9998136567547081
1,1,0.9996274341424438
0,0,0.03952212114079369
0,0,0.01311646923176082
0,0,0.029517937022328872
0,0,0.05678748772856164
0,0,0.0338047784110222
0,0,0.015344495315356218
0,0,0.03515751649524847
0,0,0.018051209777718076
0,0,0.03787048671028398
0,0,0.03191650568944269
0,0,0.022781998358775556
0,0,0.006311324906554031
0,0,0.018051209777718076
1,0,0.08104195217527939
1,1,0.5397736136400826
0,0,0.009399708931511715
0,0,0.09168586825170816
0,0,0.04604256826541726
0,0,0.05235905669907273
0,0,0.017220337546687302
0,0,0.008603814781246215
0,0,0.015632218518144538
0,0,0.02539789992811919
0,0,0.017672410518937427
1,1,0.9977150034786393
0,0,0.011096714682201738
0,0,0.03108663301951557
0,0,0.02578778895548723
0,0,0.03264162602079517
0,0,0.021915687409345866
0,0,0.014885712241069798
0,0,0.01424642516171506
0,0,0.035427801418107564
0,0,0.02854826309538851
1,1,0.9995141891127828
1,1,0.9993647996124165
0,1,0.6938959832405214
0,0,0.022487865251239483
1,1,0.999575387474164
0,0,0.029680842373080264
0,0,0.009448639840581826
0,0,0.023082858709870722
1,1,0.9523078906774516
0,0,0.008448447035158844
0,0,0.04716047799639625
0,0,0.03278994162138058
1,1,0.9993606558301273
0,0,0.04556604926118002
0,0,0.031382358045832864
0,0,0.033101997494201854
1,1,0.9984621857259852
0,0,0.008935794347877456
1,1,0.9993722090807756
1,0,0.05125774892283971
0,0,0.01800569229462329
1,1,0.9990774386534638
1,1,0.9978806135325493
1,1,0.9996056580602901
0,0,0.018269205606516424
1,0,0.28742304351192594
0,0,0.0167537434278495
1,0,0.047506054631000855
0,0,0.025022154211881163
0,0,0.026196344810184798
0,0,0.009975418078643036
0,0,0.021104344967944427
0,0,0.028363109650887453
1,1,0.9998196491462542
1,1,0.9991131732660384
0,0,0.04177616789685774
0,0,0.01664240926754796
1,1,0.9996592557248566
0,0,0.014518971901454012
0,0,0.020147220761848314
0,0,0.013614364948692403
0,0,0.03131558000300994
1,1,0.9847812646426137
1,1,0.9997063826647711
1,0,0.3605451610289404
0,0,0.0716518076688434
0,0,0.044182188688416654
0,0,0.023843924635130586
0,0,0.016535389252856303
1,1,0.9995097013936429
0,0,0.02694714835617444
0,0,0.018730127873017793
0,0,0.024989814822736385
0,0,0.012556914055311893
0,0,0.023486863441269646
1,1,0.9993188294480387
1,1,0.999575387474164
1,1,0.960597464930828
0,0,0.08339223402272293
0,0,0.024650434327524604
0,0,0.01448024933613923
1,1,0.9995030320909556
0,0,0.0051676669065842335
0,0,0.017754527454871903
1,0,0.4607403965682666
0,0,0.04973653589364453
0,0,0.03101829680675731
1,1,0.9501931361127636
0,0,0.009424564889539945
0,0,0.047596632762836856
0,0,0.008982961183728981
0,0,0.0337539893147925
0,0,0.020678322344481505
0,0,0.023922654886298814
1,0,0.03790354229981001
0,0,0.03150683470987412
0,0,0.02333281677155146
0,0,0.02636856097708437
0,0,0.025048396308049028
0,0,0.03364831023491149
0,0,0.0365302702667093
0,0,0.03612791842101884
1,1,0.9993908965478849
0,0,0.044358999473084075
0,0,0.016875538881995406
0,0,0.034939424804859606
0,0,0.04000519964823078
0,0,0.03078477110317036
0,0,0.06054186849718731
0,0,0.011731111147446313
0,0,0.05684484017147087
1,1,0.5584382136693775
1,0,0.04842013239022018
0,0,0.04134124066867976
1,1,0.9992932576658761
0,0,0.0995524195082706
0,0,0.07116587653496664
0,0,0.016106406246204276
1,1,0.9682801937047527
1,0,0.02378299944455692
0,0,0.02705675890821074
0,0,0.013642196701412092
0,0,0.012087022544262244
1,1,0.9991585590293734
0,0,0.05180804726294102
1,1,0.8407394229815578
0,0,0.014972068025151788
0,0,0.022718453456411096
0,0,0.029321775433429814
0,0,0.012417964281457835
0,0,0.012244781996796775
0,0,0.009984745894530493
0,0,0.01644399616407597
0,0,0.01980827285764277
1,1,0.9998093464300739
0,0,0.005548328782237761
0,0,0.017163997867338625
0,0,0.02398592554427065
0,0,0.025856686247464636
0,0,0.013518061356890139
0,0,0.0574911491564194
0,0,0.04878536356738123
0,0,0.013848501505668532
0,0,0.055594982137348405
0,0,0.022093394785664498
1,1,0.9998639135402271
0,0,0.016320196061420295
1,1,0.952512451944731
1,1,0.9979558436641326
1,1,0.999514017183298
0,0,0.018743245455482258
1,1,0.9994209803032083
1,1,0.9996650824594249
0,0,0.013242703225617894
0,0,0.029802817659615184
0,0,0.036535946076549225
0,0,0.01654858070273647
0,0,0.015568120129062347
0,0,0.010490631241437837
0,0,0.028145902007177852
0,0,0.059129895857071436
0,0,0.050684495077980944
0,0,0.020705018099140302
0,0,0.038579745822468633
0,0,0.03807226916603537
0,0,0.013213967966558658
0,0,0.02346387651586682
0,0,0.09317379673619111
0,0,0.09890096590623335
0,0,0.017432083058356772
0,0,0.0856317034914734
0,0,0.02567690590350063
0,0,0.05790888917999269
0,0,0.01579765784257397
0,0,0.010983162519901734
0,0,0.020768599595674064
1,1,0.9009364153283418
0,0,0.009949528562063478
0,0,0.19241897941521932
0,0,0.018047990551997108
0,0,0.020979056115212773
0,0,0.03133296104642347
0,0,0.02834625923475879
0,0,0.014607187297550686
0,0,0.026118885715465643
0,0,0.10677670818469047
0,0,0.02664360543537087
0,0,0.04677047995837373
0,0,0.04416066526864168
0,0,0.13508585725253677
0,0,0.03247498153060555
1,1,0.8188426537152784
0,0,0.03916979012425064
1,1,0.9657129537053465
0,0,0.03899004317307023
0,0,0.01401840464354815
1,1,0.997590695123487
0,0,0.015726525108430763
0,0,0.022457699767895908
0,0,0.0156820897343079
0,0,0.01241356596065301
0,0,0.028034845653057985
0,0,0.01815243704771957
0,0,0.025062392030792646
0,0,0.04774422333186496
0,0,0.04872634448136847
0,0,0.041529636139463366
0,0,0.0476974917795968
0,0,0.008388853316055322
0,0,0.010870436948628595
1,1,0.898345418281158
1,1,0.9996417723074321
0,0,0.06785028554314704
0,0,0.009711632662895224
0,0,0.038431188846190685
0,0,0.02875424690661808
1,0,0.045850641716354355
0,0,0.006558998274386126
0,0,0.018514268782891016
0,0,0.02414769195802601
0,0,0.006155411011470316
0,0,0.015336984128847268
0,0,0.10563033848582558
0,0,0.01842674635559111
0,0,0.029226973973138698
0,0,0.03354915036092875
0,0,0.02147572000527479
0,0,0.01687525477066291
0,0,0.04877320424317436
0,0,0.010168966445583568
0,0,0.03252631779341283
0,0,0.013791285618288717
0,0,0.028815402051885985
0,0,0.012809960998114883
0,0,0.01923961244896607
0,0,0.029056608404868817
0,0,0.022243331869228906
1,0,0.08115479985311075
0,0,0.03171583761596568
1,0,0.05633944429254672
1,1,0.9997694698035259
0,0,0.014257800893054043
0,0,0.022903715198117795
0,0,0.008807540436324774
0,0,0.039679695090503835
0,0,0.03177701819236182
0,0,0.033055114316955916
0,0,0.027947711223129404
0,0,0.036308439032104886
0,0,0.029184856069983965
0,0,0.052749962957895656
0,0,0.05089525183560128
0,0,0.01351758803544477
0,0,0.014726397798746951
0,0,0.022449731550643937
0,0,0.048254545651704256
0,0,0.04160553427314056
0,0,0.10677670818469047
1,1,0.999465088736136
0,0,0.02843732596225587
1,1,0.9997826695958265
0,0,0.021485681169621167
0,0,0.01929051016066661
0,0,0.008497308224673183
0,0,0.022779245719718916
0,0,0.017533896876010546
1,1,0.9998735638873567
0,0,0.03087118401222184
0,0,0.019541372470402576
1,1,0.9583225325512857
0,0,0.024056948504812097
0,0,0.03261053377561212
0,0,0.03020392679867175
0,0,0.014704333158262481
0,0,0.03149397056004085
0,0,0.013229590777509433
0,0,0.04248270786905309
0,0,0.02108865440479983
0,0,0.07426691785579596
0,0,0.00994491969806908
1,1,0.5316956558191491
0,0,0.052997650062594714
0,0,0.026334614647440788
0,0,0.013541851669723019
1,1,0.9993496163383921
0,0,0.012607621175373313
1,1,0.9997088403573786
0,0,0.4720074435912003
0,0,0.028776077307808155
0,0,0.23726416536199366
0,0,0.03314736141029517
1,1,0.9990779010955515
0,0,0.051008827913558
0,0,0.018145007266628165
0,0,0.010942139731568818
0,0,0.02239510159359696
0,0,0.037336966235595605
1,0,0.1134948250813563
0,0,0.014393105564939465
0,0,0.01125756439496889
0,0,0.015463490938394664
1,1,0.8933310061396234
0,0,0.024726341529588126
0,0,0.06021559164606244
1,1,0.9636582888408818
0,0,0.053955628498557395
1,1,0.7961926461577681
0,0,0.03181615053285738
0,0,0.018609201866427588
1,1,0.9992611725637313
0,0,0.030313999414997128
0,0,0.007648779352733842
0,0,0.040531928903422124
0,0,0.015318035728389967
0,0,0.019528633795853574
0,0,0.008049112191119187
0,0,0.03096673727096597
0,0,0.020589306473924457
1,1,0.9950443361343135
0,0,0.059948682040456586
0,0,0.018056740542088556
0,0,0.07442593653777528
1,1,0.7185317541176353
0,0,0.20265135197923168
0,0,0.03230998689463527
0,0,0.028477885134311536
1,1,0.9758939656115799
0,0,0.03546831954754728
1,1,0.9994942236369704
1,1,0.6050049087691299
1,0,0.013993736643820531
0,0,0.020097165997866824
0,0,0.034524236847432666
0,0,0.038904220849254566
0,0,0.034090814943965146
0,0,0.012655965142532003
0,0,0.035270402047195025
1,1,0.997590695123487
0,0,0.012992546713407865
0,0,0.0278175306813806
0,0,0.06038280824106935
0,0,0.031260357836891156
0,0,0.030719918543993224
1,1,0.9993796462278645
0,0,0.036738390916283205
1,1,0.9999584441375275
0,1,0.7111762876261325
1,1,0.9999462737360171
0,0,0.02277686233749014
1,1,0.980336027287128
0,0,0.033440436973350876
0,0,0.032499780988572036
0,0,0.12460091976192289
1,1,0.7889283200732279
0,0,0.06833591322637866
0,0,0.02031334174549208
0,0,0.024866069036102965
0,0,0.058941512924465096
0,0,0.0161641678561453
1,1,0.9763824652360954
0,0,0.033245860178946034
0,0,0.020297049906592337
0,0,0.008301058960635996
0,0,0.017313433091444855
0,0,0.06184450462367619
0,0,0.01310515998344902
1,1,0.997590695123487
0,0,0.02485105842447911
1,1,0.9984719263565155
1,1,0.9992167489693728
0,0,0.0072793161591225685
0,0,0.007928230552548696
0,0,0.020856467215298328
0,0,0.036953375112412104
1,1,0.7907992216473108
0,0,0.008933239995302975
0,0,0.04788951558247304
0,0,0.01822838149433099
0,0,0.05679767960797703
0,0,0.051596438497107724
0,0,0.04585213682877917
0,0,0.05077587748788602
0,0,0.018544784358698253
0,0,0.02484873316162333
0,0,0.19615628970492147
0,1,0.672049758176997
0,0,0.024970904813889857
0,0,0.03302224750639613
0,0,0.01824843070002332
0,0,0.026220403799592024
1,1,0.9995044583821868
0,0,0.08138778933529889
0,0,0.010336079705431793
1,0,0.058258098258624554
0,0,0.039975902261911556
0,0,0.035766111439509106
0,0,0.04146719671452574
0,0,0.030392327034978402
0,0,0.013869893404936221
0,0,0.013518590972474239
0,0,0.0489035048756774
1,1,0.9995403266524076
1,0,0.18629505031927082
0,0,0.01601506834767842
0,0,0.06476383924136891
1,0,0.35181426030304547
0,0,0.05762875870528468
0,0,0.015627214544220773
0,0,0.009849617033384543
0,0,0.03753975304271296
1,1,0.9773291858834122
0,0,0.022402230480707736
1,1,0.8761348520061367
0,0,0.010810917242691712
0,0,0.026723197086837583
0,0,0.018470629408008688
0,0,0.019160891023814894
0,0,0.018020612059565237
0,0,0.01055512181863582
0,0,0.16631489089379456
0,0,0.016491866404574725
0,0,0.03629654352271927
0,0,0.021325139007960788
0,0,0.08886559830238654
0,0,0.03130762205066644
0,0,0.016402991200647768
0,0,0.03421062746478903
0,0,0.01238562426442181
0,0,0.11160642704849805
0,0,0.01595629859994238
0,0,0.01585471069608135
1,1,0.7040520828626335
0,0,0.08030302346913513
1,1,0.8931306417124968
0,0,0.05384770535396557
1,1,0.9983978814623449
0,0,0.03165861789754912
0,0,0.01046402287827792
0,0,0.033075049550861775
0,0,0.015066246534316518
0,0,0.028440655605618998
1,1,0.9994877970149076
0,0,0.04491137838707971
0,0,0.03927706225192823
0,0,0.032861066202295376
0,0,0.00796601810232245
0,0,0.040706067188781996
0,0,0.03515458727062551
0,0,0.03690646055976941
0,0,0.05357013630002058
1,1,0.9997638918992051
0,0,0.008374401843015553
0,0,0.012579465781124757
0,0,0.03642175048004242
0,0,0.02633965715554005
0,0,0.03288496219154672
0,0,0.01962501216970048
0,0,0.004985445836586966
0,0,0.014621147469829962
0,0,0.11348333756172227
0,0,0.018540717883509764
0,0,0.019634460792245696
0,0,0.006154789931903852
0,0,0.0163761994137315
0,0,0.01689259489763703
0,0,0.02567004278775211
1,0,0.08045146188589442
0,0,0.027231104010731744
1,1,0.9999331868488363
1,1,0.9984996778852373
0,0,0.04518739213455436
1,1,0.7149509151014226
0,0,0.018881202713209293
0,0,0.026116704945651836
0,0,0.056728530740936145
0,0,0.023547267850242536
0,0,0.019978991132932826
1,1,0.999659779815888
0,0,0.02277137614759519
0,0,0.14672213221846842
0,0,0.06612461341698246
0,0,0.25971135544521107
0,0,0.010221591128625232
0,0,0.01424282246132124
1,1,0.999775533768162
0,0,0.02571633355146833
0,1,0.700857017984846
0,0,0.03915297270732694
1,1,0.9990319804247105
0,0,0.03284884969246438
1,1,0.9988587114691571
1,1,0.9814862642683457
0,0,0.04087092359529438
0,0,0.03670983346053613
0,0,0.0347721515356944
0,0,0.00874965525302107
0,0,0.006829191362823584
1,1,0.9996792059815424
0,0,0.028189629004553074
1,1,0.9995979475646335
0,0,0.036170794746780914
0,0,0.013022739529370327
0,0,0.010276350518532432
0,0,0.09078373754267378
0,0,0.0340822652139215
0,0,0.014128039281027028
0,0,0.07219875003175624
0,0,0.021591559609379116
1,1,0.9667932886322057
0,0,0.45203624524521685
0,0,0.03200400246598755
0,0,0.1956514802923978
0,0,0.016473917903850124
0,0,0.13698217412907215
0,0,0.01988010287925113
0,0,0.02819353926826924
0,0,0.03729508286820681
0,0,0.00957290424686643
0,0,0.01979608151051798
1,0,0.33697201821528
0,0,0.017436559144461232
0,0,0.027355534890347973
1,1,0.9902830908821785
0,0,0.0630751590807221
0,0,0.01783724129296742
0,0,0.020695614784608348
0,0,0.04204449730805843
0,0,0.02537471967431198
1,1,0.8218682678140506
0,0,0.04315552977449272
0,0,0.021005716814915025
1,1,0.8482269618928158
1,1,0.9839992295106494
0,0,0.010530100243128723
0,0,0.012523444402237793
1,1,0.9993796462278645
1,1,0.8229104970701305
0,0,0.035978023763711654
0,0,0.0875633010058563
0,0,0.027090172484098105
0,0,0.03938763721445427
1,1,0.9985252168832703
0,0,0.019440589138468987
0,0,0.006524708611655072
0,0,0.03031618103395422
1,1,0.9965698776919113
0,0,0.03803152992786965
0,0,0.039887549673575634
1,1,0.9502298902321535
0,0,0.02194465816965882
0,0,0.028053273371745756
0,0,0.024141406088488842
0,0,0.05476265902419222
0,0,0.017877675851153668
1,1,0.9453627663241837
0,0,0.09379799575965715
0,0,0.11009724482572847
0,0,0.029081153062943513
0,0,0.02738921367146459
0,0,0.06902821025463776
0,0,0.04286460635953826
0,0,0.03642247606216715
0,0,0.022538844776584455
0,0,0.03774873241902695
0,0,0.03034834224044966
1,1,0.9993206347905753
0,0,0.005606016739284541
0,0,0.03791633792799421
0,0,0.009418565348936514
0,0,0.04425097619354603
1,1,0.8967803436207306
0,0,0.013738554845026051
0,0,0.040651176319057784
1,1,0.9995508737532385
0,0,0.03144792999028114
0,0,0.05516727865697961
1,1,0.7297974936298687
0,0,0.00661842246307587
0,0,0.03166375878139214
0,0,0.015485097920240791
0,0,0.02051662869225759
0,0,0.014776843986598124
1,1,0.9672728844918317
0,0,0.018067378905319818
0,0,0.015497901970136764
0,0,0.025092782480940476
0,0,0.03640111098871734
1,1,0.999208389097756
0,0,0.04755316266287375
0,0,0.036460795574035525
0,0,0.0321732945173071
1,1,0.9996803439324334
0,0,0.0371427983927211
1,0,0.01802071689513633
0,0,0.012452650459148477
0,0,0.03144339597124872
0,0,0.025357024385076903
0,0,0.0369763603405143
0,0,0.045772076491828746
1,1,0.8157245167316464
0,0,0.04949652996477496
0,0,0.06653607335853207
0,0,0.013923755535165342
0,0,0.013084088481528216
0,0,0.016845394913659474
1,1,0.9999439034510615
0,0,0.010592461649166765
0,0,0.018749965714504394
0,0,0.025678520580232587
0,0,0.02013842553679668
0,0,0.04203385716691393
1,1,0.9979255214436592
0,0,0.013740454670051059
0,0,0.04068094307522385
0,0,0.03770376627577663
0,0,0.0075337333711689835
0,0,0.040251700223438
0,0,0.042686083712217715
0,0,0.010995715107717819
0,0,0.046444534621319526
1,1,0.9891676608613043
0,0,0.03525195355858545
1,1,0.6443126034703387
1,1,0.9895275441589537
0,0,0.03926598503061367
0,0,0.01917440346445092
0,0,0.03633755654299557
0,0,0.004765805989960894
0,0,0.0050215640920935655
0,0,0.02532170772484409
0,0,0.017450442043610247
1,1,0.9991876481048976
0,0,0.0072539720489346315
0,0,0.015594463502121042
0,0,0.04739002281872413
0,0,0.03471546805659407
1,0,0.030881123599638717
1,1,0.9802614716368172
0,0,0.05398367482758289
0,0,0.016268125176938368
0,0,0.009913821420337076
0,0,0.028272726030769378
0,0,0.029663263337619893
0,0,0.05361926065356253
0,0,0.030226221035666443
0,0,0.050883713553727956
0,0,0.012403164246747176
1,0,0.0944361123189423
0,0,0.006304137230372494
0,0,0.008401797065737307
0,0,0.017424475942809825
0,0,0.012992850193221585
0,0,0.040202121226776466
0,0,0.003975669212375756
1,1,0.9998946361957167
0,0,0.009051972619018226
0,0,0.016420089205582116
0,0,0.03869459863098413
0,0,0.021613603925474685
0,0,0.01845134631495442
0,0,0.11386942939123637
1,1,0.7423425717242735
0,0,0.01835316226095511
1,1,0.9148147478754572
0,0,0.04885583291925756
1,1,0.999921797957622
0,0,0.04016519035196749
0,0,0.008269568245025786
0,0,0.0306553462283261
1,1,0.9718856078275354
0,1,0.7861329082835138
0,0,0.035539392762932956
0,0,0.03698319992576481
0,0,0.04781765340824439
0,0,0.01417822251783008
1,1,0.999389642312024
0,0,0.05089584882120862
1,0,0.022568909728562042
0,0,0.03048053565361021
0,0,0.04964114680364982
0,0,0.02580541556465802
1,1,0.98953346263371
1,1,0.9100693425725014
0,0,0.3419542988220077
1,0,0.046771410230812945
0,0,0.06129922653183827
0,0,0.031743219058417205
0,0,0.04287446551167141
0,0,0.031205181510292182
0,0,0.03424445732980269
0,0,0.013705839693081043
0,0,0.024295006513849762
0,0,0.032345461314888274
1,1,0.8901208759021859
0,0,0.05197682840224077
0,0,0.016408833435160718
0,1,0.6459044646241039
0,0,0.014646582051152745
0,0,0.021206747276394385
0,0,0.024681961302995364
0,0,0.017629692950834268
0,0,0.061487292212280116
0,0,0.059439760082170216
0,0,0.030297006968341526
1,1,0.5862609500882795
0,0,0.04418935575925717
0,0,0.02399464273222049
0,0,0.0341275834452045
0,0,0.06761447737697587
0,0,0.030006543244905617
0,0,0.03433734532221376
0,0,0.04216151512980106
0,0,0.012466914956850528
0,0,0.013339943078819543
0,0,0.01653831232170256
0,0,0.015045720696533508
0,0,0.04595080525140106
0,1,0.535989380246284
0,0,0.03622352513295633
0,0,0.03397007069363718
0,1,0.557959557581153
1,0,0.11813574583986881
0,0,0.040532205515702184
0,0,0.013917795862816934
0,0,0.03525740917588059
0,0,0.04659218716961583
0,0,0.020132100279141803
0,0,0.04291631160335168
0,0,0.027194641143643162
0,0,0.03194871227455487
0,0,0.02426483888453546
0,0,0.014248742295120192
0,0,0.008863600915587064
0,0,0.026511822971586937
0,0,0.011187378293303416
0,0,0.02547897330725322
0,0,0.031373327676121866
0,0,0.02244957423522181
0,0,0.023362268884205346
0,0,0.040550743197644325
0,0,0.016092667548360334
0,0,0.03608039091295635
0,0,0.03481693098415069
0,0,0.03468501603171852
1,0,0.26753610019835
0,0,0.015293126977073983
1,1,0.9995160819237432
1,1,0.9995512956045824
0,0,0.007706996630727564
0,0,0.18514874742390047
0,0,0.03533341017071601
0,0,0.037876511064823884
0,0,0.018463104406231712
0,0,0.05033652704691646
0,0,0.06401567363904401
0,0,0.011100396644346628
0,0,0.03270917298082007
0,0,0.013382872103333653
1,0,0.1046922227775417
0,0,0.010644041349926622
0,0,0.004883945741521055
1,1,0.9833084233004704
0,0,0.018394124873772066
0,0,0.0320642510650802
0,0,0.01807785071847457
0,0,0.012275315204151052
0,0,0.016425564820388136
1,1,0.7488077448343639
0,0,0.020797635225664655
0,0,0.035034299153126926
0,0,0.011179228672029771
0,0,0.06456005598898933
0,0,0.05297557737388973
0,0,0.037005055297837805
0,0,0.03994860876604277
0,0,0.041438647373550755
0,0,0.014517640408948148
0,0,0.01599387798525487
1,1,0.9995874223443687
1,1,0.8990111520969241
0,0,0.04659716860458983
0,0,0.0630007219048473
0,0,0.047938997154433616
0,0,0.012704004848102357
0,0,0.04676368801161248
0,0,0.014436031250268523
0,0,0.01465939919084277
0,0,0.05791407672974494
1,0,0.053539760242971635
0,0,0.1343922303916075
0,0,0.03377558835122668
0,0,0.01676246676337809
0,0,0.08643185041028736
0,0,0.008250018802247882
0,0,0.015102493539208495
1,1,0.999069540642565
0,0,0.010004901599841848
0,0,0.010644041349926622
0,0,0.02147976132899333
0,0,0.014821912011498102
0,0,0.059544104278357955
0,0,0.00814914901903756
0,0,0.01606749837406407
0,0,0.04182745560511851
0,0,0.03223721708595473
0,0,0.0134034826245462
1,1,0.8374428317483336
0,0,0.027882813022392077
0,0,0.01523926155943995
0,0,0.032634009899205785
0,0,0.01928035903056125
0,0,0.020182374838908855
0,0,0.054468607004467554
0,0,0.040252668905997824
0,0,0.034152068933577646
1,1,0.9998913635752616
0,0,0.03686580800477437
0,0,0.0427325809889352
0,0,0.03548693735544987
0,0,0.017942453446519485
0,0,0.029499532305725315
0,0,0.021478844593110065
1,1,0.9977134453594579
0,0,0.05554355066597141
1,1,0.9995946298666095
0,0,0.06844126295605532
0,0,0.4135144698407196
0,0,0.045810032140437114
0,1,0.7512292862587812
0,0,0.044920032264602935
0,0,0.0671595022969936
1,1,0.9538806810919174
0,0,0.04774422333186496
1,1,0.9525126992631037
0,0,0.01959125834305923
1,1,0.7842034305411169
0,0,0.015877382551357913
0,0,0.03273609981395485
0,0,0.04250214912345448
1,1,0.9978884036387826
1,1,0.9870359441316493
0,0,0.03267337353733958
0,0,0.030338489708489187
1,1,0.8086145475008066
0,0,0.027881982952412863
0,0,0.01474343898814578
0,0,0.01405721575114113
0,0,0.018571547637816738
0,0,0.021435317139257906
1,1,0.9998398982327446
1,1,0.9053808973920479
0,0,0.004387323863583003
1,1,0.7209500324786134
1,1,0.9992875315825689
0,0,0.0198151270019251
0,0,0.008492400029864577
1,1,0.9018457457412885
1,1,0.9994281480080432
1,1,0.9990014746447105
0,0,0.02301671664950277
0,0,0.015982204179288508
0,0,0.01610723578363695
1,0,0.06073444013042574
1,1,0.9469481747795288
0,0,0.0224153558838708
1,1,0.9997318559157448
0,0,0.03496304750532877
0,0,0.01867211555090258
0,0,0.019068761742632057
0,0,0.03488715760722085
0,0,0.03786349625595742
0,0,0.027284958067297586
0,0,0.03529747783060487
1,1,0.9830422878727136
0,0,0.03711224912041145
0,0,0.03399478906773662
0,0,0.011744809267644474
0,0,0.018633830314008584
1,1,0.999736144516346
1,1,0.9996577921008116
0,0,0.016252098458873085
1,1,0.9995832417058579
0,0,0.05436735322647542
1,1,0.7366701202597048
0,0,0.015809989575244415
0,0,0.010055004583355192
0,0,0.17762122557449608
0,0,0.02689490246657032
0,0,0.02955470367718978
0,0,0.009319275356197074
0,0,0.09838192323911236
0,0,0.02741163524342139
0,0,0.02936545676182243
0,0,0.02957855225837139
0,0,0.06401636397801873
1,0,0.01720577716495207
0,0,0.36795153142156917
0,0,0.03462260474200582
0,0,0.018416428410238963
0,0,0.007644953780607604
0,0,0.02033104261867198
0,0,0.02092397135563167
0,0,0.017431136135105964
0,0,0.09752630939389703
0,0,0.009291721907655884
0,0,0.02146534430361168
0,0,0.009350746645781633
0,0,0.03240528239417345
0,0,0.013415298282494008
0,0,0.02894202058573132
0,0,0.02035600575520855
0,0,0.015188320773733966
0,0,0.06076166078331764
0,0,0.033472041801207365
0,0,0.027559691006171408
0,0,0.0394297461570128
0,0,0.04377320857404329
0,0,0.023843480980855654
0,0,0.031645753825095276
0,0,0.019417789124363243
0,0,0.047120481906614275
0,0,0.019679337004763577
0,0,0.01846925116580492
0,0,0.0145720689357204
0,0,0.036589896272251815
1,1,0.9439857564786583
1,1,0.9164210389452296
0,0,0.030436197769289863
0,0,0.02039153589857513
0,1,0.5438104850725284
0,0,0.02080019612778502
0,0,0.011377122425948771
1,1,0.9990724864492724
0,0,0.012479018559696266
0,0,0.009450305421701537
0,0,0.013963045859435553
0,0,0.03963924173993067
1,1,0.5829629300207194
0,0,0.05717754215940975
0,0,0.05782664962171954
0,0,0.04449721429229292
1,1,0.9893836852005095
0,0,0.014463815247660303
0,0,0.013300705811117815
0,0,0.04490148861433013
0,0,0.061241540617696225
0,0,0.01256252683170123
0,0,0.01165367173294777
0,0,0.045863112038010544
0,0,0.029967583167899593
0,0,0.020394937362928803
0,0,0.0444535899334729
0,0,0.01935312307179562
0,0,0.008544533327748167
0,0,0.03181849242281632
0,0,0.030914307082850184
0,0,0.03401367407878923
0,0,0.027778923826889516
1,1,0.9974970394366675
0,0,0.01688469859352821
0,0,0.03464383108945776
0,0,0.014976217580112233
0,0,0.012506035172360442
1,1,0.999509183851276
0,0,0.043587889612919276
0,0,0.02364968389478074
0,0,0.03139907519225308
1,1,0.9997213421786647
1,1,0.8441650307958034
0,0,0.06262000422362136
0,0,0.0878954142369226
0,0,0.03248456987253911
0,0,0.013786970768996983
1,1,0.9996864874473447
0,0,0.0362178299774841
1,1,0.9994188886974682
0,0,0.027183501964801342
0,0,0.07732541547408883
0,0,0.024572439028445723
0,0,0.3412928897900163
1,1,0.9538806810919174
0,0,0.058709497214830125
0,0,0.3497507584845827
0,0,0.01805421118220891
0,0,0.04125857186817273
0,0,0.013500234871842915
0,0,0.03829146985780808
0,0,0.03352478713586976
0,0,0.008525489268839205
0,0,0.04420220372020877
0,0,0.022631614230265065
1,1,0.9998790647116664
0,0,0.05483406764974861
1,1,0.9995993256328779
1,1,0.6024232666393602
0,0,0.017506106075499683
0,0,0.015164329222743569
0,0,0.01584090608239949
0,0,0.018287795256427684
1,1,0.7214320579082737
1,0,0.11339497236600121
0,0,0.020537588546026997
0,0,0.027325045551901645
1,1,0.7536451358728644
0,0,0.010393509859654234
0,0,0.03863989044415351
0,0,0.24057330640636163
0,0,0.013388516736740488
1,1,0.9999654266534339
0,0,0.02618594609982697
1,1,0.9923607371770625
0,0,0.03734366726294152
1,1,0.6885979623335273
0,0,0.0329627674785815
0,0,0.01776520241148786
0,0,0.019873591206290127
0,0,0.029276665274677895
1,0,0.11484443273621779
1,1,0.9993981781413298
1,1,0.9999362295581349
0,0,0.026548803609071324
0,0,0.014883927303739912
1,1,0.9227508532425512
0,0,0.035093426175828536
0,0,0.025519942605346475
0,0,0.19709853044816736
0,0,0.032922013140880405
1,1,0.9989850273280484
1,0,0.2319739190266786
1,1,0.9995134535313196
0,0,0.021904189649060293
1,1,0.9917072024535358
0,0,0.10458537946041424
0,0,0.012255009303126405
0,0,0.04476903625693158
0,0,0.05407773495289258
1,1,0.9998087537288061
0,0,0.03796243261132041
0,0,0.00993255052985492
0,0,0.006136014460347562
1,1,0.990423779372114
0,0,0.04065977974285033
1,1,0.9940099827113644
1,1,0.8583801695550612
0,0,0.03752223019109026
1,1,0.9994306601251709
1,1,0.869517732115648
0,0,0.02092134333332084
0,0,0.011513227979573897
0,0,0.04692409122792529
0,0,0.026266292840717083
0,0,0.04041515273872315
0,0,0.022264908358550387
0,0,0.026366332957593008
1,0,0.4254945569692007
1,1,0.9997305162466426
0,0,0.01675561925392786
1,1,0.9993955481406749
0,0,0.03997685991110148
1,1,0.9034093311547519
0,0,0.03177292759338286
0,0,0.007097689617584625
0,0,0.015193682336966365
0,0,0.028623334818801388
0,0,0.010926614188920823
0,0,0.0073351369002183624
1,0,0.17173851599864848
1,1,0.6122542494818395
0,0,0.02217870731126847
0,0,0.03117303606550928
0,0,0.019622031359955716
1,1,0.7354857368789889
0,0,0.01703222696177886
1,1,0.9934366475303785
0,0,0.043590722355493224
1,1,0.9997700219341213
0,0,0.02428338672936773
0,0,0.022715975911953026
0,1,0.7340695043670341
0,0,0.018728540468157976
1,1,0.8606617476617814
0,0,0.02774377746003533
0,0,0.01974099426662443
0,0,0.034923134548913035
0,0,0.03839310453254157
0,0,0.014028882218636277
0,0,0.010715608535932317
0,0,0.028573509482766584
0,0,0.020861039661963683
0,0,0.03474868212632079
0,0,0.06561725709407405
0,0,0.07097370964099532
1,1,0.9999131764722172
0,0,0.024503439288245683
0,0,0.022365779862775614
0,0,0.01807681262135699
0,0,0.023057227632483364
0,0,0.04015356254097371
0,0,0.047165049213390285
0,0,0.032810175940437857
0,0,0.043445871218637265
0,0,0.026403732982301153
0,0,0.04164504696692436
0,0,0.03900076549812862
0,0,0.3797381768385413
0,0,0.04392734313980766
0,0,0.038101233474937955
0,0,0.024591485753980742
0,0,0.052516001932082126
0,0,0.02685028975136986
0,0,0.025076184189174528
0,0,0.028289950269717448
0,0,0.01548058995604617
0,0,0.00957290424686643
0,0,0.03638625652622538
1,0,0.06681378089387723
0,0,0.009033664574384401
1,1,0.9987259965231554
0,0,0.017611792919903325
0,0,0.05125582943312698
0,0,0.015153647590753992
0,0,0.050407536463929196
0,0,0.024649779027548103
0,0,0.010891070919628442
0,0,0.07853254252870671
1,1,0.9149545703946045
0,0,0.0467876361070562
0,0,0.026205700143572416
0,0,0.012761672776513739
0,0,0.032036273445050494
1,1,0.8901098663959176
0,0,0.02187268920584492
0,0,0.0397199966845032
0,0,0.01885198775485575
1,1,0.9911792517449226
0,0,0.03511290125115474
0,0,0.01741800290823122
1,1,0.9984421690360766
1,1,0.9989887032062867
0,0,0.01686876684046376
0,0,0.008573810521093192
0,0,0.035490115419585105
0,1,0.5654098405317621
1,1,0.71167575027523
1,1,0.6207504750951137
0,0,0.021185134495557714
0,0,0.10296049466444229
0,0,0.05171970481255173
0,0,0.05615382047229687
1,1,0.9543207208245152
0,0,0.05800090061838149
0,0,0.05115066328819703
1,1,0.7319060733433902
0,0,0.017170562675845952
0,0,0.011594131820499445
0,0,0.05033208000651019
0,0,0.012048049982851241
0,0,0.030368095140417387
0,0,0.03066858857091751
0,0,0.01143517367196186
1,1,0.9984792473723441
0,0,0.017238161263201462
0,0,0.024508012992318067
0,0,0.02625812079595516
0,0,0.025357483308176408
0,0,0.012602024153750398
0,0,0.020266198849204987
0,1,0.6527674617053995
0,0,0.04313467571210269
0,0,0.28170756977056505
1,1,0.9316457950689396
0,0,0.01735905760872895
0,1,0.8506789702477164
0,0,0.03549317276127634
0,0,0.01645341303939128
0,0,0.06359196439349876
0,0,0.01544328248078754
0,0,0.03942345236592295
0,0,0.03259531986943051
0,0,0.011698544428639502
0,0,0.012519234420935702
0,0,0.12381854339976811
0,0,0.03379355245655817
0,0,0.03070194727645456
0,0,0.023491712467901566
0,0,0.021911276875480674
0,0,0.02399464273222049
0,0,0.033498588421089597
0,0,0.026660267396343574
0,0,0.02886655936548796
0,0,0.025604624491916906
0,0,0.034344357634151765
1,1,0.8733914181181723
1,1,0.9998385764745185
0,0,0.023166823603389602
0,0,0.029786960665938545
0,0,0.035449067653419854
0,0,0.014257007775521245
0,0,0.05165276515006707
0,1,0.6962044777423426
0,0,0.29003105026182185
0,0,0.013076172115653328
0,0,0.007501530546468991
0,0,0.008845362513287117
0,0,0.040257130553879465
0,0,0.07555607204728354
0,0,0.01646917264882454
0,0,0.02669474243726198
0,0,0.022609196920101826
0,0,0.024161842467811605
1,1,0.7865154827710205
0,0,0.016332623484275662
1,1,0.9997825545149062
0,0,0.03304577047745062
0,0,0.028741330586291938
1,1,0.9998129844287417
0,0,0.06905711724892198
0,0,0.007338479898641333
0,0,0.05972108893326823
0,0,0.02668696757879976
0,0,0.015297048564749633
0,0,0.038719964629743614
1,1,0.9625803987870473
0,0,0.047227674911732645
1,1,0.9925288388219136
1,1,0.9697738329961206
0,0,0.010464255222979028
1,0,0.011617543240814973
0,0,0.01853487893836377
0,0,0.038909338218310864
0,0,0.014029607874287418
0,0,0.008276946176844357
0,0,0.03345154531271864
0,0,0.07942409708169962
0,0,0.02516273179491544
0,0,0.021763335879848175
0,0,0.027392804653037915
0,0,0.054280149519826515
0,0,0.004405622933262263
0,0,0.056998715724449554
1,1,0.9999195142779644
0,0,0.036563191173476395
0,0,0.011663783063524948
0,0,0.012766370917494038
1,1,0.9539743655393411
0,0,0.03474621365858794
0,0,0.04410482829866264
0,0,0.012106595193093728
1,1,0.999938059980373
0,0,0.019634682401937775
0,0,0.015657800842932217
0,0,0.01694735867744586
1,1,0.9658987564255818
1,0,0.03605353923314327
0,0,0.06302121637614169
0,0,0.1341614530947443
0,0,0.05548605055283697
0,0,0.03804567714351347
0,0,0.02429260120635268
0,0,0.11853691034946269
1,1,0.9997088403573786
0,0,0.0771008588791207
1,1,0.967283041277869
0,0,0.021892705616001804
0,0,0.02484873316162333
0,0,0.32105776620830967
0,0,0.13005978560064307
0,0,0.03229993403558817
0,0,0.02409100853659266
0,0,0.01352312942682057
0,0,0.013492708113579922
1,0,0.42150129714985035
0,0,0.013814749844718118
0,0,0.007250169509332433
0,0,0.046471010502463474
0,0,0.03874815371188057
0,0,0.040978236345816606
1,0,0.2581158460869767
0,0,0.006982617943278878
1,1,0.9887263189622425
0,0,0.021236488411482984
0,0,0.036790846333765
1,1,0.9753272339532415
1,1,0.9992398883015884
0,0,0.007950778314871496
0,0,0.019788961706749188
0,0,0.02180965732415364
0,0,0.013636504232543338
1,1,0.9997599300574184
1,0,0.33392946213955366
0,0,0.023102245390074893
0,0,0.021233294713087096
0,0,0.03444637538300593
0,0,0.011138390788787547
0,0,0.023823611488487238
0,1,0.7048538784583629
0,0,0.016380163643494275
0,0,0.15747810517075722
0,0,0.03817829181280718
0,0,0.016400898746909517
0,0,0.029463757360616155
0,0,0.014127915416189183
0,0,0.024589401405410112
0,0,0.053433815720565964
0,0,0.03684369100173831
1,1,0.9630075393676331
0,0,0.012365763042720074
0,0,0.03417075861391954
0,0,0.03660693356623482
0,0,0.03309305469388426
1,1,0.9993663164297597
0,0,0.21700383813185592
0,0,0.015409519757035464
0,0,0.02488417334551838
0,0,0.015774481837250356
0,0,0.037056017837785095
1,0,0.04953310382948695
0,0,0.01118382999756728
0,0,0.020553364061114375
0,0,0.0224882619042889
0,0,0.02696511864817358
0,0,0.04079543192440625
1,1,0.9429156015628384
0,0,0.03335521828677048
0,0,0.022459070677341722
0,0,0.03335707549760694
0,0,0.022372363726076486
1,1,0.9998244538604453
0,0,0.016035221551292597
1,1,0.6980441756098342
0,0,0.009188395753464213
0,0,0.018147825644581627
0,0,0.09486271040398701
0,0,0.013087980080848318
0,0,0.09088177722742898
0,0,0.029729888645840575
0,0,0.02402931665388293
0,0,0.06374854741261518
0,0,0.0078132558867816
0,0,0.016361944407325215
0,0,0.026660267396343574
0,0,0.023374570615533365
0,0,0.014981788648106443
1,1,0.9994640726491156
0,0,0.04907669016467755
0,0,0.021948756521132557
0,0,0.02794995568353185
0,0,0.02584644308591987
0,0,0.025660701813094735
0,0,0.02244863546015464
0,0,0.03720827866424198
0,0,0.03383775269705381
0,0,0.031988452690889665
0,0,0.03435210293161888
0,0,0.0579734393845772
0,0,0.025493420669864562
1,0,0.315926064723463
0,0,0.013683717743485703
0,0,0.038057700174123806
1,0,0.4135144698407196
0,0,0.03191173140714535
0,0,0.024136060287617896
0,0,0.031223595247841608
0,0,0.015792354690000156
0,0,0.04688191848124106
0,0,0.012811552798258597
0,0,0.015715769839477926
0,0,0.015984300143466672
0,0,0.03528999263753442
1,0,0.041303459644584394
0,0,0.11737842277859573
0,0,0.3560869734314886
0,0,0.04152087991194025
0,0,0.03279355262545777
1,1,0.9769068818850224
0,0,0.03793945813694109
0,0,0.0296535386653828
0,0,0.009906046668610526
0,0,0.010420525516979924
0,0,0.016690515863726958
1,1,0.9904845905764633
0,0,0.019055853942867945
0,0,0.04016519035196749
0,0,0.06467115277699746
1,1,0.8417816060693333
0,1,0.8888406386083212
0,0,0.024969520933418962
0,0,0.06112979610770339
0,0,0.046546877530104995
0,0,0.018859641300017774
0,0,0.07152511946762506
0,0,0.01347123737840887
0,0,0.033555380526916076
0,0,0.02762228354626709
0,0,0.04949735063537659
1,1,0.9994364124803579
0,0,0.032710791070286224
1,1,0.9614331619746764
0,0,0.025703849694283222
0,0,0.18760106127046694
0,0,0.01556845933375955
0,0,0.005777090896976965
0,0,0.01920904077005782
0,0,0.06255054554291839
0,0,0.01980549397857924
0,0,0.016601303817556146
0,0,0.037866077332941186
0,0,0.024624718566273674
1,1,0.9997667388134904
0,0,0.028442074777860572
0,0,0.03214622670931818
0,0,0.008793625285143828
0,0,0.024572439028445723
0,0,0.02287699806124011
1,1,0.9999562553834125
0,0,0.04049496997727666
0,0,0.13744225095455118
0,0,0.04454017174991492
1,1,0.535989380246284
0,0,0.03051023974524728
0,0,0.0086673615881155
0,0,0.025430974588335497
0,0,0.02023349621331704
0,0,0.021416028718785573
0,0,0.02304487672482606
0,0,0.008965802053437407
1,1,0.9704342966239901
0,1,0.7411197081637303
0,0,0.024148012078318157
0,0,0.07447959407206753
0,0,0.023157564857028853
0,0,0.029607608894815368
0,0,0.018393153141206445
0,0,0.02841417159085265
0,0,0.015092004575433929
1,1,0.999244665965557
1,1,0.6105252240648414
0,0,0.009941018695900866
1,0,0.04844936704007499
0,0,0.01944546568446421
0,0,0.013986267706384201
1,1,0.9797037504383368
0,0,0.031564441077119726
0,0,0.05265208014085455
1,1,0.8255379092268332
1,1,0.9171155514061021
1,1,0.7433495351150464
0,0,0.04522138692273003
0,0,0.026151415998564204
1,1,0.9983582051618057
1,1,0.9081731890745142
0,0,0.021354820055478677
1,0,0.023208540848253318
0,0,0.033714747003998964
0,0,0.020873271883841128
1,1,0.9998596367023899
0,0,0.3137004319954124
0,0,0.020434725272487856
0,0,0.030860164188234705
0,1,0.6286646621268366
0,0,0.014484941894255315
0,0,0.032295833074190095
0,0,0.03413412773749781
1,1,0.9983225838408473
0,0,0.2921679717275149
0,0,0.05506711144154581
1,1,0.9903722419940515
1,1,0.8320975323523652
0,0,0.015323454104268294
0,0,0.014479130453336002
1,1,0.920633274230115
0,0,0.026835592756808038
0,0,0.008183974043051608
0,0,0.05053065345324423
0,0,0.05999721255426044
0,0,0.039797586271970914
0,0,0.02767859991910011
1,1,0.999369499740866
0,0,0.3403644583413745
0,0,0.030311624731405917
1,0,0.07314858950799369
0,0,0.013097064295039334
0,0,0.028818043415584936
0,0,0.008061970745557768
0,0,0.02608038114814334
0,0,0.015574625016373508
0,0,0.0432970336117955
0,0,0.020743796934624772
1,1,0.999916923448803
0,0,0.0690761533662138
0,0,0.02449921056690245
0,0,0.019819920678602942
0,0,0.05292305594593709
0,0,0.039746941749628874
1,1,0.957672404168851
0,0,0.03306731446405243
0,0,0.04553535306196354
1,1,0.7445434172714244
0,0,0.01368520027134653
0,0,0.015051847804962168
0,0,0.015909949169810374
0,0,0.014616875012085752
0,0,0.03797710593910551
0,0,0.032534854286139996
0,0,0.01297757995317511
1,1,0.9901426513570796
0,0,0.01343266614309521
0,0,0.058213818864711976
0,0,0.025471802562988147
0,0,0.036065170032038206
0,0,0.015312057359232965
0,0,0.024505870135781257
1,1,0.998197140391563
0,0,0.041960394796090456
0,0,0.03595669377532498
0,1,0.6980441756098342
0,0,0.0570717627771804
1,1,0.8526142887187372
0,0,0.014619931689011998
0,0,0.033981668541450544
0,0,0.02552595226551859
0,0,0.03649032071089182
0,0,0.02560675954782733
0,0,0.040801696336586854
0,0,0.0223275692317231
0,0,0.03896860337008303
1,1,0.999799327408234
0,0,0.05089679628711662
1,1,0.6371583710654531
0,0,0.008610794244279666
0,0,0.02464430073356939
0,0,0.01334636143163627
0,0,0.03168210077873791
0,0,0.08079575489813187
0,0,0.032726872558794556
0,0,0.06971263096339277
0,0,0.01815325638622023
0,0,0.06255054554291839
0,0,0.12183640425903015
0,0,0.014396300818035
0,0,0.03840211148920916
0,0,0.022212902312100987
0,0,0.12685974491947055
0,1,0.9633227760000261
0,0,0.035576671757474025
0,0,0.030570923785616825
0,0,0.021729068211477912
0,0,0.039535001334443876
0,0,0.03744429683001847
0,0,0.01996150912066503
0,0,0.01677341607491669
0,0,0.037031994949883906
0,0,0.27494159836728016
1,0,0.33979439305220405
0,0,0.024137597246396535
1,1,0.9982149676975165
1,1,0.9980821010668469
0,0,0.01885230258091328
0,0,0.009954194758269653
0,0,0.02602401267029647
0,0,0.02895800547007429
0,0,0.023332161252524363
0,0,0.04698680825236698
0,0,0.05003926617927976
0,0,0.04931844328969813
0,0,0.015239620060679245
0,0,0.09084250754041669
0,0,0.034794715802060575
0,0,0.03137211233893924
0,0,0.02171775319446882
0,0,0.016620586588203846
1,1,0.9994453222184497
1,1,0.9992080767236942
0,0,0.013288330377531707
0,0,0.02097706631822425
0,0,0.030013059031757158
0,0,0.42942735366587004
1,1,0.9474372351958398
0,0,0.048266666780693974
0,0,0.01739159934035814
0,0,0.04852842705679049
0,0,0.020593923750815365
0,0,0.024650434327524604
0,0,0.023467885249107735
0,0,0.010446168649231482
0,0,0.009583796779461973
0,1,0.58624376898947
0,0,0.013610346853914334
0,0,0.018862672451195012
0,0,0.015799755914306844
0,0,0.03822651348165108
0,0,0.009458162462865856
0,0,0.05118028511010537
0,0,0.021786482540926872
0,0,0.041602143102149956
0,0,0.014529767185432942
0,0,0.18587003174736258
0,0,0.04192800514091699
0,0,0.015816546134749667
0,0,0.05118028511010537
1,1,0.9998037717846469
1,1,0.9983431213677195
0,0,0.08522494872559228
0,0,0.020680802750613993
0,0,0.02236093826939823
1,1,0.9999506199690122
0,0,0.021999002576755456
0,0,0.40319444324263626
0,0,0.010020799750588677
0,0,0.021057442309875333
0,0,0.03364541338298794
0,0,0.014404425959840043
0,0,0.01227733536145215
0,0,0.024529174456565953
1,1,0.9073986705215683
0,0,0.047664557145976574
0,0,0.02300346272613793
1,1,0.9746698134117915
0,0,0.02571385257616991
0,0,0.03694046724645816
0,0,0.007200905875895112
0,0,0.014240699416420761
0,0,0.015067647075154622
0,1,0.923852695141566
0,0,0.11947015641134688
0,0,0.019909240738762542
0,1,0.6085137734038697
0,0,0.011687258135333965
0,0,0.013657354482260436
0,0,0.013402144792353068
0,0,0.012163998547410746
1,1,0.9984719263565155
1,1,0.5905365275400628
0,0,0.008938859164886634
0,0,0.0038609582443299133
1,1,0.5709583773326737
1,0,0.05873255673257095
0,0,0.02435444502805634
1,1,0.9434747158180574
0,0,0.03222759973492155
0,0,0.036201795990275204
0,0,0.03586537112621649
0,0,0.017593557943609398
0,0,0.023833374122013383
0,0,0.027623499624829472
0,0,0.05331637349471076
0,0,0.04320051185651971
0,0,0.07403284910459333
0,0,0.012552088002938515
0,0,0.010112836924086578
0,0,0.015084985159618126
0,0,0.011399108429018541
0,0,0.04368597187590046
0,0,0.031251558708215305
1,1,0.9587168081812473
0,0,0.018823722484610495
0,0,0.10782120398393633
0,0,0.013879364394500004
0,1,0.6735381645016889
0,0,0.02913219927647398
0,0,0.031836102609982146
1,1,0.9993687126099307
0,0,0.016362789952676135
0,0,0.022637288586044968
0,0,0.02089076958300922
0,0,0.018990109775393164
0,0,0.038636046816221375
0,0,0.017104196220118655
0,0,0.028626143727873088
1,1,0.9912117819498525
0,0,0.030866477630441577
0,0,0.01305296942680704
0,0,0.011339644365960692
0,0,0.030873775808820544
0,0,0.03362501401312425
0,0,0.013060038300398688
0,0,0.01941654677309743
0,0,0.01598339513190259
1,1,0.995329531512944
0,0,0.018124175388520652
0,0,0.04076124504402113
0,0,0.08039418019243108
0,0,0.018605928905581645
0,0,0.026139716301290757
1,1,0.9998214221285762
0,0,0.033718566327986865
1,1,0.9998057773597548
0,0,0.024187992840668218
0,0,0.05207626395866021
0,0,0.03989069504043981
0,0,0.058002243165652174
0,0,0.013223673308622393
0,0,0.009446228909016254
1,1,0.9995946298666095
0,0,0.02266475585367847
1,1,0.9664928324917913
0,0,0.011946486059529695
0,0,0.020655996425249925
0,0,0.015772198025155743
1,1,0.999921797957622
0,0,0.017884989633103834
0,0,0.0328351138464378
1,1,0.9989850273280484
0,0,0.025792810778699857
0,0,0.030307267419630333
0,0,0.04327612174562337
0,0,0.03060330376288474
1,1,0.9993496163383921
0,0,0.007992303409289102
1,1,0.8291243117511181
0,0,0.016340135909251183
1,1,0.9990065409285783
0,0,0.04339620916233213
1,0,0.18072968140283352
0,0,0.05292345481369035
0,0,0.01642840154373843
0,0,0.02394713198820675
0,0,0.03845692188517629
0,0,0.022293490159780962
0,0,0.012735227965140122
0,0,0.016475112136776097
0,0,0.021435317139257906
1,0,0.07318711930829376
0,0,0.03460513405512043
0,0,0.05836765988991854
0,0,0.017106797477240508
0,0,0.010316366712729917
0,0,0.018782422162991676
1,1,0.8699429008706788
0,0,0.043743788062550214
0,0,0.02606100160368009
0,0,0.02715661105398893
0,0,0.03786472967003174
0,0,0.013003254947386704
0,0,0.01089581450362235
0,0,0.03003235336742006
0,0,0.027233500297065734
0,0,0.01443320360439831
0,0,0.043858934993538316
0,0,0.015533101009889841
1,1,0.8999973845348237
0,0,0.026187347410582113
0,0,0.06562211658325934
1,1,0.9990320417102319
0,0,0.04805771202380154
0,0,0.01835536991508054
0,0,0.04499423313038164
1,1,0.9995359292239668
0,0,0.045179935761579214
0,0,0.03271981741667861
0,0,0.009345082003718879
1,0,0.021983072045188724
1,1,0.9991952961992967
0,0,0.016793738983536217
1,1,0.9418474336476294
0,0,0.06231784811832203
0,0,0.018967881253648424
0,0,0.016759719034034396
0,0,0.0444791369340622
0,0,0.04133661672501615
0,0,0.03582432806073264
1,1,0.997677120834908
0,0,0.038107724426525866
0,0,0.01282502395387914
1,1,0.9995995099467824
0,0,0.06506700944548655
0,0,0.028714910526531356
0,0,0.021509534034885203
0,0,0.016302758966621988
0,0,0.03539119365895454
1,1,0.9987612740786918
0,0,0.024234273403480912
0,0,0.0652119806233241
0,0,0.021370438778335662
0,0,0.01565042135110989
1,1,0.9998504323595838
0,0,0.02456954547736387
0,0,0.012736174674881392
1,1,0.9845661741919197
0,0,0.035526888722506526
0,0,0.016625268216342047
0,0,0.03562122701846924
1,1,0.9998769004610051
0,0,0.024787699933187402
0,0,0.026760248790836452
0,0,0.03983654126768887
1,1,0.8579549344242657
0,0,0.024660438671598152
0,0,0.029283705301154875
0,0,0.011108812633769581
0,0,0.07012361706012923
0,0,0.019672720272555944
0,0,0.03554887042883373
0,0,0.05611084744234333
1,1,0.9988955682736109
1,1,0.9349366057851461
0,0,0.01777502350566239
0,0,0.030186317120120792
0,0,0.018867298697390254
0,0,0.015237906063026819
0,0,0.026359846115122886
0,0,0.4457169801250797
0,0,0.037667834372785376
1,1,0.9999014348405107
1,1,0.998294381548984
0,0,0.007332495329407783
0,0,0.028907172045991955
0,0,0.04565438844932963
0,0,0.04373201775682958
1,1,0.9647775097253071
1,1,0.9997242654262933
0,0,0.05623384268658404
0,0,0.036433950529369034
1,1,0.9997668318621442
0,0,0.024414804838899122
0,0,0.017586145968063453
0,0,0.25767424890574314
0,0,0.01915734366391249
1,1,0.9998273014311138
0,0,0.02962752231332614
1,1,0.990946586558258
0,0,0.052920985811035076
0,0,0.009282060228516577
0,0,0.07588033064765629
0,0,0.01392118823581261
0,0,0.07614029291721254
0,0,0.01693375116288187
0,0,0.03600957677768775
0,0,0.02118713147418208
0,0,0.01142673200266148
0,0,0.017874779207388586
0,0,0.03407519647090312
0,0,0.03658949919302891
0,0,0.050216603406247964
1,1,0.9847208568724484
0,0,0.02539259908915921
0,0,0.009284540051772993
0,0,0.011699375056697828
0,0,0.026763745298993485
0,0,0.016901799935365225
0,0,0.024249132025400515
1,1,0.9992852840487774
0,0,0.05592644212811271
0,0,0.03751087037678051
0,0,0.1437808019622144
0,0,0.025174295235209015
0,0,0.01442397957165639
0,0,0.01504195652728409
0,0,0.008019192451955114
0,0,0.19582429557215075
0,0,0.025897352760929776
1,1,0.9966967020320591
0,0,0.023780573035309727
0,0,0.00986277362439869
0,0,0.015326632487881338
0,0,0.038207078957318924
0,0,0.04272652102773717
0,0,0.042320979095973224
1,1,0.9992522586845427
1,1,0.9995665109084835
0,0,0.008193469179844702
0,0,0.03534836393945219
1,0,0.08800172367938254
1,1,0.9998505380810223
0,0,0.06165190510415849
0,0,0.03780605671608989
0,0,0.0590000734195315
0,0,0.031742801614152084
1,1,0.9997581741262757
0,0,0.04331922317053215
0,0,0.08614181749219564
0,0,0.03223721708595473
0,0,0.029178656612467116
0,0,0.01071143062504889
1,0,0.2186745962667428
1,1,0.9997511769228145
1,1,0.99972783106002
0,0,0.02551458109048334
0,0,0.024222203331987713
0,0,0.11502530532724285
1,0,0.20008266441523948
0,0,0.02388327323002696
0,0,0.00899881102461705
1,1,0.5663712134234112
1,0,0.27994327641982025
0,0,0.0031998077523034325
1,1,0.9727926658046441
1,0,0.09358279857871545
0,0,0.04366205226022715
0,0,0.00920272863806135
1,1,0.9997825545149062
0,0,0.009023090783477255
0,0,0.045404902325284276
0,0,0.042668639899500385
0,0,0.040193089055685284
0,0,0.010873389418754731
1,1,0.9990280585087197
0,0,0.034683455021169325
0,0,0.019404786812218376
0,0,0.013244132282518778
0,0,0.03206674380963587
1,1,0.7861329082835138
0,0,0.011822695673981578
0,0,0.008541931854638621
0,0,0.05671689528747893
0,0,0.13085873561099662
1,1,0.9977134453594579
1,1,0.9990637641966317
0,0,0.03854695247783196
0,0,0.07278149928583257
0,0,0.033328058149151955
0,0,0.07020127329317716
0,0,0.010368042484922724
0,0,0.04124635545848322
0,0,0.013496552165659478
0,0,0.06040793120822563
0,0,0.050506095148978296
0,1,0.6185330357226011
0,0,0.03360252509996186
0,0,0.029993968533563526
0,0,0.028167392744808457
0,0,0.005433423393498903
0,0,0.01693099345125868
1,1,0.998295362268822
0,0,0.041078129499894506
0,0,0.012458241689235205
1,1,0.9998368459802655
0,0,0.03499130372326996
0,0,0.01595843290144439
0,0,0.015002525628018196
0,0,0.02135094897849184
0,0,0.03467846157840364
0,0,0.06769631463622836
0,0,0.04798638890075466
0,0,0.02212887055729008
1,1,0.999509183851276
0,0,0.016250246695194436
1,0,0.10008141862142016
0,0,0.01643169893892403
0,0,0.0473076095262864
1,1,0.9654953434475183
1,1,0.9462829366311121
0,0,0.024593439876753692
0,0,0.017881935920851827
0,0,0.01358528395541461
0,0,0.1314114612012563
0,0,0.027230652697594025
0,0,0.015203257856921885
0,0,0.08335781370597191
1,1,0.9994879587765898
1,0,0.1106908833201332
0,0,0.03904000862567678
0,0,0.02409452170519106
1,1,0.9994217284556263
0,0,0.05066194127704014
0,0,0.024583936824922152
0,0,0.035396815368247576
0,0,0.02800349912303153
0,0,0.020790841445757352
0,0,0.058479875809283974
0,0,0.011146950179129454
0,0,0.013284912477374329
0,0,0.016226205137489836
0,0,0.030151016929239185
0,0,0.015931261272607182
0,0,0.024463008153679664
0,0,0.011979428016379901
0,0,0.03960388597336733
0,0,0.05078730155665944
1,1,0.9749597263210289
0,0,0.013863491799196557
0,0,0.03568746666492114
0,0,0.0059962164157923254
0,0,0.007784157736173184
0,0,0.026534028419911548
0,0,0.02725472380820609
0,0,0.012557905601927329
0,0,0.014355406012658662
0,0,0.0440937495777049
0,0,0.026708737354706205
0,0,0.015132955143950294
0,0,0.04026836890538829
0,0,0.04574887093465994
0,0,0.06527488046099605
0,0,0.013053547017385049
0,0,0.024222061156874523
1,1,0.9999013747250758
0,0,0.08518854196948375
0,0,0.12261439465550752
0,0,0.018842867087048923
0,0,0.03293998358741602
0,0,0.014505725824144678
0,0,0.0372426888304023
1,1,0.5928337344522723
0,0,0.005089564012210644
0,0,0.009735870362690859
0,0,0.02491355339360893
0,0,0.02399929640466356
1,1,0.917423042337728
0,0,0.01781885167222712
0,0,0.02736124660696863
0,0,0.05040283604475048
1,1,0.9994018336933503
1,1,0.8985105504935397
1,1,0.9989850273280484
0,0,0.03465333410126496
0,0,0.024644007998484808
0,0,0.025052844936362284
0,0,0.02696086272533464
1,0,0.4819088502611857
0,0,0.01214730110275277
0,0,0.016654025163868873
1,1,0.999266939202694
0,0,0.029389149087677438
0,1,0.7590085100998097
1,1,0.5958063127555571
0,0,0.07665147901184673
0,0,0.01996878456660468
0,0,0.016306314829129354
0,0,0.038908367893600256
0,0,0.017888237254154248
0,0,0.016090946063122637
1,1,0.9691333698100524
1,0,0.35478845764008377
1,1,0.9992928271556896
0,0,0.024559808656248076
0,0,0.03712462317192858
1,1,0.9991501598242245
0,0,0.019396604627213366
1,1,0.9807025474549299
1,1,0.9994207895660229
1,1,0.8562235919700957
1,0,0.0420931563633761
0,0,0.022148735890532244
0,0,0.017294308415499
0,0,0.009573684462460359
1,1,0.8229334105285557
0,0,0.3404655154002128
0,0,0.030140884964058427
0,0,0.021503494506993143
0,0,0.014172822782036382
1,1,0.9778094679522875
0,0,0.026305771262278035
0,0,0.057548659686345864
1,1,0.9902089815643437
0,0,0.01568962173723328
0,0,0.028256747439453157
0,0,0.031013306545135958
1,1,0.9998196491462542
0,0,0.021088511910827706
0,0,0.044916892756517696
1,1,0.9424111176198112
0,0,0.03727591019893984
0,0,0.021370438778335662
0,0,0.01942494283906188
0,0,0.0172770842326307
0,0,0.023574469218449984
1,1,0.9994918130123691
0,0,0.0206028426599583
0,0,0.01692706428106216
0,0,0.02940407553559313
0,0,0.028787267941944417
0,0,0.017356001452449057
0,0,0.025297003402721445
0,0,0.046664038191929255
0,0,0.039858376186003554
0,0,0.017449369793818757
0,0,0.028058964960216214
0,0,0.02755147724341875
0,0,0.0347148258844243
1,1,0.9997652264445787
0,0,0.02879689079514247
0,0,0.03110994348675553
0,0,0.042749063750283436
0,0,0.028713669449115863
0,0,0.03960297584113964
0,0,0.033786097917291064
0,0,0.015543670252705241
0,0,0.021342211585326957
1,1,0.8986738935853705
0,0,0.04212137393602734
1,0,0.36388729291812116
0,0,0.0535931477170218
0,0,0.028252866541990686
0,0,0.04240409611974453
0,0,0.03318454103936221
0,0,0.03645703260999815
1,1,0.979810573824382
0,0,0.029046179474485498
0,0,0.035341668943372186
0,0,0.03167169041976608
0,0,0.03985594366367109
1,1,0.9820599967145379
0,0,0.044937300596528285
1,0,0.3746414208329127
0,0,0.05377364045497095
0,0,0.01692441942303457
0,0,0.05085847148844325
0,0,0.025621062693457524
0,0,0.04872246072131626
0,0,0.021083720152768153
1,1,0.9383236804175457
0,0,0.07698713524851442
0,0,0.018078565192953904
0,0,0.012198236146120764
1,1,0.9991314734925605
1,1,0.9856417322305618
1,1,0.9962977519796181
0,0,0.015705960545722673
0,0,0.01658628872830175
0,0,0.02604582242218124
1,1,0.8772607674258793
0,0,0.042734429364148924
0,0,0.014206638167775698
1,1,0.9997005223420254
0,0,0.4878908406293324
0,0,0.01601773252206586
0,0,0.12319860925511422
0,0,0.030348809489633397
0,0,0.008398845812468525
0,0,0.026582517837412625
0,0,0.20293398516852287
0,0,0.02272252335319576
1,1,0.9993171047478505
1,0,0.18382875117307937
0,0,0.22289250804026764
0,0,0.032719123588696296
0,0,0.024789343080159523
0,0,0.01428356200361579
0,0,0.012891213414111332
0,1,0.5101978410955355
0,0,0.042101592211892594
0,0,0.03801887369616495
0,0,0.01072453901033944
0,0,0.01258398510086251
1,1,0.9980849336598387
0,0,0.016512359834890633
1,1,0.9997825545149062
1,0,0.3434145589057956
0,0,0.011409162588492448
0,0,0.019742638109310803
0,0,0.01648986477622614
0,0,0.0196894038566456
0,0,0.01569913979218695
0,0,0.018633723004208323
0,0,0.020549710849371832
0,0,0.02172332125384593
0,0,0.02960504521221258
0,0,0.04279585080119937
0,0,0.017433191773140195
0,0,0.019601738962793217
0,0,0.055201557579329666
0,0,0.018210308048158447
0,0,0.028228949333716183
0,0,0.018102818804264863
0,0,0.042517266783890305
1,1,0.9993370911459727
1,1,0.9997629267076908
0,0,0.024189585354870032
0,0,0.037419283384793216
0,0,0.03996706299306287
0,0,0.012357572811588015
0,0,0.015576811856698578
0,0,0.02458557783897245
0,0,0.016151126233293067
0,0,0.016067532169777073
0,0,0.04366209151349235
1,0,0.035672898670901114
1,0,0.011638700436171216
0,0,0.01249857242151968
0,0,0.029115681187095798
0,0,0.010135506734753552
0,0,0.035331823724556274
0,0,0.10267431061153526
0,0,0.06063931675818254
0,0,0.007241225040074636
0,0,0.012943288500801224
1,1,0.6985490621297992
0,0,0.02217478123861526
0,0,0.014314453176051747
0,0,0.020439235715114093
0,0,0.017450818825596084
0,0,0.014162405887661293
0,0,0.012524205427258118
0,0,0.011544934395830611
1,1,0.9290696871740716
0,0,0.03749790418492542
0,0,0.029135823340905427
1,1,0.8473072986694479
1,1,0.999707028922583
1,1,0.9986007351071807
1,0,0.01631873358294997
0,0,0.08131493334099212
0,0,0.01785935591255422
0,0,0.03908874731588666
0,0,0.04039247275795398
1,1,0.9998632232621547
0,0,0.025653725887375245
0,0,0.01849471221873373
1,1,0.9995553436889525
1,1,0.503359489288088
0,0,0.04176398453692448
0,0,0.02995210740385102
1,1,0.9817769433089917
0,0,0.01534250585631826
0,0,0.02491900417139549
0,0,0.01886925916911674
0,0,0.01976583555291562
0,0,0.005154662421992514
0,0,0.019680510376137956
0,0,0.01859685335111851
0,0,0.011224235621608585
0,0,0.016173540876175268
0,0,0.025132701689802393
1,1,0.7180138169377136
0,0,0.05305843024700254
0,0,0.03066025370664539
0,0,0.03636672339257029
1,1,0.9746127300233943
0,0,0.014087345974230503
0,1,0.6361458421947853
0,0,0.01543160188382741
1,1,0.9997497999042428
1,1,0.8878908919445782
0,0,0.0617365241014056
0,0,0.007199585483681842
0,0,0.03131725092733203
0,0,0.035263411367254506
0,0,0.021352646129811855
1,1,0.9998099649861298
0,0,0.08166206985559364
0,0,0.013591012359212668
0,0,0.01953569409141478
0,0,0.03677441896449328
0,0,0.06727064790906419
0,0,0.025867533191827122
0,0,0.06512668417621761
0,0,0.08509563062306508
0,0,0.056157240557069124
0,0,0.04935517320100815
0,0,0.012270874518905947
0,0,0.03977744262671918
0,0,0.01314914848643327
0,0,0.03427770909109915
0,0,0.01304020568155172
0,0,0.07610871802645519
0,0,0.08367444073449323
0,0,0.030526033982209315
0,0,0.03280434391158905
1,1,0.9993461920788637
1,1,0.9997509731409345
0,0,0.0383653797684611
0,1,0.5299388956528124
0,0,0.0053201010085556465
1,1,0.9994997205034446
1,1,0.8048681084236672
0,0,0.011798566828827014
0,0,0.023606556562806504
0,0,0.032513965667130044
0,0,0.04166443768381582
0,0,0.04639498634229867
0,0,0.0674573430284145
0,0,0.03445071786776154
0,0,0.02846549169281974
0,0,0.0625858512639849
1,1,0.9997029069988366
1,0,0.36005942979018607
0,0,0.014608926217678904
0,0,0.042554982048175635
1,1,0.9630671618903967
0,0,0.02361342471359298
0,0,0.022184780883147705
0,0,0.011409162588492448
0,0,0.051934753075421024
0,0,0.06451227183174398
0,0,0.011152183462881212
0,0,0.021125428770440786
0,0,0.049234423184751935
0,0,0.023658927383873287
0,0,0.024831769775721855
0,0,0.010970500130823634
0,0,0.04606206419763182
0,0,0.017860144111902433
1,1,0.9998498148117877
0,0,0.01465620451884106
0,0,0.050200256839899725
0,0,0.012579646671327254
0,0,0.02157472268432334
0,0,0.0385580499308858
0,0,0.02681577198750188
1,1,0.9969052468734589
0,0,0.008985288413896392
0,0,0.03763729622691621
0,0,0.018208208421780933
0,0,0.020199571504278615
0,0,0.03462226297426305
0,0,0.007570000613388461
0,0,0.01815401915852897
0,0,0.029223834784674257
0,0,0.01643825025213912
0,0,0.0268221179577248
0,0,0.010125004210304591
0,0,0.029233478187049515
0,0,0.13287119944942438
1,1,0.5996776938675604
0,0,0.008162180295155327
0,0,0.017688624417453253
0,0,0.01644918728820217
0,0,0.007205261860930678
1,1,0.7020072232137546
0,0,0.034175510491373476
1,1,0.9993860624801891
0,1,0.5592957827419919
0,0,0.010799863126292338
0,0,0.00923878767728091
1,0,0.1669445397802248
0,0,0.016678169834484644
0,0,0.053352293597670505
1,0,0.03540422323982219
0,0,0.0657801247517003
1,1,0.999584035514431
0,0,0.016310494581447756
0,0,0.010463982734462397
0,0,0.03382470889173965
0,0,0.012169696535278808
0,0,0.01580972467062579
0,0,0.05213719265155544
0,0,0.044825023827037
0,0,0.04161236048349848
0,0,0.010657429869665305
0,0,0.28061225827445774
1,1,0.9994014288946838
1,0,0.32697895011093225
0,0,0.034465159532465435
0,0,0.026204492319597615
0,0,0.0410214835811317
0,0,0.03611301764639975
0,0,0.41906510547669673
1,1,0.9998096633529608
0,0,0.0221619411301515
0,0,0.018732952878476358
0,0,0.015140825991348021
0,0,0.017465898954390584
0,0,0.03852049350781481
0,0,0.020918701061494606
1,1,0.9633227760000261
0,0,0.011402174181705627
0,0,0.07779633008287479
0,0,0.030889221850040557
0,0,0.022255778539037818
0,0,0.12369678284261049
1,1,0.9997216295349666
0,0,0.014922981230178062
0,0,0.024586796831908852
0,0,0.02719422265483788
0,0,0.01779212582271549
0,0,0.013055206232003536
0,0,0.021555870169241095
1,1,0.7990154162428668
1,1,0.998210194703021
1,1,0.9984386748455104
0,0,0.033933536022047774
0,0,0.053102439067990524
0,0,0.06326471527667811
0,0,0.0348559909914609
0,0,0.03015139143654207
0,0,0.07010718162726036
0,0,0.032130966871378036
0,0,0.1292801036670971
0,0,0.010570960415963232
0,0,0.010396630829599124
0,0,0.015284759163670534
0,0,0.01313983947274081
0,0,0.010706453030342782
0,0,0.030487689834784296
0,0,0.08318109700994346
0,0,0.035576892943361506
0,0,0.01409931619481447
1,1,0.9993814884890214
0,0,0.022231179409856156
1,1,0.9995975048652166
1,1,0.9994139172922414
0,0,0.0068993639404720105
1,0,0.37608120978140774
0,0,0.027822816235433104
1,0,0.03494434395626303
0,0,0.031901822292926485
0,0,0.0243224156797981
0,0,0.01142150030353239
1,1,0.9994999680169387
0,0,0.020110369433325698
0,0,0.01053075045529411
0,0,0.010618353176432118
0,0,0.03017674214697086
1,1,0.9996569784981657
0,0,0.03901701162378687
0,0,0.020541340321770483
0,0,0.014768288843348118
0,0,0.05104113895746341
0,0,0.029939211659560466
0,0,0.0542592098390972
0,0,0.034846385529230264
0,0,0.015113519917685628
0,0,0.028055655129383582
0,0,0.0389013813035806
0,0,0.025424413576850734
1,1,0.9998273014311138
0,0,0.02004188450580851
0,0,0.032427242700288884
0,0,0.0082998927841084
0,0,0.023938702106899967
0,0,0.01568202833379509
0,0,0.01128117875719247
0,0,0.07299875456829781
0,0,0.01842366176944508
1,1,0.9441868382971798
0,0,0.16895666072285973
0,0,0.016246386236157713
0,0,0.014274004798538761
0,0,0.009793306880494585
0,0,0.041948981458412866
0,0,0.044889589041919815
0,0,0.012962554890447111
1,1,0.9836356382977978
0,0,0.035330746971624964
1,1,0.9131960800346002
0,0,0.020759611644514207
0,0,0.030161071371810722
0,0,0.015527373011170728
0,0,0.032336044932698024
0,0,0.010831350916843476
0,0,0.07493785239844666
0,0,0.046086860243587345
0,0,0.031168931414596018
1,1,0.9910030775016293
0,0,0.017072546634709557
0,0,0.04107378442359497
0,0,0.02226831292704591
1,1,0.9991249429795049
0,0,0.010750109924485121
0,0,0.01286491862355024
0,0,0.007351451396704811
1,1,0.9995821541364486
0,0,0.0648922990021301
1,0,0.05271235589635789
0,0,0.024108799783819596
0,0,0.010727245182886603
0,0,0.038900362311777015
0,0,0.009283929734271886
0,0,0.02645542768709562
0,0,0.026023126300060623
0,0,0.020054177356992543
0,0,0.010241582621962743
0,0,0.008874095777606127
0,0,0.041438598592959106
0,0,0.017510342514790778
0,0,0.05412746255215435
0,0,0.03243372382825737
0,0,0.014182495567247133
0,0,0.019246536748801606
0,0,0.01848473236085385
0,0,0.02977016322201753
1,1,0.9986735707711741
0,0,0.011569324401588246
0,0,0.049817527782937375
0,0,0.06879524773661605
0,0,0.01993792618490189
1,1,0.9995326690585977
0,0,0.33499093398430524
0,0,0.04655581997917567
0,0,0.037616465724258766
0,0,0.04289322261576972
0,0,0.028380102000974856
1,1,0.9991755109582745
1,1,0.8372510883270746
0,0,0.0065385677554013
0,0,0.042045194585422496
0,0,0.04762256456483736
0,0,0.0420727668460571
0,0,0.016260667792164597
0,0,0.036016427493047794
0,0,0.022822923753312335
0,1,0.5977703846505293
0,0,0.015328499493250687
0,0,0.016986937000660042
0,0,0.02256830536760577
0,0,0.06833591322637866
1,0,0.17752406838349002
0,0,0.030376031825630957
1,1,0.9512168055106507
0,0,0.011085935405698634
1,1,0.9989474374855223
0,0,0.03712735471840164
0,0,0.026695312825834618
0,0,0.02420834739412373
0,0,0.04134433166823129
0,0,0.04027329045866664
0,0,0.016446572372801574
0,0,0.038106543206122286
0,0,0.009846563157185649
0,0,0.0087751943793574
1,1,0.9994298584840979
0,0,0.025802654644649193
1,1,0.9500140735848818
0,0,0.017317650492823806
1,1,0.9996206535145302
1,1,0.9996998215913498
1,1,0.998961305121252
0,0,0.016988532236516682
0,0,0.031761916782025154
1,1,0.957710443204448
0,0,0.013814592338253096
0,0,0.08228060780993082
0,0,0.04206344773998628
0,0,0.015597125429272983
0,0,0.028409768996757918
1,1,0.9719975698935849
1,1,0.9822142284259247
0,0,0.018202006368684288
1,1,0.9995946298666095
0,0,0.10994890604746622
0,0,0.06430776342177552
0,0,0.01890740400285145
0,0,0.02974152634170413
0,0,0.04496713400233776
0,0,0.016114879761697502
0,0,0.014109499361923503
1,0,0.3953368208388297
0,0,0.035487702056475987
0,0,0.011253619302836537
1,1,0.7481368731903204
0,0,0.03514917084301149
0,0,0.03791426730274337
0,0,0.018107551633676063
0,0,0.06551559206675138
0,0,0.020222841270578225
1,1,0.9998357837087216
0,0,0.02955384007716333
0,0,0.04553550698604929
0,0,0.037425202749458285
1,1,0.9997825545149062
0,0,0.039537251976429676
0,0,0.0416877495638115
0,0,0.005728678830429625
0,0,0.025896145594194096
0,0,0.024286489033524542
0,0,0.04196163718005166
0,0,0.006979328623645323
0,0,0.017360972771037087
1,1,0.9991287062570466
1,1,0.9997638918992051
0,0,0.03885423315568417
0,0,0.008807174511198383
0,0,0.016920889808444233
0,0,0.040250965228127634
1,1,0.9992326161810038
1,1,0.9993246249928954
1,1,0.6086610430695162
0,0,0.03017674214697086
0,0,0.006592538555766436
0,0,0.020710510784385606
0,0,0.03133396655319286
0,0,0.027646081531081085
0,0,0.48989560263902693
0,0,0.03978899760254258
0,0,0.062209243245669385
0,0,0.08800172367938254
0,0,0.03128863232727173
0,0,0.010466978055254698
1,1,0.9993370911459727
0,0,0.03192797835005328
0,0,0.03715179442296131
0,0,0.010224895882349207
0,0,0.006769616252915846
0,0,0.01144682906164533
0,0,0.03929218551199314
0,0,0.029728422918534073
0,0,0.033245838016070096
1,1,0.9989912558347935
1,1,0.9999029511010505
0,0,0.013146025596753451
0,0,0.03695492514957485
0,0,0.01748446425001944
0,0,0.019195849121528018
0,0,0.019321698029223358
1,1,0.9667932886322057
0,0,0.016524485526617956
0,0,0.020773500400982962
0,0,0.030507123084478897
0,0,0.03659113765465276
0,0,0.06260600982063297
1,1,0.996510278851115
0,0,0.017652472537070994
0,0,0.0246332970320718
0,0,0.05452655477439912
1,0,0.47004196193912795
0,0,0.037940448913556295
0,0,0.04283549069541703
0,0,0.009055586487141306
0,0,0.014356736973289964
0,0,0.04065396798987602
0,0,0.019455747440997685
1,0,0.31054836543888337
0,0,0.018076316706513093
0,0,0.028404379160701015
0,0,0.014317880473846226
1,1,0.9996505625675639
0,0,0.04093205472005564
0,0,0.015239081943257586
0,0,0.009795662618545664
0,0,0.011011054374106958
0,0,0.03797715653930032
0,0,0.00532490344887935
0,0,0.05685798505085222
0,0,0.29722766194131506
0,0,0.012722768604609734
0,0,0.009935877668218162
0,0,0.020413206021121365
0,0,0.01750260733831644
0,0,0.007988515222788959
0,0,0.024498824766620513
0,0,0.10445072570016863
1,1,0.9995939282642616
1,1,0.9993922816238443
0,0,0.011404172565902402
0,0,0.03401154150991046
0,0,0.03181883665012071
0,0,0.02833204265173188
0,0,0.025504311651242822
0,0,0.030936540204520982
0,0,0.026883043221541343
0,0,0.02283910937669788
0,0,0.013904275376776735
0,0,0.032786926163173864
0,0,0.012164046047186296
1,0,0.14785602281038165
0,0,0.03221738484441237
0,1,0.6549703487446686
0,0,0.009422766198324
0,0,0.04291605345399043
1,1,0.9993846113808746
0,0,0.04732989253872899
1,1,0.9916205298792551
0,0,0.04558736778668006
0,0,0.04276977304083083
1,1,0.8669535001508499
1,1,0.9998756737938319
0,0,0.06467115277699746
0,0,0.030302093322040306
0,0,0.03740750249768715
1,1,0.990630490014811
1,1,0.9593069038470768
0,0,0.03226249752305745
1,1,0.9982047199913106
0,0,0.04062560651449436
0,0,0.018902743706629786
1,1,0.999900307182379
0,0,0.032644870789499944
0,0,0.12473037056136342
0,1,0.5528278659006668
0,0,0.056083400568115734
0,0,0.01009360213816525
0,0,0.015019706907975482
0,0,0.01899826601832923
0,0,0.02909710398037841
0,0,0.026618979554896317
0,0,0.035535066810892635
0,0,0.17251076930020934
0,0,0.044020338283046356
0,0,0.01394134996236216
0,0,0.025874215242001508
0,0,0.022940475786108305
0,0,0.006834959973764782
0,0,0.03464870551028149
0,0,0.05246347588528333
1,1,0.9993981781413298
0,0,0.022843469740435062
0,0,0.011013398186194697
0,0,0.01644567398312239
1,0,0.15600750529581034
0,0,0.00565499132816685
0,0,0.03945840012595882
0,0,0.020780312960964425
0,0,0.07353710806085079
0,0,0.027526059566197067
0,0,0.012930658079480599
0,0,0.04310855364925347
0,0,0.04664168450778531
0,0,0.012623863031278559
0,0,0.02839789018624524
0,0,0.0182920898350048
1,1,0.9993613500578344
0,0,0.014212834088914158
1,1,0.9993796462278645
0,0,0.03292633584204159
0,0,0.05013573987233046
0,0,0.006747581772644818
0,0,0.04070753881630318
1,1,0.9998273014311138
0,0,0.035222738287807344
1,1,0.9052413164405345
0,0,0.010622357098712168
0,1,0.6552659714442753
0,0,0.017740622717141486
0,0,0.020767936782090605
0,0,0.051365381272257295
1,1,0.998490653691206
0,0,0.013776242084513484
0,0,0.01720577716495207
0,0,0.15453736677992203
0,0,0.006916307981287818
0,0,0.02424832251037247
1,1,0.9993860624801891
1,1,0.9996223408766737
0,0,0.49324138556586317
0,0,0.023077671745133744
0,0,0.024632095439961314
1,1,0.9409526689461084
0,0,0.009159423913969802
0,0,0.044193762425980054
0,0,0.016576027918896463
0,0,0.042494370233927346
0,0,0.022339178249119466
1,0,0.2106583717706833
0,0,0.007393365027523562
0,0,0.022200056150386872
0,0,0.023455060611743427
0,0,0.04689192756477486
0,0,0.015974791226368388
0,0,0.016102413489350625
1,1,0.9989278193113887
0,0,0.05615130119421482
0,0,0.01704750062930766
0,0,0.3746414208329127
0,0,0.042634225775117586
0,0,0.016946925100989583
0,0,0.03663479457002476
0,0,0.0621195744310853
0,0,0.011878718987431952
0,0,0.025689429717316373
1,1,0.9993470244095503
0,0,0.044803518992763754
0,0,0.013417079785992846
0,0,0.017091783096813234
0,0,0.018593556253482208
1,1,0.9991876481048976
0,0,0.017284619854146553
0,0,0.04732772218411904
0,0,0.030844584214597143
1,1,0.9571491444372942
0,0,0.013556684500893455
0,0,0.04005083275060824
1,1,0.9611611953425047
0,0,0.02041266937989876
0,0,0.0358610161935894
1,1,0.9993436465867187
0,0,0.014888091908424645
0,0,0.020817763170430385
0,0,0.010793868030091403
1,1,0.9995917225201402
0,0,0.03678190385236586
0,0,0.04598742882589749
0,0,0.01768780534704075
0,0,0.051160019190668725
0,0,0.018043680987264794
0,0,0.021597168887847393
0,0,0.017605873394468216
0,0,0.10672784685498492
0,0,0.025745388196689343
0,0,0.035817630486182965
1,1,0.9942014290418149
1,1,0.9992807270865537
0,0,0.013089274419547546
1,1,0.9985338060100477
0,0,0.033301040283954725
0,0,0.05453954504865385
1,0,0.065003309202266
0,0,0.043661823102106555
1,1,0.9827185697614251
0,0,0.04226697972695412
1,1,0.999913433843577
0,0,0.31931884221724977
0,0,0.014155541660670788
0,1,0.5696346591085515
0,0,0.023616546637228994
1,1,0.9992567704196297
0,0,0.02903326313468947
0,0,0.021404775443141427
0,0,0.01191735034856385
0,0,0.07264872741383997
1,1,0.8057178509153603
0,0,0.036469939377126205
0,0,0.02869265919060469
0,0,0.013069765879937034
0,0,0.01216800735788378
0,0,0.03954160674639712
0,0,0.022848522465338455
0,0,0.007657056993423557
0,0,0.10607527788602433
1,1,0.9705540665559564
0,0,0.037793618278409574
0,0,0.022520412503427317
0,0,0.026907699656213004
1,1,0.9991585590293734
1,1,0.9992206290330132
0,0,0.010755860055258084
1,0,0.05512173597362678
0,1,0.7250625944133597
0,0,0.010892740693592558
0,0,0.0337101088113866
0,0,0.01382383920014066
0,0,0.07054923919681098
1,0,0.024572439028445723
0,0,0.019652040009417476
0,0,0.01925140150228529
0,0,0.10525161752187964
0,0,0.06607057155332058
0,0,0.032760273057646075
0,0,0.04502383066639338
0,0,0.05289352785172053
0,0,0.017484273236161276
1,0,0.3168484173166134
1,0,0.06028212679878153
0,0,0.03950528783839241
0,0,0.019175637363484172
0,0,0.01884192204112235
0,0,0.017842263454656525
0,0,0.03333947024191461
0,0,0.04258208667921935
1,1,0.9992739122923179
0,0,0.045322558003908185
1,1,0.633977064845531
0,0,0.03948602567049769
0,0,0.03494446258497011
0,0,0.03306472587641168
0,0,0.015604102751134675
0,0,0.487664495093657
0,0,0.02958673854155203
0,0,0.011420924085030239
0,0,0.015671446076697345
0,0,0.008222786886210006
0,0,0.03343187719265208
0,0,0.010999266059526575
0,0,0.03542777610756794
0,0,0.03337726185323747
1,0,0.10265189592480489
0,0,0.025560610190999904
0,0,0.017317650492823806
1,0,0.015339434180392483
0,0,0.013985715944322335
0,0,0.015958952696243152
0,0,0.010567170393713111
0,0,0.016822284693152955
1,1,0.6881587084345989
0,0,0.04000787373934148
0,0,0.022712906345595044
0,0,0.02412101899512525
0,0,0.017902517649275997
0,0,0.03304270616889207
0,0,0.011723620429888915
0,0,0.04018071601405164
1,1,0.8826213955851699
1,1,0.976075998257408
0,0,0.03345582081930781
1,1,0.9997509731409345
0,0,0.06058905108128026
0,0,0.03826901743095802
1,1,0.8187000459533983
0,0,0.03453300165910586
0,0,0.020770876445729752
0,0,0.010370658781543675
0,0,0.04360246946032302
0,0,0.017103859392270753
0,0,0.03582432806073264
0,0,0.03403256159269868
0,0,0.013415298282494008
0,0,0.035493892603112996
1,0,0.04651844802415429
0,0,0.012108400466772404
1,1,0.9995874223443687
0,0,0.02192770189423019
0,0,0.08819994622014134
0,0,0.02065160068400242
1,1,0.999538830669136
0,1,0.769373862679559
0,0,0.035936342398773156
1,1,0.9998403171290923
0,0,0.02932660553706729
1,1,0.5956561995848818
0,0,0.03402172261963384
0,0,0.06484528878246466
0,0,0.05438300558980617
0,0,0.009524388351476343
1,1,0.9995701213705555
0,0,0.021757020801009594
1,1,0.9224382473352866
1,1,0.5759738069063101
0,0,0.01329349024955958
1,1,0.9339826965120399
1,1,0.9744486934765615
0,0,0.01599413251137449
0,0,0.029578726521029334
0,0,0.010985181217141598
0,0,0.04402166937495432
0,0,0.020201667827197674
0,0,0.026125668541936733
0,0,0.07589646194314895
1,1,0.9180068224276997
0,0,0.03454580331982273
0,0,0.029630054010842344
0,0,0.03256029362643015
0,0,0.009399922937531684
0,0,0.010716271787658155
0,0,0.04610271822699713
0,0,0.016874248268258993
0,0,0.032915493541619156
0,0,0.021829275784245403
0,0,0.07086726858958496
0,0,0.05182178866468037
0,0,0.010693073997349143
0,0,0.02646646117933493
1,1,0.987533952427392
1,1,0.9016660671743435
1,1,0.9997206783882719
0,0,0.025884061817064916
0,0,0.03901567452473003
1,1,0.9992571606646384
0,0,0.027612742248308512
0,0,0.01766095143967959
1,1,0.7043967365560909
1,1,0.9995589292823428
1,0,0.47775747164420707
0,0,0.021173007877718742
0,1,0.6196858453533215
0,0,0.13035846463256026
0,0,0.05716835457285803
0,0,0.027379640187266702
1,1,0.9269713086087752
0,0,0.03836260147331581
0,0,0.019984037742309294
1,1,0.7195373447728544
0,0,0.1643577939773718
1,1,0.9998751513382278
0,0,0.10515314535959612
0,0,0.006274766965733319
0,0,0.037336419954544696
0,0,0.01839982517842172
0,0,0.012245331628188427
0,0,0.02070520287462308
0,0,0.0171646273281558
0,0,0.014011500755747098
0,0,0.038287289376153236
1,1,0.5330565948148197
0,0,0.20166101004739515
0,0,0.01917076385213525
0,0,0.02822097689681749
0,0,0.020621618923760392
0,0,0.031805012172980866
0,0,0.017928711155508002
1,1,0.7191750562187014
1,1,0.7239157975275217
1,0,0.450916402100124
0,0,0.01074957810349249
0,0,0.06876601867507007
1,1,0.9725169960410381
0,0,0.01792596279686962
0,0,0.031252213713840515
0,0,0.03757483330530336
0,0,0.0171003912165736
0,0,0.021404939512432577
1,1,0.9998742977454105
0,0,0.027875461580370017
0,0,0.02093229017078195
0,0,0.014069596691792991
0,0,0.031563668369092024
0,0,0.03367101627424172
0,0,0.011502943927034218
0,0,0.0495610456556809
0,0,0.013035697042029138
0,0,0.032267841230689896
0,0,0.056558910920816
1,1,0.9991667440437749
0,0,0.024831769775721855
1,0,0.17730735889302665
0,0,0.011821259856633844
0,0,0.027427387957500757
0,0,0.011916851041451265
0,0,0.016481886290160508
1,1,0.9997956784317491
0,0,0.019005273550499233
0,0,0.017060972036398513
0,0,0.0343949805349951
1,0,0.03876043119015228
0,0,0.021759924129832468
0,0,0.01726873265053751
0,0,0.01699883782421299
0,0,0.051476627001164045
0,0,0.011701011124755797
0,0,0.022044801768769103
0,0,0.04958963097212031
1,1,0.9994842685641523
0,0,0.017896581928114757
0,0,0.017303810357147353
1,1,0.9997432282982528
0,0,0.10353043393902182
0,0,0.018756848561224976
0,0,0.018906125808220195
1,1,0.9986545583403008
0,0,0.04214990202583153
1,0,0.05357266844118419
0,0,0.019436492273718034
0,0,0.0861164389527645
0,0,0.009876718673227956
0,0,0.05686253162574691
0,0,0.00764565127026888
0,0,0.03561404660254291
1,1,0.979810573824382
0,0,0.048787220749507115
1,1,0.5232775871194157
0,0,0.010216423649856702
0,0,0.09118397803930439
1,0,0.057193467506166704
0,0,0.010741864596381037
1,1,0.9614045731704952
0,0,0.013726198924010334
1,0,0.4569046151338306
0,0,0.042546823557839335
0,0,0.028224663058599837
0,0,0.016200860682215847
1,1,0.999408209343208
1,1,0.7923885414132831
0,0,0.021633204761973595
0,0,0.033452154782527034
1,1,0.8070594302259706
1,1,0.9998091110561353
0,0,0.04289780186253591
1,1,0.7873019567513465
0,0,0.01619553444366418
0,0,0.02019183868707069
1,1,0.999274485302685
0,0,0.04436648508191009
0,0,0.04548622960251255
0,0,0.016741439099662362
0,0,0.0641853196802366
0,0,0.019135448583804653
0,0,0.0036170575466222283
0,0,0.02081243953373577
0,0,0.041896160618927
0,0,0.018970227185755705
1,0,0.1213129612542319
0,0,0.07318179850745873
0,0,0.029747799756419155
1,1,0.9990149498641815
0,0,0.00819831985993713
1,0,0.4587823774377726
0,0,0.014817505199868523
0,0,0.015692097364418994
0,0,0.02655761952404981
1,1,0.9999126357281666
0,0,0.007448388618179051
0,0,0.027977200846839915
0,0,0.037659070757973125
0,0,0.03498344213093682
0,0,0.03711695618797144
0,0,0.02118948737929718
0,0,0.03896860337008303
0,0,0.043864822051994094
0,0,0.03338445682168257
0,0,0.04084210523478498
0,0,0.028238234904327482
0,0,0.009757588807944025
0,0,0.026625713717160302
0,0,0.047770985940290625
1,1,0.9822791284994594
0,0,0.03983113924682169
1,1,0.9996306760921009
0,0,0.04398749891115849
0,0,0.01745890632587367
1,1,0.9999442066223074
0,0,0.021381990946663813
0,0,0.013262100412105331
0,0,0.020455608825336064
0,0,0.021287871925954733
0,0,0.006782158080125105
0,0,0.03661867169107942
0,0,0.03871813709183509
0,0,0.02009545477408907
0,0,0.07374543711782089
0,0,0.03500955557831211
0,0,0.005467837996140084
0,0,0.03273396872098644
0,0,0.026869093777109387
0,0,0.036046551298901275
0,0,0.05348475727970382
0,0,0.015340011410561714
0,0,0.022180050134436018
0,0,0.07036808091736498
0,0,0.04112429405021221
0,0,0.008472717199005855
0,0,0.01585093098284555
1,1,0.99923301251516
0,0,0.018235602176501754
0,0,0.02101271398541616
0,0,0.015194508270193351
1,1,0.5355813286636737
0,0,0.04946643952026799
1,1,0.9683939523042907
0,0,0.028421100487817107
0,0,0.0279285703382539
0,0,0.012084637937636998
1,1,0.8545385381192109
0,0,0.013699359828405207
0,0,0.01524772915787885
1,1,0.9993956214544735
0,0,0.019538722501275314
0,0,0.04266449501053641
1,1,0.8586161374370926
1,1,0.9992703600524016
0,0,0.1591295441806463
1,1,0.9994214675555688
1,1,0.9998186692746736
0,0,0.015426026642140829
0,0,0.01922664477622099
0,0,0.3138622053786864
0,0,0.03420862356517282
0,0,0.025701225883207546
0,0,0.03400043192408924
0,0,0.024043465443506714
0,0,0.1735778802862552
0,0,0.17678798572278207
0,0,0.07810562171394038
0,0,0.012980925225359295
0,0,0.026752339110877623
1,1,0.999392265469215
0,0,0.04418782908054127
0,0,0.004020273671760084
0,0,0.030472443526965296
0,0,0.01590881018200838
0,0,0.06705976005473208
0,0,0.03495414908779173
0,0,0.020015758872453073
0,0,0.04446547103151217
0,0,0.3055886773860527
0,0,0.01737314003720871
0,0,0.008258654779572903
0,0,0.03529845099041069
0,0,0.041602180911594816
1,0,0.04187908949730344
0,0,0.010677986261857144
0,0,0.00951745853265205
0,0,0.021078705700861344
0,0,0.020163577264840193
0,0,0.017506993102849405
0,0,0.1963381828108048
1,0,0.0597642428647168
0,0,0.019346800105277315
0,1,0.9648474096335345
0,0,0.036558225755109
0,0,0.03703222026808943
0,0,0.04625539518923586
0,0,0.04507727851932737
0,0,0.004996164589260552
0,0,0.016243518198944203
0,0,0.008308384449196926
0,0,0.02215427185850606
0,0,0.019596581175421377
0,0,0.03786388834042699
1,1,0.9993757684665243
0,0,0.031015474105894197
0,0,0.017018025593186683
1,1,0.7582553898391073
0,0,0.3383695899782992
0,0,0.07849378522510307
0,0,0.028918667042060284
0,0,0.05478568339270768
0,0,0.016132391473493726
1,1,0.9994453222184497
1,1,0.9996741253528223
0,0,0.03567916554325058
0,0,0.029085174837944577
1,1,0.7354830516648362
0,0,0.041424620557492166
1,1,0.9997313159538954
0,0,0.02259772945729461
0,0,0.02783879528075625
0,0,0.035838496433435535
1,1,0.8872212744253054
0,0,0.00809379448185622
0,0,0.010314749703581408
0,0,0.08427548907098846
0,0,0.008517933001962824
0,0,0.00971484164021543
1,1,0.999247916119392
0,0,0.027870828358718847
0,0,0.059265401226394517
1,1,0.9999489319496543
0,0,0.015307467288738809
0,0,0.03668129252137226
1,0,0.0881652783362892
0,0,0.01700624885924796
0,0,0.022019913766621973
0,0,0.012075038089998403
1,1,0.999936243256343
0,0,0.01793945243323479
0,0,0.01738800500403454
0,0,0.020879457134490857
0,0,0.09506364377791163
0,0,0.017326322240020356
0,0,0.03859649885580634
0,1,0.7569962738382255
1,0,0.04740344178383144
0,0,0.016052885329473594
0,0,0.03565955371289026
0,0,0.018529020685260817
0,0,0.020680795909015528
0,0,0.026776007197953103
1,1,0.6301929624516651
0,0,0.04310118674477081
0,0,0.029256530465381236
1,1,0.9998009582711452
0,0,0.023069274178332606
0,0,0.09583991798170309
0,0,0.05207318933803175
0,0,0.04121729952532649
1,1,0.9614339076179883
0,0,0.02263369055573878
0,0,0.024291094041935437
0,0,0.02023512972686978
0,0,0.02272666592718274
1,1,0.9601667308292683
1,1,0.7017565847530193
0,0,0.04847903709604393
0,0,0.02133041268464991
0,0,0.01763261249755431
1,1,0.9998180633467484
0,0,0.06588994794120005
1,1,0.9967889857278734
0,0,0.015160325114189462
1,1,0.8474490845725003
0,0,0.1342543766010884
0,0,0.011741866875109452
0,0,0.034066687203172505
0,0,0.03772847274659078
0,0,0.04031665166430823
1,1,0.5232775871194157
0,0,0.01883643028225999
0,0,0.015731173320111806
0,0,0.09299739148517487
0,0,0.04470114908880968
0,0,0.013793608583596163
0,0,0.03499837378691123
0,0,0.03349763086883804
0,0,0.011875165946848126
0,0,0.017796687507930214
0,0,0.017769036677631998
0,0,0.01450590463789549
0,0,0.01118066366261529
0,0,0.02659264360090059
0,0,0.01847815809761066
0,0,0.03582778860706489
0,0,0.09018002027387557
0,0,0.03875852450468587
0,0,0.010692739272187286
0,0,0.030019961518977303
0,0,0.13359081951081023
0,0,0.01957506643427256
0,0,0.010347942548416344
1,1,0.6895132752564758
0,0,0.031066132602829415
0,0,0.013211148993932725
0,0,0.04509508492857203
0,0,0.029241273468508782
0,0,0.014176513888808787
0,0,0.012744348957272828
0,0,0.029624683283783447
0,0,0.04702849855706528
1,0,0.05074249601007587
0,0,0.022148735890532244
1,1,0.9990488846123432
0,0,0.025219329142841227
0,0,0.023708875766172238
0,0,0.013479619376473663
0,0,0.040122036099917296
0,0,0.035823865900616085
0,0,0.038376775648413936
1,1,0.999506926715303
0,0,0.011681301355649903
0,0,0.014627427532157252
1,0,0.4741255435900367
0,0,0.02361992075474684
1,1,0.9980310449898503
0,0,0.01437665223410754
0,0,0.031340341291802035
0,0,0.01949373631544727
0,0,0.022568982633929164
0,0,0.016658932666588695
1,1,0.7981105669887985
0,0,0.016667208331849703
0,0,0.021210784646090514
0,0,0.02408925728662944
0,0,0.01481224644323367
0,0,0.016547389604953496
0,0,0.044672961441859615
0,0,0.005131813691248579
0,0,0.0233786706098945
1,1,0.8050277083484358
1,1,0.998496053783242
0,0,0.019869174308069084
0,0,0.05534040686417172
0,0,0.01782063339941833
0,0,0.02087348635994944
0,0,0.02953459839735416
0,0,0.01969228822152944
0,0,0.0346753373403479
0,0,0.03595782602901193
1,1,0.8590556100550858
0,0,0.03858483847944944
0,0,0.11151809765414
1,1,0.998243203872482
0,0,0.05554569268450235
1,1,0.953683297361574
0,0,0.01269329742514516
0,0,0.0508511519572978
0,0,0.010057956948467428
0,0,0.018840221602586076
0,0,0.013313059510338008
0,0,0.04126623673910923
0,0,0.010556033155821789
1,1,0.9997213421786647
0,0,0.034056933188240525
0,0,0.01935522267836045
0,0,0.01885166140910625
0,0,0.005950574696563568
1,1,0.9711722245997716
0,0,0.12396476436201602
1,1,0.9995503632190433
0,0,0.020923170599353266
1,1,0.9998967744076441
0,0,0.008312747677182174
0,0,0.24552081853569835
0,1,0.7613356927317907
0,0,0.018536627682408352
1,0,0.460614608155778
0,0,0.013920125344665748
0,0,0.01880110721929626
0,0,0.01831684336809996
0,0,0.018040030851808827
0,0,0.008987187585278705
0,0,0.015294444067016213
1,1,0.8704190427025134
1,1,0.9995116198536358
1,1,0.687404382673675
1,1,0.9994139172922414
0,0,0.044782679028701214
0,0,0.034732333923073164
0,0,0.015377016786115052
0,0,0.019534380873963857
0,0,0.03246339802933277
0,0,0.03463813378353529
0,0,0.01518049592121386
0,0,0.03471470886870491
0,1,0.9556826720942775
0,0,0.09653619700067541
0,1,0.5227645036120998
0,0,0.4363211591135556
0,0,0.01879355202355478
0,0,0.04529822943499042
1,1,0.8962563395863318
1,1,0.9994803843227985
0,0,0.062209243245669385
0,0,0.028087720497663993
1,1,0.9989870529026057
0,0,0.027365210284401142
0,0,0.03289126504675896
1,1,0.99820528501567
0,0,0.015234296024372563
0,1,0.583946837613147
0,0,0.08550064208799615
0,0,0.019844784606707976
0,0,0.027722294264538722
1,0,0.014186476688461624
0,0,0.007107187698810399
0,0,0.018087391226150624
0,0,0.043071791606633325
1,0,0.08268944508085474
0,1,0.8580474320446982
0,0,0.05574480584828181
0,0,0.01365488690107067
0,0,0.018403346543210162
0,0,0.049746538921981845
0,0,0.013196784140747889
0,0,0.0125660108583104
0,1,0.5686455289226624
0,0,0.050151958817495054
0,0,0.03447605240351993
0,0,0.03723566716723048
1,1,0.9690805726143534
0,0,0.038159557555976206
1,0,0.05204889201176406
0,0,0.03994197010428952
0,0,0.03199298820259337
1,1,0.9984361769306276
0,0,0.027689031151253218
0,0,0.015584580649430023
0,0,0.011913419299769792
1,1,0.9975420041681493
1,1,0.9990566049785015
0,0,0.008769265642009352
0,0,0.21481313699714819
0,0,0.020979572290560255
0,0,0.015197119715330824
0,0,0.03604865501796308
1,1,0.9998210295906381
0,0,0.03556446534077851
0,0,0.03232042998630021
1,1,0.9992625840018493
0,0,0.031356296828275926
0,0,0.00887210929590632
0,0,0.018370751456825898
0,0,0.01491370504869463
1,1,0.9983225838408473
0,0,0.055468147738160015
0,0,0.009583336393318905
0,0,0.02950491924006965
0,0,0.10554955586076359
0,0,0.019883486153986142
0,0,0.01651794405952251
0,0,0.021273431576256257
1,1,0.9641470008415247
1,1,0.9226334343827501
0,0,0.03258236680335668
0,0,0.023967983225200756
0,0,0.11464893271891317
0,0,0.03476128698299455
0,0,0.026995025185753394
0,0,0.010150585124610485
0,0,0.10626092952725186
0,0,0.031080728299507365
0,0,0.01634302188549124
1,0,0.49150711952294157
0,0,0.015497498716332561
0,0,0.023659546145862714
0,0,0.041863664232318236
0,0,0.011594504506022
1,1,0.9991667440437749
0,0,0.015172847827051566
1,1,0.9998196491462542
0,0,0.017844545756931614
1,1,0.9998995600642021
0,0,0.04656526296330352
1,1,0.5073618890098021
0,0,0.026897141619003712
0,0,0.019202222576289184
0,0,0.024001558629343524
0,0,0.0344873445361694
0,0,0.015626816579128924
0,0,0.020843766476070436
0,0,0.022368012434623573
0,0,0.02371776402007533
0,0,0.028492301108142094
0,0,0.015486321969239667
0,0,0.025385187012428524
0,0,0.020464331672078628
0,0,0.023481799652607428
0,0,0.04145229894615783
0,0,0.04708959512431881
0,0,0.05374621964586169
0,0,0.03880304356176025
0,0,0.010883643790045841
0,0,0.053072146034437
0,0,0.017771961966600226
0,0,0.019892369170776806
0,0,0.48192220599649493
0,0,0.02724135358956737
0,0,0.032943294518159895
1,0,0.20128490977955718
1,1,0.9997977235965978
0,0,0.008770457059641742
0,0,0.022046020745830418
0,0,0.014163152086208865
0,0,0.035691012482515244
1,1,0.9994423785367329
1,1,0.9992960316007952
0,0,0.07822552824187641
0,0,0.04224357311377848
0,0,0.013998938765429429
1,1,0.8572503929908801
0,0,0.2700816298782243
0,0,0.02036527641432649
1,0,0.05968935684088186
0,0,0.03688078023471255
1,1,0.9990872989316305
0,0,0.052938127962817494
0,0,0.02640547662309658
0,0,0.06371822432951166
0,0,0.04741428321391053
0,0,0.010719692141054941
0,0,0.04150273620789285
0,0,0.029341474148090886
0,0,0.04031585923098199
0,0,0.028499307763060495
0,0,0.37474377103528383
0,0,0.03144206210323778
1,1,0.9764378939395932
1,0,0.06676965011370978
1,1,0.9996170972340049
0,0,0.05952458456908556
1,1,0.9991056976840003
0,0,0.04170501983858212
0,0,0.011834900878210637
0,0,0.019633792968244915
0,0,0.006818833613187182
0,0,0.04342555970462811
0,0,0.04552591384932551
0,0,0.02234725284983753
0,0,0.15293046281088415
0,0,0.02574695772400218
0,0,0.05514072476596205
1,0,0.1513593135606797
0,0,0.014517640408948148
0,0,0.01405681447253351
0,0,0.043482795623926394
1,1,0.9992896009571605
0,0,0.019353797839828935
0,0,0.01764607201415373
0,0,0.020059814783148448
0,0,0.18156136659278935
0,0,0.02235657623852163
0,0,0.015356449409695683
0,0,0.034358124746513966
0,0,0.024706849292081636
0,0,0.00862790902655298
0,0,0.016607781421337814
1,1,0.9988732089907961
0,0,0.00994491969806908
1,0,0.10145429043660617
0,0,0.03999120580544323
0,0,0.02935803990529312
0,0,0.01372235133880173
0,0,0.0155497599486003
0,0,0.19026807942387605
0,0,0.026612449799950234
0,0,0.09666485690172583
0,0,0.013766757090561577
0,0,0.0457542712630334
0,0,0.02598987843135271
0,0,0.012684501986645686
0,0,0.032592212715912054
0,0,0.006770165675088735
1,1,0.8844550810583071
0,0,0.02494633216724668
1,0,0.45517262563686994
0,0,0.041019594706130626
0,0,0.02425592694341847
0,0,0.02380626195227275
0,0,0.016315564839913484
1,1,0.999269474410701
0,0,0.04455900881356858
1,1,0.9666678941779038
0,0,0.09727972762327314
0,0,0.016589570852613155
1,0,0.42659658067099504
0,0,0.0074402282152945375
0,0,0.014854231838415187
0,0,0.037489542012737666
0,0,0.02447353075425342
0,0,0.0075996964573230505
0,0,0.036154308762537966
0,0,0.01103350698738763
0,0,0.04578937837027231
1,1,0.9795231006102715
1,1,0.8532971391638859
0,0,0.027784656907945605
0,0,0.013435813647117515
0,0,0.035603586612512686
0,0,0.03155554587221114
0,0,0.01659154422645349
0,0,0.05338882846585372
1,0,0.43746096651448213
0,0,0.03718388009950043
1,1,0.9985333217708183
0,0,0.01633562668921418
0,0,0.04439267639165881
1,1,0.9936141483675962
0,0,0.018146957482798962
0,0,0.019520390307449734
0,0,0.035347560852357865
0,0,0.016066651397075766
0,0,0.02249874672361375
0,0,0.01206388416489976
1,1,0.9387707124456395
0,0,0.027472042160004134
0,0,0.029867618563806354
1,1,0.9993955481406749
0,0,0.020630761588821645
0,0,0.009002589642905052
1,1,0.9997667388134904
1,1,0.999469377501816
0,0,0.016094095710561744
0,0,0.022186805118166626
1,1,0.9991579200915668
0,0,0.02208063129202224
0,0,0.023985799707243148
0,0,0.01632089240951894
0,0,0.009443327759492016
0,0,0.00922949254656776
0,0,0.027964555504413128
0,0,0.030589725048478483
0,0,0.06063785683225318
1,1,0.9993796462278645
0,0,0.010401385349942612
0,0,0.02178975407310421
1,1,0.9998159671696797
0,0,0.007977399494563895
0,0,0.03477535328159455
0,0,0.040258426095525435
0,0,0.022715508977765562
0,0,0.04843106097891165
0,0,0.020229485832081513
0,0,0.031334023114708745
0,0,0.016806635019941583
0,0,0.029560262904371633
0,0,0.016286208518743385
1,1,0.811438138294263
0,0,0.008458628462909122
1,0,0.06254752947754744
0,0,0.1984980288767357
0,0,0.016976188972796465
0,0,0.02292577582129748
1,1,0.8798807124688144
0,0,0.05408376339240293
1,1,0.621950729162198
0,0,0.019656826725447194
0,0,0.03455897265938019
0,0,0.009527380471730658
0,0,0.02548557538852988
1,0,0.059032875916027835
0,0,0.04988813907950905
1,1,0.9979172484944794
0,0,0.026668795385597143
1,1,0.8107183253183313
1,1,0.9991616977505982
1,1,0.7573529662318875
0,0,0.07234626417717584
0,0,0.19026807942387605
0,0,0.026525036742822916
1,0,0.03271494004751714
0,0,0.021217421597927374
0,0,0.04038768227279046
0,0,0.01666256850778922
0,0,0.01815813146720287
0,0,0.03373302473514038
1,0,0.4585769690475611
1,0,0.08374788022983247
1,1,0.999323591760437
1,1,0.9989801557778091
0,0,0.042196374461490896
0,0,0.02519952413422474
1,1,0.9997239353814884
1,0,0.3928475811889141
1,0,0.05126892503236994
0,0,0.05125634225152304
0,0,0.018857482703820767
1,1,0.8577490318373413
0,0,0.03716606262833458
0,0,0.04052437925879294
0,0,0.013349516608909482
1,0,0.04572553671091175
0,0,0.01883927958837311
0,0,0.01480527571860037
0,0,0.03888863518046118
0,0,0.03113310036363675
0,0,0.05294042362320539
0,0,0.03671101552528506
0,0,0.016231396225470002
0,0,0.007090185653595986
0,0,0.01621993610678447
0,0,0.012916290949535865
0,0,0.019168948950950112
1,0,0.3384565389570392
0,0,0.054527944282616835
0,0,0.011205860813627296
0,0,0.025862993801093928
0,0,0.14022538234840778
0,0,0.04560103932149633
0,0,0.024884146695746984
0,0,0.016151096364883225
0,0,0.018849663776696796
0,0,0.026429508037787788
0,0,0.03173670864764787
1,0,0.1541213871539028
0,0,0.049679917091423276
0,0,0.03118346670782975
0,0,0.04299168642185014
0,0,0.02254585819272238
0,0,0.039168012626495746
0,0,0.02031214488967451
0,0,0.039773253576363646
1,1,0.979810573824382
0,0,0.022681936048774193
0,0,0.029364119175982646
0,0,0.031493727621272595
0,0,0.008160375365540047
0,0,0.03997211661003513
0,0,0.03359715460049099
0,0,0.017055259532737007
1,1,0.5365283964929765
0,0,0.06659565595893872
0,0,0.035791524735502414
0,0,0.047471424915165594
0,0,0.011159227976578912
1,0,0.4575105241041669
0,0,0.008166051103458988
0,0,0.018453274681858742
1,1,0.9855114280090534
0,0,0.029697525860059124
0,0,0.008710493022769298
1,1,0.9793468061530208
0,0,0.010644041349926622
1,1,0.6321131781808723
0,0,0.02385715315476852
0,0,0.047879102573128766
0,0,0.01978366155110534
0,0,0.026332887696166
0,0,0.024229356823219635
0,0,0.03470750953459467
0,0,0.03063869374932048
0,0,0.033235227993995586
0,0,0.014048975280451655
0,0,0.01900611707793121
0,0,0.0369343129918869
1,1,0.9999185286949753
0,0,0.04292048869881687
0,0,0.03923270972314716
0,0,0.016548480527881503
1,1,0.9993206347905753
1,1,0.963320238291686
0,0,0.025005904372843658
0,0,0.029339407172800702
0,0,0.14641981333213075
0,0,0.02317809322873439
1,1,0.992083858928258
0,0,0.023114725579132245
0,0,0.018354623838477094
0,0,0.08220119077101459
0,0,0.01916855044575118
1,1,0.9996891973620843
0,0,0.028860481168103178
0,0,0.010988347858042664
0,0,0.0123546735320096
0,0,0.027109847363119888
1,1,0.9997825545149062
0,0,0.011690938005508942
0,0,0.014743576722072778
0,0,0.03148237212910933
0,0,0.04556458031215865
0,0,0.006729976453201233
1,1,0.9982864268248998
0,0,0.012724598791108455
0,0,0.012384202713357094
0,0,0.03427561695923428
0,0,0.01747049930209311
0,0,0.03486764109196061
0,0,0.09727799463470832
0,0,0.019468930181452054
0,0,0.13368618577415511
0,0,0.027756282916686865
0,0,0.036680035371562295
0,0,0.018864095138107145
0,0,0.03496910157193281
0,0,0.04688965848023111
0,0,0.01647298105697071
0,0,0.01867361056559528
0,0,0.015261485816768864
1,0,0.028620144101226267
0,0,0.02712758208328025
0,0,0.015362061021524907
0,0,0.019168518167472427
0,0,0.03930596825057316
0,0,0.31511099299012557
1,0,0.054104545527567965
1,1,0.9982149676975165
0,0,0.012667266197679973
0,0,0.007107187698810399
1,1,0.999669351333228
0,0,0.025031022027382308
1,1,0.9721411687053061
0,0,0.03680901093685322
0,0,0.006803345375015952
1,0,0.038551164516940545
0,0,0.03116414113754024
0,0,0.021165002426764612
0,0,0.019086462256689
1,1,0.9817552922924322
0,0,0.016906343559498858
0,0,0.026666252694417015
0,0,0.03643491049193447
0,0,0.04783218158566212
0,0,0.051324454450149826
0,0,0.013497629611201043
0,0,0.03428221782535117
0,0,0.01835570931579254
1,1,0.9999078863708437
0,0,0.03956009393998434
0,0,0.01615426560380446
0,0,0.02674287534262437
0,0,0.03192403478071169
0,0,0.03093168892961296
0,0,0.04321555373456371
0,0,0.017234259622485416
0,0,0.016290230689796584
0,0,0.07839707830736416
0,0,0.03166008637383797
0,0,0.025500686266749478
0,0,0.04453604068681318
0,0,0.01229960838773485
1,1,0.9996313730753943
0,0,0.014447173856096552
1,1,0.9996564487793098
0,0,0.03340914313190541
0,0,0.06535240297359358
1,1,0.9949893543584353
0,0,0.030534129901749026
0,0,0.0357340833525439
0,0,0.025420762929951487
0,0,0.06925889353048188
0,0,0.007643965884725519
0,0,0.05986199971298992
0,0,0.00872100970571679
0,0,0.01685892537991256
0,0,0.00860700969297661
0,0,0.04479271800734363
0,0,0.22935185103352157
0,0,0.016967906411546576
1,1,0.921368076012802
0,0,0.08339480180938376
0,0,0.0180209502158929
0,0,0.029520685751375814
1,0,0.03352478713586976
0,0,0.0041395112682805395
1,1,0.9993915143967598
0,0,0.03685751371764309
0,0,0.010070605098688075
0,0,0.050366546385960706
0,0,0.018502323328066936
0,0,0.08875170847499475
0,0,0.03331105941725557
0,0,0.07350947760135654
0,0,0.05199957026733134
1,1,0.9904845905764633
1,0,0.07741070331091789
0,0,0.07991360391799797
1,1,0.8376769872065489
0,0,0.016632228435478943
0,0,0.013349238807749271
0,0,0.09727799463470832
0,0,0.022592419490282626
1,1,0.9270937605772767
0,0,0.037460493365420545
0,0,0.02658809891318356
0,0,0.005986402176529194
0,0,0.03734329447659571
0,0,0.0207495269310901
0,0,0.008162180295155327
0,0,0.01863907110459014
0,0,0.016641449688636463
0,0,0.04053793450204489
0,0,0.023849785759025376
0,0,0.018738657272468748
0,0,0.013444592449889709
1,0,0.016388680029091125
1,1,0.9705588303507872
0,0,0.03282054073735956
1,0,0.284475052319529
0,0,0.019931252250025806
0,0,0.017374433122508488
1,1,0.9829815308796425
0,0,0.020778343470130762
0,0,0.055402476103202224
0,0,0.008677820512860665
0,0,0.10068677878686917
0,0,0.022378629392369603
0,0,0.03965391482753949
0,0,0.0355149172162946
0,0,0.016157994615160372
0,0,0.03872438793959654
1,1,0.8021853621628955
0,0,0.3892920254112645
0,0,0.03870165676301986
0,0,0.021887679699513038
0,0,0.01666376855534295
0,0,0.032850430007013966
0,0,0.03991570609347485
0,0,0.02776758532650093
0,0,0.03859240263912194
0,0,0.013661812250896667
0,0,0.05971307062232292
0,0,0.008680482833270055
1,1,0.6037090755155078
0,0,0.05360835175316117
0,0,0.15111783240935073
0,0,0.005044836253166945
0,0,0.009586563675916319
0,0,0.017578892436014314
0,0,0.013728364785032197
0,0,0.023653604857275773
1,1,0.969557887746495
0,0,0.028860481168103178
1,1,0.999726732034376
1,1,0.9923491280479076
0,0,0.017808148003223414
0,0,0.10325397254325669
0,0,0.03678008794338665
0,0,0.027209984261063185
0,0,0.03183006799489722
1,1,0.6390109969716335
0,0,0.021770651222523887
0,0,0.005001399516145432
1,1,0.9993947875066389
1,1,0.9994271852869528
0,0,0.004987338551526463
0,1,0.7029216314169653
0,0,0.016946606350879218
0,0,0.01648523853735305
0,0,0.4266616019896353
0,0,0.02193461256833226
0,0,0.0191974635850624
0,0,0.035103707321704265
0,0,0.005864522570843453
0,0,0.05139404300577648
0,0,0.031126265566355366
0,0,0.03645684884636297
1,1,0.9869753120174529
0,0,0.051072934181080686
0,0,0.014525035910148717
1,1,0.6549654598173602
1,1,0.9998502945158051
0,0,0.01663086137355327
0,0,0.042156052209801655
0,0,0.017543606323940725
0,0,0.013833303564927391
0,0,0.01633642159489754
0,0,0.026688562918208102
0,0,0.008444405250921482
1,1,0.9903806175710497
1,1,0.9994122476791514
0,0,0.01514891608974938
0,0,0.03595707428906027
1,1,0.905705171140737
0,0,0.03623565602080562
0,0,0.013822187601809538
0,0,0.03136385135802157
0,0,0.015880999412173743
0,0,0.00994238269809002
0,0,0.004392039571006616
0,0,0.07141672135425439
0,0,0.02023016614571976
0,0,0.05113479012559425
0,0,0.06162272269157924
0,0,0.012277837128669063
1,1,0.9999213788189504
1,1,0.9995030320909556
0,0,0.0179744488183638
1,1,0.9993698183574913
0,0,0.025202301246001754
0,0,0.02240315756460149
1,1,0.9995512956045824
1,1,0.968269558200488
1,1,0.9999438980191022
0,0,0.031675812318158234
1,1,0.9974710273178985
0,0,0.03207551987699931
0,0,0.049742423673093825
0,0,0.0631211083533972
0,0,0.03258680549789274
0,0,0.026437515522218517
0,0,0.1346426700429689
0,0,0.03353611271149677
0,0,0.015473492047625378
0,0,0.04143800083887315
0,0,0.05115888076789065
1,1,0.9995271317690662
0,0,0.03270885453864164
0,0,0.015389039214248772
0,0,0.03905369407841811
0,0,0.05209090161767419
1,1,0.9738693240720934
0,0,0.01912730606404115
1,1,0.9999195142779644
0,0,0.03704069615115163
1,0,0.07716583958429736
0,1,0.8539207797055853
0,0,0.020018465946799877
0,0,0.021989866864609343
0,0,0.005789150683553138
1,1,0.9999166741141431
0,0,0.014116392988451519
0,0,0.01612953852145597
0,0,0.030274858369232768
0,0,0.0272342329103354
0,0,0.010536644178564848
0,0,0.01813472461964829
1,1,0.6720610073054908
1,1,0.9997612272670785
0,0,0.06457431095486961
0,0,0.01034185444001105
0,0,0.0589467565063797
1,1,0.9836792282799317
1,1,0.9758091438738525
0,0,0.014277874922868515
0,0,0.014674100694578562
0,0,0.022841988684199333
0,0,0.015738575068182863
0,0,0.03352294628257501
0,0,0.010847214261357086
0,0,0.01186317580805781
1,1,0.992083858928258
0,0,0.026368246158058915
0,0,0.027083331779087998
0,0,0.009592478768014445
0,0,0.023515643410355863
0,0,0.011770858805527248
0,0,0.07632794792441285
0,0,0.012513405020367716
0,0,0.019339653173860365
1,1,0.999669351333228
0,0,0.024531714290198386
0,0,0.013372685333024558
0,0,0.08535143550881481
1,1,0.99962151996169
0,0,0.0152201966771584
0,0,0.25714682366607833
0,0,0.042028010252803734
0,0,0.008207136535034902
0,0,0.04251666451934647
0,0,0.026200671116984632
0,0,0.003686906958882591
0,0,0.017678969487060076
1,1,0.6579621193998773
0,0,0.042569848389723684
0,1,0.7372166348445374
0,0,0.03264769006605817
0,0,0.09801545599838529
0,0,0.05498661866556491
0,0,0.017314893088372835
0,0,0.02317809322873439
0,0,0.04260521924210317
0,0,0.027408136912478877
0,0,0.008677820512860665
0,0,0.011588799523104817
0,0,0.011829279933736144
0,0,0.01749930821000117
0,0,0.010597142309141393
0,0,0.050389285926382796
0,0,0.015489514248876457
1,1,0.9999273605043066
0,0,0.05541638245695422
1,1,0.9635686341624368
0,0,0.036371112038759715
0,0,0.0422349504171449
1,1,0.9130456091357269
0,0,0.02587265528764046
0,0,0.05243120369742804
0,0,0.3224136738853708
0,0,0.013948821502166092
1,1,0.6215547706836236
0,0,0.0317829318834525
0,0,0.036405987852357526
0,0,0.021237661679982034
0,0,0.050107967825782286
1,0,0.04628083405439892
1,0,0.45698098121401454
0,0,0.005845397964050975
0,0,0.0279773544320864
0,0,0.035983629644482734
1,1,0.9813771977022275
0,0,0.052235778327371675
0,0,0.029130421885699056
0,0,0.04450733888405529
1,1,0.9993257970058467
0,0,0.015747328497268676
0,0,0.022315851874279733
0,0,0.03022281788588167
0,0,0.037398342294091606
0,0,0.052071334167118004
0,0,0.46277064942802865
0,0,0.051814746060005544
0,0,0.015046132566778963
0,0,0.04703385161548454
0,0,0.005810107988980649
0,0,0.012167785072844781
0,0,0.009954078239797111
1,1,0.999756680795513
0,0,0.04820521468630067
0,0,0.08009768501544305
0,0,0.06046567194070847
0,0,0.038811135718944116
0,0,0.031208677154769892
0,0,0.01486532921887031
0,0,0.03963125581565018
0,0,0.03883769410923088
0,0,0.039274470166937796
0,0,0.015449342031710075
0,0,0.0223101517016513
0,0,0.03612684563367582
1,1,0.9680478515896219
0,0,0.023018436768691756
0,0,0.0398197261727891
0,0,0.012236691046726792
1,0,0.1923485969344606
0,0,0.040227994944172486
0,0,0.04086589660756666
0,0,0.028843316023293195
0,0,0.012884966229087086
0,0,0.0442051726159453
0,0,0.05170207629816587
0,0,0.032715651663147174
0,0,0.025449163948002156
0,0,0.032408030390382855
0,0,0.023320160762311505
0,0,0.030561417942163698
1,1,0.894998360561343
0,0,0.04749952423165514
0,0,0.032713021059119385
1,0,0.3371573800239409
0,0,0.01786724217703355
0,0,0.0165120429621381
0,0,0.03577079520194528
1,1,0.999669718022312
0,0,0.03422662046085627
0,0,0.2889862215902432
1,1,0.9994842685641523
0,0,0.012264836840076548
0,0,0.0656006489528015
0,0,0.008046406781931435
0,0,0.04107338297332627
0,0,0.08556911473329248
0,0,0.020815337776111192
0,0,0.04518321399817561
0,0,0.02744973710330451
0,0,0.00882831278167184
0,0,0.014864206831465146
0,0,0.040644947683397034
0,0,0.012182750599299946
0,0,0.022716317584090887
0,0,0.016709719538520736
0,0,0.01741843891107759
0,0,0.02549003468432072
1,1,0.5497473480442895
0,0,0.024390071819118543
0,0,0.025280997506194534
0,0,0.036429645392709854
1,1,0.9997997267844795
0,0,0.14931738264904582
0,0,0.016945128837495597
0,0,0.04274689511993262
0,0,0.008219731613134646
1,1,0.9992114581908268
0,0,0.07103920753406907
0,0,0.021976298832506878
0,0,0.06737407520000031
0,0,0.0376501701959165
0,0,0.009156437068729963
0,0,0.028008319000169576
0,0,0.03944186430809171
0,0,0.04956960644169486
0,0,0.025112257112702045
1,0,0.18951498942604109
1,1,0.9998273014311138
1,0,0.3794933798357662
0,0,0.04720978256750394
0,0,0.012937122443672197
0,0,0.04469469626035754
0,0,0.056413028146215904
0,0,0.016829697695735824
0,0,0.01712362877395537
0,0,0.020452255609590537
0,0,0.02122847711321529
0,0,0.02133612105126931
0,0,0.02366800704566256
0,0,0.01181628562655719
0,0,0.010308718780611612
0,0,0.04719627096061954
1,1,0.999452164468896
0,0,0.0745909661742643
0,0,0.011948116696430434
0,0,0.02094114343464215
1,1,0.9994209803032083
0,0,0.01432610636638333
0,0,0.045294477135009434
0,0,0.02105655491133824
0,0,0.052605412562138826
0,0,0.020341211040501864
0,0,0.050476603952603685
0,0,0.047402854534660414
0,0,0.04428272762539483
0,0,0.04689012589507386
0,0,0.03452714495418467
0,0,0.026093886282524754
0,0,0.011127745288493515
0,0,0.021522632937620956
0,0,0.016678297560890686
0,0,0.03159564535719724
0,0,0.014221991122302352
0,0,0.3697807215610855
0,0,0.02842761044790048
0,0,0.011450907241033054
0,0,0.17757807677571938
0,0,0.01524289427353666
0,0,0.04233978890421389
0,0,0.02060264339151691
0,0,0.02182925227179948
0,0,0.03379046379880858
1,1,0.9611242358664365
0,0,0.03746092898204179
0,0,0.007732337175115186
0,0,0.017127216468717586
0,0,0.008801526653083324
0,0,0.014944466070082067
1,1,0.999833423135121
1,1,0.999266939202694
0,0,0.053500628392603125
0,0,0.2291241557128655
0,0,0.010721389491161767
1,0,0.13998294453036642
0,0,0.03106296375010411
0,0,0.00980853295623436
1,1,0.9994014288946838
1,1,0.6056820266587206
0,0,0.05463781931419809
0,0,0.028584963598471066
1,1,0.9998504323595838
1,1,0.9979159416031406
0,0,0.010353412831365197
1,1,0.5644810168222746
0,0,0.07745794984416116
1,1,0.9999034065099041
0,0,0.016059268170648535
0,0,0.014550720047375225
0,0,0.05371152561127346
0,0,0.09014748333481783
0,0,0.018980499007543176
0,0,0.3735179296899665
0,0,0.02645455017115505
0,0,0.013875986284667269
0,0,0.017481922058815203
0,0,0.007450566016973748
0,0,0.015470832378788903
0,0,0.020366265365317656
0,1,0.6874346867579505
0,0,0.034520171057212494
0,0,0.012349083082194484
0,0,0.013454224036894204
1,1,0.898458900780177
0,0,0.021920913505454595
0,0,0.028272575867866155
1,1,0.9992156534920854
1,1,0.9999749508529937
0,0,0.021851160142570766
1,1,0.9613917176763768
1,1,0.9781509790113072
0,1,0.7623299983981147
0,0,0.02820582259968411
0,0,0.013608523881494972
1,1,0.9998066512513895
1,1,0.7199663895198932
0,0,0.016691975578371522
0,0,0.23815408282957676
0,0,0.019480347810319598
0,0,0.01269462592896035
1,1,0.8985244376780249
0,0,0.018348583072828138
0,0,0.020837909807665707
0,0,0.013422711980003594
0,0,0.030060406133557337
1,0,0.341495050907745
0,0,0.09098214528083234
0,0,0.05982700732780239
1,1,0.9998823143829614
0,0,0.030075469370690607
1,1,0.9995030320909556
0,0,0.01014734162902039
1,1,0.9828127534366508
0,0,0.013143173972048264
0,0,0.03288735119185035
0,0,0.021617498911293668
0,0,0.012205362908607988
0,0,0.01359277055049697
0,0,0.026324340318094337
0,0,0.03403347763511255
0,0,0.04100240510280764
0,0,0.006175467358436947
1,1,0.9997268423718277
0,0,0.011532390301670591
0,0,0.012028284966599554
1,1,0.9983133972736065
0,0,0.049963775601215114
0,0,0.09643121560319386
0,0,0.016505886010863762
1,1,0.999373402823821
0,0,0.01424350205334351
0,0,0.009330106675949423
0,0,0.024125422320578564
0,0,0.007048513236869772
0,0,0.026311128408955827
0,0,0.012440251923084265
0,0,0.04002844109051974
0,0,0.03777561775538286
0,0,0.01822919634477402
0,0,0.05898400405109561
0,0,0.08062415737585339
0,0,0.03179470805296257
0,0,0.0186403087956335
0,0,0.010196218871383101
0,0,0.017314893088372835
0,0,0.01442397957165639
1,1,0.889238724379164
0,0,0.04404863460265972
0,0,0.011228717911745517
0,0,0.0200467237183091
0,0,0.02409090116811539
0,0,0.008294131830745064
0,0,0.0455748110728514
0,0,0.017143877952063017
0,0,0.011038981104487026
0,0,0.018174912801649547
0,0,0.04964764234507653
1,1,0.9999190769437897
0,0,0.021559017767636603
0,0,0.04019408692704396
0,0,0.037946250476990274
1,1,0.9996445573561921
0,0,0.0302830112472601
0,0,0.03610847642930994
0,0,0.011997504152976885
0,0,0.008690098490815236
0,0,0.0637931074756744
0,0,0.0239523997825782
0,0,0.04060797220513428
0,0,0.03666659902313462
0,0,0.03842195903009321
0,0,0.035989590952502794
0,0,0.015804697882998417
1,1,0.9729552728200771
0,0,0.02685527837756216
0,0,0.04837490632636438
0,0,0.02728589988489928
0,0,0.008082331371780598
0,0,0.022433312520405077
0,0,0.04594936983514879
0,0,0.026264005700310504
0,0,0.06897160027997476
0,0,0.011637123001594904
1,1,0.9995087587125538
0,0,0.09666485690172583
0,0,0.03421303073856425
1,1,0.9452936634077227
1,1,0.9836881512833281
0,0,0.0138415198392147
1,1,0.9993437078506598
1,0,0.4693549526450065
0,0,0.0169245648934521
0,0,0.053745280065216734
0,0,0.021656448289704165
1,1,0.9998516230077489
0,0,0.010974317942181252
0,0,0.05468335137434698
0,0,0.032445586059983336
0,0,0.0120593331529309
0,0,0.015760774889016907
0,0,0.032968461471998584
0,0,0.016999107195725453
1,1,0.9998519995764636
0,0,0.03417714783954363
0,0,0.010913871638547889
1,0,0.042184781818285
0,0,0.0353509347396018
0,0,0.02244025700533039
0,0,0.01670101849809334
0,0,0.012602908411051057
0,0,0.010051942428821112
0,0,0.010621454039497946
1,1,0.9459445187764428
0,0,0.03066374481856554
0,0,0.04301795385692883
0,0,0.027521063004474818
0,0,0.03765018072936718
1,0,0.065003309202266
0,0,0.03846684674034689
0,0,0.010021048973514808
1,1,0.9531883969070427
0,0,0.020249321626490867
1,1,0.9966407302425684
0,0,0.023191775036242857
1,1,0.9983134839228879
0,0,0.01137077088959204
0,0,0.027200060261702415
0,0,0.034545667037205914
1,1,0.9987492835267027
1,1,0.98953346263371
0,0,0.08364657473957185
0,0,0.03915174664766493
0,0,0.018146969360021824
0,0,0.06209075098532431
0,0,0.03875043408683759
0,0,0.06871993951829475
0,0,0.08035135136444554
0,0,0.035275343877248844
1,1,0.982719092595553
0,0,0.006397471776714435
0,0,0.015358168000530876
0,0,0.017386933248238968
0,0,0.013509928925080359
0,0,0.014863947838461159
0,0,0.02913596671395438
1,0,0.09386038659203953
0,0,0.014141032726057379
1,1,0.9525870150940168
1,1,0.8505476513958594
0,0,0.007083755981153677
0,0,0.0333842051640662
0,0,0.02213573147024476
1,1,0.9988603397769441
0,0,0.031240763994258618
0,0,0.04691387904527183
0,0,0.03680199286300846
0,0,0.007128189037968674
1,1,0.8299988485031815
1,0,0.035875868839642125
0,0,0.03595352984567252
0,0,0.03988413966909398
0,0,0.04813194718395984
0,0,0.048841838933348716
0,0,0.05638293369524952
0,0,0.03619500608674608
1,0,0.06006950074307386
0,0,0.0561821342903655
0,0,0.020401731585177062
0,0,0.04362767407643006
0,0,0.017947200698477484
0,0,0.012773333464280386
0,0,0.07084356335461396
0,0,0.012659190456195858
0,0,0.015258359976360164
0,0,0.007032342098911516
0,0,0.028208634138755552
1,1,0.9988376499846405
0,0,0.03493135728888794
0,0,0.08499836970636661
0,0,0.03788516583607482
0,0,0.022712298424106225
0,0,0.12290724218258986
0,0,0.034560421598379486
0,0,0.008060727429292472
0,0,0.028020558656575236
0,0,0.048266666780693974
0,0,0.016511121016140416
0,0,0.03701220768264194
0,0,0.013551684720603937
0,0,0.01987347431960374
1,1,0.5088603736245098
0,0,0.008798605281636089
0,0,0.013299739057239333
0,0,0.03626793607028499
0,0,0.0067669190790743475
0,0,0.023444726952710885
0,0,0.016527475907010702
0,0,0.0051825610648293325
1,1,0.9328494361837295
0,0,0.008127239256119759
0,0,0.010830810490736894
0,0,0.01895801246811528
0,0,0.03521250301850558
0,0,0.38780858803950075
0,0,0.017974613754733408
0,0,0.014804674254885096
0,0,0.012906280622468957
1,1,0.9413394058975216
0,0,0.013241669956655202
0,0,0.04709115644294521
0,0,0.04389583419620101
0,0,0.02590256365547265
1,1,0.8267198826392657
0,0,0.10811023973815503
0,0,0.008778359220702006
0,0,0.02750145987288371
1,0,0.46165780729281525
1,1,0.9906806579998132
0,0,0.005401575848194535
0,0,0.3143819178647623
0,0,0.01860509643315018
0,0,0.030841112911081475
0,0,0.12175485165276081
0,0,0.022317469090854396
0,0,0.019803685298400382
0,0,0.032044737623530925
0,0,0.024509324097976286
0,0,0.020590462814747582
1,0,0.03398338521948955
0,0,0.0371871733006532
0,0,0.10850297326748215
0,0,0.1643674999159242
1,1,0.9998831871137213
0,0,0.01677383845378603
0,0,0.028669325314753726
0,0,0.02033066430033883
0,0,0.011421487298073242
0,0,0.04175635489656032
0,0,0.013584268503931211
0,0,0.014213613376597116
0,0,0.012519284128591046
0,0,0.00904756714273639
0,0,0.025027432761304137
0,0,0.06938974304667513
0,0,0.04432811680499914
0,0,0.006983251182247164
0,0,0.01750659102571269
0,0,0.05337732807967304
0,0,0.0337101088113866
0,0,0.008595313463928158
0,0,0.01188951930072753
0,0,0.010808031141471589
0,0,0.014143597565293394
0,0,0.05295863902773776
0,0,0.2981069417629173
0,0,0.05050613884502393
0,0,0.03656415122409893
0,0,0.046055712123964455
0,0,0.060473253047581506
1,1,0.9815505079072107
0,0,0.011736121920206044
0,0,0.03889772105669471
0,0,0.026583679030480922
0,0,0.016188233956386182
0,0,0.009941836419515892
0,0,0.0075814467524338396
0,0,0.05159807460744396
0,0,0.018340055141630146
0,0,0.03007919160229857
0,0,0.0294163663528827
0,0,0.008127345055567687
0,0,0.006197761911632133
0,0,0.026417559421433538
0,0,0.0203271757352689
1,1,0.9994843667178536
0,0,0.4351284540062156
0,0,0.01172605403132723
0,1,0.6309910270499465
0,0,0.0295239121668636
0,0,0.018174616376806882
0,0,0.024107314856166885
1,1,0.8506789702477164
1,1,0.7367366424186566
0,0,0.0676611225759586
0,0,0.03208692034044996
0,0,0.018875920744065126
1,0,0.038598882628728286
0,0,0.04520869173832629
0,0,0.011629252346143155
1,0,0.07460351199349724
0,0,0.006829191362823584
0,0,0.014601961225680906
0,0,0.008689368479047069
0,0,0.051160019190668725
0,0,0.07992284930607002
0,0,0.02406397157028372
0,0,0.040324601625416887
0,0,0.015669183867272746
0,0,0.005676108452916893
0,0,0.010312830334658997
0,0,0.04402576304176289
0,0,0.03413250773169838
0,0,0.011532390301670591
0,0,0.11647751868648283
0,0,0.03252924188636017
0,0,0.016655493435311544
0,0,0.02690929406481087
1,1,0.9994157327103508
0,0,0.005888893981315029
0,0,0.014025972999927402
1,1,0.9997881248859399
0,0,0.024958541189641147
0,0,0.03898012106954832
0,0,0.018814832900855002
0,0,0.018127577180505824
1,1,0.9993861472461569
0,0,0.04349014515461313
1,1,0.60925669196286
0,0,0.026411836512598482
1,1,0.8239421778384413
1,0,0.1258289560636143
1,1,0.9982378880893764
0,0,0.021173007877718742
0,0,0.02103288693512585
0,0,0.056807829154354596
1,1,0.9994425404762041
0,0,0.027152647028978443
1,0,0.03663026316257961
0,0,0.06642273380032523
1,1,0.9978884036387826
0,0,0.016278575299032375
1,1,0.5278300708530623
0,0,0.0409809446452791
0,0,0.03045666217873733
0,0,0.01387233820428205
0,0,0.036837755421421495
0,0,0.023064570796368655
1,1,0.9992236086974357
0,0,0.06780538341850598
1,1,0.9979300685799863
0,0,0.020638130416829957
0,0,0.009360030134370366
0,0,0.037400459703058615
0,0,0.026474756342095257
1,1,0.9994866153490531
0,0,0.019443456595327653
0,0,0.11130600545914339
0,0,0.027351416285815115
0,0,0.012629571880196266
0,0,0.014936038007382713
1,1,0.9989841861407481
1,1,0.8220525225480748
0,0,0.14333879276532124
0,0,0.006941370981851844
0,0,0.03877414049762462
0,0,0.025734021337750122
0,0,0.05188406493381052
1,1,0.982982894131554
0,0,0.035834371756761386
0,0,0.013006417804747551
0,0,0.01367521653097972
0,0,0.03992318146091884
0,0,0.0052738753724514515
0,0,0.03437508077203785
0,0,0.038600347638569996
0,0,0.029705882334116224
0,0,0.025957742594024922
1,1,0.871922920447984
0,0,0.032104728909382714
0,0,0.02934240172129356
0,0,0.03711087274755032
0,0,0.013819550500210642
0,0,0.03253509349506118
1,1,0.9990440945173402
0,0,0.0133252455735351
0,0,0.10632959393269456
0,0,0.017830855133364108
0,0,0.017176792961527732
0,0,0.02769674245209656
0,0,0.00539843431038688
1,1,0.9984942102947111
1,1,0.9994803843227985
0,0,0.009452823467387727
0,0,0.12502564831411903
0,0,0.03413950935166374
0,0,0.01548058995604617
0,0,0.039231984606943215
1,1,0.9996050074717409
0,0,0.03261435625340945
1,1,0.9663385697486637
0,0,0.017918931951420167
0,0,0.024230795655727153
0,0,0.034376320098744244
0,0,0.02410543941560808
0,0,0.04044966150326759
1,1,0.999917706668329
0,0,0.026418120102603075
0,0,0.016708203427493185
0,0,0.12546583909944617
0,0,0.02411906333038432
1,0,0.25647810918815184
0,0,0.007112010423395527
0,0,0.012192379979744246
1,1,0.999554134718004
1,1,0.6316314364658299
0,0,0.44722118936328004
0,0,0.020204805818167023
0,0,0.015870558983340995
0,0,0.0139833239461425
0,0,0.012893437722622246
0,0,0.014625157940320014
0,0,0.014882531756667448
0,0,0.010335924683150392
0,0,0.02725673834389489
1,1,0.9995842800176455
1,0,0.32707547940115567
0,0,0.04370567834835049
0,0,0.0754011547220372
0,0,0.0710360362990598
0,0,0.013116217865189427
0,0,0.023318899033922102
1,0,0.05883254754748344
1,1,0.7870996146805748
0,0,0.02188791352008812
0,0,0.03594922005211038
0,0,0.016938752452250978
0,0,0.0326795679758567
1,1,0.9984621857259852
0,0,0.016028673324308237
0,0,0.037264139262623446
0,0,0.05240566515704333
0,0,0.052580086952315336
1,1,0.9986545583403008
0,0,0.01134919048274691
1,1,0.9988165476760105
0,0,0.031626241743459765
0,0,0.01811366856414545
0,0,0.05726160391931442
0,0,0.047136833890589015
0,0,0.02519885778880679
0,0,0.015894754379218112
0,0,0.0801563457888508
1,1,0.9995517496143852
0,0,0.019656239739461935
0,0,0.0325567162476654
0,0,0.014183644130951559
0,0,0.014217255763372644
1,1,0.7199680404666156
0,0,0.037509903321288736
0,0,0.042415948889115845
0,0,0.03257369255984389
0,0,0.015550530188932706
0,0,0.06534416957042731
0,0,0.012359160786073123
0,0,0.019890505759933907
1,1,0.9691703089526547
0,0,0.44036661090634815
0,0,0.06394132767714167
0,0,0.03505789392837087
0,0,0.011459363019723159
0,0,0.02118497233508173
0,0,0.013447284938313153
0,0,0.011402940567786304
1,1,0.8199719082461412
0,0,0.04420874184936071
0,0,0.01648523853735305
0,0,0.006532548969953736
0,0,0.01658856109455507
1,0,0.03453313995372012
0,0,0.27957284819282296
0,0,0.008510516615251332
0,0,0.02176365834008575
0,0,0.027686857398078538
0,0,0.01403834871536598
1,1,0.9209166249583697
0,0,0.026845460541656672
0,0,0.05549590639529718
0,0,0.04873325075094766
0,0,0.019726888401268804
1,1,0.9991438405951716
0,0,0.04590963912266693
0,0,0.015204515062067273
0,0,0.027667523893971552
0,0,0.0221526100365588
0,0,0.14916370457025188
0,0,0.03220444973032618
0,0,0.039797586271970914
0,0,0.015921870929019373
0,0,0.016562031807881395
0,0,0.02186510379966684
0,0,0.05128048342018179
0,0,0.01318824208132272
0,0,0.05036335893522403
0,0,0.042569848389723684
0,0,0.04726725097857782
0,0,0.03813850068774852
0,0,0.047849200610576695
0,0,0.01945051382178905
0,0,0.03742696373087867
0,0,0.03883231256720729
1,0,0.08499009116923661
0,0,0.011405169447265903
1,1,0.766101698947123
0,0,0.01006817850135753
0,0,0.036006606263203185
0,0,0.014143993868996547
0,0,0.02728018359422937
0,0,0.017165810003515514
0,0,0.058070516024531574
0,0,0.019436199293392912
0,0,0.04442454263318041
1,1,0.9994014288946838
0,0,0.017671426855021058
0,0,0.020012080310525922
1,1,0.9993489358198431
0,0,0.016079249996108432
0,0,0.016780070260785446
0,0,0.06571107237230987
0,0,0.01686009551822326
0,0,0.024046857925961816
0,0,0.4892449851660448
1,1,0.9994122476791514
1,1,0.9983322806103645
0,0,0.027755575197826395
0,0,0.04371616041249911
1,1,0.9984159014169574
0,0,0.04666274927473342
0,0,0.047901762475735465
0,0,0.013391198184037102
0,0,0.013589128085318317
0,0,0.043525751467807544
1,1,0.9992995682643581
0,0,0.006569808841900217
0,0,0.010061060238154132
0,0,0.016865045271171476
0,0,0.05698660298224196
0,1,0.6323363655307319
1,1,0.9995917707919059
0,0,0.04462724233235065
0,0,0.021222563909537296
0,0,0.020094424902674223
0,0,0.2847600492965991
0,0,0.030125066588351537
0,0,0.012746401839769855
0,0,0.014136896728114495
0,0,0.011890507870654309
0,0,0.08633402382622372
0,0,0.06340708730031731
1,1,0.9993298624585307
0,0,0.05166208665835292
1,0,0.026725471111110278
0,0,0.012936098582327435
0,0,0.0672888137182894
0,0,0.021763718680655984
0,0,0.048701156936684135
0,0,0.02954761045798261
0,0,0.05175914701138278
1,0,0.11948605646178288
0,0,0.03944624838874819
0,0,0.022410584633563057
0,0,0.01916246002077687
1,0,0.37210670635774734
0,0,0.015649939508090946
0,0,0.10997378571649455
0,0,0.009210516504215163
0,0,0.009879258143955202
1,1,0.748515213428599
0,0,0.02219124005573907
0,0,0.013292319017165335
0,0,0.07515260557069955
0,0,0.045329477955317866
0,0,0.022497501805092572
1,1,0.7298239951269333
1,1,0.9613495423920331
0,1,0.6895168946867928
0,0,0.007904139702489335
0,0,0.09782662353697173
1,1,0.9209417985866288
0,0,0.04249062187475505
0,0,0.025701777827486113
1,0,0.05172163807371444
1,1,0.9998907732957045
0,0,0.0185045186935376
0,0,0.37608120978140774
1,1,0.9891155164241675
0,0,0.16583773708325314
0,0,0.037250624130040856
0,0,0.014325255193064582
0,0,0.02748342747018885
1,1,0.9995616399196773
0,0,0.07294389266933532
0,0,0.012486198269933482
0,0,0.008602429984845639
0,0,0.034519551095539634
1,1,0.9491228247181722
0,0,0.034775713555617725
0,0,0.037350899945017786
0,0,0.02239572320783638
0,0,0.03895533780934188
1,0,0.04626105553176509
0,0,0.044492501567502736
0,0,0.030187805662210174
0,0,0.005401721766229375
0,0,0.016656248207788178
0,0,0.07732725477292998
0,0,0.017545103756329568
0,0,0.03543855150939496
0,0,0.027037098022289853
0,0,0.00558001615950647
0,1,0.8679070555900181
0,0,0.028135958093939428
0,0,0.02830520304381353
0,0,0.0759773239844794
0,0,0.016867016658632498
0,0,0.006631602424577773
0,0,0.0685445714391086
0,0,0.024637446605829057
0,0,0.01671808782858097
0,0,0.05923754294237932
1,1,0.9998775308388206
0,0,0.03670369729073022
0,0,0.0031998077523034325
0,0,0.020306392693884876
1,1,0.9998657688542114
0,0,0.005042499613701942
0,0,0.15425179705802333
0,0,0.06547077351781071
0,0,0.0326365183881185
1,1,0.6116569170426845
0,0,0.021212086940184897
1,1,0.9995875631569191
0,0,0.03094439936346198
1,1,0.9581787480214503
0,0,0.04160094980027586
0,0,0.01575171928523204
0,0,0.013200023624432341
0,0,0.020072065126325728
1,1,0.9993375635235201
0,0,0.03907443720854322
0,1,0.7019919950195717
0,0,0.07784943099113752
0,0,0.020626089320049414
1,0,0.38776537916168163
0,0,0.015238568775436055
0,0,0.012195424513457462
0,0,0.012909207272283545
0,0,0.05464933140272062
1,0,0.02912239102269445
0,0,0.030131718971025866
0,0,0.014108398604303378
0,0,0.013274986087157666
0,0,0.023523320801405977
0,0,0.03361008747449095
0,0,0.026816799500373353
0,0,0.09102695981649529
0,0,0.025574340548960867
1,1,0.9985791152747698
0,1,0.610709676253818
1,1,0.9994251233547368
0,0,0.015491577003737239
0,0,0.011583914930336973
0,0,0.026409166863301633
1,1,0.9748699357439697
0,0,0.3299239649912893
1,1,0.9995648799239532
0,1,0.6532090265668472
0,0,0.012893353259088232
0,0,0.041408330720657735
0,0,0.11032276262009914
0,0,0.03479978709894953
1,0,0.07161708792814496
0,0,0.010805313337050669
0,0,0.01834521504937625
0,0,0.025686914443856
0,0,0.018760010890383025
0,0,0.024325442784300818
0,0,0.009574166475431262
0,0,0.010948359065445525
0,0,0.09921275296211426
0,0,0.02910359680205924
0,0,0.0057360299717915736
0,0,0.035414087647240015
0,0,0.03645272999083783
0,0,0.015205602248034748
0,0,0.013349556755418098
0,0,0.029761134864599696
0,0,0.06087666703238811
0,0,0.030377097645188575
0,0,0.015224234886816323
1,1,0.9983122275426904
0,0,0.03582287975594658
0,0,0.02154076496691418
1,1,0.9981718827303593
1,1,0.9502962160786764
0,0,0.017061325805885073
0,0,0.02572341562505237
0,0,0.018320990671567915
0,0,0.04532754055659081
0,0,0.014390219867517028
1,1,0.9721018287350155
0,0,0.035454151049390925
0,0,0.01430589495000399
0,0,0.020570361805899346
1,1,0.6947888329710135
0,0,0.009920139396942243
1,1,0.9997237930188863
0,0,0.03444380641619376
0,0,0.06238945706217432
0,0,0.04892199198633608
1,1,0.9989483961106339
0,0,0.01302996994075328
1,1,0.8375433130766671
0,0,0.10009872513472051
0,0,0.023909850004733828
0,0,0.07219933335107505
0,0,0.04081890700238345
0,0,0.010039596375722153
1,0,0.17640342528759625
0,0,0.01187101520229679
0,0,0.004825477961020861
1,1,0.9171923399968214
1,1,0.7031868555326269
0,0,0.040279784202940316
1,0,0.02901978173452052
0,0,0.038468799244349594
0,1,0.5800214954572891
0,0,0.012632327116416897
1,1,0.9669758517682298
0,0,0.12971882610223792
0,0,0.028015531606031447
1,0,0.028013939387375363
0,0,0.02421336990420876
0,0,0.032041739841314795
1,0,0.3845224935276012
1,1,0.9981443837447189
0,0,0.004839157500020729
0,0,0.12310568156943924
1,1,0.7241608736635001
0,0,0.06151736055624208
1,1,0.9996398166189049
0,0,0.06259289838311985
0,0,0.028865033626570686
0,0,0.010499188732614429
0,0,0.014078662241872115
0,0,0.05225371999917744
0,0,0.020118590538156293
0,0,0.008338717359404958
0,0,0.019455948590830656
0,0,0.04574751028911074
1,0,0.2437270785453894
0,0,0.007758402516021777
0,0,0.021032687228419507
0,0,0.015468347916495019
0,0,0.023920445854027216
0,0,0.0474885781514334
0,1,0.7558216351725026
0,1,0.6694782216902614
0,0,0.04040722490349841
0,0,0.025831124759726848
0,0,0.018043954729329535
0,0,0.014564814761217319
0,0,0.011474112990877094
0,0,0.1110431398958674
0,0,0.018783212237816302
0,0,0.0211143874353699
0,0,0.020605182466417748
0,0,0.029929310490717162
1,1,0.9994590097298907
1,1,0.5241323705493476
1,1,0.999952733790276
0,0,0.015550533210714241
0,0,0.0200300760617675
0,0,0.05221408143767556
0,0,0.03560104832400188
1,1,0.999069713205628
0,0,0.020798555823129856
1,1,0.9991715308598295
1,1,0.9993722090807756
0,0,0.00840735029778852
0,0,0.05585453083809086
0,0,0.02135314718242382
0,0,0.032705926561127814
0,0,0.009730623705158365
0,0,0.014785349733840667
0,0,0.050029023934500164
0,0,0.008095652793946343
0,0,0.02198020292855763
0,0,0.02148531154477619
0,0,0.01428990373905703
0,0,0.03461974084194181
0,0,0.018020619606895657
0,0,0.011374002242414168
0,0,0.02153285353182064
0,0,0.015690029586683522
0,0,0.08079575489813187
0,0,0.03132492395380847
0,1,0.9545106915821792
0,0,0.004584758594123823
0,0,0.0177569527046375
0,0,0.03863852070933578
1,1,0.9987366959109769
1,1,0.9997597171582149
0,0,0.07467374450682161
0,0,0.010983859458120086
0,0,0.041977874093366695
0,0,0.06658422279653795
0,0,0.04808119435181333
1,1,0.9993647996124165
1,1,0.9987407137951145
0,1,0.7052989237284157
0,0,0.014729094478703134
1,0,0.3518862332812783
1,1,0.7110328134395592
0,0,0.019074779783606884
0,0,0.06240106112890276
0,0,0.013590166916454099
1,1,0.999851358733889
0,0,0.014113856979416398
0,0,0.08713210403641239
0,0,0.024045237942854413
1,1,0.9988304367508769
0,0,0.05105185591502333
0,0,0.23622296390788686
0,0,0.017924150675415407
1,1,0.9581787480214503
0,0,0.07333782172159029
0,0,0.00620284752404856
0,0,0.024044069413451406
0,0,0.025786400867502262
0,0,0.018896859432300264
0,0,0.03723751470716645
0,0,0.0676474970540639
1,0,0.04970822970578227
0,0,0.043500208270335725
0,0,0.04237003291167914
0,0,0.011005848787834291
0,0,0.03716210807842011
0,0,0.025970938846463957
0,0,0.0393634591574055
1,1,0.9923901644692685
0,0,0.017589630555004503
1,1,0.8176670484267746
0,0,0.021044085317642125
0,0,0.012753298401796008
1,1,0.9803337928550119
0,0,0.008993396744510032
0,0,0.012163269271967604
0,0,0.036783473380332554
0,0,0.006710448114348506
0,0,0.013576178639369286
0,0,0.03460825680093801
0,0,0.017616008304204456
0,0,0.015899390021655385
0,0,0.018632858337108302
0,0,0.03922218974863981
0,0,0.015623697291920135
0,0,0.024159971257988584
1,1,0.6539104466307406
0,0,0.10801486521984564
0,0,0.008189541178877062
1,1,0.9996119777015117
0,0,0.07226430633677065
1,1,0.9019369747281876
0,0,0.03401487849350603
0,0,0.009992494612458172
0,0,0.007053129271886559
1,1,0.9581101788818099
0,0,0.0030185871153230294
0,0,0.013744923081043319
0,0,0.018385216112442565
0,0,0.030565883082432816
0,0,0.008884910642228324
0,0,0.0382114024470998
0,0,0.053111638358673476
1,1,0.9983582051618057
0,0,0.008626806063856986
0,0,0.05533317885045789
0,0,0.026894351883332442
0,0,0.024670769737281422
1,1,0.9993955481406749
0,0,0.008178880478586335
0,0,0.028057565610557313
0,0,0.02599760567115615
0,0,0.03868463518266046
0,0,0.04494883933515473
0,0,0.043325510895631095
0,0,0.02742007257445562
0,0,0.056057899179008455
0,0,0.08008259944054141
0,0,0.011598925329235043
0,0,0.02343191347545743
1,1,0.8434507740050857
0,0,0.01270615086978157
0,0,0.009516852573509309
0,0,0.01717572021163296
0,0,0.03964620696986063
0,0,0.03552545156730873
0,1,0.6228849860599044
0,0,0.01139271567342789
1,1,0.855077345564305
0,0,0.030725638091622768
0,1,0.9317907994688939
0,0,0.046866656203208186
0,0,0.012234553105727632
0,0,0.018523686482573798
1,1,0.9998504323595838
0,0,0.014880583639569817
0,0,0.006503032737415443
0,0,0.007240102676342328
0,0,0.015429905947057872
0,0,0.020714418895921217
0,0,0.015883890740702792
0,0,0.029709421096125642
0,0,0.009719692136835111
0,0,0.027519436702232846
1,1,0.9085670033294675
0,0,0.016446209113293978
0,0,0.032670619009125934
0,0,0.02122963347485434
0,0,0.013486901960890847
0,0,0.02411013642765667
0,0,0.008622633447121381
0,0,0.018575881413346616
0,0,0.013946316131568834
1,1,0.9368147017097034
0,0,0.010253605572668419
0,0,0.12476460008718553
0,0,0.03093785008759526
0,0,0.017335001481044807
0,0,0.056034496068788686
0,0,0.014376556421404401
0,0,0.03464694092976783
0,0,0.012624314976199308
1,1,0.9539105785060423
1,1,0.9997800251833545
1,1,0.914194441569774
0,0,0.012657683747450249
0,0,0.01750183349607922
0,0,0.018820890366603338
0,0,0.024588092747703575
1,0,0.053734214591117505
0,0,0.028149055526663098
1,1,0.7002339375775324
1,1,0.9992164283439682
0,0,0.04001648741410487
1,1,0.9995401311039986
0,0,0.017550237052401715
0,0,0.019893728262309483
0,0,0.0176318627195418
0,0,0.36254893765283513
0,0,0.014296106382099038
0,0,0.0043553278859606755
0,0,0.043129517170180216
0,0,0.03861966988977332
0,0,0.027868334235069948
0,0,0.015683004572834808
0,0,0.008974743018707989
0,0,0.01566899544095538
0,0,0.029985345945385378
0,0,0.028125064252781003
0,0,0.037650664620609224
0,0,0.018203770782990673
1,1,0.9994364124803579
1,1,0.9997496202363881
0,0,0.011690632080743134
0,0,0.02894746977843426
0,0,0.004643292522278888
0,0,0.04880143233880414
0,0,0.03873886906237197
1,1,0.9994298584840979
0,0,0.03237653150208278
0,0,0.030663731193447057
1,1,0.8362079837036224
0,0,0.009235263944540632
0,0,0.04172651163044213
1,1,0.9893836852005095
0,0,0.05318476620773319
1,1,0.9982149676975165
0,0,0.0201628291519157
1,0,0.014383601541837095
0,1,0.860009940680207
1,1,0.9901112236261992
0,0,0.013073496461500099
0,0,0.016784568975063086
0,0,0.028630283015554474
0,0,0.035775651437162236
1,1,0.8959360918180149
0,0,0.008007368699479768
0,0,0.05309596397487326
1,1,0.9997607629569177
0,0,0.0168357616805062
1,0,0.04385349330372606
0,0,0.020071115219884094
0,0,0.06063931675818254
0,0,0.01605170189993945
1,1,0.9996212807907779
1,1,0.9019984870009123
0,0,0.01627834510161705
0,0,0.011844391594805841
0,0,0.04164682447110662
0,0,0.039888120966585026
1,1,0.9998592823280639
0,0,0.06622671652214325
1,1,0.9997825545149062
0,0,0.053512371789570426
0,0,0.020830222705073256
0,0,0.02013943335673406
0,0,0.011339644365960692
0,0,0.01815951183233769
1,0,0.22608839674413264
0,0,0.29980254027503805
0,0,0.011705419329411701
1,1,0.9962236486676317
0,0,0.052221107469611665
0,0,0.039929080653988785
0,0,0.193803868083919
0,0,0.03883921490014638
0,0,0.03773729887665095
0,0,0.044634308486169186
0,0,0.0356256496280235
0,0,0.062809059038087
1,0,0.48235793053585074
0,0,0.02537648352857227
0,0,0.02538786272662519
1,0,0.23651674276208592
0,0,0.01529718644287656
0,0,0.016157144417940646
0,0,0.01778005563549237
0,0,0.025497907104019255
0,0,0.01737866967677594
0,0,0.02274748191856905
1,0,0.3519544698769868
1,1,0.9975420041681493
0,0,0.05713019950918817
0,0,0.015044839708230139
1,1,0.9919459327851923
0,0,0.025857161768535888
1,1,0.9991113000781011
0,0,0.04601860442330558
0,0,0.03381076748045301
0,0,0.018181632247768642
0,0,0.015960406824598664
0,0,0.03531805097691764
0,0,0.009695864374689027
0,0,0.03209818996452662
0,0,0.04160127607497685
0,0,0.009296632678368368
0,0,0.0024798009474403943
0,0,0.01384670667992067
0,0,0.07206792500503711
0,0,0.03244533452071126
0,0,0.03831496881365479
1,1,0.9995403266524076
0,0,0.02799077565820483
0,0,0.010848478121522188
0,1,0.9062527595766041
0,0,0.05471004273804724
0,0,0.01596843603572383
0,0,0.10674829906659934
0,0,0.02896516917269433
0,0,0.014679674400892856
0,0,0.03924419703634359
0,0,0.032604587897940164
0,0,0.016943642910058978
1,1,0.8732507805393303
0,0,0.04732240963744021
0,0,0.026906510818998974
0,0,0.026884351280855024
0,0,0.03302884658492412
0,0,0.019645616208031846
1,1,0.999363606647018
0,0,0.043798473836605505
0,0,0.005694957172930085
0,0,0.018084290184786054
0,0,0.021597168887847393
1,0,0.4427062388431431
1,1,0.8746819784434823
0,0,0.037044160304081114
0,0,0.021541921904971315
0,0,0.028546079095431776
0,0,0.01741083680982924
0,0,0.017350756084497234
0,0,0.00981850952685633
0,0,0.006064258750886192
0,0,0.03295855319322017
0,0,0.010403800272009229
0,0,0.026564658641694185
1,1,0.645918228911085
0,0,0.012853593011072334
1,0,0.3437782517980685
0,0,0.04595883558240911
1,1,0.948239254020116
0,0,0.01937036671225223
0,0,0.04009376050131083
0,0,0.011859423702236476
0,0,0.023726612023820443
0,0,0.052042296831796314
0,0,0.03902045535347199
0,0,0.01149050429144929
0,0,0.019474276931753607
0,0,0.03426165213525731
1,1,0.5981861736143566
0,0,0.029321797878221294
0,0,0.0529792637804793
0,0,0.0446858713895487
0,0,0.07449819494819054
0,0,0.016746486328608125
0,0,0.07636978055516189
0,0,0.017838237051112267
1,1,0.9996147764571682
0,0,0.008692035160098364
1,0,0.4534933363513374
0,0,0.040647288433188294
0,0,0.019951519908780895
0,0,0.06002834171047777
0,0,0.03548744160251399
1,1,0.9989449663895215
0,0,0.023669083126150237
0,0,0.031862022645446846
0,0,0.021822600288219515
0,0,0.025686650236219213
0,0,0.038433655760602
0,0,0.01933107015410544
1,0,0.18413618430515677
0,0,0.02070005149586805
1,1,0.7752659345934217
0,0,0.01686412326758584
0,0,0.03799878370908146
0,0,0.07090058906150608
0,0,0.020142586421765467
0,0,0.09299953980944799
1,1,0.8539151721330638
1,1,0.7874128059446251
0,0,0.008543133542702417
0,0,0.006880266370956829
1,1,0.8302612817062384
0,0,0.012051841067214684
0,0,0.061436426883430366
1,1,0.9743580704763807
0,0,0.0344060767061572
0,0,0.034294919354915264
0,0,0.01179180007677112
0,0,0.021440797284067902
0,0,0.16507121406990571
0,0,0.02377609999244335
0,0,0.0563688428359298
0,0,0.01536988198076826
0,0,0.04678852311610474
0,0,0.011435875515631532
0,0,0.058271518984364085
0,0,0.022908318989776008
0,0,0.023420466921356103
0,0,0.023854180037295523
0,0,0.008773397105818242
0,0,0.01730593284350431
0,0,0.0368864479219843
0,0,0.0338393941979694
0,0,0.02800683623717523
0,0,0.03494434395626303
1,1,0.8009775588504495
0,0,0.00798195369140013
0,0,0.04194624467036148
0,0,0.024420247568948707
0,0,0.02109420738921359
0,0,0.0455364129900101
0,0,0.04616207260095322
0,0,0.026252751048892853
0,0,0.03626968491218039
0,0,0.019087290240864536
0,0,0.04734797941306104
1,1,0.9989604517316942
0,0,0.02866847914438056
0,0,0.114428030627839
0,0,0.05942253923241349
0,0,0.027293355012535898
0,0,0.04085497134829376
0,0,0.038035473034143466
0,0,0.03451598521383834
0,0,0.01265572680629498
0,0,0.049801179255998584
0,0,0.031245001249661
0,0,0.019750241013228774
0,0,0.041763151349151234
0,0,0.046544907068337124
0,0,0.01692300698306653
0,0,0.26690076814611957
0,0,0.042136849284283934
0,0,0.05361926065356253
0,0,0.019438179338664575
0,0,0.014736038631667808
0,0,0.03994780192298335
1,1,0.9994345034975803
0,0,0.01761101021799338
0,0,0.020603046513026115
1,0,0.055118547473032325
0,0,0.043105864429047056
0,0,0.02961867569132969
0,0,0.02399089405427148
0,0,0.022606135261865636
0,0,0.03307437748915618
0,0,0.010459073302543467
0,0,0.032010579515437634
0,0,0.10146202976745211
0,0,0.024319982240144544
0,0,0.014104686946874088
0,0,0.00840144127168044
0,0,0.015454325599699531
0,0,0.03816028690067502
0,0,0.018387545264280714
0,0,0.02253842538878144
1,1,0.999966618909149
0,0,0.06809833145842364
1,1,0.9982821493243959
0,0,0.013322919153465848
0,0,0.030226221035666443
0,0,0.04506340005869021
0,0,0.02639169069122564
0,0,0.02469275263874705
0,0,0.04683351731679558
0,0,0.022541070242578013
0,0,0.011042187370046438
0,0,0.04938084364516322
0,0,0.019406321780635706
1,1,0.9651799384768825
0,0,0.006717752361068347
0,0,0.06764973662075613
0,0,0.012985189605567623
0,0,0.02722203465322246
1,1,0.970218708170186
1,1,0.999408209343208
0,0,0.022681210701862853
0,0,0.04520869173832629
0,0,0.013282611125465776
0,0,0.014643908345484827
0,0,0.01625563502536118
0,0,0.06910795675382597
0,0,0.018720368840956177
0,0,0.01657333671646101
0,0,0.019267936957920322
0,0,0.1205204279585509
0,0,0.04462927039096673
0,0,0.022039960338018954
0,1,0.5840734228768255
0,0,0.014617720453719524
0,0,0.04275125120657241
0,0,0.01851482017835658
0,0,0.015312663858961005
1,1,0.7707259011737085
0,0,0.03303879784204528
0,0,0.012836618752850214
0,0,0.031641936981669866
1,1,0.9995043407923567
0,0,0.055576264019625565
0,0,0.04004281557649405
0,0,0.032047215616930864
0,0,0.01766771550669115
0,0,0.04112814106405077
1,1,0.9983225838408473
0,0,0.00964410279226049
0,0,0.016028673324308237
1,1,0.959385682264455
0,0,0.007172992744117959
0,0,0.017793222617053767
0,0,0.02658846442971791
0,0,0.04135272319206791
0,0,0.03401252443774775
0,0,0.024759742062360167
0,0,0.005767754477150643
0,0,0.019783576386669256
0,0,0.019577739003832733
0,0,0.03783743674009422
0,0,0.032759849561509374
0,0,0.019811785372918295
0,0,0.03357969934307961
0,0,0.023009321036252618
0,0,0.017724999296950494
0,0,0.005127132190009383
0,0,0.021179470275821625
1,1,0.9800673704003968
0,0,0.034206009987780214
0,0,0.0532959202639776
1,1,0.9095885539172925
0,0,0.014954880689016665
1,1,0.9988783334663681
0,0,0.018044796210882633
0,0,0.022289205930289598
0,0,0.017848288157308392
1,1,0.9986007351071807
0,0,0.03775557360503378
1,1,0.671651581231212
1,1,0.9616051629173262
0,0,0.04473876064173987
0,0,0.049474211544015774
0,0,0.005454625186256501
1,1,0.9536416811325384
0,0,0.03274348395808825
0,0,0.06232122627772868
0,0,0.028724321453904814
1,1,0.9997825545149062
0,0,0.02518231215382525
0,0,0.019743521141614657
0,0,0.019739262949183125
0,0,0.04196134392853409
0,0,0.01172416851662459
0,0,0.02448608026563719
0,0,0.03922910105285594
0,0,0.057783526452766014
1,1,0.9990235952444715
0,0,0.01606749837406407
0,0,0.04691390591723293
0,0,0.02191776408765053
0,0,0.017556043400736073
0,0,0.046374402571186205
0,1,0.9593864417670992
0,0,0.025502286727387437
0,0,0.013783314311515707
0,0,0.04165194489302062
0,0,0.21942230268490126
0,0,0.009922999439250839
1,1,0.9315470922828799
0,0,0.008752529518825942
1,1,0.9998830745219955
1,0,0.048516228753954546
0,0,0.008513922978613276
0,0,0.036596998984201955
0,0,0.03818274808030753
1,1,0.9911792517449226
0,0,0.01236866162774332
1,1,0.9997413822564358
0,0,0.031712142844375256
0,0,0.05447213130037449
1,1,0.9995395353076082
1,1,0.9996818117141378
1,0,0.19133990547275506
0,0,0.06079934105086778
1,1,0.9670865148513474
0,0,0.03727032443964373
0,0,0.030538988196706116
0,0,0.021220014914307955
0,0,0.007825517133405457
1,1,0.9985252168832703
0,0,0.14221477600355248
0,0,0.02724138083491666
0,0,0.026861461387781286
1,1,0.9996864874473447
0,0,0.022486192498554984
0,0,0.038591891668335085
1,1,0.9985791152747698
0,0,0.045104963442841754
0,0,0.07955454646550197
0,0,0.03183426240252059
0,0,0.04820453601237243
0,0,0.028915019255418964
0,0,0.015062976865561201
0,0,0.05306492626525723
0,0,0.09032504105338948
0,0,0.02299974059776411
0,0,0.1663611493219683
0,0,0.07787976719189002
0,0,0.06265296428869424
0,0,0.016325088947726316
0,0,0.025423233207611796
1,1,0.9543798382918411
0,0,0.014130939776104847
0,0,0.03566735579311436
0,0,0.017880631397248617
0,0,0.0848402252459352
0,0,0.03286833053826371
0,0,0.03601401185426087
0,0,0.023130920483138015
1,0,0.33576227422687605
0,0,0.01929328607901893
0,0,0.00819906175497379
0,0,0.020699046447283667
0,0,0.03359175896777483
0,0,0.03436179384104895
0,0,0.12440768182680007
0,0,0.020668594639100726
1,0,0.13698217412907215
0,0,0.019829104550247317
0,0,0.039086568234942776
0,0,0.06090725622106036
0,0,0.0165532472811053
0,0,0.015570738824112553
1,0,0.06257089196780996
0,0,0.007881140318252388
0,0,0.018637533701289167
1,1,0.8011507069766935
0,0,0.011222721205312078
1,1,0.8548069115318101
0,0,0.013045443863133733
0,0,0.2363408400093499
0,0,0.014148958087815414
0,0,0.024631251297240805
0,0,0.022220888676492218
0,0,0.03645063426092221
0,0,0.01620505094039848
0,0,0.017387975410694992
0,0,0.02129780532856058
1,1,0.999260329702698
0,0,0.02988140884245993
0,0,0.0376148896158887
0,0,0.033684648906700386
0,0,0.01163418537803773
0,0,0.044144744754584
0,0,0.01487389990913061
0,0,0.08020117027229036
1,1,0.9618408054794518
0,0,0.0156721715629109
1,0,0.45698098121401454
0,0,0.018864327873370314
0,0,0.01850542929377996
0,0,0.022577309525005695
0,0,0.022228582677796836
0,0,0.029388968982080172
0,0,0.031761916782025154
0,0,0.049429575077128425
0,0,0.011033013327547752
1,1,0.9932649705602479
1,1,0.8754927782341888
0,0,0.062021216900939584
0,0,0.015291969544407865
0,0,0.05425678539459316
0,0,0.01805906697326317
0,0,0.03766849068358388
0,0,0.016391970790075497
0,0,0.04952120513897851
0,0,0.018631307511486072
0,0,0.024868512376732786
0,0,0.02052838232027671
0,0,0.008694964909704228
0,0,0.07206792500503711
0,0,0.1663611493219683
0,0,0.012516789336284001
0,0,0.006204192933938831
0,0,0.009448377724467242
0,0,0.02024171999341308
0,0,0.02175257909955819
0,0,0.011817452084904879
0,0,0.03406414017666906
0,0,0.017055355960762304
0,0,0.019754255559648874
0,0,0.018315353080504453
1,0,0.08819994622014134
0,0,0.015113293592757648
0,0,0.01819833375004436
0,0,0.028665630993840077
0,0,0.031205384741630645
1,0,0.2563320747638118
1,1,0.9987465518553378
0,0,0.016470704162698833
0,0,0.054250928393496683
0,0,0.010010087261760305
1,1,0.9996410907827044
0,0,0.016921826755361965
0,0,0.02494258485814414
1,0,0.06737088728041696
0,0,0.036895044599922024
1,1,0.879567371973957
0,0,0.03866074831536313
0,0,0.015371303058134401
0,0,0.03186516678006757
0,0,0.03419053009641458
1,1,0.9991192142269362
1,1,0.9496444331284202
0,0,0.039523108422443984
0,0,0.03018275394923741
0,0,0.020060121880945993
1,1,0.9563567393536615
0,0,0.01432366509751727
0,0,0.017948332506393348
0,0,0.009981711526551555
0,0,0.044527356606549995
1,1,0.7234205253606939
0,0,0.03292782583933334
1,1,0.9993796462278645
0,0,0.016673581717391268
0,0,0.011133025826391637
0,0,0.017300289949785403
1,1,0.9754870917327969
0,0,0.03925313118907006
0,0,0.040040146210800175
0,0,0.012991039434940167
1,1,0.999584035514431
0,0,0.1431086779295808
0,0,0.02770530461918495
0,0,0.0048886067245067066
0,0,0.036555624773411954
1,1,0.9976645274966985
1,1,0.9745117469524561
0,0,0.03458073967699198
0,0,0.0749041994321296
0,0,0.025824390857902536
0,0,0.04345504617448715
0,0,0.023093360349040304
0,0,0.03282798590866712
0,0,0.2136374779674816
0,0,0.03887570399655282
1,1,0.9950930323959527
0,0,0.03024160698614698
0,0,0.018369645196640444
1,1,0.9448474400292097
0,0,0.0459931886154726
0,0,0.01844707040273272
0,0,0.01711661249789022
0,0,0.1982218737833122
0,0,0.025780246151187944
0,0,0.0817389485628674
1,1,0.9996539174937232
0,0,0.010873800157863005
0,0,0.007170601292661952
0,0,0.01861504775315962
0,0,0.022917431882617717
0,0,0.01641113762971839
0,0,0.010530100243128723
0,0,0.031680077537599584
0,0,0.012689843223915911
0,0,0.026386452046690316
0,0,0.025922849233577558
0,0,0.019044149707743815
0,0,0.022423371639404055
1,1,0.9991122647512655
0,0,0.017606733520856083
1,0,0.035350676520043624
1,1,0.9978884036387826
0,0,0.024845918749236667
0,0,0.0646389536280914
0,0,0.017268708702495094
0,0,0.010516438750313637
0,0,0.042950953990991005
0,0,0.027319164435367527
0,0,0.05879172943517273
0,0,0.016842438233340928
0,0,0.013687544174563571
0,0,0.04038843877695818
0,0,0.04094345360797223
0,0,0.016343624158026523
0,0,0.0067683146964652805
0,0,0.07986406301907371
0,0,0.026000902647547876
0,0,0.023613033157642616
0,0,0.03292409292494369
1,1,0.9763780439993038
0,0,0.011459363019723159
1,0,0.03878657862981121
0,0,0.04301586079603367
0,0,0.006994321769942044
0,0,0.018781924737227586
0,0,0.03006396854021411
0,0,0.015891928910809833
0,0,0.025434173425777057
0,0,0.017241965852900703
0,0,0.03534458742656433
1,1,0.9272793601127244
1,1,0.7171104857452506
1,1,0.8870489663155279
0,0,0.040450835982707704
0,0,0.019817829804169067
0,0,0.018461601051310794
0,0,0.022044685315960433
0,0,0.03199657929283307
0,0,0.017230653081655178
0,0,0.016912192206700705
0,0,0.030484512461219082
1,0,0.34202592281068017
0,0,0.0269076280729327
0,0,0.021995177280103053
0,0,0.04762013904556754
1,1,0.9991240918681866
0,0,0.011753302784269268
0,0,0.043964782096246484
0,0,0.016113670138975043
0,0,0.01880326496797106
0,0,0.023582466340612368
0,0,0.03135706720844995
0,0,0.03270311688978339
0,0,0.007109445190976506
1,0,0.4763893820115899
0,0,0.031302395006557404
1,0,0.16211912524791927
0,0,0.008358961650183815
0,0,0.020215174893968
0,0,0.06820672864709365
0,0,0.05119561517462487
0,0,0.026864008284827656
0,0,0.03383134693396383
0,0,0.009329659201025147
0,0,0.04078292135497105
1,1,0.9998459646656495
0,0,0.04610190990276168
0,0,0.03144388123603137
0,0,0.03119289769601647
0,0,0.00913234505648313
0,0,0.046158538516583116
0,0,0.01423446919826662
1,0,0.10442818450822455
0,0,0.011150268996243837
0,0,0.018418688410772318
1,1,0.9991296683330156
0,0,0.015760299336088572
1,1,0.9994435808637279
0,0,0.016090946063122637
1,0,0.01194045897221011
0,0,0.03672015145403372
0,0,0.0074485461455243785
0,0,0.040228306792321825
0,0,0.017136782751806297
0,0,0.024996176027598287
0,0,0.044255944961640724
0,0,0.039073241928833796
0,0,0.10049324770880137
1,1,0.9984427168971182
0,0,0.016796660704411145
0,0,0.031277929292565294
0,0,0.01101011258246749
0,0,0.0449076869466474
1,1,0.9997184409233585
0,0,0.009445158721130087
0,1,0.5875748606834662
1,1,0.9994914765820536
0,0,0.014648606841077143
0,0,0.04907715762272612
1,1,0.9994824248978749
0,0,0.10442818450822455
1,1,0.5309697525694141
0,0,0.04428272762539483
0,0,0.025251152253206316
1,1,0.5194297043717375
1,1,0.9997213421786647
0,0,0.03658922592391208
0,0,0.04501003108967496
1,1,0.9990076376037176
0,0,0.033756519033774475
1,0,0.04222742031280858
0,0,0.024996176027598287
1,1,0.999316945555984
1,1,0.6496026535834878
0,0,0.036636468523251274
0,0,0.04861723219733424
1,0,0.47591391572483244
0,0,0.012904008526307043
0,0,0.0340699904945765
0,0,0.08224944067461065
0,0,0.02574633767413174
0,0,0.01325569874519078
0,0,0.013538614675675995
0,0,0.013855967790127193
0,0,0.05081282741596114
0,0,0.017650036087497645
0,0,0.007097064753747516
1,1,0.9983582221488945
0,0,0.023741669177698734
0,0,0.0151448546903465
0,0,0.04880536203734784
1,1,0.9995352459398016
0,0,0.024136488879986633
0,0,0.02770530461918495
0,0,0.036504561673021234
1,1,0.787149484934671
0,0,0.021995177280103053
0,0,0.021491263331704678
0,0,0.06768788597909696
0,0,0.03864581237501283
0,0,0.05898028175079325
1,1,0.9989912558347935
0,0,0.011115284903951956
0,0,0.018451545693586202
0,0,0.032897222567182076
0,0,0.010664060941489454
1,1,0.9990969739257288
0,0,0.038052520696377934
0,0,0.02014006976795829
0,0,0.03599519379899599
0,0,0.017541700838148648
0,0,0.012899514295213643
1,1,0.5575047376391912
0,0,0.020162156048695472
0,0,0.014344872499682604
1,1,0.893384574937516
0,0,0.018783395674853386
1,1,0.9991156863660645
0,0,0.028062504535683507
1,1,0.999247916119392
1,1,0.9987146112320617
0,0,0.0177361854769355
0,0,0.04059630324567573
0,0,0.02689695980019327
0,0,0.029451618098634554
0,0,0.009864812266272848
0,0,0.0240894913280229
0,0,0.012987066431925879
0,0,0.025189950575172985
0,0,0.024749185906754307
0,0,0.05763161535715613
1,1,0.9998521619849015
0,0,0.038360572467680765
1,1,0.9985687106033317
0,0,0.034372719015324585
0,0,0.017384691836834824
1,1,0.6660639666666067
0,0,0.010461120982841642
0,0,0.016071528287559887
1,1,0.9999609589508321
0,0,0.03632287959211505
0,0,0.030338489708489187
0,0,0.02754296805121885
0,0,0.013658320967574734
0,0,0.0392278901829358
0,0,0.08613830691710933
1,1,0.9997029069988366
1,1,0.9998884206943385
0,0,0.02741194902920678
0,0,0.04784652004781762
0,0,0.13696751798674356
0,0,0.05958482126353548
0,0,0.06318657237011599
0,0,0.0338824766617244
0,0,0.06132112033750768
0,0,0.08399375611735552
0,0,0.03688203228441819
0,0,0.00609808224715521
0,0,0.032634051250516175
0,0,0.01236111180827815
0,0,0.03961668032236541
1,0,0.468581936335868
0,0,0.010911854249196965
1,1,0.7531727398781882
0,0,0.018212642131741657
0,0,0.00993231872208865
0,0,0.018978752833182073
0,0,0.018615192126717195
0,0,0.0402727012042228
0,0,0.015082668885075968
0,0,0.01113637256854494
0,0,0.029158022347122538
0,0,0.03181159250464269
0,0,0.015315689514340482
0,0,0.020353698737370217
0,0,0.0997217716501474
0,0,0.02487268380857975
0,0,0.03417946044591786
0,0,0.009078590809874984
0,0,0.01324699971411759
0,0,0.016277935028138155
0,0,0.014222249647777291
0,0,0.014473507760008024
1,1,0.8897967994814465
1,1,0.9983419964366639
0,0,0.2997501071887263
0,0,0.025532893168624574
0,0,0.01878310712471199
0,0,0.0139832812490283
0,0,0.03967627915512446
0,0,0.043965400859517605
0,0,0.027275916029662457
1,0,0.03888757314249118
0,0,0.014427937249799603
1,1,0.9996309608764754
0,0,0.03086472936801673
0,0,0.041187939085791
0,0,0.03310165600071934
0,0,0.0652119806233241
0,0,0.029896662586480792
0,0,0.029434300214896528
0,0,0.06305524065549861
0,0,0.03133396655319286
0,0,0.019909732419468498
0,0,0.01392803107118146
1,1,0.6748865750282536
1,0,0.011571799394032413
0,0,0.03414717649544588
0,0,0.031236138672139473
1,0,0.05430997985617336
0,0,0.04117897076676549
0,0,0.03353063465645992
1,1,0.5781831205488982
0,0,0.02917851448021248
0,0,0.011875966350823754
0,0,0.03703641756645125
1,0,0.46800541590741435
0,0,0.024598233510342512
0,0,0.016910502380301822
1,1,0.9996802092372076
1,0,0.07380917771059957
0,0,0.02286057186356037
1,1,0.9998057773597548
0,0,0.07794658593456807
0,0,0.0581119884161262
0,0,0.05830343431988308
0,0,0.04676698059499914
0,0,0.012765407225672902
0,0,0.00627710405159724
0,0,0.32084946058186314
0,0,0.00845262428708595
0,0,0.04634548714242221
0,0,0.482028108813004
0,0,0.018663384840169477
1,1,0.9991758602055479
0,0,0.024107314856166885
0,0,0.04626851191078005
1,1,0.9209417985866288
0,1,0.5905365275400628
0,0,0.022718453456411096
0,0,0.013483817714847317
0,0,0.010217194312568723
0,0,0.021571922276829556
1,1,0.9983804618196198
0,0,0.02504380300863867
0,0,0.012393338053547474
1,1,0.9702116882670505
0,0,0.07004516843832086
1,1,0.8980072598931145
0,0,0.1073019133745488
0,0,0.024971756074834078
0,0,0.016723782974760543
0,0,0.018734114007836627
0,0,0.018105699026463473
0,0,0.010997233957433248
1,1,0.9782291184139743
0,0,0.07783476106919474
0,0,0.025482075717934836
0,0,0.01043700821179386
0,0,0.021147528149596074
1,1,0.9436102720804054
1,1,0.9998628309688267
0,0,0.022200585162623958
1,1,0.9797037504383368
0,0,0.006674967917937478
1,1,0.9995254231693986
0,0,0.02440231333135013
0,0,0.00688430826144844
1,1,0.9696272306047785
0,0,0.03414219967186286
0,0,0.005757558379607654
1,1,0.999913719705063
0,0,0.014938308989807891
0,0,0.027648030900418535
0,0,0.029148014924411405
1,1,0.9997984800555371
0,0,0.023718088733621072
1,1,0.9781214222496729
0,0,0.007824747227374874
0,0,0.011028100414881536
0,0,0.035309356342006534
0,0,0.02524930906600841
1,0,0.49176442970298584
0,0,0.020621710727681097
1,0,0.07327840945848864
0,0,0.05269698361030577
1,0,0.4724451377872495
1,1,0.9971964674382278
0,0,0.03456055651916985
0,0,0.013699987149468674
1,1,0.9998587056345304
0,0,0.02988563127891209
1,0,0.06371822432951166
0,0,0.028388249465428114
0,0,0.01838055763794159
0,0,0.034548403418968296
0,0,0.01770088896847852
0,0,0.009754500940417847
0,0,0.02606143138902081
0,0,0.015314978718586595
0,0,0.009752616147560681
1,1,0.9990426950911495
0,1,0.6368439177390479
0,0,0.03896404773297175
0,0,0.039088566099372446
0,0,0.016928053929026528
0,0,0.014898335248003292
0,0,0.00949677472562488
0,0,0.03547807551399896
0,0,0.03667459649533467
1,1,0.8143200813741147
0,0,0.038790771433305546
0,0,0.06617622934981036
0,0,0.04105749364697963
0,0,0.029529756941313344
0,0,0.033497422971225696
0,0,0.020403562908593735
1,1,0.563338374737977
0,0,0.022594145371301423
0,0,0.017901468983429238
0,0,0.021214352412237073
0,0,0.014863947838461159
1,1,0.9990716181783771
0,0,0.02959537382132839
0,0,0.02172332125384593
0,0,0.044028570453467204
0,0,0.02802024293292507
0,1,0.9239187487295455
0,0,0.011126267970065171
0,0,0.023113760811284065
0,0,0.014951066690948806
0,0,0.01693116208034213
0,0,0.04066445180227647
1,0,0.044213288609802094
0,0,0.009935957819628295
0,0,0.025514396131829337
0,0,0.03249796396408441
0,0,0.028390477613302056
0,0,0.11493469616785977
0,0,0.02702726329820836
0,0,0.00978655177431205
0,0,0.022116382624825723
0,0,0.014501252434864324
0,0,0.02344716601215343
0,0,0.0548745830576295
0,0,0.062809059038087
0,0,0.033042754074518586
0,0,0.044990960606135326
0,0,0.03644904459215953
0,0,0.012240302542227462
1,0,0.38929908007862607
1,1,0.6671155990028415
0,0,0.007817402058871563
0,0,0.03813380123444604
0,0,0.009030097463983887
0,0,0.015005236743128302
0,0,0.012042018039184912
0,0,0.032403509163940414
1,1,0.9979300685799863
0,0,0.021698613932883873
0,0,0.06151004331122222
0,0,0.03402331681436348
0,0,0.010593679500788744
0,0,0.03455209175389755
0,0,0.09382835483550772
0,0,0.035080794151661765
1,1,0.9993038034947821
0,0,0.03567198747770777
0,0,0.010311135495681672
0,0,0.03405543625422457
0,0,0.06502062142620517
1,1,0.9988728456972681
0,0,0.03600929728421537
0,0,0.010716271787658155
0,0,0.0319212702208104
1,0,0.08603087367754492
1,1,0.9998181212765606
0,0,0.017234205756712095
1,1,0.8930422876190316
1,1,0.9397979283289135
0,0,0.03767471594806287
0,0,0.036722459423153955
0,0,0.10346210790041024
0,0,0.006847848275892539
1,1,0.9966322446766049
0,0,0.00919366132622972
1,1,0.9950232067358046
0,0,0.010639723053515442
0,0,0.05423379780512126
0,0,0.016565800538393953
0,0,0.026963693122275388
0,0,0.007260002723112294
0,0,0.010401202377448801
0,0,0.009207095423903489
0,0,0.027126562826639115
0,0,0.04175803379532713
1,1,0.9932388721582105
1,1,0.8818201848261
0,0,0.3788344662244602
0,0,0.031888199430043465
0,0,0.05133584615623988
1,0,0.32489215781022523
0,0,0.03173481842550504
0,0,0.012002145320272878
0,0,0.034928725727985444
0,0,0.052910866702241176
1,1,0.9692071651266204
0,0,0.009855863366332802
0,0,0.02628865285110228
0,0,0.01957705121523454
1,1,0.9750784131678516
0,0,0.08174978066642481
0,0,0.03304515366802414
0,0,0.04313099179143577
0,0,0.01679291922129397
0,1,0.5084624325795956
1,1,0.982719092595553
0,0,0.01070001522276384
0,0,0.030870373860094037
1,0,0.04734326873092798
0,0,0.017555678955367353
0,0,0.07479497535940033
0,0,0.017242246105280537
1,0,0.21263065656792302
0,0,0.020400852906482008
0,0,0.035340727311442964
0,0,0.019113650966632065
0,0,0.04808542154737227
0,0,0.01776609826295206
0,0,0.027109897842242985
0,0,0.019806693978534375
0,1,0.7111762876261325
1,1,0.9978806135325493
0,0,0.013920966735298947
0,0,0.006359897228413672
0,0,0.013776587998718262
0,0,0.03264769006605817
0,0,0.11025629602244522
1,1,0.9997594939482058
0,0,0.01599976426466374
0,0,0.014303078957084292
0,0,0.02510116658922584
0,0,0.018941142097101613
0,0,0.042987501809937906
0,0,0.019249655289980277
0,0,0.011808154890468544
0,0,0.03507487243218688
1,1,0.9987824453483675
0,0,0.06340064252192162
0,0,0.006982617943278878
0,0,0.012430674483392112
1,1,0.9727926658046441
0,0,0.024794487908123754
0,0,0.00819933969465285
0,0,0.017210167934010624
0,0,0.01326127271115261
0,0,0.01077700958673375
0,0,0.03439418333613279
0,0,0.012353698371444259
0,0,0.03143929739036321
0,0,0.04229945140393419
0,0,0.027816581728636613
0,0,0.01759577512044047
0,0,0.025538130883308422
0,0,0.09592279269141585
0,0,0.4645786845623148
0,0,0.01683851420268446
0,0,0.011662473076717077
0,0,0.014545088983978308
0,0,0.0708535730283971
0,0,0.011062655634354403
0,0,0.06484010880034348
0,0,0.03186062017548449
0,0,0.03930809080300073
0,0,0.0560973291100568
0,0,0.03718127871042937
0,0,0.0332258653258681
1,1,0.9983322806103645
1,1,0.9997399772604141
0,0,0.0936736984065378
0,0,0.03456988124111258
0,0,0.014450677958202374
0,0,0.015155300457472385
0,0,0.022705680328654162
1,1,0.9735401636281211
0,0,0.059580277215933945
1,1,0.9996983528366413
0,0,0.0333864238632986
0,0,0.024604458005630304
0,0,0.02523724841597868
0,0,0.04352853667922393
0,0,0.031677924841120864
1,1,0.5829536631518362
0,0,0.0156482410505818
1,0,0.042251583564616634
1,1,0.9689900555205816
0,0,0.01946490131523601
0,0,0.006768491094514667
0,0,0.030827719588655905
0,0,0.04420750065733676
0,0,0.03747030234974078
0,0,0.04517096628439762
0,1,0.5281914501817814
0,0,0.01344239229762869
0,0,0.009348587774241982
1,1,0.9828980604871114
0,0,0.011011402202763776
0,0,0.014594199045083746
0,0,0.009460275754362646
0,0,0.027845891840863043
0,0,0.02558354718158225
1,1,0.9814542128082466
1,1,0.5399951606197345
0,0,0.02721436597225383
0,0,0.00702732085256231
0,0,0.011372971691727761
0,0,0.011799861238796408
0,0,0.014760662855918379
0,0,0.02255546918447996
0,0,0.01340597816291438
1,1,0.8346336002268459
1,1,0.9241533327735878
0,0,0.028420033134225708
0,0,0.023288813353695748
0,0,0.01365083952132952
0,0,0.10268618624329721
0,0,0.011009597380414973
0,0,0.02921369369778113
0,0,0.013045353438535091
0,0,0.01595613372041982
0,0,0.009694918822321796
1,1,0.9981472687342572
0,0,0.039207942183529236
0,0,0.027559691006171408
0,0,0.016640208711138985
0,0,0.02077250724594867
0,0,0.29980254027503805
0,0,0.01751675385903517
0,0,0.046548877829943984
1,1,0.9990716074752694
1,1,0.999804832143291
0,0,0.04466158185525667
0,0,0.04076914120582813
0,0,0.01534960165906091
0,0,0.019808469822491532
1,1,0.9987146112320617
0,0,0.01483562745146271
0,0,0.014096458049439521
0,0,0.019653656065032887
1,1,0.9994105746225684
0,0,0.038278242874546356
0,0,0.016709603794656084
0,0,0.022417837367796817
0,0,0.013741756574092918
0,0,0.01407738533693175
1,0,0.028185482565527595
0,0,0.014421878850941509
0,0,0.01104943562435664
0,0,0.014451175586791648
0,0,0.3691153198294227
1,1,0.9994581631822123
0,0,0.013952012851230107
0,0,0.021735867333192348
0,0,0.03773681354834072
0,0,0.024816501554328085
0,0,0.004243408424134302
0,0,0.11553238118921011
1,1,0.9439857564786583
1,1,0.9995913795203722
0,0,0.02221565913413936
0,0,0.024589771284282694
0,0,0.0662587284036137
0,0,0.07590720075497787
1,1,0.9988110011133465
0,0,0.032244847079334664
0,0,0.01451809742551942
0,0,0.01996869086612784
0,0,0.059716187682689464
0,0,0.02359896175714725
0,0,0.02136323313426804
0,0,0.042836832248278736
0,0,0.008756792037477482
0,0,0.011106882925108051
0,0,0.018584097757338686
0,0,0.08006701880308086
0,0,0.06951675626294007
0,0,0.029266857862394864
1,1,0.9969541967825026
0,0,0.05309322484796788
1,1,0.9999239522560975
1,1,0.9254380280012281
0,0,0.014089554954518064
0,0,0.015509467366650922
0,0,0.02957676477617694
0,0,0.01805864361190761
1,1,0.9982737231928546
0,0,0.013356217023118636
0,0,0.010894466118672235
0,0,0.01792001269750792
0,0,0.05763161535715613
0,0,0.01252578597845166
1,1,0.9784055235746134
1,1,0.9988138619523814
0,0,0.022141489658823232
0,0,0.028690816688749357
1,1,0.9909950774249627
0,0,0.009218051410835423
0,0,0.007436072814351577
0,0,0.01939175088761496
0,0,0.014401045576253215
0,0,0.031050612593799196
1,1,0.9991822976836436
0,0,0.09930440520328278
1,1,0.9998399722314832
0,0,0.016624733867254216
1,0,0.4590008262984714
0,0,0.055429239186580236
0,0,0.016239822472473974
0,0,0.022024700301862758
0,0,0.0431358356024162
0,0,0.015593820612877327
0,0,0.019077297472682005
0,0,0.0415212820665428
0,0,0.053402262200455686
0,0,0.010035560348201928
1,1,0.9998627562092334
0,0,0.021341341134156113
1,1,0.9934366475303785
0,0,0.007518768584138835
0,0,0.010730571651222506
0,0,0.022004237982585707
0,0,0.011461120198036561
0,0,0.016503981299074124
1,0,0.07173128339810383
0,0,0.03451360115255515
1,1,0.7018254430010717
1,1,0.9838935478211898
0,0,0.05359824242866835
0,0,0.011809421718747019
0,0,0.016934952704527228
0,0,0.013537944790320838
1,1,0.9989841861407481
0,0,0.061870184404975374
0,0,0.01640520519734822
1,1,0.9999237783872051
0,0,0.01715089984896145
0,0,0.01575789572244943
0,0,0.026200452491762755
1,0,0.4503754522658083
1,1,0.9998061772945155
0,0,0.018382678885248374
1,1,0.9986473677939306
0,0,0.03831205221154333
0,0,0.04138398663115838
1,1,0.5295400454295751
0,0,0.040285124242440594
1,1,0.7810489185373876
0,0,0.030063993099324938
0,1,0.5549795630500733
0,0,0.018156089591437365
0,0,0.036588822695790904
0,0,0.030830071662513437
0,0,0.05794282364880537
0,0,0.022881587725511236
1,1,0.8172988183326517
0,0,0.005777512228851657
0,0,0.05124049895131823
0,0,0.018868668178286165
1,0,0.02411906333038432
1,0,0.006427111686990724
0,0,0.013483322802684548
0,0,0.02090894090168665
0,0,0.03453102086621215
0,0,0.05728075455271419
1,1,0.9992567704196297
1,1,0.9749597263210289
1,1,0.9998254509637665
1,1,0.9991361636114504
1,1,0.9512168055106507
0,0,0.04178309936947666
0,0,0.023718861425846276
1,1,0.7533832008939392
0,0,0.044476870379455816
1,1,0.999855385175637
0,0,0.024105687643877015
0,0,0.03991744651079464
1,1,0.9226383917459853
1,1,0.9998273014311138
0,0,0.022950933109225607
1,1,0.9996829763058146
0,0,0.008760413309279179
0,0,0.012460938239270226
0,0,0.041486067435200454
0,0,0.07302583606328246
0,0,0.014601145016040885
1,1,0.9997819962953767
0,0,0.027951806049899216
0,0,0.03555971381598817
0,0,0.2668746291240678
0,0,0.04050592991048099
0,0,0.07814628250092347
0,0,0.05213453308174639
0,0,0.014705810158500946
0,0,0.02523702792078669
1,0,0.2097586368500641
0,0,0.0301083538769841
1,1,0.9496444331284202
0,0,0.037512502455178044
0,0,0.013327105539843951
0,0,0.020648178725886365
0,0,0.027699919447770883
0,0,0.197703238489439
0,0,0.013326619984068493
0,0,0.04441807923771991
0,0,0.016274239953267232
0,0,0.019956707171747516
1,1,0.9993038034947821
0,0,0.013254703470144659
1,1,0.7449964570703004
0,0,0.034594252705635424
0,0,0.04898131036077674
1,1,0.957710443204448
1,1,0.947168817362277
0,0,0.014365074284915355
0,0,0.03379676253347941
0,0,0.013525989414467948
1,1,0.9688133776512682
1,1,0.9993491877363683
0,0,0.006649064358826529
0,0,0.0368879546998414
0,0,0.03088933495740327
0,0,0.03815534143478961
1,1,0.8288366492597343
0,0,0.04088830919142147
0,0,0.017416811729432043
0,0,0.028784708082544422
0,0,0.054486539297759456
0,0,0.02995698431673205
0,0,0.010766638714247804
0,0,0.022592388468715616
1,0,0.21000375169117874
1,0,0.07911061081540899
0,0,0.021839207112521034
1,1,0.9694626280816323
0,0,0.03353528031345209
0,0,0.008333038039626673
0,0,0.010484324589246063
0,0,0.00811965256389803
0,0,0.030765322222023148
0,0,0.014553256974948404
1,1,0.607072652239563
0,0,0.015531376558482012
0,0,0.04626851191078005
0,0,0.01997680834484522
0,0,0.03730516461830405
0,1,0.7962178191532111
1,1,0.9047318769926522
0,0,0.018868668178286165
1,0,0.2945050158110757
1,1,0.809435172226176
0,0,0.015486321969239667
0,0,0.034335272954672126
0,0,0.030246379001263046
0,1,0.8704190427025134
1,1,0.5627010330591606
0,0,0.013950345410015793
0,0,0.04510954896603756
0,0,0.0204174746893995
1,1,0.9995654103578102
0,0,0.008414289687438192
0,0,0.028739851673598653
0,0,0.03374825844245737
0,0,0.055591726940587914
0,0,0.028677709972075735
0,0,0.040740765134136256
0,0,0.04187151495966898
0,0,0.01958218497215111
1,1,0.9011308644523883
0,0,0.009581586309342912
0,0,0.03518892987985924
0,0,0.020353859266913542
0,0,0.009243349463228266
0,0,0.01747618037812894
1,1,0.9995461350500701
0,0,0.007730157173025477
0,0,0.04235072535261787
0,0,0.06465537077898123
0,0,0.006996486653869905
0,0,0.19133990547275506
0,0,0.04485887366930423
1,1,0.9688133776512682
0,0,0.014702237625916359
1,1,0.9945754708803897
0,0,0.038260680769747944
1,1,0.9986545583403008
0,0,0.02013943335673406
1,0,0.039606525924823784
0,0,0.012781810217316282
0,0,0.049005153807704906
0,0,0.1807128358263815
0,0,0.039483618255994626
0,0,0.008360769200148803
0,0,0.035276107283891356
1,1,0.9656754315354075
0,0,0.04615366733692726
0,0,0.02176673136857432
1,1,0.9998541774621968
0,0,0.014916326422547664
1,1,0.8132031883936485
1,1,0.9998009719128809
0,0,0.016100113905721754
0,0,0.03110232935878271
0,0,0.15938379582741696
1,1,0.9996023124057819
0,0,0.02198615157787684
0,0,0.053325243562789795
0,0,0.05155526474850465
0,0,0.023724932301714605
0,0,0.010883280121946348
1,1,0.9843650392199071
0,0,0.17678798572278207
0,0,0.037929336419656554
0,0,0.11794980776511306
0,0,0.01555468947690423
1,1,0.8446726082213064
0,0,0.05467249714625195
0,0,0.018717607377956465
0,0,0.00676038967911404
0,0,0.1266384168642475
0,0,0.008069353267267494
0,0,0.04691366620707286
0,0,0.07679496436003115
0,0,0.01877846039604622
0,0,0.017580479195781193
1,1,0.9997970152039841
0,0,0.0315642329645534
0,0,0.011405169447265903
0,0,0.01699065618656281
0,0,0.17916925607996856
0,0,0.06201012980922769
0,0,0.012253906190723772
0,0,0.03125604909087359
0,0,0.03720163390989737
0,0,0.02791506745070519
1,1,0.999424751962565
0,0,0.023955225946058693
0,0,0.012741243980098097
0,0,0.012970071614430057
0,0,0.07496591645663134
0,0,0.03425543590776619
0,0,0.02872683787647798
0,0,0.02084225429486704
0,0,0.05089085764390993
0,0,0.003393985435453577
0,0,0.029143898705622992
0,0,0.024378997038488073
0,0,0.0153862196890918
0,0,0.024160135281787523
1,1,0.5483400499161674
1,1,0.9993571837865655
0,0,0.017994469753696656
0,0,0.013790538685384202
0,0,0.016370150626444653
0,1,0.8422574388147841
0,0,0.031826252930963944
1,0,0.4676200174855653
0,0,0.016423477145372407
1,1,0.6099431477676751
0,0,0.026125083261418904
0,0,0.017605755865306674
0,0,0.003887925281230933
0,0,0.01685765959317931
0,0,0.03153853252779115
0,0,0.041276861350181146
0,0,0.024045590359506774
0,0,0.08613830691710933
0,0,0.030383845822534967
0,0,0.015671027537847694
1,1,0.9990870869022039
0,0,0.026715728460816237
0,0,0.011251966516577085
0,0,0.03599017238943329
1,1,0.966283396420963
0,0,0.10861746631301696
0,0,0.053020096311831286
0,0,0.05311560157035804
1,1,0.9999489319496543
0,0,0.021995177280103053
0,0,0.0258906821287478
0,0,0.02775213043720174
0,0,0.018556386432796765
0,0,0.0684769604103785
0,0,0.008767988863888554
0,0,0.04227232096459502
1,0,0.2110262162173687
0,0,0.027275916029662457
0,0,0.07814458963995849
0,0,0.061253694674165464
0,0,0.01355727530769026
0,0,0.017570378337506326
0,0,0.016772232684312063
1,1,0.5592957827419919
0,0,0.0193141961270455
1,1,0.9996096838706443
0,0,0.036532981506166934
0,0,0.010359299274929974
1,1,0.9991911053587499
0,0,0.022132813128356563
0,0,0.018831201996127134
0,0,0.010645266294732461
0,0,0.038030901564780555
0,0,0.0594126117617311
0,0,0.028379377048443965
1,1,0.8343893096163572
0,0,0.03047593969385506
0,0,0.03512773850542577
0,0,0.04391129666844277
1,1,0.9992208980196037
1,0,0.17477168005922208
0,0,0.05549348317063482
0,0,0.2152786426767396
0,1,0.6916885687628184
1,1,0.9996621041119518
0,0,0.012895218109450327
1,1,0.999659779815888
0,0,0.02472883313574781
0,0,0.02355900397963075
0,0,0.019137901731088272
0,0,0.038203054273965524
1,1,0.9881937132423845
0,0,0.015203436965083462
0,0,0.015149764512570375
0,0,0.030257422160346988
0,0,0.03885423315568417
0,0,0.029558215885110768
0,0,0.035115935906086096
1,1,0.9482895276333945
0,0,0.014902592823508842
0,0,0.014539055611248885
0,0,0.04783109264448953
0,0,0.05248628662645291
0,0,0.04599996601114344
0,0,0.052071334167118004
0,0,0.03279256903325119
0,0,0.02017746170707277
0,0,0.017113261086535648
0,0,0.03199064723635236
0,0,0.0468422606847955
0,0,0.018087729949876057
1,1,0.99820528501567
0,0,0.041783582544949655
0,0,0.018579557809557938
1,1,0.9872757747612172
0,0,0.04964896419164072
0,0,0.022913028153070867
0,0,0.09824159872651521
1,1,0.9996363536018783
0,0,0.016996366582792712
0,0,0.008185306267867913
1,1,0.7096342955469481
0,0,0.008831390644117204
1,0,0.05171970865685347
0,0,0.03384238924289228
1,1,0.8502805625770156
0,0,0.022316133849813364
0,0,0.034514480507170694
0,0,0.03658949689310996
0,0,0.03823557322146226
0,0,0.01712612539645864
1,1,0.9996398263540877
1,1,0.8728877562751959
0,0,0.00743558137222378
0,0,0.04073322793084863
0,0,0.01487263309170449
1,0,0.03158895580722511
0,0,0.012369730251333819
0,0,0.018181987825476986
0,0,0.02368920545508786
0,0,0.03217408573102414
1,0,0.046402258120585585
0,0,0.03434032776189247
0,0,0.016280106113670288
0,0,0.049944482294473826
0,0,0.014145045866679506
0,0,0.023291810777788684
0,0,0.006953197888760386
0,0,0.009678478239058735
0,0,0.03625681830176403
0,0,0.03693220137918551
0,0,0.010820058785558506
0,0,0.022583542543178663
1,1,0.9999281096177561
0,0,0.04160813301982912
1,1,0.7222154922687881
0,0,0.038995484282108285
0,0,0.12256334826569502
0,0,0.02934307158066221
1,1,0.9576297579339916
1,1,0.9190027513630955
0,0,0.012029808012687432
1,1,0.9985107104513042
0,0,0.020117475721297386
0,0,0.03826645851125209
1,1,0.9996612825269314
1,1,0.9999419072244898
0,0,0.15555283231221922
0,0,0.014296106382099038
0,0,0.0148454292318319
0,0,0.022712298424106225
0,0,0.009571307045297475
1,1,0.9993955481406749
0,0,0.029975169998623298
0,0,0.03961092326220526
0,0,0.014016017620664132
0,0,0.012878675445619764
0,0,0.025807400868165034
0,0,0.021854407698731634
0,0,0.05270959898743201
0,0,0.03352877061190529
0,0,0.006701864351381564
0,0,0.008828306837055665
0,0,0.02173067789230971
0,0,0.2672268501103673
0,0,0.12388253760115671
0,0,0.03206117017878536
0,0,0.025158977478755142
0,0,0.011367349697004548
0,0,0.060573770457714546
0,0,0.01648707168236124
0,0,0.022330561635025573
0,0,0.01675493736941147
0,0,0.21220001245510864
0,0,0.01892805046159115
0,0,0.019937893572351026
0,0,0.010556952413234894
0,0,0.014607503602431389
1,1,0.868426187277296
0,0,0.036355546039992345
0,0,0.035490115419585105
0,0,0.0789809242070328
0,0,0.021824524670280798
0,0,0.04670013793888401
0,0,0.04491876120005511
1,1,0.9983134839228879
0,0,0.012533812620088222
0,0,0.03768426577117625
0,0,0.04482840358446515
0,0,0.055490344773825716
0,0,0.017215032275305176
1,1,0.7766985406389093
0,0,0.020041474276072835
0,0,0.46968780235104945
0,0,0.03403091879479153
0,0,0.12591746908067147
0,1,0.7970957347943367
0,0,0.010013248801270642
0,0,0.05185301129179074
0,0,0.05004478735793576
0,0,0.009165884828334723
0,0,0.02481322997867633
0,0,0.021207913873993532
0,0,0.034697842537122485
0,0,0.02820168613722516
0,0,0.011230317975696883
1,1,0.76584588736115
0,1,0.6938675436026216
1,1,0.9995974070189131
0,0,0.012850928556961419
0,0,0.0913268330982049
0,0,0.45826805300958595
1,1,0.9995030320909556
0,0,0.04804593906262238
0,0,0.1867642216417688
0,0,0.03308527532941179
0,0,0.011257491888065355
1,1,0.96317239607741
0,0,0.030316222236310864
0,0,0.04174322661933543
0,0,0.051562714359407465
0,0,0.04072877219817585
0,0,0.029317804773192103
0,0,0.04499226360415421
0,0,0.052036145347158974
0,0,0.02894699467801957
0,0,0.015478323953516638
0,0,0.03536964752866946
1,0,0.4227076854360385
0,0,0.020874428005493814
0,0,0.010190547427772959
0,0,0.012423332838430851
1,1,0.6314850983774818
0,0,0.00891492937754088
0,0,0.011917886893208447
1,1,0.9991800217802658
0,0,0.054827318853497654
0,0,0.026024901026499517
0,0,0.01911013637307699
0,0,0.028798739155305342
0,0,0.04479359025122243
0,0,0.010289564388772382
1,1,0.99896182266236
1,0,0.033995340196442965
1,0,0.16035040954373164
0,0,0.02202593986234037
0,0,0.008916524092486462
0,0,0.03092946747685061
0,0,0.020375829317234743
0,0,0.03276694237971761
0,0,0.032584367625504734
1,1,0.9979159416031406
0,0,0.02898645512482876
0,0,0.013319640430457136
0,0,0.03412721102453951
0,0,0.020002557346151712
0,0,0.03718668234423667
1,1,0.9997183577205163
0,0,0.01849588153938537
0,0,0.009549698819061737
0,0,0.0381491157922721
0,0,0.06274178098458309
0,0,0.007060447277305659
0,0,0.018200348159054018
0,0,0.02150317397641477
0,0,0.022582253807519395
1,1,0.7820653795098854
0,0,0.015455304071880912
1,1,0.9998929211336383
0,0,0.013898123478304523
0,0,0.027779615856204053
0,0,0.016810701978051765
0,0,0.0321496833552495
0,0,0.01698138810219014
0,0,0.009633152283604453
0,0,0.009118845210636271
0,0,0.012578348660898804
0,0,0.0323596032936647
0,0,0.03133342103175722
0,0,0.043229308376220014
0,0,0.016206826301063675
0,0,0.32678043489903585
0,0,0.016759761221000685
1,0,0.006500297010447896
0,0,0.009326887731527374
0,0,0.017714749267347462
1,1,0.9187979689776736
0,0,0.015811688754577214
0,1,0.8042422896570838
0,0,0.04541739746694375
1,1,0.9993009998497303
0,0,0.014995784302216784
0,0,0.017753654091560392
0,0,0.01891505636824033
0,0,0.05004235355834681
0,0,0.04593951685092171
1,1,0.9993796462278645
0,0,0.01387102607081249
0,0,0.05257169019063559
1,0,0.23295432889296547
0,0,0.02580075697754978
0,0,0.017613458488181525
0,0,0.01408739735187523
0,0,0.028175561791055764
0,0,0.01713317272886353
1,0,0.3585214548536371
0,0,0.11222066136625446
0,0,0.017157704230002898
0,0,0.04428828390486601
0,0,0.02212270972640819
0,0,0.010945671742103327
0,0,0.013657354482260436
0,0,0.034513248629290755
1,1,0.9998667602235991
0,0,0.04158476612731235
1,0,0.4192214693065965
0,0,0.11159517779847654
0,0,0.09219979570447362
1,1,0.9998193673898199
0,0,0.054871434100347255
0,0,0.03755108229974074
0,0,0.06682409055246809
0,0,0.00832598762653294
0,0,0.0571981964666603
0,0,0.03433200933781499
0,0,0.022209261150135218
0,0,0.0162597854777588
0,0,0.014098157644143032
0,0,0.013264528215264132
0,0,0.016010078709172273
0,0,0.02144843174969513
0,1,0.6501953492410217
1,1,0.9797869380487506
0,0,0.05716504988286856
0,0,0.24252799482555965
1,1,0.9975399835452083
0,0,0.021648637567702203
0,0,0.011231545284359625
0,0,0.05096613061225865
0,0,0.029802817659615184
0,1,0.9485634422994008
1,1,0.9199856896509849
1,0,0.2729978440242776
0,0,0.02195325394244995
1,1,0.9911792517449226
0,0,0.0165183686632759
0,0,0.023587190380981234
0,0,0.016399441670298723
1,1,0.7996168463558857
0,0,0.008956939587995231
0,0,0.05168362227672994
1,1,0.996510278851115
0,0,0.029370744652823102
0,0,0.016337729139746435
0,0,0.0177034263607714
0,0,0.027755575197826395
0,0,0.0228571993194192
0,0,0.024984976664971473
0,0,0.03627717997842376
0,0,0.014978910561782141
1,1,0.9840407179914269
1,1,0.996510278851115
0,0,0.018032594215912013
0,0,0.035860869760974856
0,0,0.012019587007708886
0,0,0.022325606688296962
0,0,0.45579985299863307
0,0,0.03974670120225883
0,0,0.0490143775461951
0,0,0.019003371269210926
0,0,0.03358933985101444
0,0,0.009476498289517871
0,0,0.04973879674350872
0,0,0.03597910222851675
0,0,0.043177481401468557
0,0,0.05804080442668985
0,0,0.04129136244265804
1,1,0.9987781148255638
1,1,0.9444918788134535
0,0,0.041667182834723454
0,0,0.039420315949307845
0,0,0.03833845589403959
0,0,0.05104113895746341
0,0,0.011596374731805402
0,0,0.039796301663575374
1,0,0.06973487832191605
1,1,0.8917616012509961
0,0,0.04283381113245993
0,0,0.048575892464785435
1,1,0.679789538676368
0,0,0.1963381828108048
0,0,0.011847218872152787
1,0,0.43112989873555746
0,0,0.03592677133047408
0,0,0.0053183951328129074
0,0,0.006451591391146856
1,1,0.9989611374767161
0,0,0.007793377925458031
0,0,0.052664797687348705
1,0,0.14531064421420947
0,0,0.014055302240725334
0,0,0.016302758966621988
0,0,0.06561112293633704
0,0,0.01186909712584209
0,0,0.037295714850261806
0,0,0.018634115925752807
0,0,0.02447798585523107
0,0,0.011603966021368735
0,0,0.03428686771675657
0,0,0.004976182889377554
0,0,0.014857943029664533
0,0,0.04084103574966083
1,1,0.9917516533057578
1,1,0.9980973077084726
0,0,0.07561140633263633
0,0,0.0159343781241238
1,1,0.9998959030581712
0,0,0.029027806682567117
0,0,0.017825380036957224
0,0,0.0368195841669764
0,0,0.15210592599766554
0,0,0.05728630516585423
1,1,0.8522857209793694
0,0,0.020272078528756458
0,0,0.042290121389336924
0,0,0.1807128358263815
1,0,0.01746675615207412
0,0,0.0230931295320075
1,1,0.9982956724853345
0,0,0.02876462197751301
0,0,0.024594509705875664
0,0,0.016498733043060466
0,0,0.021959095707713355
0,0,0.013164468969309503
0,0,0.025605063188865847
1,1,0.9975204097161621
0,0,0.015634792239916106
0,0,0.039244038171034876
0,0,0.051368090913961585
1,1,0.9795677392345775
0,0,0.06639587009597299
0,0,0.06707855628665949
0,1,0.889144344591101
0,0,0.014999298877575114
0,0,0.12261439465550752
0,0,0.04243235500266147
0,0,0.006733438590211677
0,0,0.016558409171417772
0,0,0.01683196485326399
0,0,0.016124831103397526
0,0,0.2795102418656709
0,0,0.025817389668945957
0,0,0.020387783013282867
0,0,0.03305085332546718
0,0,0.037459717435306704
0,0,0.01508282160877168
1,1,0.9556985212959076
0,0,0.023054795879117462
0,0,0.01965766717511885
0,0,0.046248305792559
1,0,0.039201099258090705
0,0,0.02374061752378286
0,0,0.49324138556586317
0,0,0.019981575586713634
0,0,0.03416834430206358
0,0,0.0389424338879079
0,0,0.05651492191130986
0,0,0.031214989220044197
0,0,0.015331309337342145
1,1,0.9992571606646384
1,1,0.8255379092268332
0,0,0.021430753206407246
0,0,0.014161233112403361
1,1,0.998115565160491
1,1,0.9722007698286662
1,1,0.9996315679841848
0,0,0.030215730509434355
0,0,0.019743172158505275
0,0,0.015964519063504084
1,0,0.06982851892820886
0,0,0.10083436296355956
0,0,0.023141435787814045
0,0,0.028542224745056424
0,0,0.03638506735932309
1,1,0.8646715401277485
0,0,0.029187067859217018
1,1,0.9997094882001235
0,0,0.034584917339108394
1,1,0.9992625840018493
0,0,0.014450957813856805
0,0,0.01812625196277485
0,0,0.03474868212632079
0,0,0.013393072457513085
1,1,0.9531482846618655
0,0,0.017829665191066612
1,1,0.9993912510067501
0,0,0.19895940630159675
0,0,0.019146660608434
0,0,0.03608507822194144
1,1,0.9992571606646384
0,0,0.023693031004863148
0,0,0.05578544736418034
0,0,0.02896397845654025
0,0,0.00553962485134299
0,0,0.01068855968335383
0,0,0.030210051619903932
0,0,0.020954443331024118
0,0,0.011140910466659019
0,0,0.02344278463968378
0,0,0.016069512359390633
1,1,0.9989460083482249
0,0,0.04824615928010787
0,1,0.642371252851382
0,0,0.006728602874363725
0,0,0.029718673232742663
0,0,0.021856078387361196
0,0,0.01575496743529704
0,0,0.02811741398001185
1,0,0.030087020407678727
0,0,0.0396011325547842
0,0,0.015795777473479475
0,0,0.07374543711782089
0,0,0.019711563722423924
0,0,0.23208923839291212
0,0,0.02223930330217244
0,0,0.014150921286814179
1,1,0.960322926983213
0,0,0.010597295365725842
0,0,0.07975863254059795
0,0,0.01901503531048611
0,0,0.034513284869496834
1,1,0.895452631194514
0,0,0.046071422771136177
0,0,0.010541601781099643
0,0,0.01781979700733341
0,0,0.04923736498891583
0,0,0.015445641719966773
0,0,0.009449099986034399
0,0,0.04182485505562367
0,0,0.00751545327421445
0,0,0.34822102180770503
0,0,0.012799618323644995
1,1,0.9689900555205816
0,0,0.021624364138716923
0,0,0.04545326056079133
0,0,0.041863664232318236
0,0,0.016801887471391917
0,0,0.06035969291368207
0,0,0.05757703848667144
0,0,0.06143868637286206
0,0,0.027722294264538722
0,0,0.007250103578856453
0,0,0.04378716556645948
0,0,0.024049192054258428
0,0,0.05388006743059414
0,0,0.03045907163120553
0,0,0.0929349305116165
0,0,0.03815538617585649
0,0,0.010222004553539986
0,0,0.013875564268333584
0,0,0.02959618151092383
0,0,0.018274767075554782
0,0,0.10822829472013566
0,0,0.04517058487598985
0,0,0.012616756010524562
1,1,0.9998102654146098
0,0,0.029807417939356595
0,0,0.10009566108639815
1,1,0.9995842800176455
0,0,0.014576415794662026
1,1,0.9991779345574905
0,0,0.02877552366172359
0,0,0.044213597192836095
0,0,0.010569801629397958
1,1,0.999632268534642
0,0,0.03778113270152524
0,0,0.01519891173224547
1,1,0.9995275778565799
0,0,0.01728034347330542
1,1,0.5232775871194157
1,0,0.11970412087682981
1,1,0.9997432282982528
0,0,0.02221432018700484
0,0,0.014616872033070268
1,1,0.9972337877910875
0,0,0.019508553036339707
1,1,0.9981873611833505
0,0,0.016346078483176815
0,0,0.03340813653062267
0,0,0.009134806454420791
0,0,0.022724271141570673
0,0,0.009024999968929684
0,0,0.04918159685832887
0,0,0.04683313160602803
1,1,0.9993038034947821
0,0,0.04891525206853115
1,1,0.9311855897600814
0,0,0.01466060202404531
0,0,0.027363452673830717
0,0,0.047927759129776155
0,0,0.011215908742316115
0,0,0.011029343353281297
0,0,0.04860905231900048
0,0,0.21059426203111362
0,0,0.014206638167775698
1,0,0.08877177968757055
0,0,0.01841547072173701
0,0,0.019169067288277664
0,0,0.03199838077544021
0,0,0.05267949680332445
0,0,0.016758380897727486
0,0,0.012315897499952084
0,0,0.05129779771291395
0,0,0.04973879674350872
0,0,0.028449517845935975
0,0,0.023839408452845177
1,0,0.14854014379871663
0,0,0.027542538253834105
0,0,0.0390619454772988
0,0,0.0073034894059303785
0,0,0.026426715699148562
0,0,0.014371746130862891
0,0,0.019736024053810357
1,1,0.9995418254570168
0,0,0.03104729828469888
1,0,0.1894476989665841
0,0,0.17953689694295538
0,0,0.032574583383629736
0,0,0.059479902885791226
0,0,0.017125315510995366
0,0,0.03809506293039699
0,0,0.04135995666652683
0,0,0.02343842800566102
1,1,0.9998719368203804
0,0,0.015155603324308755
0,0,0.15211243776211952
0,0,0.011244914316895175
1,1,0.8959114546149909
0,0,0.027804828433669236
0,0,0.10610625741075935
1,1,0.9999175549503624
0,0,0.04206890676081877
0,0,0.04164774889295499
1,1,0.9992167489693728
1,0,0.29599035428256104
0,0,0.020905826949231994
0,0,0.01417485941717008
0,0,0.03806762850858163
0,0,0.016621490276378936
0,0,0.05078226555075792
0,0,0.035560000377895626
0,0,0.040974641228560794
1,0,0.01265304331863603
0,0,0.021309418808039104
0,0,0.04039086115762775
1,1,0.9509015728372752
0,0,0.008525748000523357
0,0,0.05182793093837196
1,1,0.9994577100309097
0,0,0.013775784318573039
0,0,0.045290443555356434
1,1,0.9991712777076929
0,0,0.036746806342758336
0,0,0.06370562618560531
0,0,0.03521943306928267
0,0,0.019862876790916445
0,0,0.04836717708434412
0,0,0.014867566770691867
0,0,0.009073893467147287
0,0,0.04537634542219469
1,1,0.9997213421786647
1,1,0.6795904396393789
0,0,0.014904762391813134
1,1,0.9983419964366639
0,1,0.9489281296197303
0,0,0.024105146276900982
0,0,0.00971979411790775
1,1,0.654542520613637
0,0,0.042218639709004614
0,0,0.01052028748559796
1,1,0.9993446756608361
0,0,0.020293499981326648
0,0,0.013464739462779944
0,0,0.01562672114395003
0,0,0.07385885624203038
0,0,0.17635642057428286
0,0,0.13948187190056507
1,1,0.9996864874473447
0,0,0.10677670818469047
0,0,0.03711051214378036
1,0,0.050958429144505414
0,0,0.023871270060293732
0,0,0.06863757998164532
0,0,0.04462387426531907
0,0,0.03691755096440954
0,0,0.03622239036070952
0,0,0.01270615086978157
0,0,0.3371573800239409
0,0,0.01768989823011407
1,1,0.5644142895625383
0,0,0.08070955970904098
0,0,0.021704839591014713
0,0,0.018132306231451345
0,0,0.024550017951384874
0,0,0.015580863831824903
1,1,0.9998659292165374
0,0,0.011277228820253166
1,1,0.9990973268848268
0,0,0.020516919506516414
0,0,0.038797927476135176
0,0,0.023464510386586635
0,0,0.04870211871473106
0,0,0.02330729580101716
1,1,0.9912037459953913
1,0,0.23143502544404018
0,0,0.009246848545696308
1,1,0.5662704812635331
0,0,0.03210480010420225
1,1,0.9490307912677981
0,0,0.03743005170160489
1,1,0.9990857690994379
0,0,0.007429635936094725
1,1,0.998351967285593
0,0,0.015783202522173634
0,0,0.034614258416186955
0,0,0.02951320804251726
0,0,0.017549541410004043
0,0,0.01986692532671804
0,0,0.01653020601165806
1,0,0.4634439497714418
1,1,0.9985187038544214
0,0,0.006609693752632458
0,0,0.07853254252870671
0,0,0.03089937730205185
0,0,0.008642455614746702
0,0,0.026773216516043665
0,0,0.056439212968597656
0,0,0.053770866370061086
0,0,0.01974353652064006
1,1,0.9992435465286075
0,0,0.008743298836554109
0,0,0.03503267675336063
0,0,0.020626329643064396
1,1,0.9752853316755739
0,0,0.0787414405344837
0,0,0.036151914765463686
0,0,0.027720484290028703
0,0,0.022129872067426573
0,0,0.04957263708494287
1,0,0.015945309089300915
0,0,0.03728843840617494
1,1,0.9999135610671306
0,0,0.11052398730001402
1,1,0.9991771059486204
0,0,0.011165455491167483
1,0,0.24780835582505462
1,1,0.9996121852162728
0,0,0.015130964965661823
0,0,0.04795307485833166
0,0,0.005963138633120982
0,0,0.04814388157054007
0,0,0.008694964909704228
0,0,0.016654575827446186
0,0,0.09329741902337442
0,0,0.03930958802493263
0,0,0.009695565078279341
0,0,0.02605312872506853
0,0,0.03607498349279246
0,0,0.016025008954211377
0,0,0.016327169572258993
0,0,0.037039638715456444
0,0,0.010388144526799183
0,0,0.017848407752046408
0,0,0.014070341739366951
0,0,0.01772764955805214
0,0,0.02605046808418519
0,0,0.039559443724742
0,0,0.035201479455849706
0,0,0.01540363644222677
0,0,0.01215164886120892
1,1,0.785261890080783
0,0,0.03454064216041413
0,0,0.014290303140072395
0,0,0.0177109458652141
0,0,0.006061693310592584
0,0,0.045105277875464
0,0,0.008406895351968476
0,0,0.04387681947320353
0,0,0.05408843414581089
0,0,0.01948236418879707
0,0,0.03461785468644
0,0,0.049742423673093825
0,0,0.06137073761987363
0,0,0.005602697665457195
0,0,0.026712514279428515
0,0,0.005803917266956054
0,0,0.02537648352857227
0,0,0.05754607969860614
1,0,0.4425448714486823
1,1,0.9997926346409656
0,0,0.02731302631547996
0,0,0.025236822806265262
0,0,0.070083574103073
0,0,0.03376733646913643
0,0,0.014449336840609618
0,0,0.08359689071682415
0,0,0.01781073252572909
1,1,0.9993800930039096
0,0,0.04002899980060209
0,0,0.028185482565527595
0,0,0.03590652463702227
0,0,0.01785566837734011
0,0,0.020114177243473606
0,0,0.04332209969143535
0,0,0.01745358274493584
1,1,0.8000821910765367
0,0,0.015397978365393436
0,1,0.5454309158060467
0,0,0.009144572333645157
0,0,0.016772109200960478
1,1,0.9700437202547562
0,0,0.008517619653309038
0,0,0.09947895731691629
1,1,0.9994364124803579
0,0,0.017339229285023586
1,1,0.9996126609951459
0,0,0.024422141445296964
0,0,0.024335776837484325
0,0,0.08339223402272293
1,0,0.0313346904511148
0,0,0.04011606441277515
0,0,0.004720095397827797
0,0,0.03116038240117397
0,0,0.026803590960632062
0,0,0.07931898454409157
0,0,0.004313044213799962
0,0,0.009685849872157171
0,0,0.11369329219523534
1,1,0.9829065041224577
0,0,0.07709930270252752
0,0,0.01378264996767912
0,0,0.04939965360731094
0,0,0.015308084801620585
0,0,0.04010951687233055
0,0,0.034333323292667486
0,0,0.006018044496474277
0,0,0.018054388332807494
0,0,0.013159984243967865
0,0,0.024231272440889334
0,0,0.012232359240188468
0,0,0.01526787306823565
0,0,0.007597799948952808
0,0,0.0249129428826519
0,0,0.04087615640594381
0,0,0.02509757516028599
0,0,0.014510184212836579
0,0,0.011419849894258292
0,0,0.20224164825493432
0,0,0.034334268047252606
0,0,0.01737804837470729
0,0,0.06824423845634996
0,0,0.017699085786795646
0,0,0.05094956054768863
0,0,0.014597010188121649
0,0,0.016779470692445158
0,0,0.062139332426535895
0,0,0.03184282310440737
0,0,0.03217842309271971
0,0,0.027515757162716266
0,0,0.03523226860475486
0,0,0.057708074101339234
1,1,0.9986491907294842
0,0,0.008985288413896392
1,0,0.04164583391400026
0,0,0.010130267002133181
0,0,0.025686914443856
0,0,0.012986541271713663
0,0,0.024107314856166885
0,0,0.03739384385189741
0,0,0.01917535907089237
0,0,0.18754825135983147
0,0,0.09966209971700862
0,0,0.016474793955783672
0,0,0.035772882255666716
0,0,0.014387696180590957
1,1,0.9993613500578344
0,0,0.05207473852118599
0,0,0.02325147345188096
0,0,0.013041646632260536
1,1,0.7852478840631876
0,0,0.11309216040698714
1,1,0.9987761833694057
0,0,0.016141940929142385
0,0,0.031564441077119726
1,1,0.9984903606656067
0,0,0.03988006901316099
1,1,0.9994540990676837
0,0,0.015271453678810828
0,0,0.028834377565702056
1,1,0.5309502105091453
0,0,0.028335850920632608
0,0,0.013830165486533907
0,0,0.05670583680022859
0,0,0.019733452952873366
0,0,0.030139134286828396
0,0,0.033526802372153205
0,0,0.00840735029778852
0,0,0.01603516091441921
0,0,0.019833027405164634
1,1,0.999940538304526
0,0,0.025849189330794792
0,0,0.014884293049301086
0,0,0.04369513391308548
0,0,0.05076661841417689
1,1,0.8856023089917028
0,0,0.03602008875307801
1,1,0.9990186342130674
0,0,0.012112403708917984
1,1,0.6359591091326067
0,0,0.03355017780704834
0,0,0.01918943911444835
0,0,0.08268776736812786
0,0,0.031542023106374335
0,0,0.020787059496922847
0,0,0.02140710132203624
0,0,0.037875764329455136
1,1,0.7617283822836626
1,1,0.9995398380604106
0,0,0.37608120978140774
1,1,0.9778188791629393
1,1,0.9998276219871215
0,0,0.017575251398149482
0,0,0.01113584164495504
0,0,0.026775640377665125
0,0,0.030011371203709652
0,0,0.048205735056564517
0,0,0.04236732491909486
0,0,0.04666515975132556
0,0,0.029535316076264542
0,0,0.02635030303089081
0,0,0.03105496753728223
1,1,0.9998284572648215
1,1,0.967855653302562
1,0,0.1925915742494424
0,0,0.007206922088687966
0,0,0.025456302109641494
1,1,0.5804656893093885
0,0,0.01122797457784948
0,0,0.054490641062853236
0,0,0.01652030520733379
0,0,0.017367827710805955
0,0,0.009420211416118124
0,0,0.030683835216773498
1,1,0.9969052468734589
0,0,0.015060025657726015
0,0,0.0324769679178711
0,0,0.021052930737686687
0,0,0.03613260163863593
1,1,0.9998187838969175
0,0,0.013029040827834789
1,1,0.9997838439597406
0,0,0.09343844572135994
0,0,0.015067290755609636
0,0,0.06465537077898123
1,1,0.833398037561928
1,1,0.9819880606373851
0,0,0.020322100315529706
0,0,0.03832692914005379
0,0,0.01876106806733909
1,1,0.999509183851276
1,1,0.9991113000781011
0,0,0.017924510457623312
0,0,0.04516328041641384
0,0,0.03031618103395422
0,0,0.02708639571162838
0,0,0.023706307171881397
1,0,0.14587936449047026
0,0,0.05150166774399189
0,0,0.01583122043317222
0,0,0.00591683942723412
0,0,0.017941185050974806
0,0,0.019750498900333664
0,0,0.01950648586928482
0,0,0.01681603072684121
0,0,0.022584931880799995
0,0,0.015886068620783494
0,0,0.030249553176128027
0,0,0.01805652038636374
0,0,0.04564953158625806
0,0,0.04224772646716888
0,0,0.012530729621722721
1,0,0.06809502231351906
0,0,0.03857607497881597
1,1,0.9994268278009256
1,0,0.36921278732790835
0,0,0.023601858096054636
0,0,0.07982942595163428
0,0,0.017391664088579766
0,1,0.6530348999019951
0,0,0.02459466482891448
0,0,0.04136687574720096
0,0,0.016266549890141296
1,1,0.9485137587058414
0,0,0.006192244391285242
0,0,0.027325045551901645
1,1,0.9669685051403811
1,1,0.9750725057680896
0,0,0.00936226943601556
1,1,0.5333691518749876
0,0,0.04111639965448828
0,0,0.031004546525126922
0,0,0.012096317637617272
0,0,0.046374402571186205
0,0,0.02335122206140523
1,1,0.9999014348405107
0,0,0.0358510895176964
0,0,0.03907687141144728
1,1,0.9979305704531621
1,1,0.9990119050270153
0,0,0.04911074391494035
0,0,0.012936098582327435
0,0,0.036569654249687
0,0,0.04503103327127579
0,0,0.017301505643947425
0,0,0.0492291084680767
0,0,0.020452643725777937
0,0,0.12357350015664781
0,0,0.00553962485134299
0,0,0.01748460944218395
0,0,0.012197611553726326
1,1,0.8481778284605238
0,0,0.020984370716751567
0,0,0.09373046183129524
0,0,0.022590765777832884
1,1,0.9994722438734247
0,0,0.009011779458771676
0,0,0.028839608409905654
0,0,0.02435398034287885
1,1,0.9986807232107672
1,1,0.9997080372023143
0,0,0.009544323507159625
0,0,0.010078256529081777
1,1,0.9989841861407481
0,0,0.008481074746689708
0,0,0.1003371789765302
0,0,0.030971397553699563
0,0,0.03430203993463694
1,1,0.9989892149023767
0,0,0.020497489952422933
0,0,0.03142983362344448
0,0,0.03817360733757073
1,1,0.9991558566516888
1,1,0.9156281226420618
1,1,0.8110671005634883
0,0,0.009548196490807289
0,0,0.0310889067039318
0,0,0.015056284087193686
0,0,0.014316124754687094
0,0,0.026440004192746048
0,0,0.010748203036980621
0,0,0.06916427877811582
0,0,0.013667323515410909
1,1,0.639894640144442
0,0,0.024851982377058497
0,0,0.03174945707185834
1,1,0.9564014673807094
0,0,0.008692186187883602
0,0,0.034919592794114974
0,0,0.03231748260333519
0,0,0.0053758923374597894
0,0,0.010905431666410401
0,0,0.017544763831970227
0,0,0.03212951464015008
0,0,0.03222241847048291
0,0,0.021970708787554902
0,0,0.025587724131874594
0,0,0.01806419841202388
0,0,0.018478207459431472
0,0,0.04728019410878792
0,0,0.022545412911773116
0,0,0.013312785207842648
0,0,0.09197005561134884
1,1,0.9217125329948213
0,0,0.0199279531658348
0,0,0.009953718771085739
0,0,0.01567648670904687
1,1,0.6859938147390373
1,1,0.994104568206293
0,0,0.021444121838483876
1,1,0.9998057773597548
1,1,0.852522694644766
1,0,0.05134710492802502
0,0,0.11007858428649882
0,0,0.03732835732796462
0,0,0.021005870912921814
0,0,0.03729508286820681
0,0,0.03445965962740074
0,0,0.03894408955176659
0,0,0.01711558880731919
1,0,0.4763526899805423
1,1,0.9992101404403378
1,1,0.9998099649861298
0,0,0.04623813588139189
0,0,0.023709046601218118
0,0,0.015770909694023658
0,0,0.02251389683900695
0,0,0.010883140032882236
1,1,0.9996056580602901
0,0,0.027951031131743166
0,0,0.014066407909527486
0,0,0.03510885698673039
0,0,0.008741447150411912
0,0,0.08310266231950893
1,1,0.9994180626131844
0,0,0.026490789197133466
1,1,0.9857527472926315
0,0,0.012436173593847416
0,0,0.019365743120233866
0,0,0.1585024310471363
0,0,0.0308624332199959
0,0,0.02946062335673124
1,0,0.05253159432718019
0,0,0.023516277925844792
0,0,0.03104729828469888
0,0,0.070857414200222
0,0,0.031000404939196747
0,0,0.030836571909048642
0,0,0.024759742062360167
0,0,0.028885250238651645
1,1,0.9988219788411207
0,1,0.8362515005658538
0,0,0.08844540169265003
0,0,0.031190297767873597
0,0,0.026537173114165473
0,0,0.01968356270022931
0,0,0.03910527447038438
0,0,0.02703081927817589
0,0,0.013216518607869562
0,0,0.011991093914777751
0,0,0.012882904355934909
0,0,0.013969594023296065
0,0,0.02157156682332594
0,0,0.025019654748848697
0,0,0.02827075390841805
0,0,0.0714467087453462
1,1,0.9997456923965528
0,0,0.015719630774249833
0,0,0.019791637280922786
0,0,0.014432113690897122
1,0,0.3899142271351407
0,0,0.0180129547167659
1,1,0.745072824234862
0,0,0.025683520999166348
0,0,0.034820014801209484
0,0,0.0363314574528141
1,1,0.9994576409896907
0,0,0.011719250168522035
0,0,0.006749116988405701
0,0,0.029588965094556916
0,0,0.04475369842465171
0,0,0.02759558121073256
0,0,0.019892774079520056
0,0,0.048489462311877174
0,0,0.025082096875761753
0,0,0.03410713441357798
0,0,0.016460948303503378
0,0,0.02297321359683653
0,0,0.015840753716086557
0,0,0.016128657922787493
0,0,0.018665800357623632
0,0,0.0048909430932796505
0,0,0.014885704892144651
0,0,0.03777334484790523
0,0,0.040613553658391414
0,0,0.01616252956377208
1,1,0.9766219588367169
0,0,0.03185528016007075
0,0,0.020312458744294135
1,0,0.1120846955362796
0,0,0.006991461492291058
0,0,0.06400788340948387
0,0,0.023087183739019912
0,1,0.7121164281518954
0,0,0.011271286765335672
1,1,0.9903722419940515
1,1,0.9993081650279457
1,1,0.7349597549066844
1,1,0.9140384082974479
1,1,0.9996170972340049
1,1,0.9997123265127442
0,0,0.21952319107936732
1,1,0.997590695123487
0,0,0.04944711108621827
1,1,0.97659113257413
0,0,0.018826926702257264
0,0,0.044694611201518915
0,0,0.02368529586789676
0,0,0.01009360213816525
1,1,0.7495339904615644
0,0,0.34130208964723263
0,0,0.034382141893821314
0,0,0.013871649391735926
1,0,0.03261617021327216
0,0,0.032462047259975056
1,1,0.8171829115454536
1,1,0.999823054671396
0,0,0.014121357214712069
0,0,0.02786503039614203
0,0,0.013722484471455784
0,0,0.022904800714033186
0,0,0.03906669160695576
0,0,0.013570794878127916
1,0,0.46918022843996554
0,0,0.13520468210581404
1,1,0.5959467113742886
1,1,0.7351264176549684
1,0,0.2970619330691369
0,0,0.009310407994112735
0,0,0.017146106575969423
0,0,0.017103244323595158
0,0,0.06972972204553128
0,0,0.016952702965357457
0,0,0.03469945259960934
0,0,0.01651172695515282
0,0,0.03752223019109026
1,1,0.9661063861405241
0,0,0.006288533057529976
0,0,0.012651472940747047
0,0,0.04060806030765382
0,0,0.022487865251239483
0,0,0.032817691259974864
0,0,0.011854638176764453
0,0,0.0646389536280914
0,0,0.027470687819167932
0,0,0.022117611966418742
0,0,0.015333610174313393
0,0,0.014455383635095395
0,0,0.07937196806409816
0,0,0.016011862591708295
0,0,0.023145932709104634
1,1,0.9996468228198067
1,0,0.016243518198944203
0,0,0.016974774587124937
0,0,0.009517643427984163
0,0,0.012977184458782256
0,0,0.0386516590761211
0,0,0.04103356201338475
0,0,0.010628091200002748
0,0,0.11597856724070647
0,0,0.017729641192549623
1,1,0.991512908239431
1,0,0.08435655138143303
0,0,0.009157435548703763
0,0,0.032023747835713864
1,1,0.8794383934222466
0,0,0.032592212715912054
1,1,0.7383213480545248
0,0,0.021417090493409688
0,0,0.022454397324492524
0,0,0.042244068914283124
0,0,0.025783923364528734
0,0,0.04657974328905696
1,1,0.9978806135325493
0,0,0.04278243488479253
0,0,0.04483525154925955
1,1,0.7434647543987315
0,0,0.23597744130613985
0,0,0.017899622944774984
1,0,0.2520747082963787
0,0,0.03671453090296072
1,1,0.7793610994298802
0,0,0.021517030433426253
0,0,0.014409490276510733
0,0,0.19111573437344348
0,0,0.019301310814818822
0,0,0.02283782796401808
0,0,0.016173913731440025
1,1,0.9700333127072627
0,0,0.04649110271459546
0,0,0.031066132602829415
1,1,0.99943216068054
1,1,0.9990704754705217
0,0,0.007831997577179162
0,0,0.029597715585771713
0,0,0.015261485816768864
0,0,0.03413018121750633
0,0,0.008814360370325463
0,0,0.040862383342260965
0,0,0.03819992855718886
0,0,0.03840063821363384
0,0,0.0798614245799213
0,0,0.02131376028528019
0,0,0.06831218888636931
0,0,0.006720759408811772
0,0,0.052868872949099206
0,0,0.010806548714173816
0,0,0.02140523478820966
0,0,0.01759240544236331
0,0,0.013722934523696259
0,0,0.010728929190299394
0,0,0.07316695217087454
0,0,0.3506280753409614
0,0,0.017428178917948234
0,0,0.08695469817930429
0,0,0.01955065636496802
1,1,0.9988976630668829
1,1,0.9995949797927818
0,0,0.022341464490231965
1,0,0.07836433092761053
0,0,0.10315820945636704
0,0,0.022467522933951902
0,0,0.036613153758482835
0,0,0.008532581716062894
0,0,0.03986839045187475
0,0,0.022408288478428143
0,0,0.15356786649646617
0,0,0.1542931196855493
0,0,0.00958370050791524
0,0,0.0313385592558998
0,0,0.07095974842631801
1,1,0.999392265469215
0,0,0.010353541725940066
1,1,0.9209166249583697
0,0,0.3851979890291576
0,0,0.04106314971943471
0,0,0.012811552798258597
1,1,0.5686182392239774
0,0,0.03349119499813783
0,0,0.03356860125221196
0,0,0.027627000849483135
0,0,0.005505929928947892
1,1,0.9574586706657844
0,0,0.05436336459545502
0,0,0.07237094850748246
0,0,0.008318558163286196
0,0,0.3298745025530372
0,0,0.030619521973936904
0,0,0.01987315549450144
1,1,0.5517440316090155
0,0,0.009728559233350044
0,0,0.015657800842932217
0,0,0.012933090086054005
0,0,0.026391886742628008
0,0,0.48989560263902693
0,0,0.027332620128542567
0,0,0.028940505102145003
0,0,0.05383555718408019
0,0,0.06181760157157167
1,1,0.606841254929996
0,0,0.017801797439573292
0,0,0.04129638274159041
0,0,0.08535004290052688
0,0,0.038014562962394985
0,0,0.016745485240313007
0,0,0.028860632731235878
0,0,0.07234204006019047
0,0,0.013955721722645305
0,0,0.08009045172847622
0,0,0.011066448108589443
0,0,0.05919092474806496
1,1,0.9506307153170205
0,0,0.01401630383216058
0,0,0.012642722403609379
0,0,0.0477411590431416
0,0,0.005771469319355344
0,0,0.017748234984096046
1,0,0.05258560010498311
0,0,0.014283548355210165
0,0,0.05332591706091317
0,0,0.033954200045946806
0,0,0.05054036648081646
0,0,0.01173237696721932
0,0,0.028445682493901503
1,1,0.9059990567937073
1,1,0.9994914765820536
1,0,0.01560833459065876
0,0,0.04377104990484342
1,1,0.8942234598217043
1,1,0.9996851745137251
1,1,0.7924246960784145
1,1,0.9989192281821268
0,0,0.09370842220048652
0,0,0.015977905108505046
0,0,0.014794503530696366
0,0,0.01615701170936979
1,1,0.9796600478924214
0,0,0.012611185503848038
1,1,0.5727916655248244
1,1,0.8498372654526526
0,0,0.02057602926463497
0,0,0.01177790210507769
1,1,0.9792993110796648
0,0,0.013212364276044131
0,0,0.01752667784232351
0,0,0.04702849855706528
0,0,0.040340702093354386
0,0,0.022242128016052944
0,0,0.024045590359506774
0,0,0.006675833111130095
0,0,0.014161786380099916
1,0,0.08042454739520463
0,0,0.04989033694972622
0,0,0.02971154010513247
1,1,0.9994942236369704
1,0,0.015079295499926166
0,0,0.026112067585876877
0,0,0.01794016307258758
1,1,0.9998645227767531
1,1,0.999608778793211
1,1,0.9998547822201819
1,1,0.992083858928258
0,0,0.023499216195539595
0,0,0.0208575430282824
0,0,0.02004486454043075
0,0,0.01132913450204523
0,0,0.0330945661822643
0,0,0.060713738182256505
0,0,0.01046042220559221
0,0,0.011790057401546873
0,0,0.03790531740609202
0,0,0.09014568695150732
0,0,0.12999360493150303
0,0,0.017686909725574684
0,0,0.029495822800644028
0,0,0.03021428835897714
0,0,0.05797733703292909
0,0,0.03869022736603942
0,0,0.015331813122123138
0,0,0.020015758872453073
0,0,0.04128660617520055
0,0,0.054468607004467554
0,0,0.024476094722488025
0,0,0.04589770348946917
1,1,0.6334586474116682
0,0,0.01490310927563485
1,1,0.9072653803559002
0,0,0.014435638627442918
0,0,0.007659401101319476
0,0,0.15105368722207513
0,0,0.01495092623515347
0,0,0.022887495764493813
0,0,0.03492678114764939
0,0,0.03218797273530667
0,0,0.14304362957067798
0,0,0.049536387248388665
0,0,0.015205049090373214
0,0,0.05022073134111103
1,1,0.5028256131971596
1,1,0.9998554482602405
0,0,0.013447345599290936
1,1,0.9999552987746592
0,0,0.03564131031806455
0,0,0.024086254915571988
0,0,0.17498299669456982
1,1,0.9574904054106141
0,0,0.041327222377440506
0,0,0.018859053462521678
0,0,0.08626730193097987
0,0,0.011677144900903526
1,1,0.979712248843066
1,1,0.9691798888535328
1,1,0.9998372665159231
0,0,0.026665610599389326
0,0,0.018433335167209044
0,0,0.044420713155521034
0,0,0.04973879674350872
0,0,0.033886889524174874
0,0,0.021356709888518448
1,0,0.27957284819282296
0,0,0.023921668144721665
0,0,0.03960146782328638
0,0,0.012034600144860366
0,0,0.0421161647316772
0,0,0.018786423002661243
0,0,0.03533341017071601
1,1,0.9986007351071807
1,0,0.0400513762155666
0,0,0.022514939403425298
0,0,0.03387611287258841
1,0,0.19650575122262973
0,0,0.059396719133692044
1,0,0.23689721367499328
0,0,0.03561119529987844
0,0,0.02128450832098598
0,0,0.03359714679864827
0,0,0.015061370739297395
0,0,0.024403548558657635
0,0,0.019299353837349653
0,0,0.06689736061522726
1,1,0.9716211239143118
0,0,0.038901607945177594
0,0,0.035744552130811486
0,0,0.036724215668242605
0,0,0.019672065305517798
0,0,0.021537193384637415
1,1,0.9921516472124029
0,0,0.03332428767791149
1,1,0.9026017473700145
1,1,0.9986878442238084
0,0,0.016427122290107295
0,0,0.02202693446412767
0,0,0.03848814644040634
0,0,0.031549854681370566
0,0,0.021260629639649843
0,0,0.01136594121778382
0,0,0.2143645333857259
0,0,0.032402858175213406
0,0,0.028659958031468234
0,0,0.03724628126069037
0,0,0.027830243753173656
0,0,0.019535595621129803
0,0,0.046619368489884
0,0,0.012508077600093669
1,1,0.9991033217371359
0,0,0.015674063062399806
0,0,0.0066966105775350185
0,0,0.006526829308197807
0,0,0.008282712243928498
0,0,0.038751336435609234
0,0,0.03501478172912729
0,0,0.01565758849417239
0,0,0.0181223919194267
0,0,0.012458047661111913
0,0,0.0237720224487318
0,0,0.031151041439550886
0,0,0.03978189792576651
0,0,0.027801152392375024
0,0,0.026645134703198792
0,0,0.015346613280426734
0,0,0.017418634269520353
0,0,0.23540684486016208
0,0,0.048007677917039256
0,0,0.02472892632345848
1,1,0.9993038034947821
0,0,0.030447513270286594
1,1,0.9643134248626372
0,0,0.01579005751344063
0,0,0.041906302348331224
0,0,0.01707405019312512
0,0,0.019720001325952773
0,0,0.0748767482252252
0,0,0.04235645390828993
0,0,0.01664688837767212
1,1,0.9996194497176358
0,0,0.006279828218007995
1,1,0.9999285532473098
0,0,0.021107746736951472
1,1,0.9996887396881643
0,0,0.01824030461908112
0,0,0.010047214341921238
0,0,0.08509563062306508
1,0,0.3356556340810854
0,0,0.021086665964583508
0,0,0.01838592042739498
0,0,0.03351799684706469
0,0,0.03525130729565421
1,0,0.017983984944235417
0,0,0.034868832097559734
0,0,0.02384278824050624
0,0,0.04812066492908713
0,0,0.029517937022328872
0,0,0.024965442426521933
1,1,0.9998902116833005
0,0,0.01765042450122524
0,0,0.007499395418122031
0,0,0.040608012697068166
0,0,0.01569054895626276
0,0,0.030951535643022603
0,0,0.04446894518603841
1,1,0.9996822280474967
1,1,0.9996695150774718
0,0,0.026977186261651125
0,0,0.050325478142063465
0,0,0.021504315622161475
0,0,0.020293499981326648
0,0,0.0196738347428343
0,0,0.07926397069198204
0,0,0.022231698705358963
0,0,0.00872444728468525
0,0,0.03686937625690745
0,0,0.05295336979674425
0,0,0.02213693156611718
0,0,0.024916317692927716
0,0,0.02532338771858715
0,0,0.030755662685943822
0,0,0.028747184890663417
0,0,0.04251558274899787
1,1,0.7680039589055744
0,0,0.03334661732354702
0,0,0.026877901760915125
0,0,0.013399908034791387
1,0,0.07594252346397916
0,0,0.01052533038393466
0,0,0.00702792065197748
0,0,0.07817731014982289
0,0,0.013875358028042729
0,0,0.031898952929757446
1,1,0.9999190769437897
1,1,0.999290839720014
0,0,0.014532288061445967
1,1,0.999634627173327
0,0,0.024404748949662783
0,0,0.0076606992922228405
0,0,0.04122834491513097
0,0,0.03920097728458426
0,0,0.022290447771833165
0,0,0.007317281895417617
1,0,0.0532959202639776
0,0,0.02071746927196969
0,0,0.1954671297451606
1,1,0.9505365522508129
0,0,0.1312507624744479
0,0,0.2871964840957344
1,1,0.8469096239623584
0,0,0.024752508598349723
0,0,0.023444726952710885
0,0,0.026527225668818842
1,1,0.646213540334471
0,0,0.02333200554150438
1,1,0.9780150254129389
0,0,0.03620257880936401
0,0,0.0195080860205457
0,0,0.04291953718334256
0,0,0.024294350805724306
1,0,0.2718987567232794
0,0,0.01904852033624093
0,0,0.03918095362085104
0,0,0.02534351984269565
1,1,0.8329037352234241
0,0,0.020358091104770763
0,0,0.014689875898702735
0,0,0.049552376665404074
0,0,0.012007698850398759
0,0,0.038520098341538564
0,0,0.01575031828845259
0,0,0.045399987053540716
0,0,0.012648895373986287
1,0,0.051319308357871685
0,0,0.0216772783233146
0,0,0.02920263744963539
0,0,0.03353128712150869
0,1,0.6427199016293422
0,0,0.01484722669885977
0,0,0.03345634243392647
0,0,0.046335174165959336
0,0,0.02260661201408179
1,1,0.8725251757030738
0,0,0.02736850415020019
0,0,0.08681839073855252
1,0,0.08870882863908053
0,0,0.019645616208031846
0,0,0.021754754413631894
0,0,0.02700812276999336
0,0,0.015191808510242223
0,0,0.025144025776621805
0,0,0.022832901848409335
0,0,0.08220119077101459
0,0,0.24104043387785387
0,0,0.015109769429958779
0,0,0.013827989744498335
0,0,0.3087764518369002
0,0,0.003694671085601381
0,0,0.04424515060436629
0,0,0.02702997556591517
0,0,0.045083144653931276
0,0,0.01880326496797106
0,0,0.019921839532847818
0,0,0.49086505140052844
0,0,0.034816939526741586
0,0,0.09664647953133633
0,0,0.02672474257542988
0,0,0.016346589061196064
0,0,0.014450957813856805
0,0,0.024235986471076446
0,0,0.02242925890739516
0,0,0.01438423323821096
0,0,0.027667917228339584
0,0,0.08525162258136093
1,1,0.5425020499872237
0,0,0.030564171737882964
0,0,0.016658158026775827
0,0,0.20622236824548346
0,0,0.012009835215855667
0,0,0.008804601198620778
0,0,0.024642300659288848
1,1,0.5930728576650857
0,0,0.02981627527741646
0,0,0.015693330941577075
1,0,0.2896221579953762
0,0,0.020879154743414157
0,0,0.016206826301063675
0,0,0.05217430924066137
0,0,0.033153199834328094
1,1,0.9999509087021051
0,0,0.019989069293142533
0,0,0.08319590088196958
0,0,0.07407160439203637
0,0,0.049141496944825176
0,0,0.011355159462949736
0,0,0.014115282461459783
0,0,0.01613072370618996
0,0,0.03695514585677295
0,0,0.02396372914259758
0,0,0.06156168078539788
0,0,0.03093162749428503
0,0,0.013253982823647205
0,0,0.021875201228712848
0,0,0.04042633895269259
0,0,0.023354344250632642
1,0,0.014801912200151571
0,0,0.0612848990837365
1,1,0.964580198779524
1,1,0.9993800930039096
1,1,0.9989980495221392
0,0,0.021101667245157
0,0,0.06083053458586132
1,1,0.8032522471971105
0,0,0.01798640088244276
0,0,0.011134085791683459
0,0,0.020697334656908414
0,0,0.038591467194757416
1,1,0.8952148578731585
0,0,0.014651851861894013
0,0,0.03172071294602523
1,1,0.999695997549361
0,0,0.023591080202726784
0,0,0.013128172491972756
0,0,0.03411369907205821
0,0,0.03398447637697801
0,0,0.01634790545982327
0,0,0.021451945639464932
0,0,0.018996963489997517
0,0,0.04834613972191529
0,0,0.01571751083365655
0,0,0.04384988210366991
0,0,0.03731872858670488
1,1,0.9825323463890449
0,0,0.04124744223272814
0,0,0.05559993212686445
0,0,0.054142033004445915
0,0,0.03645769351789013
0,0,0.01363684840110261
0,0,0.0323754867954618
0,0,0.0329939720633893
0,0,0.031009667922869563
0,0,0.006474511173458928
0,0,0.015165182039289833
1,1,0.9993341479515727
0,0,0.01810021798427001
0,0,0.05011612961270531
0,0,0.04236907457502709
0,0,0.010354300777807132
0,0,0.012563813679943945
0,0,0.013425786974990141
0,0,0.03773707866784663
0,0,0.01276294530022327
1,1,0.9999656880660687
1,1,0.9997956784317491
1,1,0.6648050451339134
0,0,0.008710493022769298
0,0,0.12839981895945682
1,1,0.9993697555196086
0,0,0.022276892167320223
0,0,0.020539190890242903
0,0,0.06874869283452233
0,0,0.03537706068348218
0,0,0.044703887255386585
0,0,0.0315017641837045
0,0,0.02523724841597868
0,0,0.02173151427637043
1,1,0.7465291620340654
0,0,0.02917865801511419
0,0,0.030505454646685772
0,0,0.04108883046651787
0,0,0.01922439356865611
1,0,0.1256583701858548
0,0,0.10730098604062459
0,0,0.040808242789329485
0,0,0.02198020292855763
0,0,0.041302890168014035
1,1,0.9999506199690122
0,0,0.01445343906690307
0,0,0.022753019673822237
0,0,0.015994113927130706
0,0,0.03433768812353892
0,0,0.02499437620248019
0,0,0.03846684674034689
0,0,0.01679555178535459
0,0,0.03707655864327213
0,0,0.014998772008210572
0,0,0.018531396367785433
0,0,0.05156174450026174
0,0,0.02132959110457893
0,0,0.014457701805791623
0,0,0.02837840746027073
0,1,0.5263920184046745
1,1,0.9844279360391617
0,0,0.03907824183736324
0,0,0.03296713571964353
0,0,0.009922529872174282
0,0,0.022615514157563063
1,1,0.5359326735878226
0,0,0.021856078387361196
0,0,0.020659017218863564
0,0,0.016472656244942135
1,1,0.9529459863571286
0,0,0.015724793346896637
0,0,0.015189213990788037
0,0,0.015297153073051538
0,0,0.023365766777654465
1,0,0.4710378949593022
0,0,0.011909011140042397
0,0,0.04269723009894256
1,1,0.9508480814378589
0,0,0.020356256639840156
1,1,0.9998711052414745
0,0,0.015669183867272746
0,0,0.02251768881618651
0,0,0.04610265978177277
1,1,0.9999196068361792
0,0,0.0279285703382539
1,1,0.9618590532110536
1,1,0.9569417716219665
1,1,0.9993298624585307
0,0,0.01848709491851607
0,0,0.044940466076829444
0,0,0.007090185653595986
1,0,0.04410070061340394
0,0,0.012852201585371401
0,0,0.03984707413602992
0,0,0.027709972369960978
0,0,0.024586796831908852
0,0,0.016102005159962202
0,0,0.03801252699420371
0,0,0.23822192939339945
0,0,0.012666353507728203
0,0,0.011331721249900993
0,0,0.04279424710274362
1,0,0.010845785776147348
0,0,0.01971054272773555
1,1,0.6538677906669186
0,0,0.07945439921296261
1,1,0.9993038034947821
0,0,0.0321716013371651
1,1,0.9987465518553378
0,0,0.031011898748061293
0,0,0.018253850767182916
1,1,0.8317411535027054
0,0,0.061121508177199746
0,0,0.020030944551047442
0,0,0.019704702823145837
1,1,0.9997581741262757
0,0,0.037945334368970934
0,0,0.05876731576682097
0,0,0.04999870783597121
0,0,0.013127972142640837
0,0,0.050476185675348735
0,0,0.014656640862996223
0,0,0.04374417527113218
0,0,0.030375236907603603
0,0,0.006670003342509111
0,0,0.004940652621924093
0,0,0.016972354694465036
0,0,0.04904808939063503
0,0,0.013298351984687975
0,0,0.015804145956547593
0,0,0.01718227781261705
1,0,0.012709424082467365
0,0,0.023867587355112577
0,0,0.0064147605967488815
0,0,0.021052634159030966
0,0,0.01990011916085496
0,0,0.02368183236508732
0,0,0.008241117007120368
0,0,0.056197186701179014
0,0,0.05920603303430143
1,1,0.9670865148513474
1,1,0.9992932576658761
0,0,0.014199421977545238
0,0,0.04975716757643431
0,0,0.008300384204228368
0,0,0.0761966836452987
0,0,0.005861103704637848
0,0,0.06182324209821529
0,0,0.009246848545696308
0,0,0.05408051673867183
0,0,0.037262295590436575
0,0,0.022736470542000214
0,0,0.03504743227202534
0,0,0.02991816347663191
0,0,0.02249950197386665
1,1,0.9957450906102496
0,0,0.04581416560514373
0,0,0.04169327427132626
0,0,0.036438323423058375
0,0,0.02845726977363074
0,0,0.02842573984525636
1,1,0.9992956361085145
0,0,0.019377268366779526
0,0,0.02388343813999291
1,0,0.05897015349541587
0,0,0.00845087083983845
1,1,0.9875287128667947
1,1,0.8806627538052035
0,0,0.01649151982760489
0,0,0.02533633219078014
1,1,0.9754563923966539
0,0,0.005742903781834036
0,0,0.03030379169072573
0,0,0.04146715264954535
1,1,0.6508126705176331
0,0,0.038806469086845034
0,0,0.03220982902191359
0,0,0.035412461701552995
0,0,0.026250395109054362
0,0,0.02288409755559677
0,0,0.011367349697004548
0,0,0.0077844662047546935
0,0,0.03263617213597599
0,0,0.03717311255160984
0,0,0.4542862833358275
0,0,0.0329842105807788
0,0,0.029739883913145446
0,0,0.05539281058925749
0,0,0.02135952360446587
1,1,0.9993722996657709
0,0,0.06309616268413502
0,0,0.011750021926285773
0,0,0.020362523723754265
0,0,0.03554519091481953
0,0,0.0730637627341562
0,0,0.0739477514088071
0,0,0.028647483517306623
0,0,0.017818506588567914
0,0,0.04900533427771584
0,0,0.0345248765265813
1,1,0.9944340655051256
0,0,0.030531046203703695
0,0,0.00917184785043941
0,0,0.04086806423483292
0,0,0.022483570662876956
1,1,0.9989149492956246
0,0,0.015681089196135676
1,1,0.9903036195796471
0,0,0.055422403984386664
0,0,0.012529041954318467
0,0,0.06575474037280397
0,0,0.03495182600810176
0,0,0.024954848643611284
1,1,0.9827043848533478
0,0,0.010773304306036614
0,0,0.026707745299793237
0,0,0.035425954070737335
0,1,0.7041712337549317
0,0,0.35509648390502924
1,0,0.17730735889302665
1,0,0.09005826433353639
1,1,0.8140380300389959
0,0,0.11515518756635097
0,0,0.03870538697117136
0,0,0.0075695813724990044
0,0,0.05800090061838149
0,0,0.03271818434871266
0,0,0.04412158656067416
0,0,0.034828809775293255
0,0,0.009527557325348032
0,0,0.008088238594818066
0,0,0.048251267529545575
0,0,0.0635741270319936
0,0,0.009935334066106633
0,0,0.03671101552528506
0,0,0.03284122052502316
0,0,0.04475369842465171
0,0,0.025187780532110886
0,0,0.01028437762241365
1,1,0.9991755109582745
0,0,0.054567936818786786
0,0,0.04762501639675792
0,0,0.0610926545081698
0,0,0.026382502285031726
0,0,0.010186345604720705
0,0,0.01780074390945518
0,0,0.045358814788050664
0,0,0.020922359382053817
0,0,0.019122691840053704
0,0,0.040983707855420624
0,0,0.03448427841418773
1,1,0.9992896009571605
1,1,0.9757846426258706
0,0,0.01795512984316325
1,1,0.9987216968527746
0,0,0.027290401459597328
0,0,0.01363401511450776
0,0,0.04962706080701347
0,0,0.03460882360229058
0,0,0.009109842217325867
0,0,0.25767424890574314
0,0,0.03382671825710755
0,0,0.04531662333391285
0,0,0.010095224899833983
0,0,0.025092278503457723
0,1,0.6654603924766596
0,0,0.023569913434236707
0,0,0.03485268014026823
0,0,0.011388816252672069
1,0,0.14394282962346186
0,0,0.01069644149983047
0,0,0.04236095437596864
0,0,0.04911177956762491
0,1,0.6309910270499465
0,0,0.03444289761682424
0,0,0.009827001340069991
0,0,0.032894472621834175
0,0,0.032870965198238594
1,1,0.9701428396764002
0,0,0.03694292893702059
0,0,0.01572325459628775
0,0,0.04897590467530381
0,0,0.02072204295861952
0,0,0.0412061892402644
0,0,0.01736236575106567
0,0,0.005277662909388753
0,0,0.011772907020858824
0,0,0.03884873828792901
1,1,0.9974022535405186
0,0,0.009474193196366353
0,0,0.024692782047118958
0,0,0.017491674551330036
0,0,0.10080250871958774
0,0,0.03602908964024593
0,0,0.032477157424243196
0,0,0.007363538826066494
1,0,0.3825055733035998
0,0,0.06088270283862622
0,0,0.011192240296168256
1,1,0.8748821929106346
1,0,0.06158177687841138
0,0,0.345566600763299
1,1,0.9987334489772799
0,0,0.030595153440999823
0,0,0.03237131905565601
0,0,0.06397183845659052
0,0,0.09063979146897069
0,0,0.026751702619781284
0,0,0.016041915536752247
0,0,0.0399090534292055
0,0,0.006947431977642424
0,0,0.03257087295067318
1,1,0.9999562553834125
0,0,0.02594788956248242
0,0,0.018643026349625585
0,0,0.01946602543565543
0,0,0.09335443804504463
0,0,0.005986678743271384
1,1,0.9665967720183839
0,0,0.06321017881291749
1,1,0.8332391782042384
0,0,0.019954785343671757
0,1,0.7961578272697437
0,0,0.052609031532760794
0,0,0.039144951007723146
0,0,0.06850173582362692
1,1,0.9998521619849015
0,0,0.02536933533642597
1,0,0.32084946058186314
0,0,0.03405868088886936
0,1,0.5218118673562097
0,0,0.025204991099010334
0,0,0.013870870129824766
0,0,0.023488763307711057
0,0,0.03480243665909872
0,0,0.02353128821833124
0,0,0.03301244025662996
0,1,0.6746791571362889
0,0,0.09324440142706161
0,0,0.013362296453847873
1,1,0.9989841861407481
0,0,0.0261837084743067
0,0,0.017740365888452684
1,1,0.8396580604545655
0,0,0.024534581326974968
0,0,0.02924585143317784
1,1,0.999067024565723
1,1,0.9989192281821268
1,1,0.9660857323905411
0,0,0.0087751943793574
0,0,0.007497830920120502
0,0,0.17173851599864848
1,1,0.9995244506669994
0,0,0.03189772881350204
0,0,0.030178429472759977
0,0,0.015321916249571322
0,0,0.03182639271911758
0,0,0.016381679107241757
0,0,0.1696495032872176
0,0,0.0369177023099034
1,1,0.9993496163383921
0,0,0.14963928059415366
0,0,0.029294393399031005
0,0,0.04287575023620581
0,0,0.030463670852482506
0,0,0.01237499610821605
0,0,0.061942361920146655
0,0,0.02186165670983013
0,0,0.015463897137772171
0,0,0.06422031822993693
0,0,0.007864940860405085
0,0,0.02906503464364564
0,0,0.008578408891678992
1,0,0.3691153198294227
0,0,0.05697394711802762
0,0,0.013138519646543731
0,0,0.04336568755780083
0,0,0.04035320997204252
0,0,0.01135574286554709
0,0,0.022545232407763186
1,1,0.9993613500578344
0,0,0.016971423645549186
0,0,0.051735970456914304
1,1,0.9479232169384488
0,0,0.011124310106046895
0,0,0.021455229152295308
1,1,0.999388842626589
0,0,0.011888186763600716
0,0,0.039364095994553726
0,1,0.6793850698988702
0,0,0.0178385719091084
0,0,0.021458394147189197
0,0,0.023859255363105326
0,0,0.007549847650573773
0,0,0.01957506643427256
0,0,0.04813194718395984
0,0,0.15542063058023103
0,0,0.0470053348967228
0,0,0.042172564128298534
0,0,0.01600422225485534
0,0,0.01162448994476562
0,0,0.05421225794827116
0,0,0.017613141511245368
0,0,0.024424341573304354
1,1,0.9992473470904267
0,0,0.026310290961236705
0,0,0.017589630555004503
0,0,0.02007385918578874
1,1,0.9917516533057578
0,0,0.018646607609045285
0,0,0.035098547903611756
0,0,0.013769819527817395
0,0,0.011594138027673123
0,0,0.022474549636683022
0,0,0.023095126305400934
0,0,0.03764122742776486
0,0,0.036423939636127146
0,0,0.02020366079010055
0,0,0.03580705719403466
0,0,0.012109984882803038
1,1,0.996492153692117
1,1,0.9994879587765898
0,0,0.013943438940774698
0,0,0.005581515619488951
1,1,0.9989225678744583
0,0,0.03026620629278111
0,0,0.04101350865508804
1,1,0.9522223290877415
0,0,0.012138381208209117
0,0,0.01389389751563038
1,0,0.048266666780693974
0,0,0.02167307199659705
0,0,0.02884876882132675
1,0,0.449848103236169
1,1,0.8000178658777121
0,0,0.11590288455131553
0,0,0.028903567826675934
1,1,0.9975420041681493
0,0,0.019810984362005797
0,0,0.013824509462858675
0,0,0.008779917444141723
1,1,0.7961578272697437
0,0,0.027772465440481554
0,0,0.022176233305073276
0,0,0.10822829472013566
0,0,0.015094351665808374
1,1,0.9840263978076516
0,0,0.13870564046027578
0,0,0.10409174912280532
0,0,0.036866005834444465
0,0,0.03495808294541644
1,0,0.037193136763657896
0,0,0.010141131878670622
0,0,0.03328872410033952
0,0,0.019107827139241487
1,1,0.9940099827113644
1,1,0.9995917225201402
1,0,0.050146086879207186
0,0,0.012109984882803038
1,0,0.23403664563427212
0,0,0.44547981778011286
0,0,0.03737992999603605
0,0,0.021450189884256825
0,0,0.025776996280179133
0,0,0.024231701118818876
1,1,0.9816031831561781
0,0,0.04426682395046375
0,0,0.03429254436679952
0,0,0.04228715855860933
0,0,0.016116935690528602
0,0,0.03108980109822372
0,0,0.03456600007383547
0,0,0.32200964863749054
0,0,0.37983331242006313
1,1,0.9985277737039782
0,0,0.014296106382099038
0,0,0.02750253993982323
0,0,0.024001530420156767
1,0,0.055906186675795014
0,0,0.016753966189536996
0,0,0.011757582982170696
1,1,0.9992852840487774
1,1,0.8998165659217752
0,0,0.00877485915338257
0,0,0.06792865324538419
0,0,0.047625461697238816
0,0,0.02879702614439833
0,0,0.05833346455917404
1,1,0.999284560200565
0,0,0.02882893894212627
0,0,0.02731727919633505
0,0,0.03150256715230245
0,0,0.03561404660254291
0,0,0.05030479965829288
1,1,0.98953346263371
0,0,0.13056241537738733
0,0,0.018578433878490126
1,1,0.9655359200239044
0,0,0.04834724277258857
0,0,0.03441399811754198
0,0,0.034546767686722
0,0,0.031081284248512885
0,0,0.01558205442509946
0,0,0.03049321161946588
0,0,0.04248788101927789
0,0,0.013159467171487556
0,0,0.018491138854259858
0,0,0.01688263344101854
0,0,0.04068306102678392
0,0,0.02602766718806028
0,0,0.03613260163863593
0,0,0.043212936579415696
0,0,0.04841030165377596
0,0,0.01518969035417076
0,0,0.021310109675853617
0,0,0.019051257743995152
0,0,0.04361155586803912
0,0,0.011878992575681868
0,0,0.03880702541214287
0,0,0.04684486355693641
0,0,0.022721779927279563
1,1,0.9813321899465439
0,0,0.03593326086851909
0,0,0.01130715485072445
0,0,0.032947066530694985
0,0,0.024366265057551646
0,0,0.019226944713199936
0,0,0.020601735422906487
0,0,0.050020252612370114
0,0,0.03078614183266325
0,0,0.039835485503907746
0,0,0.058302230807797895
0,0,0.03918112064692545
0,0,0.03263079507170416
0,0,0.04383607209402593
0,0,0.012856676012995453
0,0,0.03794376360635354
0,0,0.01582914967970402
0,0,0.04691455222186899
0,0,0.011692920709973735
0,0,0.019658661333651982
0,0,0.04875362957958599
0,0,0.006823009786440037
0,0,0.025913441893148478
0,0,0.009669429575397438
0,0,0.0605842792821075
0,0,0.04963620768784574
1,1,0.9989841861407481
0,0,0.08522538800811214
0,0,0.018405735965069
0,0,0.04780913389807208
0,0,0.03541581807388222
0,0,0.02444055548621829
0,0,0.06956476422679106
0,0,0.03808604760026231
0,0,0.04973686698130124
0,0,0.04981047126433851
1,1,0.793507668032525
0,0,0.023449423849428212
0,0,0.00912954544630804
0,0,0.03103072944428966
0,0,0.02628882998350425
0,0,0.00805311707363095
0,0,0.033738736642965145
0,0,0.023659546145862714
0,0,0.023726503968896695
0,0,0.04771375677733521
1,1,0.792880543460077
0,0,0.012183729013639974
0,0,0.01648129738699257
0,0,0.12757464804619448
1,1,0.9990724864492724
1,0,0.26890666625838605
0,0,0.009645298484542665
0,0,0.04851812097082887
0,0,0.06620026847501913
0,0,0.04205568634258948
0,0,0.041675094126562895
0,0,0.01828721322702342
0,0,0.015766205452654485
0,0,0.019237208161996006
1,1,0.8227033911306084
0,0,0.05934798539769718
1,1,0.8863194073109073
0,0,0.03227737562907279
1,0,0.265654117982501
0,0,0.04894506534316502
0,0,0.019327291138252396
1,1,0.879108717273155
0,0,0.00956979736177594
0,0,0.022005069888424007
0,0,0.06520451662663404
1,1,0.9769466517896938
0,0,0.017466533533958762
0,0,0.04447201335270574
0,1,0.633977064845531
1,1,0.9979292106252002
1,0,0.02664360543537087
0,0,0.014685247960675427
0,0,0.03078355585553447
1,1,0.9202598612456556
1,1,0.9802903123454753
0,0,0.048425707100448204
0,0,0.02485058587275957
0,0,0.009744050651114973
1,1,0.9996391301923117
0,0,0.018076114244162986
0,0,0.0338393941979694
0,0,0.021056674477228872
0,0,0.017589630555004503
0,0,0.09515419738279098
0,0,0.020048897454281935
0,0,0.01760633346782579
0,0,0.029745759475605187
0,0,0.027324614257087817
1,1,0.6146207274413416
1,1,0.9988165476760105
0,0,0.061059740998760076
0,0,0.02616727273889077
0,0,0.034469292240345215
0,1,0.7402352527503713
0,0,0.04173875812760276
1,1,0.9995517496143852
0,0,0.05300390317408306
1,1,0.9992932576658761
1,1,0.9994150660687038
0,0,0.05599389038275093
0,0,0.010453404240832498
1,1,0.9998294253117581
0,0,0.027061940313572664
0,0,0.0304130202151317
1,1,0.8941940714905016
1,1,0.9080541853915195
0,0,0.019964371942600024
0,0,0.026425480496566227
0,0,0.015371189515665002
1,1,0.7046966704271037
1,1,0.999565925002042
0,0,0.03109573603030867
0,0,0.024656981713706266
0,0,0.0072457219860546625
0,0,0.02355692672616137
0,0,0.034863145962264384
0,0,0.034505545319830244
0,0,0.0328014614482466
0,0,0.01423631341507508
0,0,0.06284994332059493
0,0,0.037823766604424894
1,1,0.9993462116513716
0,0,0.03090156770610903
0,0,0.015867360950322252
0,0,0.043726617277013866
0,0,0.028669325314753726
0,0,0.017417905950154078
0,0,0.03838027703566895
0,0,0.058162840855496944
1,1,0.999726732034376
1,1,0.9991558566516888
0,0,0.005869549015715596
0,0,0.01389389751563038
0,0,0.01171734093626413
1,1,0.9998400037970094
0,0,0.02562109428404322
0,0,0.04969502930772473
0,0,0.057424188501468895
0,0,0.033001947273847754
0,0,0.02661222839845792
0,0,0.0516412240780998
0,0,0.04495672124527743
1,1,0.9914309921856608
1,0,0.25948798895159475
1,0,0.46692096449130377
0,0,0.10634108356838169
1,1,0.9999438980191022
0,0,0.4745873207147507
0,0,0.023427748776725824
0,0,0.007048070451794734
0,0,0.009707072151005688
0,0,0.024680807968887157
0,0,0.172106711427937
0,0,0.006654305097564808
0,0,0.04117926307137814
0,0,0.003598558628964077
0,0,0.03678917229818963
0,0,0.021888579599396413
1,1,0.9993276821593172
0,0,0.030781666113639142
1,1,0.8952710275959227
1,1,0.964580198779524
0,0,0.011009597380414973
0,0,0.01918033254042209
0,0,0.04962544737136246
1,1,0.8951580823964954
0,0,0.024281596658051043
0,0,0.03192741281548915
0,0,0.02666569602323733
1,1,0.9998445135861359
1,1,0.9945754708803897
0,0,0.02319961922691402
0,0,0.039863145156713915
0,0,0.013420448113852502
0,0,0.010006073748684842
0,0,0.010506559949069159
0,0,0.08225215759116475
0,0,0.03993243477350975
0,0,0.02003224650573351
0,0,0.013399035893404703
0,0,0.014983122642852285
1,0,0.3444295831163697
0,0,0.03762061324831858
1,0,0.1773312959815181
0,0,0.12520288070927565
0,0,0.018916857864802416
1,1,0.9997608862635637
1,0,0.059617275267875636
0,0,0.012572668712615446
0,0,0.04084126546258787
1,1,0.9967703933045651
0,0,0.02551060367468646
1,0,0.12040580522834161
0,0,0.04340748059121537
0,0,0.02186490012821698
0,0,0.02578500169503059
0,0,0.059461329706431684
0,0,0.01072466884358171
0,0,0.04086806423483292
0,0,0.02448243187182538
1,1,0.9997667388134904
0,1,0.6829949624200274
0,0,0.008656135789051155
1,0,0.024640631400118594
0,0,0.036700048464319325
1,1,0.6253574412729861
0,0,0.01895905091571931
0,0,0.03143282469786488
0,0,0.017415249996675774
0,0,0.022713719645034134
0,0,0.03758960235758028
0,0,0.016166271235218653
0,0,0.0299794344969108
0,0,0.009210516504215163
0,0,0.3444295831163697
0,0,0.038400621628901795
0,0,0.02124681761632544
1,1,0.9234194516969392
1,1,0.9420799713206299
0,0,0.01430826681284142
1,1,0.9979381947159823
1,1,0.9997825545149062
1,1,0.724194465739409
1,1,0.9356824892911901
0,0,0.01783627414807998
0,0,0.013534133321041334
0,0,0.01819066267568044
0,0,0.006032683566983285
0,0,0.03661227032305419
0,0,0.01126201350924996
0,0,0.035644513921565604
0,1,0.5211959779615222
0,0,0.16460960429244556
0,0,0.06138432469203059
0,0,0.016215822315867472
0,0,0.028081647728964695
0,0,0.018391223315342074
1,1,0.8507654992582109
0,0,0.013826828926379903
0,0,0.035672148111708386
0,0,0.010258858624349231
0,0,0.24616393582707183
0,0,0.020654269797558626
0,0,0.06973487832191605
0,0,0.043911179377711745
0,0,0.022159653940307705
0,0,0.05099486675715699
0,0,0.037400459703058615
1,1,0.8449089611995617
1,1,0.7978494185750602
0,0,0.03576032476166429
0,0,0.029872667765368094
0,0,0.03770472947275848
1,1,0.9984214014957173
1,1,0.9893266105584987
0,0,0.02690646329731569
1,1,0.6435147400067452
0,0,0.03888168079966336
0,0,0.04463241626162432
1,1,0.9998772921541448
1,0,0.39435964685967606
0,0,0.04380841224558525
0,0,0.016787615947012297
0,0,0.016416685918592907
0,0,0.02260090050138216
1,0,0.18476092491353815
1,0,0.2749734714759287
0,0,0.03721955830542123
1,1,0.8592539182823362
1,1,0.9996141095205433
0,0,0.04371632014009421
0,0,0.053110781752367144
0,0,0.02271042879719574
0,0,0.010516438750313637
0,0,0.012040034904470077
0,0,0.028199001311811314
0,0,0.012220691152080538
0,0,0.02610155188021649
0,0,0.020895576495611617
0,0,0.008329956586196128
1,0,0.22316783986160768
0,0,0.04643545453570565
0,0,0.006689170046469066
0,0,0.03486262409586696
0,0,0.00548252697230075
0,0,0.05311514290771322
0,0,0.017957015914635714
0,0,0.01133505368778789
0,0,0.03739049853259856
0,0,0.03510865209904461
1,1,0.999744559095162
0,0,0.04148736104058234
1,1,0.9059953678954737
0,0,0.009671003597915942
0,0,0.009798550069594769
0,0,0.013668513125805104
0,0,0.015107359726326685
0,0,0.05880144628360335
1,1,0.9986755210955288
0,0,0.07274969564622702
1,1,0.9991236760185431
0,0,0.015471719025603342
0,0,0.01232531746020715
0,0,0.059461329706431684
1,1,0.9983225838408473
1,0,0.09801545599838529
0,0,0.06426626407832745
0,0,0.010014121534600467
0,0,0.02570915791370251
0,0,0.07960131971347313
0,0,0.009070345078054917
0,0,0.035634887578538124
0,0,0.017791706855726924
0,0,0.061987612617872924
0,0,0.037122536225671375
0,0,0.04764218241946243
1,1,0.9983133972736065
0,0,0.013881862360411603
1,1,0.9997819836543603
0,0,0.0371427983927211
1,1,0.9701070059935428
1,1,0.9990235952444715
0,0,0.02320800652512872
0,0,0.021213547142205018
0,0,0.020106746774940648
0,0,0.01655872597688816
0,0,0.010446389324534728
0,0,0.024322798965045626
1,0,0.03858483847944944
0,0,0.02659570285178165
0,0,0.010685893628570527
0,0,0.038841953075794675
0,0,0.032336044932698024
0,0,0.03308527532941179
0,0,0.031443754349832445
0,0,0.028812846017389118
0,0,0.023590263258172765
0,0,0.03728015938620952
1,1,0.9733486145045674
0,0,0.018000006023382083
0,0,0.05725913033941492
0,0,0.00703038104400298
0,0,0.04226314310428269
0,0,0.005598911174890038
0,0,0.011518771820251399
0,0,0.03308844205784926
0,0,0.2607546555583224
0,0,0.04265724025833189
1,1,0.9998193673898199
1,1,0.9102504566485006
0,0,0.015330281274384022
0,0,0.04325424385196053
0,0,0.01333339316512921
0,0,0.0391575831077103
0,0,0.1663611493219683
1,1,0.9995939282642616
0,0,0.018397996078688323
0,0,0.07908948621479896
1,1,0.9751900095934699
1,1,0.7656001202375468
1,0,0.058485316089587513
0,0,0.018413188896702327
0,0,0.009906046668610526
0,0,0.023172214226273705
0,0,0.009554236702328689
0,0,0.028913783641308453
0,0,0.030595484342536363
0,0,0.04164448674142986
0,0,0.008107937340446953
0,0,0.05495042179303843
1,1,0.9098265229984505
1,0,0.1069510142136358
0,0,0.06664478254009248
1,1,0.9996564487793098
0,0,0.03609814822002006
0,0,0.02175783885811823
1,1,0.6454149540297746
0,0,0.020853337047517878
0,0,0.021331815527912936
0,0,0.015870156830670643
0,0,0.03030797532955876
1,1,0.8813439680153662
0,0,0.05290636086977771
0,0,0.059011258171512725
0,0,0.039251958618964494
0,0,0.029389390663378888
0,1,0.6837615904029778
1,0,0.013475214294028355
0,0,0.019604450718454722
0,1,0.5930059692173569
0,0,0.07236591409763264
0,0,0.042998811781066223
0,0,0.02802155195898237
1,1,0.999880871306366
0,0,0.06151796329446855
0,0,0.2688078648814765
0,0,0.06026053293862393
1,1,0.6258970550290679
0,0,0.01278795707374085
0,0,0.006297447110272176
0,0,0.0355556741133513
0,0,0.030081189232103726
0,0,0.016562493250777226
0,0,0.023282709608687235
0,0,0.038153417947769934
0,0,0.12551843896533726
0,0,0.058464676939486405
0,0,0.02453284748114738
0,0,0.01709380159959893
0,0,0.04089539515657574
0,0,0.006816303791297381
1,1,0.9702116882670505
0,0,0.30885263482757463
0,0,0.015992537934655823
0,0,0.008653649571456092
0,0,0.01125016842451594
0,0,0.013417147783948993
0,0,0.023736097211646094
0,0,0.031606219337580795
0,0,0.0530520225776353
0,0,0.015600197231168452
0,0,0.039773253576363646
0,0,0.034585939563806914
0,0,0.025397533190887778
1,1,0.999730989342943
0,0,0.009283929734271886
1,1,0.9999362295581349
0,0,0.10741472105263809
0,0,0.018763207672746918
1,1,0.9980952644113084
0,0,0.012252093503999476
0,0,0.03647299985674895
0,0,0.036638853798860574
0,0,0.25767424890574314
1,1,0.7177552398943196
1,1,0.9998719368203804
0,0,0.023246905692241356
0,0,0.013961265970168685
0,0,0.058113488047683105
0,0,0.043708758635280204
0,0,0.037852753550330076
0,0,0.01535468509783825
1,1,0.7734341957621034
1,1,0.9992851426110086
0,0,0.030888884972171005
0,0,0.34851925301146064
1,0,0.08906017643229439
0,0,0.08986858442143716
0,0,0.08780746025482616
0,0,0.01031139903341217
0,0,0.013385764884373458
0,0,0.06614144085941251
0,0,0.02354133233399218
1,1,0.9900569752649668
0,0,0.008742251979633279
0,0,0.06520648379049297
0,0,0.017311835375905967
0,0,0.11854084993403562
0,0,0.03382355328161467
0,0,0.01720276668821874
1,1,0.964580198779524
1,1,0.9989288555210031
0,0,0.007638110825926247
0,0,0.018098567151555868
1,1,0.6627668816626916
0,0,0.012825478581610816
0,0,0.03190174658992629
1,0,0.4373968772667407
0,0,0.03477533829274824
0,0,0.014013088612768825
1,1,0.9988110011133465
0,0,0.009269789311308512
0,0,0.012244381710613775
0,0,0.009538484100917436
0,0,0.03808622209433436
0,0,0.03601401185426087
0,0,0.009292244424647593
0,0,0.011655924774363854
0,0,0.030266033987076786
0,0,0.022540335832842956
0,0,0.0387804005470063
1,1,0.5313358015696258
0,0,0.03857639275617066
1,1,0.7472949606722393
0,0,0.021340083726968384
0,0,0.07955474943509115
0,0,0.013409420414534079
0,0,0.040562338784238816
0,0,0.10246792251106651
0,0,0.020511905731081616
0,0,0.052545993682272585
0,0,0.046213695370400105
0,0,0.015632506582362447
1,1,0.9999034065099041
0,0,0.028315999043845866
0,0,0.01422420667538661
0,0,0.03098846378915248
1,1,0.9996695150774718
0,0,0.012460905578840147
0,0,0.05267483326304636
0,0,0.0068398467196214155
0,0,0.026700228241626957
0,0,0.01249547784928256
0,0,0.05045646265022328
0,0,0.12768647452842755
0,0,0.015328089120167362
0,0,0.09368078145986537
1,1,0.9554040187437989
0,0,0.12004663872917705
0,0,0.01632925997244647
0,0,0.04740036859652682
0,0,0.027294605669615345
0,0,0.0758679916136086
1,1,0.9079325395668624
1,0,0.04477015577568012
0,0,0.011247488142854114
0,0,0.016377352918743624
0,0,0.04328002589955388
1,1,0.9997821973867466
0,0,0.009622883982129474
0,0,0.048172832025658474
0,0,0.007190826610917957
0,0,0.026062007096202145
0,0,0.04118400464220879
0,0,0.22130886248048676
0,0,0.06319056944734669
0,0,0.03295931189951181
0,0,0.018404934719571032
0,0,0.05650820269392664
0,0,0.012693032781251565
0,0,0.09005826433353639
0,0,0.04910997517542786
0,0,0.03405721037682117
0,0,0.06682077622508083
0,0,0.04534389907433071
0,0,0.043661697784126804
1,1,0.9903722419940515
1,1,0.9012959880395949
0,0,0.10448499142941622
0,0,0.0253338585869155
0,0,0.04119378433548035
0,0,0.03346874197822202
0,0,0.014563297648218256
0,0,0.02143072718856479
0,0,0.007167102376587887
0,0,0.045394200813544665
1,1,0.9995054970486053
0,0,0.027453614050636517
0,0,0.021699090063949635
1,1,0.9164672876819753
0,0,0.007981230587626233
1,1,0.9906806579998132
0,0,0.037993187989337956
0,0,0.019684451131684662
1,1,0.9994995274439429
0,0,0.0223119273751082
0,0,0.09118397803930439
0,0,0.008448447035158844
0,0,0.021816078748803588
0,0,0.016254337826612925
0,0,0.026977658616954697
0,0,0.04222943332092549
0,0,0.02533602760011933
0,0,0.035854473788710726
0,0,0.008383483043311733
0,0,0.024159332582391092
0,0,0.0069789260408561074
0,0,0.027506335064713488
1,0,0.03827489547814156
0,0,0.01704232500947412
1,1,0.9050442656967002
1,1,0.9998273014311138
0,0,0.018978684495328708
0,0,0.022143323797515428
1,1,0.8157289283974448
0,0,0.08633402382622372
0,0,0.01918437829697652
1,1,0.9963328195419756
0,0,0.018639340652020605
0,0,0.009408884346680788
1,1,0.998668607690163
0,0,0.03479327711477187
1,1,0.999669718022312
0,0,0.009767448885043419
0,0,0.008698062970303422
0,0,0.011741999962826264
1,1,0.7646577709142787
0,0,0.012744351985338971
1,1,0.7324060281062452
0,0,0.021960959851508817
1,1,0.7147546401458569
0,0,0.04954463323107272
0,0,0.046620674856183895
0,0,0.03045423263018066
0,0,0.04158094215238504
0,0,0.014788020958026102
0,0,0.025417091668879264
0,0,0.02281892685766046
0,0,0.03849879741697651
0,0,0.01600604723629676
0,0,0.039337546719414945
0,0,0.04470363542976943
0,0,0.08598208104005559
0,0,0.03213635863346497
0,0,0.046383344940005615
0,0,0.020056786594578907
0,0,0.03458643239376085
1,1,0.9653048454380863
1,1,0.9998254509637665
0,0,0.05963555031247051
0,0,0.017287396902495974
0,0,0.03725317653496036
0,0,0.01770241010883009
0,0,0.019602924049413224
0,0,0.023273038450221294
1,1,0.9999063462429352
1,0,0.1600301066094677
1,1,0.9993104747906911
0,0,0.047205456657081236
1,1,0.9749463790586174
0,0,0.024537550929826422
0,0,0.449848103236169
1,0,0.42926818843068637
1,1,0.999523982118654
1,1,0.955269944540862
0,0,0.04159126646379642
0,0,0.040783517567195705
0,0,0.01625740324455293
1,1,0.9690646963616869
0,0,0.04129947084224937
1,1,0.9983225838408473
0,0,0.018317172522678827
0,0,0.025031022027382308
0,0,0.023819922842523548
0,0,0.03048300605855484
0,0,0.055116781158958766
0,0,0.01615558508648436
0,0,0.012212993683837783
0,0,0.055575708687070596
0,0,0.01572620120428552
1,1,0.9994292673775222
0,0,0.10408724205526147
0,0,0.01983968737806952
0,0,0.01922062804668653
0,0,0.04788358445631372
1,1,0.5381312000668994
0,0,0.03364463663199197
0,0,0.008417540361892545
0,0,0.043472753952193334
0,0,0.03743141412311289
1,1,0.9988244717687763
0,0,0.024964031944385727
0,0,0.024229279419371714
1,0,0.2240495506415049
0,0,0.045394228273815534
0,0,0.017139021930400133
0,0,0.04240418734018791
1,1,0.9992625840018493
1,1,0.9997395182148274
1,1,0.9951546625778606
0,0,0.032986301778892564
0,0,0.3479841882117037
0,0,0.01871335517500401
0,0,0.025854044517143026
1,1,0.9909348366056278
0,0,0.04001488277411364
0,0,0.04664968187756158
0,0,0.04498127411506603
0,0,0.02090539070269488
0,0,0.029056069750910244
0,0,0.015252275115139886
0,0,0.03455014536795925
0,0,0.024655274586463497
0,0,0.0376340267175773
0,0,0.03854764540829165
0,0,0.03487031931764709
0,0,0.0265575692581887
0,0,0.03301465581211555
0,0,0.029259797116646682
0,0,0.017243706733328742
0,0,0.04795404513578292
0,0,0.03716790706536777
1,1,0.9554236173182761
0,0,0.009291139934561465
1,1,0.9993038034947821
1,1,0.9998445135905055
0,0,0.04485745220472648
1,1,0.9994059020378429
0,0,0.040295982761156694
0,0,0.07395489098104706
0,0,0.03747165996030253
0,0,0.02162236969575794
0,0,0.03632713194513995
0,0,0.021220777595760063
0,0,0.018750485310886602
0,0,0.022117360117437083
0,0,0.03786472967003174
0,0,0.03149724085412353
0,0,0.09361167058001665
0,0,0.0194440547258167
0,0,0.0346655527657117
0,0,0.01587077841055481
1,1,0.9983737698405227
0,0,0.048266666780693974
0,0,0.06168880932559229
1,1,0.9439857564786583
0,1,0.7866334353468731
0,0,0.0597968672531674
0,0,0.04068210343431338
0,0,0.005262188874451396
0,0,0.023583324111866675
0,0,0.016872246216675515
0,0,0.05721991003601056
0,0,0.019598213539176176
1,1,0.9890880001166921
0,0,0.0379952023202071
0,0,0.08518854196948375
0,0,0.04451880142794595
0,0,0.02847209254921975
0,0,0.022190225257342037
0,0,0.01200250502998667
0,0,0.23158212092351807
0,0,0.06432920505661807
0,0,0.033130431124479436
1,1,0.9998770764257532
0,0,0.026545984761536676
0,0,0.051620185794759514
0,0,0.04154316484582304
1,1,0.9997402765748191
0,0,0.030520544741321435
0,0,0.014436863967279744
1,1,0.9997607629569177
0,0,0.03232585865758399
0,0,0.019815517739172332
1,1,0.9994432790226471
0,0,0.019575284725678772
0,0,0.014994315282502018
0,0,0.03311387688469275
0,0,0.03468095829534663
0,0,0.011870088843014994
0,0,0.011501382243554447
0,0,0.053369440099333545
0,0,0.011821455754379533
0,0,0.04007611030819388
0,0,0.02894002984880934
0,0,0.01784128587295621
0,0,0.015361933784243316
1,1,0.9988783334663681
0,0,0.03219622258214802
1,1,0.9999029511010505
0,0,0.0048378825756266565
0,0,0.043899267647304806
0,0,0.03424559491549288
0,0,0.021892809245477842
0,0,0.008922578270233088
1,1,0.9995639661445853
0,0,0.017653444456126408
1,1,0.9923491280479076
0,0,0.03732977276433209
0,0,0.016527475907010702
0,0,0.020937116984251096
0,0,0.20284584448362392
0,0,0.04819391773768347
0,0,0.02533740015545688
0,0,0.036303889767806734
0,0,0.04837490632636438
0,0,0.030491668679763426
0,0,0.03379081499792512
0,0,0.02317599203773338
1,1,0.6932671928555831
0,0,0.010916877044286953
0,0,0.027462969525187717
0,0,0.02771679196355019
1,1,0.9993613500578344
0,0,0.06319939608505366
0,0,0.01663650668206256
0,0,0.06767186463042282
0,0,0.023007570260992607
0,0,0.015540808509953624
0,0,0.03460647520852962
0,0,0.05253117402943034
0,0,0.03587203410529068
0,0,0.022212332635171285
0,0,0.014620757283402291
1,1,0.9924373824015589
0,0,0.013509340843483037
0,0,0.010658933625225233
0,0,0.062009357385961424
1,1,0.9997926346409656
0,0,0.04617111814567852
0,0,0.034669479401515935
0,0,0.05660146672797609
1,1,0.999274485302685
1,1,0.9993710656607111
0,0,0.037008823156740214
1,1,0.9009645962661237
0,0,0.015885041583401076
0,0,0.030253618197515025
0,0,0.011963834316713797
0,0,0.060044553521560635
1,1,0.6133304686782668
0,0,0.03858632970140844
0,0,0.024430391024506604
0,0,0.021450189884256825
0,0,0.047226809999399384
1,1,0.9990837057994365
0,0,0.013731270001736105
1,1,0.965008441616057
0,0,0.05092170005062596
1,1,0.979831598768156
0,0,0.02181347840618213
0,0,0.022049632240371694
0,0,0.031629242283672324
0,0,0.031733060502601974
0,0,0.02030208133147398
0,0,0.022512802969485383
0,0,0.022035152663959882
0,0,0.029048181013490444
1,1,0.9611765005859877
0,0,0.018320805728238666
0,0,0.027372828769934212
0,0,0.03743259402082378
0,0,0.02233894233697057
0,0,0.015493649458570237
0,0,0.04854231448246206
0,0,0.013028711259657957
0,0,0.2708272034301076
0,0,0.01903877051287922
1,1,0.9872630463346811
0,0,0.06488373409621911
0,0,0.0313346904511148
0,0,0.03035757546079373
0,0,0.021429124066444507
0,0,0.00848383033015788
0,0,0.04888049586521138
0,0,0.006717418386566162
0,0,0.029943899631213827
0,0,0.049284345942026235
0,0,0.028739604773112593
0,0,0.041040168843667256
0,0,0.048112144412012184
0,0,0.00944225539389766
0,0,0.03469730472256509
1,1,0.9997153077457316
1,1,0.9992256639657529
0,0,0.046052984550907596
0,0,0.03848592876909679
0,0,0.0637100668871628
0,0,0.031111351313958053
0,0,0.03310734175665554
0,0,0.042842725981719135
1,1,0.9672728844918317
0,0,0.0063793726205775125
0,0,0.06922998529446119
0,0,0.03506972020384613
0,0,0.05052258863117159
0,0,0.019667412178745125
0,0,0.009375936045664383
1,1,0.9996932930661098
0,0,0.009458162462865856
1,1,0.9997310611420693
0,0,0.005633023290523611
1,1,0.895778068928744
0,0,0.042241200147939584
0,0,0.04721635024127145
0,0,0.01548328710917092
0,0,0.015746822868176472
0,0,0.011522273465624934
0,0,0.02960669023225868
0,0,0.02136323313426804
1,1,0.9973444318013553
0,0,0.0645750851010181
1,1,0.9989847015194045
1,0,0.22055629536675178
0,0,0.05157073098744762
0,0,0.019515150394736856
0,0,0.03177412868230939
0,0,0.012789527414122096
0,0,0.013107885633518432
1,1,0.6302230411488912
0,0,0.044335767731598315
0,0,0.009434480374494621
0,0,0.012096563694858328
0,0,0.04554202587990284
0,0,0.03724523602965618
0,0,0.021621230716819685
0,0,0.015587922843482871
0,0,0.03566871730156399
1,1,0.8197597312865348
1,1,0.9998959030581712
0,0,0.049156717496769094
0,0,0.0344629527731027
0,0,0.036680035371562295
1,1,0.6524610096833628
0,0,0.02730624724388283
1,1,0.9986545583403008
0,0,0.052459427408430744
0,0,0.03770357710927104
0,0,0.01374220517051377
0,0,0.013963973009171167
0,0,0.0477411590431416
0,1,0.5495868067724382
0,0,0.034908785088544045
0,0,0.01360175148041518
0,0,0.005195602758907468
1,1,0.9997372895926157
0,0,0.04780667197265457
1,1,0.9991888729907448
0,0,0.013681075759053385
0,0,0.03168989058613289
0,0,0.026088456564130124
1,1,0.9993496163383921
1,1,0.9959591453947029
1,1,0.9101425895826161
0,0,0.013025491514018004
1,1,0.9994347546916709
0,0,0.027249172442928897
0,0,0.0073351369002183624
0,0,0.03279479974901571
1,1,0.9684585561851792
1,1,0.7793185152924624
0,0,0.008264356348806144
0,0,0.024809838696170004
0,0,0.060883264444685954
0,0,0.016685700211826655
0,0,0.039437165781416504
1,1,0.9909585001751606
0,0,0.06837364748574758
0,0,0.10191161582624168
0,0,0.016206828906095327
0,0,0.02648490706342467
0,0,0.023610710735221363
0,0,0.0380463944983344
0,0,0.01344154042292186
0,0,0.019484409487282334
0,0,0.01934818377136379
0,0,0.009514400352804809
0,0,0.02822272489301987
0,0,0.01454264742709364
1,0,0.12290940440921788
1,1,0.6926783463045628
0,0,0.011878466012203971
1,1,0.8128572084589624
0,0,0.013993736643820531
0,0,0.02130907030146455
0,0,0.03150226594215492
1,1,0.9760085335258999
1,1,0.9993470244095503
0,0,0.02221793963874137
0,0,0.042597854957914676
1,1,0.9987781148255638
0,0,0.038959981894768125
0,0,0.07358782871237117
0,0,0.35976878584122896
0,0,0.02850493420830234
0,0,0.026806873553049938
0,0,0.024501618136797004
0,0,0.023404185318617758
0,0,0.00882458086224208
0,0,0.03252469840497376
1,1,0.9670160093820525
0,0,0.014060647478058621
0,0,0.11726138229907496
0,0,0.01780987715894192
0,0,0.038844801865980154
1,1,0.9979326195693178
0,0,0.007673552260174265
0,0,0.028656850578206012
1,1,0.977427170239946
0,0,0.02316578603773111
0,0,0.014728575998381992
0,0,0.05764302103775212
0,0,0.041689194522232964
0,0,0.01490310927563485
0,0,0.014391421698212087
0,0,0.024892086959758742
0,0,0.049205111164743943
1,1,0.999206551621738
0,0,0.02126083255928595
0,0,0.038211425527833236
0,1,0.9605239823011301
0,0,0.028432233918117444
0,0,0.012145381233894801
0,0,0.03230374769889959
0,0,0.06321140771880249
0,0,0.01367580045697269
1,1,0.9987650937069416
0,0,0.006616307020470268
0,0,0.03078906485149773
0,0,0.034826927356568275
1,1,0.9997153077457316
0,0,0.025895581515960633
0,0,0.03719925738959934
0,0,0.00798195369140013
0,0,0.06646258844473067
0,0,0.01647136514057148
0,0,0.02685612496038938
1,1,0.9999609589508321
0,0,0.019839887829194432
0,0,0.018330040493968462
1,1,0.998114529196723
0,0,0.025160079994315944
0,0,0.01615594752148397
0,0,0.020727373050830486
0,0,0.009995870801549378
0,0,0.006255031999394342
0,0,0.023009433773094737
0,0,0.015848762102860466
1,1,0.9499337980211897
0,0,0.01409495246853625
1,1,0.9973040466719372
0,0,0.017226374845912534
0,0,0.015722972244443432
0,0,0.028370338985870915
0,0,0.029571036379655292
0,0,0.009033687139859836
0,0,0.016042098878226604
0,0,0.02124180620371759
0,0,0.004442450849545262
1,1,0.9998605062513142
0,0,0.019607744515509708
0,0,0.024665521640209295
1,0,0.21634788559213414
0,0,0.030980488550859765
0,0,0.06991377020499698
0,0,0.01784757196002638
0,0,0.011182946947991216
0,0,0.04148167444546008
0,0,0.035025342527083725
0,0,0.05539516226046119
0,0,0.015583502306472511
0,0,0.030286787017876498
0,0,0.027087461602207544
0,0,0.0077458849343655855
0,0,0.043800653203481095
0,0,0.02084059819078192
0,0,0.016704920500448018
0,0,0.024579663261280766
0,0,0.008465210525677324
0,0,0.007218497540998168
0,0,0.04130592072276709
1,1,0.9978919216337302
0,0,0.010855691640349571
0,0,0.05655259898513731
0,0,0.02561870628950829
1,1,0.8410112264631296
1,1,0.8060641856778398
1,0,0.06973487832191605
0,0,0.04322109494414551
0,0,0.014964437658959237
1,0,0.49403428653628845
0,0,0.016510670573529746
0,0,0.04112413091482344
0,0,0.01682169018534321
0,0,0.005996164975925768
1,1,0.94789456488337
1,1,0.9476620498392294
0,0,0.017180770564678517
1,0,0.4817525473035873
0,0,0.055116116277670144
1,1,0.9982047199913106
0,0,0.06136353170957135
0,1,0.7010175523911397
0,0,0.0149315875402744
1,1,0.7436522783236985
0,0,0.00822562312605007
0,0,0.02537911842671328
0,0,0.018493239528599416
0,0,0.03449180218747065
0,0,0.03435252531920117
0,0,0.07161500313034569
0,0,0.4388579839159189
0,0,0.051731531751527324
1,1,0.9994717671230746
0,0,0.03852677606994865
1,1,0.9631370921991376
0,0,0.023582466340612368
0,0,0.01956834140276003
0,0,0.011968939285433643
0,0,0.1326031611090002
0,0,0.009540029891678584
0,0,0.01225141368519588
0,0,0.021923394311376198
1,0,0.04185793152161828
0,0,0.039607619311325545
0,0,0.03474621365858794
1,1,0.9996818117141378
0,0,0.034887330859732495
0,0,0.0580549656944665
0,0,0.007603787782071126
1,1,0.6338519800623982
0,0,0.006630462207689323
1,0,0.19436149761346821
0,0,0.035586559541723906
0,0,0.18661127258204663
1,1,0.997590695123487
1,1,0.9989841861407481
0,0,0.14854014379871663
0,0,0.02328740720640071
0,0,0.035976819261439245
0,0,0.01349493615556553
1,1,0.9999293615801682
0,0,0.019214245932418127
0,0,0.02562109428404322
1,1,0.9996126609951459
0,0,0.04358284818361583
1,0,0.064884351685582
0,0,0.16372454338811576
0,0,0.021784266817570213
0,0,0.01761330405740455
0,0,0.029491527851754018
0,0,0.03563942412162842
0,0,0.013741861039057368
0,0,0.0358713800807386
0,0,0.013016008928266124
0,0,0.03686935096254245
0,0,0.018906572917378715
0,0,0.0207664752782152
0,0,0.049369676221712816
0,0,0.03706610803647462
0,0,0.029872837327240897
0,0,0.048130524233606774
0,0,0.03145706714904314
0,0,0.0053546710329695265
0,0,0.03802175572342977
0,0,0.016868188774757528
1,1,0.9996804926389788
1,1,0.7585730542758379
0,1,0.5316457287003371
0,0,0.014453686111414048
0,0,0.04234550005257607
0,0,0.015385635800470436
0,0,0.005570442147461123
0,0,0.1122777026476794
0,0,0.016248169731919317
1,1,0.9876319684582973
0,0,0.016587517912177652
0,0,0.21492500525772806
0,0,0.030153600864855294
0,0,0.049337263848779574
0,0,0.03209639438892916
0,0,0.01805976381859567
0,0,0.07497517088620667
0,0,0.021274149207418873
0,0,0.011366346020818093
1,1,0.9609576375671639
0,0,0.016681119962973584
0,0,0.05093238890005852
0,0,0.01767515161970835
1,1,0.9990149498641815
0,0,0.015162759187894378
1,1,0.9991667440437749
1,1,0.7964708529228971
0,0,0.03942880956532936
0,0,0.01754321777635477
0,0,0.022085146093319578
0,0,0.026511123879735324
0,0,0.01859313701545383
0,0,0.014655621099568994
0,0,0.005300174698350229
1,1,0.8449898816795129
0,0,0.006245119697941319
0,0,0.013122347706737867
0,0,0.07231506526803064
0,0,0.04726641075367137
1,0,0.09477586764605214
0,0,0.06338739094788448
0,0,0.039808140796575874
0,0,0.02054542618879465
0,0,0.04307160645552551
0,0,0.015241237696552784
0,0,0.03941479302496109
0,0,0.04982142946859911
0,0,0.013926350694037888
1,1,0.9128327792533298
0,0,0.0482393712028608
0,0,0.013326619984068493
0,0,0.03715098165751503
0,0,0.018749322982209455
1,1,0.9993956214544735
0,0,0.03891389723921823
0,0,0.024157924852873366
0,0,0.046794036311653193
0,0,0.024625220214075292
0,0,0.08069068248064565
1,0,0.4206475287371832
0,0,0.019612003690735333
0,0,0.0136237901740693
0,0,0.010424462396697233
0,0,0.01655367132323224
0,0,0.055118316036494676
0,0,0.028967520008445557
0,0,0.013776773623643533
0,0,0.03705652816482497
1,1,0.9998992425708008
0,0,0.018959592912411206
0,0,0.03883302441063331
1,1,0.9993647996124165
1,1,0.9987852441268414
0,0,0.04678847408054096
0,0,0.02296526876315106
0,0,0.014424582655119743
0,0,0.3718229099329696
0,0,0.04917208484242686
0,0,0.0341923946347238
0,0,0.01645893239383795
0,0,0.009073745241552543
0,0,0.014052576421769658
0,0,0.06262445182679505
1,1,0.9979156571075447
1,1,0.9993681543648947
0,0,0.027217909504162554
0,0,0.015774548521679862
1,1,0.6183143515693215
1,0,0.3446323037522314
0,0,0.031906229378342935
0,0,0.03143752350574766
0,0,0.027130848408520963
0,0,0.04161277690733694
0,0,0.027052233254221465
1,0,0.09524183983301465
1,0,0.40379948369476687
0,0,0.03897098947183651
0,0,0.06186998177594086
0,0,0.036921823744568406
0,0,0.03295853533878769
1,1,0.9909950774249627
0,0,0.015485931006906421
0,0,0.04197357644862409
0,0,0.015021130267888231
1,1,0.9998546700910281
0,0,0.03963587224805242
1,1,0.9286257541373892
0,0,0.041360849977918786
0,0,0.011500029590416499
0,0,0.010919429696505837
0,0,0.03789228593752559
1,0,0.08161343803920273
0,0,0.05811378390772343
0,0,0.0212424619191425
0,0,0.013399908034791387
0,0,0.04440139627356768
0,0,0.028270542207236623
1,1,0.999420546649164
1,1,0.9992164283439682
1,1,0.8131050949005826
0,0,0.01729235660874763
1,1,0.9990540202961278
0,0,0.03625612466314909
0,0,0.02731965353694975
0,0,0.2021041111564186
1,0,0.45675747436885855
1,0,0.09222403827079693
0,0,0.016199636446160487
0,0,0.03736812782543649
0,0,0.035396763407794754
1,0,0.18947075128310534
0,0,0.013110383589619004
0,0,0.0833576011735305
0,0,0.09175082769568783
0,0,0.03157385971309347
0,0,0.0226939834023868
0,0,0.048133108582801364
0,0,0.02604218236057233
1,1,0.8773842157454956
0,0,0.00986197789727871
0,0,0.028155174157003103
1,1,0.9998263631282537
0,0,0.009038747726934637
0,0,0.03672055680210448
0,0,0.03386082509990348
0,0,0.013963253832634547
0,0,0.02663988807735833
0,0,0.017556043400736073
0,0,0.06382334777682047
1,1,0.9994406178607879
0,0,0.010142622623973196
0,0,0.015066589624059941
0,0,0.18926161093626698
0,0,0.03951876679187602
0,0,0.012814167637892782
0,0,0.0172788438496454
0,0,0.027477212176534243
0,0,0.04614244705564553
0,0,0.019079040930785357
1,1,0.9990724864492724
0,0,0.02902815682933807
1,1,0.9009645962661237
0,0,0.043832113928649934
0,0,0.05351523034826546
0,0,0.00846574880821037
0,0,0.06386836914716999
0,0,0.03186585259261402
0,0,0.05399310103352984
0,0,0.016327332479726085
0,0,0.041602301709550246
1,1,0.9991638787904433
0,0,0.01588359956876043
0,0,0.004376096020061051
0,1,0.6566171493971467
0,0,0.008344411716188596
0,0,0.013871516751095466
0,0,0.023714853633436495
1,0,0.06392332791372865
1,1,0.9992703600524016
0,0,0.016731771737754173
0,0,0.029445442391757958
1,1,0.9992508940654061
1,1,0.9308386475781201
0,0,0.017605873394468216
1,1,0.9715200273128345
0,0,0.026615818635748356
0,0,0.016162139721322744
1,1,0.9989697003360671
0,0,0.03207068779833325
0,0,0.040652585981241066
0,0,0.016353898181055943
0,0,0.030356018050413134
0,0,0.02984526297240917
1,1,0.9995993256328779
0,0,0.04777775750067729
0,0,0.008178994300191542
0,0,0.023622573833249703
0,0,0.03296659723440173
0,0,0.02295093009867774
0,0,0.0355663673273946
1,0,0.0957422861168292
0,0,0.0317271693243987
0,0,0.011764794134761457
0,0,0.006835427423574835
0,0,0.006320194109983974
0,0,0.01572898129859761
0,0,0.04431600665371516
0,0,0.018826112012021015
0,0,0.0304207313368273
0,0,0.03628038559529477
0,0,0.044117013203883094
0,0,0.05548605055283697
1,1,0.9992995682643581
1,1,0.9996057282237695
0,0,0.031998831436129534
0,0,0.006338737001738148
0,0,0.37442343856506405
0,0,0.018208285331054463
0,1,0.7837015539105847
0,1,0.6042492493637032
0,0,0.015282515313692407
0,0,0.02723279217597227
0,0,0.010394230630203734
0,0,0.0218643987908544
0,0,0.015022220429071758
0,0,0.03623565602080562
0,0,0.02721060157283327
0,0,0.03410713441357798
0,0,0.00469466911502345
1,1,0.9990051132835938
0,0,0.014379046200714606
0,0,0.04777735762169956
0,0,0.014561553866893135
0,0,0.016892242717374738
0,0,0.041130168944190665
1,0,0.3758632889407565
0,0,0.023029771241299377
0,0,0.018579154405953098
1,1,0.9996398263540877
0,0,0.016176971776032886
0,0,0.029931297172866012
1,1,0.9994281480080432
1,1,0.9995821541364486
0,0,0.10459370463449244
0,0,0.015151468766620034
0,0,0.022261236034003585
0,0,0.027764184677886536
0,0,0.03679965598947079
0,0,0.01005875959917481
1,1,0.9648297989056108
0,0,0.022298460094995927
0,0,0.01646476789182279
0,0,0.03742363189010598
1,1,0.9990316898208031
0,0,0.010269218905899734
0,0,0.00947385165779744
1,1,0.998604316331351
0,0,0.006236714823019746
0,0,0.04551861593396088
0,0,0.052071334167118004
1,1,0.9878546524650358
1,0,0.12098094769040997
1,1,0.9646370724476939
0,0,0.014605315736329177
0,0,0.031989247257231845
1,1,0.9853814450806903
0,0,0.07178472005737244
0,0,0.020475514312260027
0,0,0.01582500971347615
0,0,0.032144058971572256
0,0,0.020943219668560647
0,0,0.06129922653183827
0,0,0.04067326951554628
0,0,0.008448244886184937
0,0,0.013735412248585712
0,0,0.04780364586810976
0,0,0.022863251664598405
0,0,0.01626305608721258
0,0,0.046302359105304294
1,1,0.9993341479515727
0,0,0.049145782114596435
0,0,0.019204293957141308
1,0,0.11750182230117279
0,0,0.03180088073889412
0,0,0.029712337844190088
0,0,0.030940838649092854
0,0,0.009031334867661268
0,0,0.04446547837246809
0,0,0.030250615824657746
1,1,0.8328333066893413
1,1,0.9998946361957167
1,0,0.05114276035850521
0,0,0.038093221346815795
0,0,0.04650879373872032
0,0,0.007572200852915429
0,0,0.04595811056185454
0,0,0.013332916139508984
0,0,0.046298199483729666
1,1,0.5445294267400347
0,0,0.010207337841310076
0,0,0.04137892178093375
1,1,0.9998416563223793
0,0,0.026897938050722086
0,0,0.019034945167039574
0,0,0.03461029598010791
0,0,0.01371946277398888
0,0,0.01760797157263938
1,1,0.9979174993899059
0,0,0.008982961183728981
1,1,0.9026724974083118
0,0,0.0143642492051891
0,0,0.03638005164099406
1,1,0.9993955481406749
1,1,0.9997216295349666
0,0,0.012222880995342097
0,0,0.008795331683310145
1,0,0.037583892308780155
0,0,0.018563032109358238
0,0,0.03593985798708068
0,0,0.014560801104197474
1,0,0.24479841235492744
0,0,0.0605004415535549
0,0,0.05585453083809086
1,1,0.9987828130351164
0,0,0.0327523876544268
0,0,0.02946013662771532
1,1,0.9999009277763018
0,0,0.009932017491350593
0,0,0.03273689826986279
1,1,0.9754882812712296
1,1,0.9844279360391617
0,0,0.04690453715893015
0,0,0.01495092623515347
0,0,0.012751912458040866
0,0,0.01538389786196019
0,0,0.030022938061373267
1,1,0.9292934334466464
0,0,0.03362063464402836
0,0,0.03440418408541485
0,0,0.0442807521789219
0,0,0.04489238239058391
1,1,0.9334586943405511
0,0,0.024656770351026615
0,0,0.06610783190551563
0,0,0.026880954372938828
0,0,0.04799009012854336
0,0,0.11592096213523173
0,0,0.03885100462799751
0,0,0.05616226148959949
0,0,0.050770462621732626
0,0,0.0093086759281676
0,0,0.020691252188519336
0,0,0.010401202377448801
1,1,0.9996015890596041
0,0,0.3468369838378338
0,0,0.017666464725538008
0,0,0.04715868841028896
0,0,0.028503915809003286
0,0,0.006222576437113898
0,0,0.02434890961419441
1,1,0.9991465499530257
0,0,0.016863027888371625
0,0,0.04016625759545907
0,0,0.0840635427251661
0,0,0.06605519881497612
0,0,0.01705005971300186
0,0,0.059129895857071436
0,0,0.02269653689042232
0,0,0.09943447177575536
0,0,0.01507232759186418
0,0,0.007661291070789631
0,0,0.04593882494720511
0,0,0.041078129499894506
0,0,0.023308941174310743
0,0,0.02203909732202838
0,0,0.023408226811567585
0,0,0.025434400199075162
1,1,0.9995508737532385
1,1,0.7514241131182564
0,0,0.062180633422512226
0,0,0.009173759373630477
0,0,0.01940039205601353
1,1,0.9562257894194235
0,0,0.010536811051729605
0,0,0.006297108532428239
0,0,0.03219033748585679
1,1,0.985659415386526
0,0,0.03355592413069992
0,0,0.029436762789695353
0,0,0.014414000997393192
0,0,0.04270510130218597
1,0,0.15485154077641095
0,0,0.038346604615302496
0,0,0.014230685846405721
0,0,0.0263517347409693
0,0,0.06182995907626293
0,0,0.026697534777334764
0,0,0.03058619345365124
1,1,0.9988551377009548
0,1,0.5559886720695906
0,0,0.02122847711321529
1,1,0.9997674190857695
0,0,0.0503753296607809
0,0,0.01231154742508058
0,0,0.02785559228726415
0,0,0.06324507576321138
0,0,0.01823120575227933
0,0,0.1094428953940937
0,0,0.015222791435408875
0,0,0.014230297957418843
0,0,0.044070199496942374
0,0,0.0200243039470781
0,0,0.08505831587103035
0,0,0.016966351084815486
0,1,0.6539104466307406
0,0,0.02255449088622499
0,0,0.015777689728705843
1,1,0.9995864954771937
0,0,0.04347010555788352
0,0,0.038290870307881
1,1,0.8283197141901952
0,0,0.054389181320972736
0,1,0.7374839250487396
0,0,0.026958754835045656
0,0,0.019811785372918295
0,0,0.021909411803865044
0,0,0.09763028958532663
0,0,0.027796909223132608
1,1,0.8874081213052053
1,0,0.25786050407076466
0,0,0.009957155052124824
0,0,0.01794272603073887
0,0,0.015600179253190993
0,0,0.0339552786143302
0,0,0.0071260880809706105
1,1,0.9861712085097335
1,1,0.9998263631282537
0,0,0.03942328254251722
0,0,0.031152379513979936
0,0,0.01222246149030253
0,0,0.031186527406469967
0,0,0.03250400796321723
0,0,0.0393287682619254
0,0,0.04164854831749502
1,1,0.9988366383871147
0,0,0.044100383661353125
0,0,0.033319167480420506
0,0,0.01711411860481685
1,1,0.9990310400577876
0,0,0.01782517234786049
1,1,0.6601263190336886
0,0,0.08414530845750773
0,0,0.02460944530509347
0,0,0.026432887687656448
0,0,0.017801683223330256
0,0,0.016358555810360602
1,0,0.1663575945533913
0,0,0.03711737814634527
1,1,0.9685159773790211
0,0,0.04945502588866036
0,0,0.012729324627540856
1,1,0.9991663700592893
0,0,0.09750301885376088
0,0,0.04888703147685349
1,1,0.9989593619273286
0,0,0.015865675659066557
0,0,0.0484391365083762
0,1,0.7040520828626335
1,1,0.9989758153064101
0,1,0.8203240857314513
1,1,0.9999148604696576
0,0,0.03577171238375481
0,0,0.04131248934108616
0,0,0.007775488727383495
0,0,0.03671101552528506
0,0,0.16317001136103992
0,0,0.02343178159153438
0,0,0.011572286123977853
0,0,0.045848412650754455
0,0,0.030654373291998927
1,1,0.999684993614082
0,0,0.01811508368712406
1,1,0.9993606558301273
0,0,0.009398695299757818
0,0,0.038318335742687
0,0,0.019122691840053704
0,0,0.02118053894482704
0,0,0.05606375112248701
0,0,0.015511663761747778
0,0,0.01745200030208217
1,1,0.7424730748916553
0,0,0.06210432842626301
1,0,0.05674460453552478
0,0,0.038145341320513705
0,0,0.020434399065026566
0,0,0.11852268195369435
0,0,0.016702244785750536
0,0,0.010499188732614429
0,1,0.8811551649383069
0,0,0.020517843409387518
0,0,0.03809840675206469
0,0,0.026770307251040106
0,0,0.016588386944631762
0,0,0.009898470599349951
0,0,0.09662462094920476
0,0,0.05451011829072668
1,1,0.9997213421786647
0,0,0.005705727457770315
0,0,0.011863577182150798
0,1,0.8609974434127236
0,0,0.011677350424904946
0,0,0.017528388473541903
0,0,0.04979083918885333
0,0,0.040467577750450845
1,1,0.8678119497668617
0,0,0.030220341222314318
0,0,0.009988096771278304
1,1,0.6861700418199776
1,1,0.9993606558301273
0,0,0.03863086037143328
0,0,0.04190600945004019
1,1,0.9790118346412872
1,1,0.8364373120348264
1,1,0.9997785212721125
1,1,0.8703927526078326
0,0,0.02151405488853216
0,0,0.02780493392352453
1,0,0.21367936482967037
0,0,0.009031393311643408
0,0,0.027876317091862095
0,0,0.022466470247346815
0,0,0.014920342286217867
0,0,0.007327520008580955
0,0,0.014043175220409213
0,0,0.061476992603203405
0,0,0.015556886732044984
1,1,0.9993647996124165
0,0,0.049344543628497384
0,0,0.2437978997332508
0,0,0.015072467996091684
0,0,0.013190855738176181
0,0,0.015147147024935567
0,0,0.04405708634525126
0,0,0.011295466065962418
0,0,0.008910599558583652
0,0,0.022516742841362233
0,0,0.06611516055814211
0,0,0.022219950173919308
0,0,0.013888339898321634
0,0,0.026700017415788063
0,0,0.013163551501878817
0,0,0.009933099263717021
0,0,0.040067086097048565
0,0,0.03786472967003174
0,0,0.030988629028799616
0,0,0.05715839762497558
0,0,0.033122839666007445
0,0,0.01353045037488692
0,0,0.028257354251094585
0,0,0.032185807093701155
0,0,0.025173594836107697
0,0,0.03642840624802012
0,0,0.020973016974150355
1,1,0.6659110087167952
0,0,0.04739485608674273
1,1,0.9999351330690005
0,0,0.013084519053109355
0,0,0.0122125209986771
0,0,0.00892336891456775
0,0,0.008765485916987009
1,1,0.9995654103578102
0,0,0.006827947762019967
0,0,0.02455481260471342
0,0,0.01897375654079991
1,1,0.9989999998312534
0,0,0.04776058025573829
0,0,0.041732245518101924
0,0,0.04234992717780401
0,0,0.025579109503433138
1,1,0.9987204278630832
1,0,0.3128586509548416
0,0,0.03777334484790523
1,1,0.5299540130356999
0,0,0.0760544438693829
1,1,0.7994318341068126
0,0,0.013265724881303505
0,0,0.036721157271180735
0,0,0.05690677114900482
0,0,0.10566418267096334
0,0,0.02455418983138029
0,0,0.009571401806427956
0,0,0.043361124584667045
0,0,0.009109946882950123
0,0,0.15102819828156264
1,1,0.9996792059815424
0,0,0.03007252318419055
1,1,0.9994364124803579
1,1,0.9681566306722593
0,0,0.01803718493811911
1,1,0.9651893653397058
0,0,0.05655023979952543
0,0,0.06014170815458072
0,0,0.03372592744032496
0,0,0.007864940860405085
0,0,0.0390598588716404
0,0,0.039102358379945266
0,0,0.03088348598163495
0,0,0.026480106751768265
0,0,0.013591772915482601
1,1,0.9997223025450243
0,0,0.048841469930393594
0,0,0.049898072060530485
0,0,0.01606749837406407
0,0,0.026429261881713725
1,1,0.7814876442724722
0,0,0.02192395883288389
0,0,0.009505932738778922
0,0,0.04116899587351978
1,1,0.9569263174883568
1,1,0.9574586706657844
0,1,0.5226559277743504
0,0,0.040105932544554135
0,1,0.6745954977571341
0,0,0.30329062680935764
0,0,0.017562931522550156
0,0,0.06937502491524936
0,0,0.020418574640318914
1,1,0.979810573824382
1,1,0.9195858464991563
1,1,0.784445834697835
0,0,0.01548011859036434
0,0,0.018213342681043403
0,0,0.015344478523786663
0,0,0.026974904033866612
0,0,0.0649737976569915
0,0,0.05592395071051193
0,0,0.018683923375044886
0,0,0.04010930807197565
0,0,0.013693266332298596
0,0,0.03663474228867547
0,0,0.03350223997362302
1,1,0.9993064155445943
1,1,0.9573927693440986
1,1,0.9784762755628361
0,0,0.02830825287909221
0,0,0.14227237686482253
0,0,0.022814158898649874
0,0,0.04138678758716772
0,0,0.005869208068246432
1,0,0.41482940072629154
0,0,0.015125872151324707
0,0,0.044671962566946756
0,0,0.013465911319684203
0,0,0.042081175365705464
0,0,0.008095161611231132
0,0,0.01606553179900654
0,0,0.05781391956894672
0,0,0.03655237238232865
0,0,0.039536317310191624
0,0,0.04318675563282656
0,0,0.03797978437353528
1,1,0.9453282179779152
0,0,0.013405540557807238
0,0,0.04437722456323702
0,0,0.029882231015526773
0,0,0.031321961716836114
0,0,0.00987755446883913
0,0,0.01583689035900186
0,0,0.02027238833221984
0,0,0.039373285582521546
0,0,0.01622811247134177
0,0,0.01836490783474429
0,0,0.033131796840519236
0,0,0.04070037703997331
1,1,0.9995242366985301
0,0,0.030952643757005828
0,0,0.038600956898775705
0,0,0.01732546435838428
0,0,0.0379057536322186
0,0,0.38676993960501327
0,0,0.03899329648899236
0,0,0.014430659832306469
0,0,0.01835762972243711
0,0,0.042686942194228486
0,0,0.021637597489676554
0,0,0.0123849545183653
0,0,0.03147928374052567
1,1,0.9796600478924214
0,0,0.010088630924908911
0,0,0.017146719074141555
0,0,0.03651117809510772
0,0,0.018491801424341127
0,0,0.03902937849926251
0,0,0.00989295993585226
0,0,0.03209241576909371
0,0,0.006933343291931743
0,0,0.03570886282990442
0,0,0.011208992526795435
0,0,0.027472900086189307
0,0,0.03023937898199087
0,0,0.027914314546394262
0,0,0.022310913278390673
0,0,0.02572674020712059
1,1,0.9626662753282077
1,1,0.8563252190728208
0,0,0.05233896255455287
1,1,0.9986545583403008
0,0,0.007068291593594222
0,0,0.02121284039836698
0,0,0.04705925087180305
1,0,0.11737842277859573
0,0,0.02432718320916106
0,0,0.01644918728820217
0,0,0.006604087464390093
1,1,0.9991995757592281
0,0,0.013642196701412092
0,0,0.01885647709716772
1,1,0.9887584317531816
0,0,0.04185105034732443
0,0,0.49324138556586317
0,0,0.014133642807379056
0,0,0.05041239469346569
0,0,0.04327764129851942
0,1,0.8138331039903491
0,0,0.018844648885605785
0,0,0.021631395228644303
0,0,0.05266573583536842
0,0,0.025558068546703963
0,0,0.010701258807869011
0,0,0.20008266441523948
0,0,0.01862627469258724
0,0,0.0066966105775350185
0,0,0.04454268907536609
0,0,0.00711135882831155
1,1,0.9748699357439697
0,0,0.07473099891046081
0,0,0.011734621734247481
0,0,0.04686469055553479
0,0,0.05649838731920598
0,0,0.04789427940069021
1,1,0.9496475918280095
0,0,0.02493267152474307
0,0,0.03390855217919379
0,0,0.023486240740023964
0,0,0.04268462561776316
0,0,0.03231524420924276
1,1,0.9998079061809464
0,0,0.049241097459654194
0,0,0.020820862693953605
0,0,0.0663919122941588
0,0,0.06961004867629214
0,0,0.014171349749269667
0,0,0.019851623273184852
0,0,0.030815806607686663
0,0,0.03063134275888055
0,0,0.015721667824472516
0,0,0.041389967567586616
0,0,0.013966759585963155
0,0,0.03150538451042805
0,0,0.026659433865023785
0,0,0.011621175106108782
0,0,0.020572426855516263
1,0,0.4887689489783273
0,0,0.010541601781099643
0,0,0.09856716086990515
0,0,0.04810749477804985
0,0,0.035819919870468765
0,0,0.07609676651268328
0,0,0.010959781306833394
0,0,0.01726288768988732
0,0,0.022940350983122144
0,0,0.013741861039057368
1,0,0.05265745393792595
0,0,0.03946240261644885
0,0,0.008105876809137621
0,0,0.01885281876609612
0,0,0.015433984878878138
0,0,0.0181038828736225
0,0,0.030912019969254013
0,0,0.03398650184214769
0,0,0.04474215252462319
0,0,0.01279688116498235
0,0,0.03157385971309347
0,0,0.0652119806233241
0,0,0.009933528875132379
0,0,0.011812720403284025
0,0,0.06254633707278934
0,0,0.03680799400196861
1,1,0.999872876904911
0,0,0.004506017268604162
1,1,0.9589509571894633
0,0,0.02624555810224864
0,0,0.009579740727004836
0,1,0.7052989237284157
1,0,0.4356949149593935
0,0,0.011369613135294575
0,0,0.048516228753954546
0,0,0.013359393280252733
0,0,0.029066886334077204
0,0,0.04915573108825451
1,1,0.9993036946722026
1,1,0.9988110011133465
1,1,0.9986007351071807
0,0,0.012091922372232843
0,0,0.03835477483393628
0,0,0.01621580406600377
1,1,0.9998204150649468
1,0,0.042366502318749485
0,0,0.007518768584138835
0,0,0.034785015977367294
0,0,0.014004376493302408
0,0,0.055235757984836695
0,0,0.07872350886773373
0,0,0.025086686496485957
1,1,0.5576861796572127
0,0,0.011407864101995022
0,0,0.02966536614624908
0,0,0.04293172837282646
1,1,0.9995475170038626
0,0,0.49795912467204406
1,1,0.9598366191156669
0,0,0.03267337353733958
0,0,0.04347153632213918
0,0,0.025514204742388403
0,0,0.03657434245313514
0,0,0.021025554124192478
0,0,0.01882814268704261
0,0,0.039490126447642084
0,0,0.0242482339328833
0,0,0.021772927506211074
1,1,0.7457314143067484
1,1,0.9996327258283382
1,1,0.9987464502687983
0,0,0.03359587946542378
1,1,0.9998323993829523
0,0,0.05092170005062596
0,0,0.03303796779301599
0,0,0.02578386258459601
0,0,0.03578331171375314
1,0,0.3522122208717933
0,0,0.028903276129844217
1,1,0.9994364124803579
0,0,0.016291358817989744
0,0,0.038390502961358194
0,0,0.020969731428261924
0,0,0.006245119697941319
0,0,0.03567249914699085
1,1,0.98953346263371
1,1,0.9672496335689572
0,0,0.015637589630929292
0,0,0.019415105150808666
0,0,0.04384560649107463
0,0,0.010267576099027854
0,0,0.005815250738746281
0,0,0.017317650492823806
0,0,0.02472938699943604
1,1,0.99926596897631
0,0,0.045942183131222426
1,1,0.9440502545905207
0,0,0.007079597464102397
0,0,0.0339178166828727
0,0,0.010528557596950594
0,0,0.07237262529778654
0,0,0.025300411292415757
0,0,0.025274015229318485
1,1,0.9128215874056965
0,0,0.02029496332289147
0,0,0.03163483854850418
0,0,0.01928627632091624
0,0,0.04659218716961583
0,0,0.012120064374711633
0,0,0.028775114151096882
0,0,0.013826135543222694
0,0,0.01726078427522661
0,0,0.019110938148783046
0,0,0.017912529046366216
0,0,0.0440711988882524
0,0,0.014674100694578562
0,0,0.025048163683489475
0,0,0.022322908393826273
0,0,0.03441733087215001
0,0,0.004420779822822432
0,0,0.012312452885670396
0,0,0.008637467793945737
0,0,0.032289713304785896
0,0,0.007138273489999747
0,0,0.012497142938830677
0,0,0.037031994949883906
0,0,0.028895518388185576
0,0,0.030251816166970202
1,0,0.29003105026182185
0,0,0.03662689023700744
1,1,0.9994629070057528
0,0,0.02525691502199288
0,0,0.041185123743288095
0,0,0.006729889043772549
0,0,0.010236952485390041
1,1,0.998580778915494
0,0,0.039337546719414945
1,1,0.9848535554146156
0,0,0.015666244837048676
0,0,0.057866675624695905
0,0,0.06425716707416679
0,0,0.03315337783759898
0,0,0.016160404005155355
0,0,0.06198157879784972
0,0,0.012239110195857878
0,0,0.045895262138301175
1,1,0.827969825337767
0,0,0.010961052299264367
0,1,0.6050049087691299
0,0,0.10052617667179731
0,0,0.024357845301280153
0,0,0.03985594366367109
0,0,0.0237412261095223
0,0,0.031064931075004087
0,0,0.02195646810668158
0,0,0.05321348299424735
1,1,0.9570272190940429
0,0,0.039968953460053525
0,0,0.03052182540980644
1,0,0.4107423686139251
0,0,0.023591564626546668
1,1,0.998668607690163
0,0,0.06607892319555812
0,0,0.03896755510032698
1,1,0.7290493973055483
0,0,0.03527869050283822
0,0,0.009451029486887417
1,1,0.9995562017584836
0,0,0.006120663972921477
0,0,0.03141264415123566
0,0,0.04462195809116383
0,0,0.04159480660629112
0,0,0.04370609968709544
0,0,0.0090879890389518
0,0,0.0759952244404685
0,0,0.03911083779306824
0,0,0.010977522052335502
0,0,0.004629383930939551
0,0,0.051355282491775935
0,0,0.014428154540956101
0,0,0.02780243497386428
0,0,0.008107590443484709
1,0,0.024644007998484808
0,0,0.014080111641975616
0,0,0.04270166130032254
0,0,0.021252396169655532
0,0,0.0635502338620768
0,0,0.027294605669615345
0,0,0.018566436520030434
0,0,0.037576306817013294
0,0,0.033751118091838554
0,0,0.029878168163622366
0,0,0.03398447637697801
1,0,0.08823864465692355
0,0,0.026198241368554635
0,0,0.03738434040786802
0,0,0.040329925417099344
1,1,0.9680478515896219
0,0,0.04537346303451297
0,0,0.016413086534125744
0,0,0.024876041983668735
0,0,0.01826232975357112
1,1,0.9212568360820096
0,0,0.049559190286866915
0,0,0.020156451490227576
0,0,0.04595883558240911
1,1,0.8177999385170793
0,0,0.05956506893671147
0,0,0.033007621973892495
1,1,0.998025424973846
0,0,0.0541954998937658
0,0,0.017044775806155578
0,0,0.05546832793817225
1,1,0.9846041790843565
1,0,0.02891183153007608
0,0,0.038588603114973696
0,0,0.04007332000708567
0,0,0.020077945433442986
0,0,0.01387902286881115
0,0,0.01603049843771151
0,0,0.16938457923195385
0,0,0.021543063971418846
0,0,0.06213030515830027
0,0,0.022802659265882413
0,0,0.011229773610246865
0,0,0.025678495492346458
0,0,0.333635354218441
1,1,0.9999195142779644
0,0,0.007078142595605364
0,0,0.01957447414237221
0,0,0.030590830038424072
0,0,0.03687200983731911
0,0,0.015480635508983846
1,1,0.9998418421640282
1,1,0.9991794769756488
1,1,0.9984201873773962
0,0,0.03409954765657943
0,0,0.03135706720844995
0,0,0.06996244858068983
0,0,0.030102010205934882
0,0,0.06065217124971235
0,0,0.02168745235425512
0,0,0.013740454670051059
0,0,0.050459683660509465
0,0,0.035490820665258944
0,0,0.030086472104882873
0,0,0.008595664704597042
0,0,0.013840573416302
0,0,0.01304537047806427
0,0,0.023301166542925383
1,1,0.9998093464300739
0,0,0.06129922653183827
0,0,0.017111737919659684
1,1,0.9995106164162275
0,0,0.11342308412363628
0,0,0.0077415674564224575
0,0,0.05011759189379438
0,0,0.017109732126768074
0,0,0.031812384547408944
0,0,0.035069626985072225
1,1,0.9051262303959327
0,0,0.02515978864108952
1,1,0.9997819962953767
0,0,0.04779519367871005
0,0,0.010452785972042347
0,0,0.04311945974199871
0,0,0.019416935903977285
0,0,0.029550115106069866
0,1,0.7165190365481844
0,0,0.02983665518596035
0,0,0.0362841651877159
0,0,0.009554850596150253
0,0,0.021196687867389256
1,1,0.997590695123487
1,1,0.9993145466604415
0,0,0.04590963912266693
1,1,0.763553378934558
0,0,0.020798555823129856
1,1,0.9733017421712025
1,1,0.9997681740355292
0,0,0.03964844329606574
0,0,0.03184458489598177
0,0,0.018621604347311478
0,0,0.008640287725327184
1,1,0.5507946109280786
0,0,0.03950528783839241
0,0,0.052800804298469464
0,0,0.0373889362382328
0,0,0.007963772660641116
0,0,0.05582307180893551
0,0,0.014447173856096552
1,1,0.9974710273178985
0,0,0.014873702955161015
1,1,0.9998146616157987
0,0,0.01989016488330411
1,1,0.8586141087259156
1,1,0.7770339368724138
0,0,0.01948693631567396
0,0,0.043087854278351136
0,0,0.04357737525901476
0,0,0.021105805905545547
0,0,0.04407964271325438
0,0,0.018852406230308316
0,0,0.025585837891357092
0,0,0.012463661050440316
0,0,0.04142929060712677
0,0,0.016633633879540737
1,1,0.9218197231813262
1,1,0.9054356456558104
0,0,0.04999329858548449
0,0,0.019059190200137847
0,0,0.015546612354283468
0,0,0.015202227501352274
0,0,0.016335033751230674
0,0,0.0110020442976463
1,1,0.9989801557778091
0,0,0.015203056493184668
1,1,0.9983744721026622
0,0,0.016579068011646186
0,0,0.02941455762043613
0,0,0.02602531222801799
0,0,0.035175947174934996
0,1,0.5050654079065678
0,0,0.11506852163844247
0,0,0.06799994219598458
0,0,0.026491997717882743
0,0,0.034868832097559734
0,0,0.010067894120703903
0,0,0.01075753495610423
0,0,0.020820862693953605
0,0,0.008263078236757149
0,0,0.027122987878611112
0,0,0.011427509250863827
0,0,0.03706258605869107
1,1,0.8514317230858607
0,0,0.04055707508404326
0,0,0.01588286988151625
0,0,0.017787271768096274
0,0,0.015660017101233013
0,0,0.011686075418191092
0,0,0.014009710527122715
0,0,0.03160779559408827
0,0,0.05803220990487031
0,0,0.031169350048885196
0,1,0.6947888329710135
0,0,0.0757315107451162
0,0,0.030045666233851406
0,0,0.042131178879686745
0,0,0.013380405358360915
0,0,0.010038412421074495
0,0,0.08973745007907423
0,0,0.03519796806759201
0,0,0.019403255755993828
0,0,0.015639603300065957
1,1,0.9988095738197947
0,0,0.02926830134514133
0,0,0.010343223123127358
0,0,0.02905466482281925
0,0,0.01693461280730325
0,0,0.039292414308725654
0,0,0.015285470628491754
0,0,0.008732073822908314
0,0,0.025786068847082275
0,0,0.030009284213498272
0,0,0.007706071338269012
0,0,0.04788808547885345
0,0,0.044193762425980054
1,1,0.5877921663485879
0,0,0.04069914706200814
0,0,0.03511712750756834
1,1,0.9993298624585307
0,0,0.050714428633287796
0,0,0.03644764557234661
0,0,0.018237249284005785
1,1,0.9998650395236737
0,0,0.04042460468945455
0,0,0.05184551660109087
0,0,0.04975640748525588
0,0,0.017486241837101433
0,0,0.031746289616348754
0,0,0.04021379531383025
0,0,0.11685409503971808
0,0,0.01658982342995605
0,0,0.05003340910219224
0,0,0.036648548571152705
0,0,0.11673075835347983
0,0,0.021696539854680168
1,1,0.9784925613922101
0,0,0.04812819959222552
0,0,0.021144975566116084
1,1,0.9997168276742251
1,1,0.9970168821276431
0,0,0.028843509248477804
0,0,0.017497570440690512
1,0,0.36547190568065396
1,1,0.9998808912885732
0,0,0.015913226647545495
0,0,0.010843418238165297
0,0,0.031211415799817996
1,1,0.9996787276154011
0,0,0.02782408535428976
0,0,0.07555448273386732
0,0,0.04994933036350481
0,0,0.22907583649727775
0,0,0.022477902990558473
0,0,0.021399469600827743
0,0,0.019379635270316036
0,0,0.027238240025920908
1,1,0.6317325671425902
0,0,0.023622239229975684
1,1,0.9991585590293734
0,0,0.023682759420902644
1,1,0.998961305121252
0,0,0.03492048736421343
0,0,0.05029665640914065
0,0,0.04148513059551742
0,0,0.029284961386557933
0,0,0.01164221458471816
0,0,0.027720484290028703
0,0,0.013049946155381433
1,1,0.5714489689376536
0,0,0.016478943118489256
0,0,0.034928725727985444
1,1,0.8596840663950825
0,0,0.01406121084943939
0,1,0.6978046556806885
0,0,0.010724528125992039
0,0,0.014976673545991718
0,0,0.01837633629283105
1,1,0.9811677620464594
0,0,0.014733522919737313
0,0,0.016897176119246307
1,0,0.40697076344146776
0,0,0.21068243385938135
0,0,0.029090116724330584
0,0,0.007560064419274392
0,0,0.060918340767993615
1,1,0.9997685000247687
0,0,0.0652764743098164
0,0,0.021696428740685034
0,0,0.0420636238990703
0,0,0.12735791878502972
0,0,0.002768278458195144
0,0,0.09777371372813604
0,0,0.03203747635634543
0,0,0.013025491514018004
1,1,0.9990296945020528
1,0,0.3508474167601513
0,0,0.03996169557019817
1,1,0.995311344898175
1,1,0.9993496163383921
1,1,0.9999212379463099
1,1,0.9996574793725176
0,0,0.05477971860137236
0,0,0.04550563127810774
1,1,0.9695957875033023
0,0,0.021874119038674828
0,0,0.045003337423168324
0,0,0.009832774907084035
0,0,0.013012171958691587
0,0,0.023678468072047786
0,0,0.039750360291427825
0,0,0.013693198293367737
0,0,0.056873114684732363
0,0,0.008946619792266993
0,0,0.02843398475019704
0,0,0.012037806301449657
0,0,0.06607892319555812
0,0,0.03955316654277318
0,0,0.03010881177740562
0,0,0.03944699359412117
0,0,0.017451071164861356
0,0,0.01769069061898107
0,0,0.00977054645406907
1,1,0.9997266293518131
1,0,0.08438036029277392
0,0,0.019839241974713498
0,0,0.040112957375885765
1,1,0.9996798323826681
1,0,0.34202592281068017
0,0,0.015371813964637333
0,0,0.00874362099578465
0,0,0.017888866116127226
0,0,0.03781344496100683
1,1,0.9995193325193101
0,0,0.013084519053109355
0,0,0.026610886042663998
0,0,0.029807814291963466
0,0,0.007971330096209699
1,1,0.9993298624585307
0,0,0.01902421924634157
1,1,0.9991631030065166
1,0,0.40236718475589617
0,0,0.02950056872395734
0,0,0.0062264782762645405
0,0,0.029860735472783267
1,1,0.9782358631235956
0,0,0.0681641937467912
1,0,0.07496591645663134
0,0,0.034197545222849825
0,0,0.021652257073654833
0,0,0.11481374221922044
0,0,0.04979102127402839
0,0,0.03287626402168031
0,0,0.06274111678599541
0,0,0.02936955077529692
1,1,0.9983206221255568
0,0,0.10181773433819664
0,0,0.05761181075776707
1,1,0.9998624801023176
0,0,0.035894029505145995
0,0,0.03753433306630406
0,0,0.019433684516857765
0,0,0.040342448020823846
0,0,0.028701003572499963
0,0,0.01382868202820217
0,0,0.007357772592521346
0,0,0.02890816127330221
0,0,0.08854683171876726
1,1,0.9998087537288061
0,0,0.009493907460965397
0,0,0.020140003481186938
1,1,0.999822387126979
1,1,0.9989581703843813
0,0,0.0400032659748122
0,0,0.04346515277069094
0,0,0.013882951401231464
0,0,0.010560257264130877
1,1,0.9861611472619024
0,0,0.03796461041109708
1,1,0.8327504396818909
0,0,0.014365686229420931
0,0,0.019203018596727357
1,1,0.957710443204448
1,1,0.9993647996124165
1,1,0.9921516472124029
0,0,0.0427022360813145
1,1,0.9654470650025287
0,0,0.019568984000156917
0,0,0.04753946399795948
0,0,0.029731350647744913
0,0,0.04054987378175445
1,1,0.9587168081812473
0,0,0.04114112336900529
0,0,0.09132255062594777
1,1,0.998267170796037
0,0,0.04902798345167966
1,1,0.8713748728735983
0,0,0.01777498400708887
0,0,0.03837546086248955
0,0,0.024147727604664514
0,0,0.011395480607546127
0,0,0.0076343835703307295
1,1,0.9583556785862811
0,0,0.03106980487241683
0,0,0.03320461114140124
0,0,0.04295335415295367
0,0,0.019797226582246735
0,0,0.016773087927297172
1,1,0.9991153513504807
0,0,0.10693071048683295
0,0,0.32681153806707086
0,0,0.015153540938167115
1,1,0.964099199664514
0,0,0.01423631341507508
0,0,0.033983568401830644
0,0,0.055023823386721286
0,0,0.02888306503792768
0,0,0.018056740542088556
1,1,0.9977150034786393
1,1,0.8001445513614422
0,0,0.01597070453614212
1,0,0.09156187785847959
1,0,0.03742402885526245
0,0,0.016472892168117818
1,1,0.7515655663586703
0,0,0.005442050849394723
0,0,0.02995095493738763
1,0,0.14238059035085437
0,0,0.037812897947055
1,1,0.9978919216337302
0,0,0.016250130433829252
0,0,0.014941706740306518
0,0,0.01910205229264475
0,0,0.01448232534051611
0,0,0.01678549283458632
0,0,0.0165669658962425
0,0,0.015050512514451924
0,0,0.015544959657616129
0,0,0.04928452143988697
1,1,0.9996258665145307
0,0,0.02173855988447257
1,1,0.9806398335875233
0,0,0.03794801398361354
0,0,0.04208879616982481
0,0,0.012661545570634404
0,0,0.015849704382209017
0,0,0.006183962000022205
0,0,0.03209521459976962
0,0,0.005981942524200097
0,0,0.014431177289990306
1,1,0.9780925766944489
0,0,0.035837681841891754
0,0,0.016188764440820867
0,0,0.016670195875595747
0,0,0.017654840900420056
0,0,0.012146583825834641
0,0,0.012995210175605459
0,0,0.045446827418303665
0,0,0.023797169063171097
0,0,0.16065837660550183
0,0,0.015394389725528191
0,0,0.06816462210905526
0,0,0.1663611493219683
0,0,0.01810541012804599
0,0,0.015552165619539683
0,0,0.02419209262536255
0,0,0.04353671575901153
0,0,0.021130175893024763
0,0,0.024548832045078923
0,0,0.010082191667330867
0,0,0.06580945508847655
0,0,0.022871818087012583
0,0,0.03939553009539742
0,0,0.020300146161913002
0,0,0.032481994167032874
0,0,0.013334291874609014
0,0,0.03107033705730453
1,1,0.973627302093199
0,0,0.07340439882024205
0,0,0.009536334179589743
1,1,0.9993298624585307
0,0,0.03840837747914246
0,0,0.133351854493461
0,1,0.8608566362315406
0,0,0.02118062889078527
0,0,0.00900947942194305
0,0,0.037344980906954275
0,0,0.023455793031531252
1,1,0.9991800217802658
1,1,0.7045492719855834
1,1,0.9992629585938704
0,0,0.04887796227468862
0,0,0.021966184510020602
0,0,0.04915573108825451
1,1,0.9074365277229627
0,0,0.1273123125760962
0,0,0.025424732234358236
1,0,0.03886912395628643
1,1,0.9978920927676225
0,0,0.017419254315778777
0,0,0.005489643959322306
0,0,0.04087669678221149
0,0,0.025849825216860148
0,0,0.053869598482835915
1,0,0.3303355015626645
1,1,0.9841082523330615
0,0,0.005535203342008068
0,0,0.03181101932905248
0,0,0.031665134458911795
0,0,0.031634923632038646
0,0,0.051618119010174816
0,0,0.005447627262178991
0,0,0.011617543240814973
0,0,0.02771297472356148
0,0,0.01294087693571809
1,1,0.9996868606567831
0,0,0.034324594793719014
1,1,0.773941140619448
0,0,0.040725947309994286
0,0,0.02477839342192314
0,0,0.010844354190859403
0,0,0.06588991777492796
0,0,0.02100852379029636
0,0,0.011982888730736175
0,0,0.020075614533464858
0,0,0.019361311671461285
1,1,0.8161744778874529
0,0,0.004563356396962118
0,0,0.01528244748273315
0,0,0.013235712993003029
0,0,0.022159653940307705
0,0,0.051119053161877794
0,0,0.026910240603470994
0,0,0.026400676139476897
1,0,0.4195537932124726
0,0,0.015025821179705195
0,0,0.01092266569855358
0,0,0.05031575991565611
0,0,0.008685649359527337
0,0,0.034138150044683485
0,0,0.027445019856381606
0,0,0.01763800422753516
0,0,0.01614366080246783
0,0,0.06045257235354854
0,0,0.0172106562764013
1,1,0.9623492492840563
0,0,0.041520993094631926
0,0,0.03569005499676969
0,0,0.007023950801951235
0,0,0.06994083639763071
0,0,0.011070532057492324
0,0,0.042214212837174976
0,0,0.037872887315980985
1,1,0.9993250974580652
0,0,0.021853764419036307
1,1,0.9633969285329934
1,1,0.9840263978076516
0,0,0.03476638891990305
0,0,0.009133907400069499
0,0,0.0438008234987131
0,0,0.031025470099382908
0,0,0.018908401112012606
0,0,0.023652239876359962
0,0,0.020306392693884876
1,1,0.795503334485202
1,1,0.7543947042548265
0,0,0.024331547993655934
0,0,0.008752581298227211
0,0,0.03703681513166258
0,0,0.011442685133930961
0,0,0.038795705916517875
0,0,0.012887386201230965
0,0,0.016187818700595397
0,0,0.02399972176507951
0,0,0.04144566228706965
0,0,0.23815408282957676
0,0,0.034015376614010266
0,0,0.028956861149385865
0,0,0.05681385885700366
0,0,0.02435241388962132
1,1,0.9998853580180499
0,0,0.02759371115667375
0,0,0.0357582689242598
0,0,0.01755661942084463
0,0,0.017269785188832643
0,0,0.02474958869534209
0,0,0.019251571894936925
0,0,0.04936367130346373
1,0,0.061287894123636596
0,0,0.02587265528764046
0,0,0.016444709115937636
1,1,0.9722647289279186
0,0,0.02719475865588199
0,0,0.035648886614238186
0,0,0.017972362367463527
1,0,0.03818143438931031
0,0,0.021677535877323784
0,0,0.028671895055130014
0,0,0.024175240857219518
0,0,0.021080226577772837
0,0,0.030096486218053928
0,0,0.03738500644407931
0,0,0.019541744672565847
0,0,0.017018831996938755
0,0,0.016679311126943968
0,0,0.2218481351594769
0,0,0.0809777398491239
1,0,0.08223702093491213
0,0,0.02927636124544604
0,0,0.025222210952081228
0,0,0.01262424745677358
1,1,0.9825170797249777
0,0,0.05134710492802502
0,0,0.03014209267257319
0,0,0.014758928459673306
0,0,0.024050976766173366
0,0,0.02882373492565732
0,0,0.03389945956857069
0,0,0.015532911954117882
0,1,0.5320200920868265
0,0,0.015985881689286864
0,0,0.010016386545225112
0,0,0.03253472158057192
0,0,0.03537200641584066
0,0,0.10795703421927823
1,1,0.9012397781355235
0,0,0.01424642516171506
0,0,0.03842286986296091
0,0,0.04446001084918222
1,1,0.9172783719188554
0,0,0.015910044422990932
0,0,0.015168712281777108
0,0,0.09054844410472405
0,0,0.036664218763327205
1,1,0.9572495473823964
0,0,0.039821086411946024
0,0,0.015124110889755123
0,0,0.10886435848475516
0,0,0.024084836169033636
0,0,0.016420089205582116
0,0,0.04248376460592272
1,1,0.9998967744076441
1,0,0.13520891204273583
0,0,0.01670890654323842
0,0,0.03971887641921601
0,0,0.04882628445010175
1,0,0.0764640039029628
0,0,0.42122022200842235
1,1,0.9998620794990853
0,0,0.03245172706465782
0,0,0.015562997402096785
0,0,0.01878243909624827
0,0,0.03241642318660989
0,0,0.02278321987026656
0,0,0.022261236034003585
0,0,0.02396994371550928
0,0,0.07809020504453333
0,0,0.027923201984460227
0,0,0.041276861350181146
0,0,0.01964015968114278
1,1,0.7760265608233876
0,0,0.03299364381364927
0,0,0.024484992255289467
0,0,0.022423371639404055
0,0,0.042574779185872824
1,1,0.9996557873413929
0,0,0.009019668947941706
0,0,0.0130476275871659
0,0,0.021583345086593916
0,0,0.015211405129267656
0,0,0.020960478480071248
0,0,0.026171549482773154
0,0,0.023488408127711996
0,0,0.04264118514186633
0,0,0.0049742838595496055
0,0,0.025234127487096632
0,0,0.03300008936600686
0,0,0.1352534428120577
0,0,0.016602941988249215
0,0,0.01582031363191692
0,0,0.014937239824880103
0,0,0.01096587899415463
0,0,0.011240362997674782
0,0,0.03279363730824984
0,0,0.02108029094342831
0,0,0.02095209940850043
0,0,0.024365251634579893
0,0,0.025913441893148478
0,0,0.010564209351019127
0,0,0.018086550473188644
1,1,0.9995529235736853
0,0,0.05082625067058324
0,0,0.03488430240944744
1,1,0.9671124825597377
0,0,0.049289580316499895
1,1,0.9977449672636572
0,0,0.031532863437437844
0,0,0.01692466377826932
0,0,0.0149641847110602
1,1,0.98953346263371
0,1,0.8011768430236071
0,0,0.08461532578126638
0,0,0.02626214714732074
0,0,0.021564913143740493
1,1,0.8644310394858761
1,0,0.40731609731266594
0,0,0.007723026630148184
0,0,0.03042529933774008
0,0,0.011271286765335672
0,0,0.03245172706465782
0,0,0.019294155632221092
0,0,0.046039281137965626
0,0,0.015763624397314047
0,0,0.024071056141265423
0,0,0.013832245390448328
1,1,0.9999476722655727
0,0,0.03985378916193374
0,0,0.01898038896309662
1,1,0.9986060396399239
0,0,0.052386926445881395
0,1,0.5018602951106367
0,0,0.04065289772619733
0,0,0.01860687227530978
0,0,0.03466178531335241
0,0,0.04426815820882097
0,0,0.03510785051656494
0,0,0.15658177662740178
0,0,0.018084335728958807
0,0,0.04975640748525588
0,0,0.013738554845026051
0,0,0.04000787373934148
0,0,0.012751053431184328
0,0,0.011530984402658127
0,0,0.03298730417553044
0,0,0.016813099620996946
0,0,0.01849871967182661
1,0,0.05786154808687113
0,0,0.033967848210231195
0,0,0.037480553331416144
0,0,0.022341266755593676
1,0,0.45698098121401454
0,0,0.034886364663423056
0,0,0.014874573654726988
0,0,0.05968935684088186
0,0,0.026545984761536676
0,0,0.04471710333271982
0,0,0.018689113733614624
0,0,0.03551591994510966
0,0,0.0318428277821046
1,0,0.23717219779674198
1,1,0.9989703346809422
0,0,0.02982669761232875
0,0,0.0387776126163208
0,0,0.11660137673120424
0,0,0.039870367094235304
0,0,0.03754988555209075
0,0,0.03277758633752437
0,0,0.04039668484023283
1,1,0.9996537533884867
0,0,0.017694367882461454
0,0,0.04267697644977317
1,1,0.9803105935128876
0,0,0.04219204258798061
0,0,0.03475253325551558
0,0,0.017096926974124498
0,0,0.03345012241926914
0,0,0.03804667935247786
0,0,0.13282825572779786
0,0,0.023235735696788197
0,0,0.09249007582261685
0,0,0.04868961978392968
1,1,0.9993606558301273
0,0,0.014445764053105744
1,1,0.9737545488660431
0,0,0.1317912172078579
0,0,0.033171270441115515
0,0,0.008723758480797287
0,0,0.009790624890615569
0,0,0.03263671440706583
0,0,0.02086435954043894
0,0,0.0659998291548402
0,0,0.017497318635442207
0,0,0.04653420320154902
0,0,0.023843807567420792
0,0,0.06966349182412068
0,0,0.015606086103777573
0,0,0.05022666278934281
0,0,0.016936709028351198
0,0,0.02420663871681562
0,0,0.019471445834761434
1,1,0.9978806135325493
1,1,0.9997213421786647
1,1,0.808434319245306
0,0,0.040298861144478136
0,1,0.5218118673562097
0,0,0.039787670439005676
0,0,0.03942521692812371
1,1,0.9995950948026164
0,0,0.0739453673776124
0,0,0.27337592944660166
0,0,0.03135842767552769
0,0,0.07020752049131967
0,0,0.08033651366195922
0,0,0.012581480792554478
0,0,0.011824649745608175
0,0,0.02268557149210615
0,0,0.007432896531334662
0,0,0.026024085366942357
0,0,0.010788136641535145
0,0,0.021542251711039614
0,0,0.02249913640502255
1,1,0.7694572284159182
0,0,0.0389102156904869
0,0,0.034567366009723564
0,0,0.025157955452378603
0,0,0.01400851978110885
0,0,0.026511123879735324
0,0,0.017164894228054013
0,0,0.026911732281702797
0,0,0.016314928245557962
0,0,0.017479798122394554
1,0,0.037583892308780155
0,0,0.03632632040967704
1,0,0.015271453678810828
0,0,0.024503439288245683
0,0,0.034519737358271296
0,0,0.01861450848804437
0,0,0.010539165988529768
0,0,0.034434917476877276
0,0,0.01714222672640026
0,0,0.0062348983095437405
1,1,0.5716906972365735
1,1,0.9992515988828986
0,0,0.026563834527074788
0,0,0.06728949987162229
1,1,0.9955038898006937
0,0,0.19391277732699566
0,0,0.03865333816541912
0,0,0.0165666272649627
1,1,0.9988580333885484
0,0,0.011871073531547155
0,0,0.022204300275279733
0,0,0.01111561544004828
0,0,0.07424767953498163
0,0,0.01131374475191512
0,0,0.039608319319224615
0,0,0.011520094301473336
0,0,0.034914448757836156
0,0,0.06782103113756838
0,1,0.7756698651847517
0,1,0.6631879872130721
1,1,0.9992625840018493
1,1,0.8985105504935397
1,1,0.9996803439324334
0,0,0.02102910649579417
0,0,0.04334463412593974
0,0,0.017931077684315264
1,1,0.9991444938661479
1,1,0.9611604563066587
0,1,0.567610869170817
0,0,0.03786836718518898
0,0,0.008729041958447143
0,0,0.02407923272428494
0,0,0.020942209727588753
0,0,0.02457934883945074
1,1,0.9993647996124165
0,0,0.010003661551428678
1,1,0.6990625741193885
1,1,0.9788459882126126
0,0,0.022945248464146896
0,0,0.012299805869481923
0,0,0.03142031424294063
1,1,0.9312011646849294
1,1,0.9997838439597406
0,0,0.17635642057428286
0,0,0.02910852892437792
0,0,0.0563087343872168
0,0,0.040463695379303166
0,0,0.016389536374434154
0,0,0.009033116126713892
0,0,0.04325884475693107
0,0,0.014405612687366457
1,1,0.9999168611980962
0,0,0.02984908198827956
1,1,0.9995420404423656
0,0,0.03924858006973105
0,0,0.055402476103202224
1,0,0.11012345493389343
1,0,0.019310384581058323
1,1,0.6055475182654901
0,0,0.005411391439614707
0,0,0.46619363414956455
0,0,0.008686342876113308
0,0,0.03688836699099782
0,0,0.018643680245405598
0,0,0.0076703059035457336
1,1,0.9797975212227441
0,0,0.011574359032188081
0,0,0.010410132786191328
0,0,0.018486893182830862
0,0,0.0394287506979497
0,0,0.01238627110523289
0,0,0.10116607491513309
0,0,0.029497855332925472
0,0,0.020712016760604277
0,0,0.0440711988882524
0,0,0.035490115419585105
0,0,0.10536186023401761
0,0,0.04824596156034761
1,1,0.9995352459398016
0,0,0.00868718908675129
0,0,0.019382619885405027
1,1,0.8817887980921508
0,0,0.03999120580544323
0,0,0.02508895202787752
0,0,0.18587003174736258
1,0,0.06209473342112415
0,0,0.015627214544220773
0,0,0.022670811133013388
0,0,0.008466149020820381
0,0,0.01437503726521842
1,1,0.9991977344431398
0,0,0.04501243098133722
1,0,0.44202426350836577
0,0,0.009709405027740309
0,0,0.004858865017619695
0,0,0.013479619376473663
0,1,0.7578973383454679
1,1,0.9989100810869738
0,1,0.612294521172901
0,0,0.02477224726036202
0,0,0.018352062643887
0,0,0.10881256096226193
0,0,0.023021907376083207
0,0,0.01920063624630268
0,0,0.025632537405494486
0,0,0.009573713403653702
0,0,0.038079424582918825
0,0,0.014161786380099916
0,0,0.39529506686386007
0,0,0.009884898114848968
0,0,0.03639192953779967
0,0,0.04247305469139199
0,1,0.6484347305077109
0,0,0.0117502277081673
1,1,0.9987314483433772
0,0,0.012887846220454273
0,0,0.041201648897239644
0,0,0.0325716424449567
0,0,0.04037516260003332
0,0,0.012688985503753298
0,0,0.039336367489177605
0,0,0.02357940578929291
0,0,0.042546823557839335
0,0,0.030208070007846286
0,0,0.01027214551037737
1,1,0.9934366475303785
1,1,0.9997299061802342
1,0,0.05735152767966028
0,0,0.019931293135183548
0,0,0.03612822435083529
0,0,0.03627377693680684
0,0,0.028050867786045548
0,0,0.03376535833686902
0,0,0.013709279961648566
0,0,0.035461981186357724
0,0,0.017419653631773297
0,0,0.023488408127711996
0,0,0.016246088959852734
0,0,0.02202598714971415
1,1,0.93889071997316
1,1,0.9979588846924945
0,0,0.09961160673994914
0,0,0.018094700099362274
0,0,0.01297757995317511
0,0,0.04271354074568573
1,1,0.6524325959310632
0,0,0.08869799504439808
0,0,0.09211191475666594
1,0,0.3573305526553303
0,0,0.028405936417827897
0,0,0.045924266141256345
0,0,0.010991170005572698
0,0,0.05751068510601749
0,0,0.03567916554325058
0,0,0.0463597180991161
1,1,0.9998170748608721
0,0,0.011879821405774645
1,0,0.4676625180616233
0,0,0.03330973577337017
0,0,0.018208208421780933
0,0,0.01878810979535867
0,0,0.005803414091471058
0,0,0.02165424249729641
0,0,0.12745881946404788
0,0,0.037448680295250086
0,0,0.00933098420544217
0,0,0.017600453889317334
0,0,0.024400332342064374
1,1,0.8235269580469423
0,0,0.04003510975587819
0,0,0.022785456635397883
0,0,0.04313687768366498
1,0,0.019965976881167365
0,0,0.026053802026383646
0,0,0.055899573489448844
0,0,0.016955253629502138
0,0,0.022951532063410877
0,0,0.02263821826514717
0,0,0.009256575204440317
1,1,0.9769209707470033
0,0,0.017930626903717058
0,0,0.19899619306652694
0,0,0.049939454977680556
0,0,0.011084686457801194
0,0,0.013540048039466757
0,0,0.022477963942745736
0,0,0.029663611633355735
0,0,0.02982431961542299
1,1,0.9991600891234921
0,0,0.053361827552363204
0,0,0.029950499363547597
0,0,0.010018722271741264
0,0,0.0060317030505028
0,0,0.036847336856714874
0,0,0.02115025615806877
0,0,0.033910118200326515
0,0,0.03571589421823995
0,0,0.03301797030467691
0,0,0.009238870509638702
0,0,0.026651065361118564
0,0,0.11193863105333245
1,1,0.9995543186492398
0,0,0.015475071334949884
0,0,0.03139337314445448
0,0,0.008821101490240842
0,0,0.05881106244861885
1,1,0.9997936173795278
0,0,0.23179488847117635
0,0,0.008886405118288171
1,1,0.6240608978635052
0,0,0.014776643667318503
0,0,0.014625157940320014
1,1,0.9998075753074289
0,0,0.035278429906454564
0,0,0.038708631635771706
0,0,0.013803139158484051
0,0,0.017056481157356636
0,0,0.05990267145586062
0,0,0.014504944479565367
0,0,0.018072634511007348
1,1,0.9998399722314832
1,1,0.5504145042814881
0,0,0.03260470424900598
0,0,0.011425138847749379
0,0,0.01974767772301971
0,0,0.05241483431456204
0,1,0.9254380280012281
1,1,0.9993651606339116
0,0,0.01957741001959656
0,0,0.028988018853060005
0,0,0.02479260098555417
0,0,0.06486500397926737
0,0,0.03334661732354702
0,0,0.025909417531840024
0,0,0.07700526798857095
0,0,0.03921193259030318
0,0,0.035409269306440845
0,0,0.011716731803528937
0,0,0.015174017081730405
1,0,0.20209885792438084
1,1,0.9994495105761322
1,1,0.998375543445103
0,0,0.03402124755623289
1,0,0.17965893525387178
0,0,0.0542432160185993
0,0,0.03759524323689488
0,0,0.02241200423869026
0,0,0.04369300885980855
0,0,0.048238470209635495
0,0,0.006139190487372978
0,0,0.007677566502834337
0,0,0.008684672540684646
0,0,0.01310575254484119
0,0,0.052783405671787485
0,0,0.019084363425425493
0,0,0.035822662002361165
0,0,0.010476903246563992
0,0,0.030839111909794863
0,0,0.007698604069745186
0,0,0.031070779625789715
1,1,0.9999303645979696
0,0,0.015597125429272983
1,1,0.768114712304644
0,0,0.009816764795051783
0,1,0.6353858362185554
0,0,0.01606849341559599
0,0,0.029386849855532186
0,0,0.03495439059813601
0,0,0.029203943997968513
0,0,0.008402439723056212
0,0,0.02506939749525927
0,0,0.13066439705753508
0,0,0.006589502723871064
0,0,0.034579374875301175
0,0,0.1334950475506764
0,0,0.007524010685129108
1,1,0.9515700507057141
0,0,0.028421916084343003
0,0,0.00884648365846138
0,0,0.036760019792818885
0,0,0.007084867241559914
0,0,0.02877993251500317
0,0,0.00889196593642293
0,0,0.030191616068241566
0,0,0.01582031363191692
0,0,0.014320825139300861
0,0,0.026712514279428515
1,1,0.9983225838408473
0,0,0.013707253414519161
0,0,0.015949949073225455
0,0,0.026072817866919472
0,0,0.043298466852704005
0,0,0.03318601775165825
0,0,0.08004112374026574
0,0,0.03254869862841675
1,1,0.999707882506357
0,0,0.014585832363943124
0,0,0.030647569822988625
0,0,0.06254633707278934
0,0,0.018495570166080395
0,0,0.021759924129832468
0,0,0.008682675001868572
0,0,0.029243091761799546
0,0,0.014696350863067358
0,0,0.03499303502815515
1,1,0.998863861388013
0,0,0.03700068966805832
1,1,0.9574586706657844
0,0,0.034620023949747274
0,0,0.023423166605692793
0,0,0.013934573867959653
0,0,0.06467115277699746
0,0,0.006854331242126569
0,1,0.9695957875033023
0,0,0.0396463954102901
0,0,0.02671932218401321
0,0,0.03000257999073594
0,0,0.33015504483976554
0,0,0.09718761389434784
1,1,0.9993437078506598
0,0,0.41482940072629154
0,0,0.09261007262265918
0,0,0.05388303828362839
0,0,0.05600244970967237
1,1,0.9579422814614129
0,0,0.019990895277563193
0,0,0.023312399248812416
0,0,0.059420202819508335
0,0,0.09403276725839649
0,0,0.020562486585028933
0,0,0.013460008583529415
0,0,0.03200945769912137
0,0,0.059916841765527515
0,0,0.015116900080144413
0,0,0.019935908581579505
1,0,0.46548388384633266
0,0,0.032450056802843415
1,1,0.992083858928258
1,0,0.028256747439453157
0,0,0.0406443267748644
1,0,0.3211434093476415
0,0,0.0657801247517003
1,1,0.9998504323595838
0,0,0.01633642159489754
0,0,0.03612684563367582
0,0,0.04127653732182621
1,1,0.9999160618229673
0,0,0.018741165991429897
0,0,0.020179912514386215
0,0,0.019720116409737806
1,0,0.04584908306443538
1,1,0.9999009277763018
0,0,0.023901142351987596
0,0,0.01172978140516644
0,0,0.09260695391755999
0,0,0.03711178364615319
0,0,0.03526207222290027
0,0,0.015117805878141963
0,0,0.029383330720426325
0,0,0.15835840519536504
0,0,0.10442818450822455
0,0,0.029534099212730053
0,0,0.04186146191230765
0,0,0.009879801046314939
1,1,0.9992113946154262
0,0,0.008779917444141723
1,0,0.22645200684186326
0,0,0.012643903646794913
0,0,0.014831350629728344
1,0,0.06521161902442445
1,1,0.9996206535145302
1,1,0.8547890600481822
0,0,0.005433423393498903
1,1,0.9991588476328246
0,0,0.024171552862791816
1,1,0.8097147379963006
0,0,0.026310290961236705
0,1,0.8140380300389959
1,1,0.9996998215913498
1,1,0.9998041255508305
0,0,0.022064373345488778
0,0,0.042541415952288955
1,1,0.9994914765820536
0,0,0.009111346194779742
0,0,0.016803965121360284
1,1,0.99822600859944
0,0,0.009712223089548324
0,0,0.01811288160548946
0,0,0.03407669557569606
0,0,0.012152236503492925
0,0,0.05983509906010654
0,0,0.10624162666561757
0,0,0.026459119887473185
0,0,0.01573837248297658
0,0,0.03429208926647929
0,0,0.037191210275613784
0,0,0.01118897579843161
0,0,0.02785559228726415
0,0,0.04939744682661892
0,0,0.03142778450339663
0,0,0.015341020323513966
0,0,0.041014522157735316
0,0,0.022259272593649185
0,0,0.09037228201768208
0,0,0.03658367879813057
0,0,0.042482157539770186
0,0,0.02571516525188269
0,0,0.035576671757474025
0,0,0.015283663156194841
0,0,0.03177412868230939
0,0,0.06463537805372392
0,0,0.014313525421814254
0,0,0.05736603708016819
0,0,0.02068357269174766
1,1,0.9992807270865537
0,0,0.014914243542516147
0,0,0.009527380471730658
0,0,0.022901716188601918
0,0,0.04522255928693629
0,0,0.024053902635934467
0,0,0.032474192484277874
0,0,0.008277955342882268
0,0,0.014289684647673488
0,0,0.23510646788196177
0,0,0.05691208388769937
0,0,0.00588499906997363
0,0,0.011398365122515642
0,0,0.018638043329144437
1,1,0.8878908919445782
1,1,0.9597791888846756
0,0,0.010217501296265308
0,0,0.04378561707970514
0,0,0.03549231135283761
1,1,0.5625629688943018
0,0,0.025882608700720587
0,0,0.012330883852129881
0,0,0.04812819959222552
0,0,0.028497733818222605
1,1,0.9992815203545875
0,0,0.09483339589759288
0,0,0.026299957580952688
0,0,0.016303198080262066
0,0,0.02593740755530487
0,0,0.016777495997660943
0,0,0.017391664088579766
0,0,0.06921221851543388
0,0,0.03191650568944269
1,1,0.999804832143291
0,0,0.05512610970566114
0,0,0.025769368662893057
0,0,0.029889422212006418
1,1,0.7480786982074743
0,0,0.014704381217221452
0,0,0.02913596671395438
0,0,0.012995630223196391
1,1,0.9980748580116312
0,0,0.018859452017601714
0,0,0.01968031804831611
1,1,0.999323591760437
0,0,0.01824599889640252
0,0,0.026679389206571636
0,0,0.008142632101703207
0,0,0.03793443382695968
0,0,0.0418257725392033
1,1,0.9999148604696576
1,1,0.9993539615282746
0,0,0.03976865498564393
0,0,0.03332587835673397
0,0,0.034646504572388846
0,0,0.03564301688644816
0,0,0.01665033005816128
0,0,0.01571732072366137
1,1,0.9746460120327533
0,0,0.035698131933939684
0,0,0.04415212401981367
0,0,0.02073038822472677
0,0,0.013156589444687292
1,1,0.9998554618343939
0,0,0.01803847026214332
0,0,0.042606037600179024
0,0,0.01904852033624093
0,0,0.024218028286553152
0,0,0.08710399704991748
1,1,0.7541788454738619
0,0,0.012145381233894801
0,0,0.023351411938806927
0,0,0.014752726692141479
0,0,0.02080467276875432
1,1,0.7905206265158136
0,0,0.044131178382741276
0,0,0.01820220496685837
0,0,0.009168686887859422
1,1,0.9997904296910548
0,0,0.06910227394585979
0,0,0.00605608790005556
0,0,0.023845794377045683
0,0,0.014095980455340364
0,0,0.007644485052076116
0,1,0.5083124069971121
1,1,0.9997442455238936
0,0,0.013222592195577356
1,0,0.46109651163046994
1,1,0.9481384466884966
0,0,0.015704486321014507
0,0,0.013230551102114864
0,0,0.020216400936761317
1,1,0.9978806135325493
0,0,0.043472753952193334
0,0,0.013643614099347065
0,0,0.10106463757309578
0,0,0.06589530832554714
1,1,0.9992136075188204
0,1,0.6890878597203499
0,0,0.033703411766593604
0,0,0.029918121624240554
1,1,0.9989697003360671
1,1,0.5019111199296632
0,0,0.053531136545123016
0,0,0.038335380768142094
0,0,0.026284776178921526
0,0,0.13061965687883742
0,0,0.007337281538019137
0,0,0.42888722320523637
1,1,0.9272793601127244
0,0,0.09088177722742898
1,1,0.7693263820271742
0,0,0.03157325516600766
0,0,0.018454451975241665
0,0,0.04305380670993632
0,0,0.013961242492123412
1,0,0.4096192831265319
0,0,0.04717001497034023
0,0,0.05055404160743684
0,0,0.050298784628331296
0,0,0.053545231198349905
1,0,0.08434453387851054
0,0,0.02331556959175283
0,0,0.014100936276249238
0,0,0.05367676009564877
0,0,0.02788560286742958
0,0,0.007069572972069219
0,0,0.04127776282852712
0,0,0.028629172122530043
0,0,0.046356371204147165
0,0,0.0189770476100407
0,0,0.01104963354793792
0,0,0.025377131630221747
0,0,0.04970715660407324
0,0,0.019221845696397906
1,1,0.9963017106975892
1,0,0.23540684486016208
0,0,0.03809506293039699
0,0,0.015300178401688352
0,0,0.03805479348251698
1,1,0.6112407371172608
1,0,0.08210355834373617
0,0,0.03269603744611025
0,0,0.0316088943281265
1,1,0.9990265340206317
0,0,0.009360164941928543
0,0,0.025552570251346447
0,0,0.06637478381072968
0,0,0.036878453320524016
0,0,0.02134854586476701
0,0,0.04607967216738846
1,1,0.980504399390299
0,0,0.018352062643887
0,0,0.012608564591994735
0,0,0.023811901077658886
0,0,0.019827922958363445
0,0,0.046852901217076554
1,1,0.9990631960472928
0,0,0.03595577998627092
1,1,0.8264797431470102
1,1,0.9993480962436825
0,0,0.02526497007319947
0,0,0.006689954878300164
0,0,0.03785265136396925
0,0,0.035707855749373754
1,0,0.42945432427945057
0,0,0.0470518745889187
0,0,0.019588503652016094
0,0,0.4358471623577149
1,0,0.036697983898532724
0,0,0.027248787448454596
0,0,0.016194330052836423
0,0,0.019892415105497788
1,1,0.7257675169541503
0,0,0.016470704162698833
1,1,0.9990946796660537
1,1,0.9998817644373607
0,0,0.028426746895024092
0,0,0.01739415262789771
0,0,0.00882194192849293
1,1,0.9979172484944794
0,0,0.010576518166422343
1,1,0.9993647996124165
0,0,0.03151922128074704
0,0,0.06463964315136553
0,0,0.013181003254477701
0,0,0.04241924117593623
0,0,0.035979604194818514
0,0,0.030332172781794522
0,1,0.5279094059123345
0,0,0.037596971489197877
0,0,0.00964410279226049
1,1,0.9859343704240306
1,0,0.15751210060987336
1,1,0.9997829481593601
0,0,0.03149817976690574
0,0,0.036262253634550407
0,0,0.02918715010547867
0,0,0.045695628679556594
0,0,0.02672968060646593
0,0,0.053178218571724
0,0,0.04368757647212385
0,0,0.014748195509739092
0,0,0.017787365187462822
1,1,0.8985105504935397
0,0,0.040078248362401765
0,0,0.04678003442835575
0,0,0.016527475907010702
0,0,0.01782932532610747
0,0,0.014501679181808896
0,0,0.018684635565261024
0,0,0.019845200898888065
0,0,0.03158983728272016
0,0,0.013251117275549593
0,0,0.031231766073310876
0,0,0.0196263437929235
0,0,0.006888902583337718
0,0,0.02300506106521639
1,1,0.5749407041764834
0,0,0.02474145231764601
0,0,0.04426267434559323
0,0,0.036650461391681925
1,1,0.7658741467984428
0,0,0.4566371644002098
0,0,0.017428178917948234
0,0,0.4763882952828171
0,0,0.04440007152739333
1,1,0.9737545488660431
0,0,0.039851423818798686
0,0,0.023418848898305585
0,0,0.03559091258144133
0,0,0.035983629644482734
0,0,0.09643121560319386
0,0,0.16767339707082818
0,0,0.034459365982550304
0,0,0.00879377928606242
0,0,0.033375076935644885
0,0,0.0024798009474403943
0,0,0.014690418519266592
1,1,0.6102486966970962
1,1,0.9991113000781011
0,0,0.17349258960388922
0,0,0.033816607619391634
1,0,0.016920553168093277
0,0,0.017605873394468216
1,1,0.9345031352895815
0,0,0.022470786728648637
0,0,0.010780102088542175
1,0,0.045746373294672696
0,0,0.043515884102927324
0,0,0.009335212297504168
0,0,0.026119513003924906
0,0,0.015073919222923941
0,0,0.01575023104536093
0,0,0.1134948250813563
0,0,0.03633388302999927
1,1,0.9999093155086608
1,1,0.9768493776486787
1,0,0.28980687726848736
0,0,0.3087764518369002
0,0,0.021753472410358753
0,0,0.03617336552284894
0,0,0.01363923455637996
0,0,0.010250876900178646
0,0,0.04058764355073634
1,1,0.9197705382389876
0,0,0.018554338244085908
0,0,0.01008884014700907
0,0,0.03426742477707218
1,1,0.9992611725637313
0,0,0.03539694188989961
0,0,0.02622829060692678
0,0,0.019223159110391783
1,1,0.9996346941186325
1,1,0.6024232666393602
0,0,0.01637021910731297
0,0,0.014962878767087911
0,0,0.03430703469950237
0,0,0.02672798487597074
0,0,0.02925169053337329
0,0,0.09847208537067408
0,0,0.23403664563427212
1,0,0.04293912139087885
0,0,0.08870882863908053
0,0,0.018442939928796233
0,0,0.008952586720118892
0,0,0.03308450463607317
0,0,0.04212793381561838
1,1,0.9996673660984406
0,0,0.01122797457784948
0,0,0.03319668271041128
0,1,0.6225466205307391
0,0,0.033149028689225014
0,0,0.023969598221743604
0,0,0.01116792011718764
0,0,0.007740976354559789
0,0,0.022921465411596596
0,0,0.04716783355728154
0,0,0.009325567417768665
0,0,0.05547836495872634
0,0,0.01701298992289498
0,0,0.11702045793397087
0,0,0.011168447777249579
0,0,0.020932710795959434
0,0,0.02664360543537087
0,0,0.020217879988852713
0,0,0.01621662786222206
0,0,0.035576671757474025
0,0,0.005394418813679447
0,0,0.033609558084342385
0,0,0.053555719549819046
1,0,0.08422661050194466
0,0,0.00670675206439162
0,0,0.03159424527413493
0,0,0.07228901639713747
0,0,0.025328423059653535
0,0,0.0116968928515786
0,0,0.018142127022662494
0,0,0.03139337314445448
0,0,0.029332423268189734
0,0,0.022506673117759803
1,1,0.9991825755225998
0,0,0.039223058403624375
0,0,0.029413531996875155
0,0,0.05578544736418034
0,0,0.030880333511031324
0,0,0.011057656919490446
0,0,0.04713014706280845
0,0,0.022558326946557492
0,0,0.03692953090986908
1,1,0.7227410389939399
0,0,0.01118791632222484
0,0,0.11863836941504231
1,1,0.8242356117762363
0,0,0.021573338518072093
0,0,0.018183893112425083
0,0,0.026528298658031697
1,1,0.9975431153056697
1,1,0.9996327258283382
0,0,0.08791294836323663
1,1,0.9933476338610039
0,0,0.04704446046203764
0,0,0.015277861042916873
0,0,0.021594778460909767
0,0,0.04171658282079244
0,0,0.01730550908074105
0,0,0.039513546738017394
0,0,0.0412742005310837
0,0,0.028535929633128943
0,0,0.01921808817279468
0,0,0.05780638744162072
0,0,0.043117259982131215
0,0,0.04509134765417018
1,1,0.9992192538515835
0,0,0.029787505143156513
0,0,0.022381396432757616
0,0,0.48854137978255335
0,0,0.04093716251859069
0,0,0.010165196100986968
1,1,0.8748920900900182
0,0,0.013657354482260436
1,1,0.9754719778616237
1,1,0.7807080730837649
0,0,0.01843854287104675
0,0,0.01497544955766089
0,0,0.03214785187792435
0,0,0.022577309525005695
0,0,0.016539775199227422
0,0,0.031053713239882826
1,1,0.7103916928004476
0,0,0.036160098906650985
0,0,0.01829789213932605
1,1,0.9989725564458956
0,0,0.04389369532476816
1,1,0.6606596117991582
0,0,0.018138488275513544
0,0,0.02818762403365885
1,1,0.9989960539794728
0,0,0.01451301254072317
0,0,0.03251174419554779
1,1,0.9720740268043134
0,0,0.015378348600126724
0,0,0.0346124765914585
0,0,0.025507989400400288
0,0,0.03654256597049891
1,1,0.9994507642715318
0,0,0.05825328802510709
0,0,0.029361008756276143
0,0,0.008096873252158795
0,0,0.019658989710333204
1,0,0.17673416598928762
0,0,0.03964083615317384
0,0,0.03854484770062488
1,0,0.05832611034565425
0,0,0.049663979332899524
0,0,0.011876727916218431
1,0,0.014143993868996547
0,0,0.0329107550281661
0,0,0.020988804989876795
0,0,0.11566506297817335
0,0,0.017303468829653546
0,0,0.021029464951659707
0,0,0.06114497917206341
0,0,0.02446948973354753
0,0,0.016073490220348922
0,0,0.34129477690283505
0,0,0.017610877900259735
1,0,0.023415847862231217
0,0,0.050537257340200654
0,0,0.008851027305040457
0,0,0.012881627254129613
0,0,0.037488617040813924
0,0,0.017437694380299962
0,0,0.03700743937013325
0,0,0.04786794135107148
1,1,0.9995964525026879
0,0,0.029670803590104038
0,0,0.03906944476598802
1,1,0.9985791152747698
0,0,0.023583379554502674
0,1,0.5710583088776955
0,0,0.019528633795853574
0,0,0.006671010494146264
0,0,0.014827150189082578
0,0,0.08977545938815439
1,1,0.9827879810688063
0,0,0.03089794886649233
0,0,0.038724917510443206
0,0,0.018308429840278938
0,0,0.10479064499295256
0,0,0.03264858783920264
0,0,0.037983249732809
1,1,0.9997412963128528
0,0,0.024681814653347782
1,1,0.9993722996657709
0,0,0.0322226763860988
1,1,0.9996214931431062
0,0,0.014955910202474226
0,0,0.01613170684931165
0,0,0.019754136798664702
0,0,0.07452714537576956
0,0,0.029129346594771108
0,0,0.026910476576256972
1,0,0.4171402567551466
0,0,0.013322074541489638
0,0,0.022537888023329813
1,1,0.9994879587765898
0,0,0.013930273435257866
0,0,0.036386889438657866
0,1,0.8186980694657044
1,1,0.9995317150625151
1,1,0.9987366959109769
0,0,0.009522249567550642
0,0,0.03334022086605008
1,1,0.9731179560624077
0,0,0.014861420456340643
1,0,0.027163550674083294
0,0,0.01669073213366179
0,0,0.018046620712355185
1,1,0.9996016854763746
0,0,0.040299248853078444
1,1,0.8038903920251295
1,1,0.8271496881686767
0,0,0.011986644873833675
0,0,0.03983095985886433
0,0,0.011853245620850248
1,1,0.9994364124803579
0,0,0.012084414131398347
0,0,0.015210095319174121
0,0,0.01621968613066379
0,0,0.02125743745667048
0,0,0.019992151389552404
0,0,0.015226990030601772
1,1,0.9998437393886866
0,0,0.026192548723142185
0,0,0.016417861754916926
0,0,0.03128854389211272
0,0,0.020036441754506546
0,0,0.017839431685199195
0,0,0.036246074028355904
1,1,0.9983992910829538
0,0,0.03662542999954003
0,0,0.03659499440381646
0,0,0.027280829754490803
0,0,0.04175411074268599
0,0,0.027234518140314492
0,0,0.01774658746119769
0,0,0.045766628972809115
1,1,0.9745913165164597
0,0,0.02918335282980818
0,0,0.014949402987023207
1,1,0.9296258308974557
1,1,0.9988477505562807
0,0,0.02297621004555832
0,0,0.03084997586620715
0,0,0.055743064853661706
0,0,0.014164253121479831
0,0,0.03538732520544411
1,1,0.9993425540188621
0,0,0.032645888698545227
1,1,0.9988254847056577
0,0,0.009646627395923651
1,1,0.8494131620620413
0,0,0.038208485496444095
0,0,0.03260890076473099
0,0,0.018778433191432114
0,0,0.04263344466762771
0,0,0.04520523846331436
0,0,0.024885625391719075
0,0,0.013562477662028054
0,0,0.02899658725966517
0,0,0.01645343121237234
0,0,0.02912263433375061
0,0,0.042378514811044064
0,0,0.020977048028439048
0,0,0.01827773216505792
0,0,0.038651850747274244
0,0,0.04989033694972622
0,0,0.007704221548911715
0,0,0.037764679214439566
0,0,0.015466893812301206
1,0,0.04343600495873786
1,1,0.999284560200565
1,1,0.9972082878130393
0,0,0.012919859884205723
0,0,0.013950495894680774
1,1,0.9993236472092255
0,0,0.011388816252672069
0,0,0.045846936863156995
0,0,0.021213237702192477
1,1,0.9993647996124165
0,0,0.042184781818285
1,1,0.9570332848580441
0,0,0.013173023529478741
0,0,0.011830699131145284
0,0,0.017460552884362355
0,0,0.030224457219899296
1,1,0.9638343643744975
0,0,0.013747748773448722
0,0,0.035796721994612674
0,0,0.03355083251141041
1,1,0.9742264850684785
0,0,0.054428415627758034
1,1,0.998613139308927
0,0,0.019601738962793217
0,0,0.04490007494896653
0,0,0.007875254942101948
1,1,0.9990778967820217
0,0,0.036928463474147556
0,0,0.02672575665823865
0,0,0.05679234135388033
0,0,0.13779148082394058
0,0,0.010447740878802451
0,0,0.02672575665823865
0,0,0.018101593423683324
1,1,0.9818649732626812
0,0,0.009970324732216427
1,0,0.0521352425030066
1,1,0.9957450906102496
0,1,0.8529321809816935
1,1,0.9999125567680558
0,0,0.02047005467115043
1,1,0.999707028922583
0,0,0.016158338099746053
0,0,0.013312785207842648
0,0,0.0056898430411932875
1,1,0.7837694514273824
0,0,0.036049062127052466
0,0,0.014686717570590401
0,0,0.019890258226559872
0,0,0.04886835666764066
0,0,0.01809674991000768
0,0,0.07038854105107085
0,0,0.008178714057050349
0,0,0.017257247984339467
0,0,0.007632338038819709
0,0,0.019109276707099616
0,0,0.02420105877020377
0,0,0.05958482126353548
0,0,0.04246961295487008
0,0,0.04209548769079461
0,0,0.020235107140204798
1,0,0.037688958448851624
0,0,0.029927105822492202
0,0,0.03977118772219752
1,0,0.04417566135339414
0,0,0.01438423323821096
0,0,0.015479162648722736
0,0,0.04517158764550622
0,0,0.030833522228727647
0,0,0.021292096548697532
0,0,0.3740139561772144
0,0,0.09076088308150594
1,1,0.998183547042154
0,0,0.04395019737195158
0,0,0.023599584209371433
0,0,0.049352781571821235
0,0,0.022805188444981646
0,0,0.03784766088997059
0,0,0.030369648182365105
0,0,0.020654357522527724
0,0,0.008665476778288788
0,0,0.01504195652728409
0,0,0.021521442479517094
0,0,0.021832436594964005
1,1,0.9921344944452644
1,0,0.46548388384633266
0,0,0.01407069807463015
0,1,0.7191750562187014
0,0,0.012026361196064463
0,0,0.02440231333135013
0,0,0.008069353267267494
0,0,0.027762957368441435
1,1,0.9996574793725176
0,0,0.04070138095679515
0,0,0.010778214504924027
1,1,0.9999013676592929
0,0,0.018150250313677008
0,0,0.020159721888029107
0,0,0.019366179827713693
1,1,0.9993496163383921
0,0,0.036818768776296716
1,1,0.9809729264753451
0,0,0.0037489928390737324
0,0,0.03760686270928566
0,0,0.008442168466611843
0,0,0.3029336674176448
0,0,0.06141979611531304
0,0,0.04978030402909975
0,0,0.03170874693402214
0,0,0.027840886737462437
0,0,0.005443854586914576
0,0,0.03146035565895206
0,0,0.01800603415630254
0,0,0.03889900505720561
0,0,0.030010922607384093
0,0,0.03109824038548845
0,0,0.054796655569327564
0,0,0.014873702955161015
0,0,0.09490306895673459
0,0,0.04226836721309248
0,0,0.03193293625563503
0,0,0.027847822277455053
0,0,0.04491068956593065
0,0,0.04094468336503886
0,0,0.0319493587271269
0,0,0.03350117625136047
0,0,0.01719012703016662
0,0,0.023156660720273364
0,0,0.058383963286617366
0,0,0.01073789332373544
0,0,0.025238905477419943
1,0,0.35799481577098524
0,0,0.03274632293165123
1,1,0.926176846932943
1,1,0.6628893583207889
0,0,0.03145492732753953
1,1,0.9988276221592755
0,0,0.009203535065731532
0,0,0.06800066950503791
0,0,0.03902210646745405
0,0,0.038690017617379176
1,1,0.9978884036387826
0,0,0.013133081386619772
0,0,0.04609177704150654
1,1,0.998594750299735
0,0,0.017873197712302252
0,0,0.041916111682813915
0,0,0.038254624725182575
0,0,0.0686563488509685
0,0,0.01917431858785291
0,0,0.021604165995833487
0,0,0.0067790918515633816
0,0,0.037872887315980985
1,1,0.9984538419699409
1,1,0.9989581703843813
0,0,0.008392732787214096
1,1,0.9997825545149062
0,0,0.017205821315687115
0,0,0.022475925904076943
0,0,0.020140005441626235
0,0,0.03508985819219547
0,0,0.057656878608458806
0,0,0.07317326716542483
1,0,0.04845768300175911
0,0,0.02835857988649886
1,1,0.9998558256095849
1,1,0.9725169960410381
0,0,0.015848584398252347
1,1,0.9095547495969131
0,0,0.022180615515673425
0,0,0.010082191667330867
0,0,0.024018786073039432
0,0,0.04712244638271435
0,0,0.01017193645674047
0,0,0.012272149031804843
0,0,0.021836821353652808
0,0,0.011271286765335672
0,0,0.029685153265082885
1,1,0.9997603416557012
0,0,0.0414503233346509
0,0,0.019107425269902698
0,0,0.2076587263740328
1,1,0.807924377496188
0,0,0.04575892743149204
0,0,0.019537721582983468
0,0,0.006236714823019746
0,0,0.03850665218094876
0,0,0.03878451421467949
0,0,0.03946983943375971
0,0,0.013261870257716683
1,1,0.9492324844788306
0,0,0.013265685806617475
0,0,0.02941240555945097
0,0,0.14475630649759536
0,0,0.06400338177492217
0,0,0.014168601643833068
0,0,0.15210592599766554
0,0,0.029255588812018417
0,0,0.024023255505578763
0,0,0.014794503530696366
0,0,0.00957290424686643
0,0,0.015969685310468117
0,1,0.5550046650690253
0,0,0.05489513815342486
0,0,0.017727570877412176
0,0,0.0663919122941588
0,0,0.01990092569168022
0,0,0.019374076830867115
0,0,0.01749775634151228
0,0,0.0197724990614951
0,0,0.026670090819590018
0,0,0.062065403488886305
0,1,0.5635036559803983
1,1,0.8588921297216502
0,0,0.013144492648331995
1,1,0.99912967243257
0,0,0.05883023022989809
0,0,0.02054699388382286
0,0,0.016057472282154782
0,0,0.055235757984836695
0,0,0.06084137766552908
0,0,0.007160362563764182
1,1,0.7345207752750801
1,1,0.9851632849766457
0,0,0.036823926124447556
0,0,0.022504780404708956
0,0,0.014843354280175646
0,0,0.007749413551522828
0,0,0.04540233909150026
0,0,0.03939347773338352
0,0,0.03520055069684316
1,1,0.9998018750700788
0,0,0.025292649620991235
1,1,0.9994271852869528
0,0,0.009345884157672433
0,0,0.038921638634259494
0,0,0.07605640092307797
0,0,0.06616023877465202
0,0,0.052575048107854246
0,0,0.025376800347767355
0,0,0.023143850244519152
0,0,0.034294100503418114
0,0,0.022583542543178663
1,1,0.9654294340960289
1,1,0.9901426513570796
0,0,0.05915734832683901
0,0,0.017450442043610247
0,0,0.039119070673495494
0,0,0.03660250481879972
0,0,0.20060383446399668
0,0,0.015733255549592096
0,0,0.05793313885899352
0,0,0.044293441466681585
0,0,0.0422028568156814
0,0,0.018963754962147392
0,0,0.019404532618880383
0,0,0.03820034946731686
0,0,0.011617543240814973
1,0,0.07028899880691108
0,0,0.013335308372427562
0,0,0.010124095554605177
0,0,0.05290844347721309
0,0,0.009117648899985984
0,0,0.01871625248960868
0,0,0.06090477607703804
1,1,0.8441650307958034
1,1,0.9994059020378429
0,0,0.035351155646047655
0,0,0.06630170215842587
0,0,0.015746545173731995
0,0,0.012971445474950466
0,0,0.14707761935759237
0,0,0.04595080525140106
0,0,0.05314763402621095
0,0,0.017946333302638402
0,0,0.010002447960629914
1,1,0.9989192281821268
0,0,0.07186088240932446
0,0,0.027275916029662457
0,0,0.019360028740492412
0,0,0.03479536136968186
0,0,0.19873868280153706
0,0,0.03135468015843404
0,0,0.01059860321238357
0,0,0.032854252632989744
0,0,0.016771727070920055
0,1,0.5957707588628631
0,0,0.031132259099034176
0,0,0.03687760597640689
0,0,0.049937619067283494
0,0,0.017542662803797394
0,0,0.029095798924952572
1,1,0.5906751557747209
0,0,0.0096375232508031
0,0,0.008368716307902093
1,1,0.628757808337505
0,0,0.048224547003933665
0,0,0.014469731081527661
0,0,0.04139174782662252
0,0,0.03418306719459277
0,0,0.03445391421871352
1,0,0.019184097973284645
0,0,0.042252150595637375
1,1,0.9952394761460789
0,0,0.042276232945979667
0,0,0.012929535808427024
1,1,0.9642572969921348
0,0,0.007250169509332433
1,1,0.8135613159825625
0,0,0.04052435735952006
0,0,0.009290122022181992
0,0,0.040594619326825
0,0,0.045085737475393545
0,0,0.022682392132157052
1,0,0.0535721071117258
0,0,0.018573703640693915
0,0,0.48854137978255335
0,0,0.01575281775772332
0,0,0.027227832216143517
0,0,0.03854568270247248
0,0,0.07629192040367057
1,1,0.9989366158192228
0,0,0.03329780168754724
0,0,0.013963019135934063
0,0,0.04940882446831407
0,0,0.012243373170326801
0,0,0.030611378939568216
1,1,0.9997223221904985
0,0,0.031175497824315754
1,0,0.022167155123742305
0,0,0.052301104953939914
1,0,0.17314284951085407
1,0,0.45826805300958595
0,0,0.006093355768416363
1,1,0.7522307098328671
0,0,0.03566874282719099
0,0,0.006286312043649285
0,0,0.09391490589630334
0,0,0.09482530991474215
1,1,0.9683821260660336
0,0,0.03848943387874965
0,0,0.04599996601114344
0,0,0.04405326775127736
0,0,0.034567366009723564
0,0,0.04084589466256088
0,0,0.013998796795564662
1,1,0.9317029716060599
0,0,0.04048590661695618
0,0,0.028153919646043715
1,1,0.9996771427015668
0,1,0.7755454329358831
0,0,0.01534747294063797
0,0,0.013075330060955749
0,0,0.03151390729991859
0,0,0.01864497233187306
0,0,0.012585883819649937
1,1,0.9996695150774718
0,0,0.03905440001907985
0,1,0.6209622364748468
1,1,0.8030173297249745
0,0,0.039372200839758315
0,0,0.03578611006923412
0,0,0.0357313090822772
0,0,0.02345814056607977
0,0,0.019677286218898977
0,0,0.046794863311084484
1,1,0.9686236811535989
0,0,0.10984413687777585
1,1,0.9998186692746736
0,0,0.04380942624487209
0,0,0.01009618821507588
1,1,0.9998752268531611
0,0,0.020047054352428987
0,0,0.0179977541861876
0,0,0.019789506167398094
0,0,0.041713377763975795
0,0,0.019511855333170746
0,0,0.021667842712347847
0,0,0.03383151457287401
0,0,0.012292066523404411
0,0,0.04862141432248696
0,0,0.0109658653477867
0,0,0.006902175077677295
0,0,0.042047361422262376
0,0,0.03405543625422457
0,0,0.007313212947419946
0,0,0.010870436948628595
1,1,0.9748032673704226
0,0,0.05157061679305897
0,0,0.010388144526799183
0,0,0.02604218236057233
0,0,0.009466689858814938
1,1,0.9998368459802655
0,1,0.5352423399392457
0,0,0.04977031885956195
0,0,0.012276720954559787
0,0,0.016652957885112164
0,0,0.015208088791926661
0,0,0.06708601495728295
0,0,0.00894038314884981
1,1,0.7147106242229607
1,0,0.23940237750964308
0,0,0.023101376277383942
1,0,0.02986533959882751
0,0,0.02192242414513547
0,0,0.02945065148048648
0,0,0.06001007827667268
1,1,0.9989960539794728
0,0,0.019710041805068728
0,0,0.014275915214490842
0,0,0.025848649469815854
1,1,0.9998823949540413
0,0,0.014628022415893217
0,0,0.041567267500827614
1,1,0.527385859306859
0,0,0.022913028153070867
0,0,0.025516634497235548
0,0,0.02087348635994944
0,0,0.01880941462512513
0,0,0.016165357835429307
0,0,0.0458458668243344
0,0,0.008333977107444436
0,0,0.02221009335660728
0,0,0.033075985241504305
0,0,0.00698970999416507
0,0,0.02657446478655071
0,0,0.09873840811210165
0,0,0.01774658746119769
0,0,0.04053844558518432
0,0,0.031954183614053354
0,0,0.010090976512829013
0,0,0.039577209208946924
0,0,0.016994930529752914
0,0,0.028002724295359837
0,0,0.021922112333234683
0,0,0.15887918288959027
0,0,0.05178683137717762
0,0,0.02484092650604025
0,0,0.02892702589141027
1,1,0.9796600478924214
1,1,0.8479945621283334
0,0,0.015347254302209633
0,0,0.027581823263204238
0,0,0.05082625067058324
0,0,0.02604878616242773
0,0,0.008984709206407916
0,0,0.07259809002693463
0,0,0.0246773239879667
0,0,0.03637636929878829
0,0,0.013763881598371748
0,0,0.0571455647072008
0,0,0.01373055124595851
0,0,0.04156719946458957
0,0,0.028250696324338624
0,0,0.027438265567234076
0,0,0.027047124737905763
0,0,0.03201817299198943
0,0,0.06114852200762822
1,1,0.8948375548177805
1,1,0.9995665109084835
0,0,0.024034392227746428
0,0,0.006000038454918286
0,0,0.026316049522781947
1,1,0.9993035730689747
0,0,0.03251630816325509
0,0,0.03449325037402719
0,0,0.02618031845180352
0,0,0.03800868801576625
0,0,0.036821067281847746
0,0,0.03795999526390613
0,0,0.04884359005940121
0,0,0.006727652712617879
0,0,0.010937963485682399
0,0,0.02969844972264173
0,0,0.04907415674347458
0,0,0.009921737728721135
0,0,0.08565981347160714
0,0,0.008415391890671954
0,0,0.028289411435032778
1,1,0.9117094898629373
0,0,0.015517260618103783
0,0,0.04360271516239989
1,1,0.9999034065099041
0,0,0.012779100320504971
0,0,0.011536713884045582
0,0,0.02327836249980318
1,1,0.9969693478815728
0,0,0.01499485490909983
0,0,0.03433572857265612
1,1,0.9997105755095177
0,0,0.05081036893090734
0,0,0.023035286987759727
0,0,0.05099948617267042
0,0,0.005773338386873
0,0,0.028375942409154527
0,0,0.015805357607783743
0,0,0.011507493375064196
