True,Pred,Proba
0,0,2.7737512711504182e-05
1,1,0.9997625337992551
0,0,2.629796421285526e-05
0,0,2.8903493361701283e-05
0,0,2.549343167259828e-05
1,1,0.9997957238926743
0,0,2.4728505519195468e-05
1,1,0.9995177209221714
0,0,2.6018683159113244e-05
0,0,3.038459420484427e-05
1,1,0.9995486835973257
1,1,0.9996345103436262
0,0,2.985418978595893e-05
1,1,0.9997640531872718
0,0,2.6953113870098217e-05
0,0,2.7005186482828562e-05
0,0,2.8095024579315672e-05
0,0,3.790593231793166e-05
0,0,2.7381120058364686e-05
0,0,2.6259657603804076e-05
1,1,0.9997963002200202
0,0,2.6297350462378792e-05
0,0,2.399601163669545e-05
0,0,2.472844897001169e-05
0,0,3.1458849414948774e-05
0,0,2.541489894361098e-05
0,0,3.3153005148769736e-05
0,0,2.523900986482059e-05
0,0,2.4716864767332492e-05
0,0,2.7154185274413996e-05
0,0,2.514300539402749e-05
0,0,2.4871824448848197e-05
1,1,0.9978428218875987
0,0,2.6428802933419678e-05
1,1,0.9997436265695138
0,0,2.4943778954059355e-05
0,0,2.4902221600824933e-05
0,0,6.907995116311577e-05
0,0,2.9995711358149967e-05
0,0,3.0645027184141726e-05
1,1,0.9995887378509594
0,0,3.201877870798541e-05
0,0,2.8869409310174886e-05
0,0,2.7987049779358097e-05
0,0,2.7153280696327285e-05
0,0,3.110819128909418e-05
0,0,2.4688957147343332e-05
0,0,2.444714829784772e-05
0,0,3.0526058906943036e-05
0,0,2.8800395683787607e-05
0,0,2.5887897559330812e-05
0,0,2.836335195392913e-05
0,0,2.4852310044649848e-05
0,0,3.168849827886218e-05
0,0,2.5330506638186316e-05
0,0,2.8909673117163344e-05
0,0,3.145861330272914e-05
0,0,4.358478274732764e-05
0,0,3.958010172248727e-05
0,0,2.528258233408555e-05
0,0,2.4489081710767495e-05
0,0,2.5035056476385617e-05
0,0,2.5031721329168517e-05
0,0,2.4875168921037092e-05
0,0,2.8003351451524932e-05
0,0,2.6731489540077575e-05
0,0,2.389896029913875e-05
0,0,3.098718327431378e-05
0,0,2.5893160418074153e-05
1,1,0.9997294864319682
1,1,0.9988032024334137
0,0,3.601529283845535e-05
0,0,2.4692170213682555e-05
0,0,2.516561035146537e-05
0,0,2.4764333345815803e-05
0,0,2.8691585023272068e-05
1,1,0.9997918021173875
0,0,3.383847295851044e-05
0,0,3.244164671280111e-05
0,0,2.5788949503124672e-05
0,0,2.4862832996598067e-05
0,0,2.4370892374542718e-05
1,1,0.9889251162870912
1,1,0.9767574716727445
0,0,2.484849576440387e-05
0,0,2.563811067903902e-05
0,0,2.621843649772791e-05
0,0,3.3598292400271394e-05
1,1,0.981856033326993
0,0,2.486879627488939e-05
1,1,0.9997834704169173
0,0,2.412881253081272e-05
0,0,3.425674180829423e-05
0,0,2.7973372110896697e-05
1,1,0.9988625877387151
0,0,3.3011446078472764e-05
0,0,2.8391692633237653e-05
0,0,2.7874592569701184e-05
0,0,2.7528291477124505e-05
0,0,2.4609672194141323e-05
0,0,5.1033350061889094e-05
0,0,2.5208892568844098e-05
0,0,2.8280285333665234e-05
0,0,2.4479119106571716e-05
0,0,2.485526238893063e-05
1,1,0.9995535442242015
0,0,3.2902426849702805e-05
0,0,3.167296499914386e-05
0,0,3.12629046674314e-05
0,0,2.9090892572995936e-05
0,0,5.1050526821050835e-05
0,0,3.1333084036022545e-05
1,1,0.9992601806155177
0,0,2.6474394081774243e-05
0,0,2.919502198386213e-05
0,0,2.72963013653783e-05
0,0,2.5748940808030142e-05
0,0,3.49446342843905e-05
0,0,2.4107642574660393e-05
0,0,2.526999939372626e-05
1,1,0.9992606853628575
0,0,3.724370939880802e-05
0,0,2.626891939610964e-05
0,0,2.4715571693061217e-05
0,0,2.525921884722309e-05
0,0,2.4132387659378687e-05
0,0,2.7213663451360448e-05
0,0,2.466282629118775e-05
0,0,2.6397885047435162e-05
0,0,2.5200260104599608e-05
0,0,4.8905005020468945e-05
0,0,3.2953794920894965e-05
0,0,2.699530591182589e-05
0,0,3.2584216037678495e-05
1,1,0.9917118598458634
0,0,2.9037730265371428e-05
0,0,3.2572779840854496e-05
0,0,2.5697609722810094e-05
0,0,2.460635281367368e-05
0,0,2.9738302101860775e-05
0,0,2.8283027882039993e-05
0,0,2.4856431483621416e-05
1,1,0.9995582775393025
0,0,2.627119459769106e-05
0,0,2.6178191827244392e-05
0,0,2.385292881126036e-05
0,0,2.3899507521594577e-05
0,0,2.8229928117128674e-05
0,0,2.507465310689348e-05
0,0,2.5583781935716364e-05
0,0,2.826323001563824e-05
0,0,2.4942010810619838e-05
0,0,3.287474721251948e-05
0,0,2.806177385275158e-05
0,0,2.4689033019852827e-05
1,1,0.9996254390459931
0,0,3.0262991144845294e-05
0,0,2.886509947137958e-05
1,1,0.9995953581979373
0,0,2.7017170295945652e-05
0,0,2.481959295593682e-05
0,0,2.3962226407258046e-05
0,0,2.491456606303549e-05
0,0,2.4690503756165375e-05
0,0,3.950278201313794e-05
0,0,2.7912027710870856e-05
0,0,2.4145399553754072e-05
0,0,2.8278942956049434e-05
0,0,3.100798705684717e-05
0,0,2.4851004421701323e-05
0,0,2.547533255631706e-05
0,0,2.4692384335032458e-05
0,0,2.4869222791376522e-05
1,1,0.9988863199707534
1,1,0.9987255376632407
0,0,2.560538440757041e-05
0,0,4.747015755556649e-05
0,0,3.70552700022155e-05
0,0,3.24596052247101e-05
0,0,2.408998419321376e-05
0,0,3.578216837641976e-05
0,0,2.6209516696717827e-05
0,0,2.4717230753606423e-05
0,0,2.407303932418693e-05
0,0,2.924040932974588e-05
0,0,2.3924065040854826e-05
0,0,2.472053865338654e-05
0,0,3.1458927868194546e-05
0,0,2.58301280031809e-05
0,0,2.388513494868808e-05
0,0,3.0656076103131906e-05
0,0,2.472454450444429e-05
0,0,2.749120363222233e-05
1,1,0.999790154750217
0,0,2.4297209962021017e-05
0,0,2.356667618156013e-05
0,0,2.9170971287387047e-05
0,0,3.1496547222337774e-05
0,0,2.576883308507309e-05
0,0,6.17763378757837e-05
0,0,2.779336141568478e-05
0,0,2.845663098653144e-05
0,0,2.4694473056452657e-05
0,0,2.668486875673363e-05
0,0,2.4061088216378445e-05
0,0,2.503261247559498e-05
0,0,2.5127198420437824e-05
0,0,2.472789687821174e-05
0,0,2.976322656782341e-05
0,0,3.008039450189577e-05
1,1,0.9997150083903109
0,0,2.512049480766927e-05
0,0,2.4717277006016748e-05
0,0,2.7988591456979497e-05
1,1,0.9997288804638965
0,0,4.0407267593914625e-05
0,0,2.6952360796865148e-05
0,0,2.4952701243513135e-05
0,0,2.6645059352307533e-05
0,0,3.177169751122348e-05
0,0,2.553487623688994e-05
0,0,2.7435489939118387e-05
0,0,2.465823216481664e-05
0,0,2.501282796974767e-05
0,0,2.720070175267609e-05
0,0,2.5449422431010917e-05
0,0,3.061819377529454e-05
0,0,2.468427187759984e-05
0,0,2.3970721141042317e-05
0,0,2.484363171937977e-05
0,0,2.7135296919041932e-05
0,0,3.326627697588626e-05
0,0,2.6478521498821645e-05
0,0,2.5311237080699533e-05
0,0,2.7999092536594212e-05
0,0,2.9010276168606736e-05
0,0,2.4901106552041852e-05
0,0,2.6268590965388092e-05
0,0,2.5395410208458872e-05
0,0,2.4862469878364696e-05
0,0,2.715868489910826e-05
1,1,0.9951143018514073
0,0,2.4114044272225046e-05
0,0,2.9948606242600847e-05
0,0,2.6417329233996987e-05
0,0,3.2024261776946186e-05
0,0,2.722220497013755e-05
0,0,2.5020415715603157e-05
0,0,2.9607338165127434e-05
0,0,2.4120452356204113e-05
0,0,3.2434045110724504e-05
0,0,2.483541427369179e-05
0,0,3.9230366939485025e-05
0,0,2.4826333688043315e-05
0,0,2.74400268674504e-05
1,1,0.9997714261260815
0,0,2.7444248126900374e-05
0,0,2.895627477643189e-05
0,0,3.218823689849475e-05
0,0,2.4688740826905597e-05
1,1,0.9997884378072417
0,0,2.4825655985375043e-05
0,0,2.463846836157148e-05
0,0,2.5312295888371145e-05
0,0,2.9558254032658272e-05
0,0,2.716788918773891e-05
0,0,2.4692224031990655e-05
0,0,2.414487980403237e-05
0,0,2.856392793174056e-05
0,0,2.4160960769962167e-05
0,0,3.226826944482834e-05
0,0,2.3933147052449213e-05
0,0,3.875721074789302e-05
0,0,2.472182474975575e-05
0,0,2.806177152857984e-05
0,0,2.469480143310247e-05
0,0,2.402568335197e-05
0,0,2.452860181371921e-05
0,0,2.617026363017677e-05
0,0,2.5789109271055657e-05
0,0,2.4693730019955702e-05
0,0,4.064088449506921e-05
0,0,2.409008062849724e-05
0,0,2.414126028542357e-05
0,0,2.382680339649663e-05
0,0,2.490165075851441e-05
0,0,2.7519224131514328e-05
0,0,2.701398816031848e-05
0,0,2.4816254518870753e-05
0,0,2.471611999718126e-05
0,0,2.7527482075148693e-05
0,0,2.4820618721307678e-05
0,0,2.6706257047511116e-05
0,0,2.861835945737914e-05
0,0,2.6889707004786306e-05
0,0,3.709216889997499e-05
0,0,2.4828897965848634e-05
0,0,2.700719208334014e-05
0,0,2.8161721852552427e-05
1,1,0.9997772118308541
0,0,2.986940963650655e-05
0,0,2.4693969349239422e-05
0,0,2.4687546933953266e-05
0,0,2.656239834864954e-05
0,0,2.703639890523614e-05
1,1,0.9990377605220488
0,0,2.501402868352961e-05
0,0,2.692671165217071e-05
0,0,2.631544805755448e-05
0,0,3.326578032036415e-05
0,0,2.5429836979009002e-05
0,0,3.330935315433928e-05
0,0,3.932812337561703e-05
1,1,0.9994370392470435
0,0,2.9527915971221825e-05
0,0,2.4832850949025388e-05
1,1,0.9997150083903109
0,0,2.6005649639946888e-05
0,0,2.472015520980473e-05
0,0,2.3874437310425528e-05
0,0,2.5879187914772678e-05
0,0,2.469369564611919e-05
0,0,2.358057726228837e-05
0,0,2.468306840417099e-05
0,0,3.199277925050194e-05
0,0,2.4274703588684247e-05
0,0,2.8204752406592457e-05
0,0,3.032525695178885e-05
0,0,3.445685727933291e-05
0,0,2.759947744831192e-05
0,0,4.6810632840418395e-05
0,0,2.3642417343813037e-05
0,0,2.508643619115792e-05
0,0,2.4087896813835692e-05
0,0,3.1682049886800805e-05
0,0,2.487871757017769e-05
0,0,3.215205150989963e-05
0,0,2.3912053907008808e-05
0,0,2.468947465250663e-05
0,0,2.393318924479403e-05
0,0,2.4086506434578955e-05
0,0,2.4714125051983818e-05
0,0,2.9217648677921584e-05
0,0,2.6055647670583886e-05
0,0,2.4215370094001385e-05
0,0,2.9209172154098747e-05
0,0,3.2611143209829585e-05
0,0,2.550776056830895e-05
0,0,2.8460427491075527e-05
0,0,2.637220445301338e-05
0,0,2.4861861580704054e-05
0,0,2.8204842948144276e-05
0,0,3.715772712805287e-05
0,0,3.284389982612485e-05
1,1,0.9997505791037818
0,0,2.4849174291013813e-05
0,0,2.6827459402860364e-05
0,0,2.4086376717181056e-05
0,0,2.9046044935802095e-05
0,0,2.50194225640599e-05
0,0,2.4111876064883123e-05
0,0,3.2403357312391644e-05
0,0,3.0030272727930082e-05
0,0,2.4692135944600842e-05
0,0,3.405580262340155e-05
0,0,2.4793727390799623e-05
0,0,3.055075512266248e-05
0,0,3.117412672689452e-05
0,0,2.4826870692562892e-05
1,1,0.9996179396627503
1,1,0.9993036452840125
0,0,2.7701193794368653e-05
0,0,4.290684078032268e-05
0,0,2.510767023048325e-05
0,0,3.115336617118017e-05
0,0,2.645957413228261e-05
0,0,2.4202215731478373e-05
0,0,2.3942906139374474e-05
0,0,2.4836323056711913e-05
0,0,2.8294856656101362e-05
0,0,2.522971416367021e-05
0,0,2.7566835644787586e-05
0,0,2.416060017699281e-05
0,0,3.6282709116498806e-05
0,0,2.511611747273358e-05
0,0,2.9153060575157168e-05
0,0,2.6736572032079114e-05
0,0,2.627698454891434e-05
0,0,2.8044012551684892e-05
0,0,2.5498112317366395e-05
0,0,2.4688740826905597e-05
0,0,2.4237894505976226e-05
0,0,3.302823795861134e-05
0,0,2.4820786627458615e-05
0,0,3.337255739744415e-05
1,1,0.9997207469314727
0,0,2.4714284429403947e-05
0,0,2.5656229199725927e-05
0,0,2.866780954237212e-05
0,0,2.7061956099794107e-05
0,0,3.265144656232897e-05
0,0,2.4822351751100456e-05
0,0,2.4721988343928697e-05
0,0,2.6960540533946835e-05
0,0,2.90426323142743e-05
0,0,3.097108072143307e-05
0,0,2.504373605243354e-05
0,0,2.4680960654084724e-05
1,1,0.999295081046989
1,1,0.9894452599848023
0,0,2.370811912204807e-05
0,0,2.506038798733539e-05
0,0,2.471408503158613e-05
0,0,2.485360866813387e-05
0,0,3.348992380793969e-05
0,0,2.4688740826905597e-05
0,0,2.4711344044985454e-05
0,0,2.4415712330455424e-05
0,0,3.0843005637496915e-05
0,0,2.5733088011827917e-05
0,0,3.143939333784785e-05
0,0,2.5634012957574374e-05
0,0,2.829940383221165e-05
0,0,2.4678479464613123e-05
0,0,4.154408684889432e-05
0,0,2.4692135944600842e-05
1,1,0.9991652943110279
0,0,3.725454134196909e-05
0,0,2.458175756582702e-05
0,0,2.5624917324742887e-05
0,0,2.5952053507427362e-05
0,0,3.1155216839416434e-05
0,0,3.1519135934252665e-05
0,0,2.617445003433991e-05
0,0,2.6792823367044267e-05
0,0,4.798401934301543e-05
0,0,2.409929386815159e-05
0,0,2.5119924938158024e-05
0,0,3.224638169412797e-05
0,0,3.383249422951338e-05
0,0,2.673301593794702e-05
0,0,3.347670424936265e-05
1,1,0.9993059605687294
0,0,2.7040770890302526e-05
0,0,2.6059173934360034e-05
0,0,2.4857394244810178e-05
0,0,2.6752539356111555e-05
0,0,2.4542953136705876e-05
0,0,2.3931568510092554e-05
0,0,2.8318145688603545e-05
0,0,2.5691706115958837e-05
0,0,4.346263352612894e-05
0,0,3.476512229371414e-05
0,0,2.62208426300387e-05
0,0,2.390329163642899e-05
0,0,2.427726378642509e-05
0,0,2.4898825251270855e-05
0,0,2.5207960845958093e-05
0,0,2.472194562532611e-05
1,1,0.9969073829405094
0,0,2.6503641537329218e-05
0,0,3.301593776085335e-05
0,0,2.7173831829010728e-05
0,0,2.8429522286045736e-05
0,0,3.2265816240519575e-05
0,0,2.437813968655985e-05
0,0,3.297298516965007e-05
0,0,2.4833719031273504e-05
0,0,3.0311362659439343e-05
0,0,2.482224044119682e-05
1,1,0.9996065851291513
0,0,2.6347278281031848e-05
0,0,3.0070410278718455e-05
0,0,2.4872370552213793e-05
0,0,3.030188401089652e-05
0,0,2.596878076440651e-05
0,0,2.4109298760582428e-05
1,1,0.999162736146107
0,0,2.6833307624841692e-05
0,0,2.6829191669178247e-05
0,0,2.500545709281169e-05
0,0,2.394840998273917e-05
0,0,3.0904797797257105e-05
0,0,3.245956530105578e-05
0,0,3.2869831732595747e-05
0,0,2.6041018978958897e-05
0,0,2.5187912177677987e-05
0,0,3.2020963518377566e-05
0,0,2.4656957891274613e-05
0,0,2.6306654594534754e-05
1,1,0.9996094856650469
0,0,2.7224615767031578e-05
0,0,2.4854175405707448e-05
0,0,2.8558752269697876e-05
0,0,2.446275726275068e-05
0,0,3.1915543511989736e-05
0,0,2.5870647849916533e-05
1,1,0.9993005120776048
0,0,2.9714077128942204e-05
0,0,2.691597960267442e-05
0,0,2.6561861360383267e-05
1,1,0.992747171565691
0,0,2.7031509708781725e-05
0,0,2.4741231474716127e-05
0,0,2.945483959862429e-05
0,0,2.469048590908632e-05
0,0,2.431168288294427e-05
1,1,0.998870476108083
0,0,2.5916760171185036e-05
0,0,2.809956927428002e-05
0,0,2.5147615932909383e-05
0,0,2.677094797171215e-05
0,0,2.550675289232533e-05
1,1,0.9997681300000534
0,0,2.7971810389526647e-05
0,0,2.5044539035181395e-05
0,0,3.632452639414528e-05
1,1,0.9988460448041894
0,0,2.516639221706859e-05
0,0,2.6942651740796013e-05
1,1,0.9997796065999047
0,0,2.3919348696149523e-05
0,0,4.647298136263664e-05
0,0,2.5795654680555782e-05
0,0,2.8103072330740845e-05
1,1,0.9992169700783672
0,0,2.5789109271055657e-05
0,0,2.402568335197e-05
0,0,2.931927281041778e-05
0,0,2.769416708395903e-05
0,0,2.3904463878816317e-05
0,0,2.6406202838409234e-05
0,0,2.9705608703110602e-05
0,0,2.383906503308603e-05
1,1,0.9989418037408659
0,0,2.8344919334656082e-05
1,1,0.996907385625774
0,0,2.5210596274124112e-05
0,0,2.492460221908862e-05
0,0,2.4921654526404214e-05
0,0,2.4862467213960178e-05
0,0,2.614616597254589e-05
0,0,3.205172875599006e-05
0,0,2.472075937228947e-05
0,0,2.728510865316375e-05
0,0,2.759660570023869e-05
0,0,2.395475990742742e-05
1,1,0.9986926185708106
0,0,2.9735048697624247e-05
0,0,2.7431503529298784e-05
0,0,2.4870652580871266e-05
0,0,2.3904022788828394e-05
0,0,3.434918507365534e-05
0,0,2.679150851073167e-05
0,0,2.5725880066807063e-05
0,0,2.5981866601854253e-05
1,1,0.9995337827521907
0,0,2.921112348881547e-05
1,1,0.9995311828652458
0,0,2.7773306817496878e-05
1,1,0.9962864398524767
1,1,0.9995929630110141
0,0,2.6082049597181748e-05
0,0,2.550776056830895e-05
0,0,3.0606585610204776e-05
1,1,0.9990487307613565
0,0,2.699862486714104e-05
1,1,0.9988247619255728
0,0,2.4411649234404987e-05
0,0,3.170204351636015e-05
0,0,2.542374585290199e-05
0,0,2.9388036954697498e-05
0,0,3.047272795386343e-05
0,0,2.5812394385445067e-05
0,0,3.1993644986225646e-05
1,1,0.9992623551074208
0,0,4.093245872615253e-05
0,0,2.561247342260589e-05
0,0,3.572939251106044e-05
1,1,0.999529808709683
0,0,3.058701757988071e-05
1,1,0.9993285162936772
0,0,2.910593184270912e-05
0,0,2.7406882083744858e-05
0,0,2.7845369130807333e-05
0,0,2.603637638573031e-05
0,0,2.4384493727775022e-05
1,1,0.9993036684616757
0,0,2.7051199046247074e-05
0,0,2.486537026495285e-05
0,0,2.686808922749382e-05
0,0,2.5142423119379863e-05
1,1,0.9988412524671024
0,0,2.3959447387786596e-05
0,0,3.220935822297681e-05
0,0,3.365890242019541e-05
0,0,3.2156791582678585e-05
0,0,2.9057005293234932e-05
0,0,2.4822357106671515e-05
0,0,2.4096638079894238e-05
0,0,2.465848999757583e-05
1,1,0.9964611418245644
0,0,2.4716914893742327e-05
0,0,3.31081608593407e-05
0,0,3.051991511782644e-05
0,0,2.8857743906712514e-05
1,1,0.9994909694179748
0,0,2.7826353084135413e-05
0,0,2.5706289810283147e-05
0,0,2.4728584901741178e-05
1,1,0.981856033326993
0,0,2.4877062740897515e-05
0,0,3.881136966449462e-05
0,0,3.208534703009196e-05
0,0,3.193380540507775e-05
0,0,3.2214899269160724e-05
1,1,0.9951075994064139
0,0,2.9850007333460083e-05
0,0,2.470221313101912e-05
0,0,2.553829087825467e-05
1,1,0.9991635717427129
0,0,2.987501841751668e-05
0,0,2.3937017587598605e-05
1,1,0.9997793919715221
0,0,2.4871112549377976e-05
0,0,2.7259983082477512e-05
0,0,2.3925240307025793e-05
1,1,0.9994714290789454
0,0,2.469048590908632e-05
0,0,3.07211838823292e-05
1,1,0.9997625337992551
0,0,3.371195661982947e-05
0,0,2.7404990408374898e-05
1,1,0.9979681905875447
0,0,2.4896592753800474e-05
0,0,2.4855017851545483e-05
0,0,2.7315005744053994e-05
0,0,2.6549263915351022e-05
0,0,3.0262991144845294e-05
1,1,0.9992400734388919
0,0,3.810482559105691e-05
0,0,2.675580525035991e-05
0,0,2.594357939386478e-05
0,0,2.5680719916775365e-05
0,0,2.4879951385034732e-05
0,0,3.2826362999626425e-05
1,1,0.9988460431877391
0,0,2.6967694680713555e-05
0,0,2.509557481579756e-05
0,0,2.501552201536352e-05
1,1,0.9996349355982854
0,0,2.4662042959321222e-05
0,0,2.757284350645986e-05
0,0,2.5239953083986112e-05
0,0,2.5012149346644166e-05
0,0,2.9326317108379452e-05
0,0,2.7921967353582074e-05
0,0,2.506897096493641e-05
0,0,2.5054362670631273e-05
0,0,2.8199865174692304e-05
0,0,2.964796196831085e-05
0,0,2.7122611021191108e-05
0,0,2.413771490675941e-05
0,0,2.3959223385207734e-05
0,0,2.5085236883732232e-05
0,0,2.4065365171280812e-05
0,0,2.4133035120391713e-05
0,0,2.6007781056942745e-05
0,0,3.1982228702697086e-05
0,0,2.7372006553451888e-05
1,1,0.9997537594006174
1,1,0.9987678416861299
0,0,3.475671120949463e-05
0,0,2.3931192387946637e-05
1,1,0.9993285152376091
1,1,0.9997727632467771
0,0,2.486884011667265e-05
0,0,2.441040261678506e-05
0,0,2.904987638934019e-05
0,0,2.441674253070013e-05
1,1,0.9975873326532868
0,0,2.957398561688357e-05
0,0,2.4702598414677225e-05
0,0,2.475777773264651e-05
0,0,2.6772019487336736e-05
0,0,2.3912370129190962e-05
0,0,2.9941414967464182e-05
0,0,4.315092262870613e-05
0,0,2.433815643429224e-05
0,0,2.519717623972584e-05
0,0,2.5225538830331827e-05
0,0,3.3764675242425e-05
0,0,2.6937245018669663e-05
0,0,3.4380806192550285e-05
0,0,2.5919954517800467e-05
0,0,2.4827081980286693e-05
0,0,2.4929773421049544e-05
0,0,2.9549210748037136e-05
0,0,3.3778440677175687e-05
0,0,2.5020910209581783e-05
0,0,2.612674502976679e-05
0,0,3.790593231793166e-05
1,0,2.8697035269856964e-05
0,0,4.072613812613008e-05
0,0,2.8232773681794524e-05
0,0,2.3933149276781467e-05
0,0,3.0461171647611098e-05
0,0,2.410931419248934e-05
0,0,2.4868181359597143e-05
1,1,0.996574685443077
1,1,0.994813065618811
0,0,2.4514416301246266e-05
0,0,2.470230304424097e-05
1,1,0.999588079452496
1,1,0.998576093292737
0,0,2.9047645511993743e-05
0,0,2.7273642119336196e-05
0,0,3.141459519779097e-05
0,0,2.415389752218544e-05
0,0,3.158922253437404e-05
0,0,2.5220603203239127e-05
0,0,2.5379775413200353e-05
0,0,2.9388036954697498e-05
0,0,3.29391582351275e-05
0,0,3.0291094748478555e-05
0,0,2.654055432553441e-05
0,0,3.0698979983837924e-05
0,0,4.271572474644858e-05
0,0,2.5030728894577578e-05
1,1,0.9991652952005706
0,0,2.4807721213540432e-05
1,1,0.9991836945279171
1,1,0.9992999547150268
1,1,0.9989510131705853
0,0,2.9735287339807034e-05
0,0,2.547304451379617e-05
0,0,2.494655489636038e-05
0,0,2.4628495826421803e-05
0,0,3.0169432799771613e-05
0,0,2.4135165550284725e-05
0,0,2.5035753016047412e-05
0,0,2.48932668706971e-05
0,0,2.7174516685008473e-05
1,1,0.9987255376632407
0,0,2.781555682591388e-05
0,0,2.5579295909334183e-05
0,0,2.602958285198572e-05
0,0,3.405580262340155e-05
0,0,2.4896335405288314e-05
1,1,0.9981518801101756
1,1,0.9991324671335787
0,0,2.4129220844881237e-05
0,0,2.4068264727734617e-05
0,0,3.268304012367699e-05
0,0,2.4688182761622257e-05
0,0,2.737556184971041e-05
0,0,3.2574430717934114e-05
0,0,2.424151514832403e-05
0,0,2.6322849380286574e-05
0,0,2.5199538777112873e-05
0,0,3.078878947114108e-05
0,0,2.5298556436226283e-05
0,0,2.9638809451631323e-05
1,1,0.9966048011296297
0,0,2.49093104122585e-05
0,0,3.616406636928103e-05
0,0,2.4894805546570474e-05
0,0,2.573631785390729e-05
0,0,3.0006391378396245e-05
0,0,2.5078047824436027e-05
0,0,2.5797341063519716e-05
0,0,2.491305725497894e-05
0,0,2.485360866813387e-05
0,0,2.4693799915098714e-05
0,0,3.0506997579130266e-05
0,0,3.6270563619530655e-05
0,0,3.560459638004672e-05
0,0,2.4688697302615193e-05
0,0,2.707693054945534e-05
0,0,3.1806277881549124e-05
0,0,2.881924094745433e-05
0,0,2.4879728564880738e-05
0,0,2.6817132640383978e-05
0,0,2.716397366298526e-05
0,0,2.7066558778185335e-05
0,0,2.5151364688002263e-05
0,0,2.6325948022711545e-05
0,0,2.40906979937601e-05
0,0,2.7463071472856375e-05
0,0,2.765735899479838e-05
0,0,2.7925564464307463e-05
0,0,2.642589040568994e-05
0,0,2.8799366187367037e-05
0,0,2.4084036206295596e-05
0,0,3.696239124675059e-05
0,0,2.67869832064649e-05
0,0,2.465513044887312e-05
0,0,2.4879817215564733e-05
0,0,3.0250561685534228e-05
0,0,2.4437865619914733e-05
0,0,2.5547459535638903e-05
0,0,2.7566835644787586e-05
0,0,2.6426647530726037e-05
0,0,2.557376151998182e-05
0,0,3.109332051125558e-05
0,0,2.5218343537623463e-05
0,0,2.4714548166949936e-05
0,0,3.349868220061272e-05
0,0,2.6536038314261518e-05
0,0,3.0013190570287407e-05
0,0,2.7337111561346894e-05
1,1,0.9965100820522758
0,0,3.4851709895743625e-05
0,0,2.4720914645764035e-05
0,0,2.8460427491075527e-05
0,0,2.4868919949704156e-05
1,1,0.999306470751355
0,0,2.799781923437481e-05
0,0,2.6179587779072574e-05
0,0,2.8094852101802677e-05
0,0,3.4569728828154784e-05
0,0,2.6930271435438624e-05
0,0,3.214558501235237e-05
0,0,2.4854831459196703e-05
0,0,2.4691843999849018e-05
0,0,2.892410578321668e-05
0,0,2.4065466389622303e-05
0,0,2.6863029907327374e-05
0,0,2.504649464817787e-05
1,1,0.9971543179895758
0,0,2.6029219353263788e-05
0,0,2.6937033173882257e-05
0,0,2.4847664628360087e-05
0,0,2.7493192105317242e-05
0,0,2.7381373615414503e-05
0,0,2.9053949930046944e-05
0,0,2.746106373108079e-05
0,0,2.6579650540789932e-05
0,0,2.4681122458417226e-05
0,0,2.9774455192999267e-05
0,0,2.5194660817644728e-05
0,0,3.0471919082531642e-05
0,0,2.4378322657670912e-05
0,0,2.6383219189000756e-05
0,0,2.506897096493641e-05
0,0,2.9047738759282228e-05
0,0,9.908109885579223e-05
0,0,2.4856090314374855e-05
0,0,2.7763011983058183e-05
0,0,4.722859531207451e-05
0,0,2.4600621487514983e-05
0,0,2.409203693679951e-05
0,0,2.4851004421701323e-05
0,0,2.4715571693061217e-05
1,1,0.9995925717832083
0,0,2.6377737700574928e-05
0,0,2.6941481681349563e-05
0,0,2.5476925528817067e-05
0,0,2.4772973129273665e-05
0,0,3.2182528356878686e-05
0,0,2.734079171620592e-05
0,0,2.7100733914814316e-05
0,0,2.5192557345842986e-05
0,0,2.8670249892348772e-05
0,0,2.8856845013378297e-05
0,0,2.8616563412292337e-05
0,0,2.4137401453234004e-05
0,0,2.641995159410095e-05
0,0,3.494527351269897e-05
0,0,2.4860728492228102e-05
0,0,2.6960540533946835e-05
0,0,2.3941972334324676e-05
0,0,2.5982058082193046e-05
0,0,2.6554153979536695e-05
0,0,2.8014999060094276e-05
1,1,0.9997772276892365
0,0,3.662081050630355e-05
0,0,2.5750864829241704e-05
0,0,3.971260364019717e-05
0,0,2.6834261223101626e-05
0,0,2.858230771064453e-05
1,1,0.9991368139264215
0,0,2.4835455118665826e-05
0,0,2.522001480907255e-05
0,0,2.5291132412327643e-05
0,0,3.513643925752608e-05
0,0,2.4717380846783598e-05
0,0,2.6314052548276283e-05
0,0,2.46544582778674e-05
0,0,2.3933195146475574e-05
0,0,2.5195948595549728e-05
0,0,2.9920421659532524e-05
0,0,2.4695826555705865e-05
1,1,0.9919090613046142
0,0,2.6594492638874315e-05
0,0,2.4838046051825854e-05
0,0,3.0286345341298135e-05
0,0,2.395937047423097e-05
0,0,2.4686548419651685e-05
0,0,3.276236349992837e-05
0,0,2.636377635559262e-05
0,0,3.161548834237809e-05
0,0,2.5631467065734293e-05
0,0,2.787541806561871e-05
0,0,2.8173038444724624e-05
0,0,2.4061101675277876e-05
0,0,2.5916887964272675e-05
0,0,2.4881040784229046e-05
0,0,2.3960878783878695e-05
0,0,2.40908511005589e-05
0,0,2.53681082326676e-05
0,0,2.393895599483907e-05
0,0,2.6551607690787648e-05
0,0,3.098254353451684e-05
0,0,3.1109019275070116e-05
0,0,2.670380821071039e-05
0,0,5.0030636900748565e-05
1,1,0.9997643726429204
0,0,2.4901341551200806e-05
0,0,3.2120705568692275e-05
0,0,4.678094392514047e-05
0,0,2.9948606242600847e-05
0,0,2.4027586692770838e-05
0,0,3.382755921873772e-05
0,0,2.6912489509950084e-05
0,0,2.5117292015209634e-05
0,0,2.3925558636619397e-05
0,0,2.6152238523412914e-05
1,1,0.99630620778477
0,0,2.487267343590488e-05
0,0,3.399437440405161e-05
0,0,2.508167210475978e-05
0,0,2.600762031305506e-05
0,0,2.4099841800701798e-05
0,0,2.7859775755527235e-05
0,0,2.6396781731550043e-05
0,0,2.718884949432508e-05
0,0,3.453366261468039e-05
0,0,2.413462149923608e-05
1,1,0.9987678416861299
0,0,2.602966641109367e-05
0,0,2.916708275948746e-05
0,0,2.908515660840407e-05
0,0,3.158912112882627e-05
1,1,0.9997288804638965
0,0,2.379942316603764e-05
0,0,3.655471163970487e-05
1,1,0.9993125958626415
0,0,2.49170816793541e-05
0,0,3.1496648330719566e-05
0,0,2.6555111857560997e-05
0,0,2.5531361096400936e-05
0,0,4.604799752029637e-05
0,0,2.6914028615462054e-05
0,0,3.7325245503655626e-05
1,1,0.9972513083857336
0,0,2.4412196974426173e-05
1,1,0.9994961903517647
1,1,0.9995145819339545
0,0,2.3944064226756187e-05
0,0,2.3871142920725783e-05
0,0,2.5757050861834737e-05
0,0,2.494235611377697e-05
0,0,2.4063162688935003e-05
1,1,0.9991778096006473
0,0,2.6958044134780044e-05
0,0,2.485396875594956e-05
0,0,3.266817159059603e-05
0,0,2.7188155776685386e-05
0,0,3.017038536024761e-05
0,0,2.46570370441464e-05
0,0,2.4706618018408493e-05
0,0,2.489803950661413e-05
0,0,2.595278567031754e-05
0,0,2.592059560816744e-05
0,0,2.561247342260589e-05
0,0,2.50409660524582e-05
0,0,2.490140052717612e-05
0,0,2.4852607049489454e-05
0,0,2.7868360001465716e-05
1,1,0.9947099934050128
0,0,2.4875262942029432e-05
0,0,3.401457333368133e-05
1,1,0.9975544534079411
0,0,2.6332765797140095e-05
0,0,2.356667618156013e-05
0,0,2.898285148207117e-05
0,0,3.204795737830459e-05
1,1,0.999579082669977
0,0,2.9497021814569633e-05
0,0,2.4428556832768033e-05
0,0,2.6247485109003072e-05
0,0,3.39775459970692e-05
0,0,3.026871826777047e-05
1,1,0.9997834717650248
0,0,2.7525272759097184e-05
1,1,0.9989843331185692
0,0,3.0482504969549364e-05
0,0,3.337259844399597e-05
1,1,0.9990792405910525
0,0,2.3839079737497268e-05
0,0,2.5455753386822043e-05
0,0,3.0256483335622576e-05
0,0,3.061939564814054e-05
0,0,2.4899112970904797e-05
0,0,2.7273697219069298e-05
0,0,2.465483292966935e-05
0,0,2.414577145482982e-05
0,0,2.624585724487854e-05
0,0,2.393318924479403e-05
0,0,2.6235046473840376e-05
0,0,3.571032127440701e-05
0,0,2.9817698237699016e-05
0,0,2.8564785625896982e-05
0,0,2.416677296640441e-05
0,0,4.1854597383172595e-05
0,0,3.326578032036415e-05
0,0,2.792744049388784e-05
0,0,2.4551161498277383e-05
0,0,3.7135758508337e-05
0,0,2.983038437687952e-05
0,0,3.1458849414948774e-05
0,0,3.4383309383835695e-05
0,0,2.433511401192276e-05
0,0,2.6377737700574928e-05
0,0,2.6910768149858887e-05
0,0,3.1991843568103194e-05
0,0,2.8504151125453013e-05
0,0,2.3933900613606867e-05
0,0,2.4063994886860225e-05
0,0,3.20874604406792e-05
0,0,2.411777990688032e-05
0,0,2.40963269724005e-05
0,0,2.472803520038087e-05
0,0,2.8499617990526384e-05
0,0,2.4893665175385205e-05
0,0,2.6549349142673685e-05
0,0,3.0464437802572073e-05
0,0,2.8399252252573268e-05
1,1,0.9974423617356627
0,0,4.4446722655693005e-05
0,0,2.5005403348896802e-05
1,1,0.9981519118350975
0,0,2.89097086747527e-05
0,0,3.3669191918195785e-05
0,0,2.3799346766172448e-05
0,0,3.3747709393664105e-05
0,0,2.8122525872878473e-05
0,0,3.0254633124341452e-05
0,0,2.4692224020861073e-05
0,0,2.4681695187308757e-05
0,0,2.8691585023272068e-05
0,0,2.4984937210096758e-05
0,0,2.489656783012032e-05
0,0,2.4117645228836156e-05
0,0,2.7401876583341478e-05
0,0,3.7648252330524486e-05
0,0,2.525628724783779e-05
0,0,3.29391582351275e-05
0,0,3.004848959045671e-05
0,0,2.530991633934116e-05
0,0,2.7245880767322144e-05
0,0,2.7798310465789786e-05
0,0,2.469048590908632e-05
0,0,3.153507735225031e-05
0,0,2.4721190569429363e-05
1,1,0.999579082669977
0,0,2.3923355208391097e-05
0,0,2.767154948296912e-05
1,1,0.9997677944745214
1,1,0.9995164516329993
0,0,2.4576711863219186e-05
0,0,3.3038633984133174e-05
0,0,2.4848162382036037e-05
0,0,2.4853523826605502e-05
1,1,0.9984081155569324
0,0,2.669937416609433e-05
0,0,2.617453405848242e-05
0,0,3.2333175811423075e-05
0,0,2.4690745857056966e-05
1,1,0.9989795443556861
0,0,2.540559190303961e-05
0,0,2.9142867858097947e-05
0,0,2.5998855960242817e-05
1,1,0.9986769022976889
0,0,4.6528010052427206e-05
1,1,0.9967781029314382
0,0,2.4716412591827052e-05
0,0,2.501655402507155e-05
0,0,4.0095740353037545e-05
0,0,2.6141496849604e-05
0,0,3.655471163970487e-05
0,0,3.810463462570623e-05
0,0,2.3382601966377275e-05
0,0,2.7017845563275e-05
0,0,2.8280539423245597e-05
0,0,2.9587206296667195e-05
0,0,2.471746523295667e-05
0,0,2.5385714278602494e-05
0,0,3.2969427067253844e-05
1,1,0.999478265395836
0,0,3.839280410428669e-05
0,0,4.460828494589005e-05
0,0,2.4028639480337052e-05
0,0,2.8337210255348207e-05
0,0,2.7044977478893055e-05
0,0,2.8289870582685457e-05
0,0,2.396823888897024e-05
0,0,2.7783270432322127e-05
0,0,2.4861586084266447e-05
1,1,0.9995965722828628
0,0,2.4929831899879642e-05
0,0,2.47162500291178e-05
0,0,3.998488249811589e-05
0,0,2.5403023317658463e-05
0,0,2.4096426387706136e-05
0,0,2.4852418048674398e-05
0,0,3.0368350365739793e-05
0,0,2.4695203697798578e-05
0,0,3.0066174207231793e-05
0,0,4.0673714279974545e-05
0,0,2.4688740826905597e-05
0,0,2.4864511240010742e-05
0,0,2.4900180306400492e-05
0,0,2.5418249996426405e-05
1,1,0.9997720566085918
0,0,2.712108254232117e-05
1,1,0.9989694819835916
0,0,4.604799752029637e-05
0,0,3.2188478486718676e-05
0,0,3.84735565853027e-05
0,0,2.4589969879620082e-05
0,0,2.9188703313535943e-05
1,1,0.9997207469314727
0,0,2.4922721431060314e-05
0,0,3.204795737830459e-05
0,0,2.427453958317436e-05
0,0,3.5952152458366736e-05
0,0,2.4903113584994124e-05
0,0,2.7295501115822302e-05
0,0,0.00010166833363182128
0,0,2.8159251814897407e-05
0,0,2.7213576091549006e-05
1,1,0.9992596438502073
0,0,2.617453405848242e-05
0,0,2.796477715452581e-05
0,0,2.644268730235869e-05
0,0,2.930217486435486e-05
0,0,2.5037816537733107e-05
0,0,2.468118190009612e-05
0,0,2.751689075072424e-05
0,0,2.4905761753983323e-05
0,0,2.8054410615955726e-05
0,0,3.343459772253501e-05
0,0,3.27533680040197e-05
0,0,2.4692224020861073e-05
0,0,0.00010166833363182128
0,0,3.4902968014572924e-05
0,0,2.3846796312783632e-05
0,0,3.135715379082193e-05
0,0,2.5267532025966587e-05
0,0,2.6091975104602655e-05
0,0,2.738637920532796e-05
0,0,2.3909795177069838e-05
0,0,2.4717143592655006e-05
1,1,0.999788321561227
1,1,0.9997684661354821
0,0,2.936404449207312e-05
0,0,2.6562561418503437e-05
0,0,2.4970695852198236e-05
0,0,3.088997603333902e-05
0,0,2.6033629147179222e-05
0,0,3.4778716365183303e-05
0,0,2.594589455653624e-05
0,0,2.411501039820107e-05
0,0,2.511182891178844e-05
0,0,2.713668046479601e-05
0,0,2.974031708611808e-05
0,0,2.4727658872687348e-05
0,0,2.4119698596338764e-05
0,0,2.6874047596071385e-05
0,0,2.7178629922988696e-05
1,1,0.999469084450475
0,0,3.7331953985917246e-05
0,0,3.0757117188101566e-05
0,0,2.8603430685519434e-05
0,0,2.508607508459918e-05
0,0,2.4725694434496622e-05
0,0,2.7383156011128724e-05
0,0,2.8592612384721346e-05
0,0,2.4174235494260773e-05
0,0,3.052762475925646e-05
0,0,2.4164876661591818e-05
0,0,2.4882270689906498e-05
0,0,2.4342192454657362e-05
0,0,2.469048590908632e-05
0,0,3.2714675282316466e-05
0,0,2.6758402104125245e-05
0,0,2.6257618753271025e-05
0,0,3.007358400025656e-05
0,0,2.486992632580435e-05
0,0,2.6113018762837708e-05
0,0,2.3922637716086443e-05
0,0,2.629816290281155e-05
1,1,0.9985699501951426
0,0,2.8840423927041957e-05
1,1,0.9996581895065987
0,0,2.4862467213960178e-05
1,1,0.9988789063663991
0,0,3.280111520538187e-05
0,0,2.5188101226416067e-05
0,0,2.653526611257697e-05
0,0,2.5158686300302936e-05
0,0,2.4692208641419378e-05
0,0,2.7834254922778777e-05
0,0,2.590678029131606e-05
0,0,3.317411121548972e-05
0,0,3.0954578162939164e-05
0,0,2.4821777260806724e-05
0,0,2.4729273638587934e-05
1,1,0.9992055754818113
0,0,2.484519216338041e-05
0,0,3.063110000085996e-05
0,0,2.6840977943682527e-05
0,0,2.46921359334713e-05
0,0,2.621287508946984e-05
0,0,2.7278067692989057e-05
1,1,0.9995445491339804
0,0,2.4690491997504924e-05
0,0,2.4714969605875062e-05
0,0,2.826314824509402e-05
0,0,2.4657774661094286e-05
0,0,2.565709720494556e-05
0,0,3.0349119547779587e-05
0,0,2.680441541396924e-05
0,0,2.3952407873387602e-05
0,0,2.7582412974441798e-05
0,0,2.7224615767031578e-05
0,0,2.810276473886894e-05
0,0,2.524016225232084e-05
0,0,2.4074169067198152e-05
0,0,4.9950871636635706e-05
1,1,0.9991161952432247
0,0,2.4717277006016748e-05
0,0,2.5925898506471594e-05
0,0,2.48478492386466e-05
0,0,2.9104752247499315e-05
0,0,3.08336927855456e-05
0,0,4.072626886160044e-05
1,1,0.9991887599936466
0,0,3.0743392858345797e-05
0,0,4.539661334832124e-05
0,0,3.662081050630355e-05
0,0,2.5542250699942848e-05
1,1,0.9993123487155936
0,0,2.838216297031707e-05
1,1,0.9963452227004943
0,0,2.8489214517551293e-05
0,0,3.074210514137641e-05
0,0,3.137445332747219e-05
0,0,2.652876335918665e-05
0,0,3.179184985261756e-05
0,0,2.9972510417824255e-05
1,1,0.9997207469314727
0,0,2.4887564772876185e-05
1,1,0.9997787616159006
0,0,2.4720515005086625e-05
0,0,2.814949158310001e-05
0,0,2.7523908623387417e-05
0,0,2.7525145633283236e-05
0,0,2.900912668137834e-05
0,0,2.5155362668311678e-05
1,1,0.9972245803337662
0,0,3.397327677247218e-05
0,0,3.913651694578542e-05
0,0,2.506402482424222e-05
0,0,2.6554504918905155e-05
0,0,2.3990029539852432e-05
0,0,2.5113866047135534e-05
0,0,3.5146046280093695e-05
0,0,2.7783633157550754e-05
0,0,2.4860867409493946e-05
0,0,3.111411427363808e-05
0,0,2.5117168710826075e-05
0,0,5.151292675819871e-05
1,1,0.9995734124082459
0,0,2.4668916054459828e-05
0,0,2.4680146508191244e-05
0,0,2.4351693906605767e-05
0,0,2.9261570116302688e-05
0,0,2.9401832734047085e-05
1,1,0.9991510868983401
0,0,3.1321143435235816e-05
0,0,2.4834247177525785e-05
0,0,2.8357115773484864e-05
0,0,2.592482615878517e-05
0,0,2.493478999916493e-05
0,0,2.899834443762494e-05
0,0,3.275928749453929e-05
0,0,2.7334126335618636e-05
0,0,2.5090459843221642e-05
0,0,2.442019242640589e-05
0,0,2.725183787001487e-05
0,0,3.580956045843447e-05
0,0,2.558634646680351e-05
0,0,2.6900986444870456e-05
0,0,3.067864088952561e-05
0,0,2.4616242584594576e-05
0,0,2.625512390090358e-05
0,0,2.5091717887950174e-05
0,0,2.5990617572683832e-05
0,0,2.473154425374312e-05
0,0,2.7925474819254215e-05
0,0,2.8687504233648343e-05
0,0,2.705526081355085e-05
0,0,2.6668832663899374e-05
0,0,2.5307983951030527e-05
0,0,2.4379289196496748e-05
0,0,2.5118559457352728e-05
0,0,2.7249797721785265e-05
0,0,2.4662050374999818e-05
0,0,2.705459680072347e-05
0,0,3.283108740910648e-05
0,0,2.4655941352618086e-05
0,0,2.798156072912595e-05
0,0,3.154871484675546e-05
0,0,2.6455059683725945e-05
0,0,2.487833814793951e-05
0,0,3.5664650573364375e-05
0,0,5.134777896006457e-05
0,0,3.407567875453666e-05
0,0,2.8684174537610217e-05
0,0,3.0287432808800887e-05
1,1,0.9995177209221714
1,1,0.994813065618811
0,0,2.4952781345745812e-05
0,0,2.5566161643064943e-05
0,0,2.4691899756453816e-05
0,0,2.4630455188217485e-05
0,0,2.629659458879522e-05
0,0,2.801051323667437e-05
1,1,0.9992312661038468
0,0,2.465708014453689e-05
0,0,2.64563082757389e-05
0,0,3.0104064396343992e-05
0,0,2.3935005557955955e-05
0,0,4.250137435680214e-05
0,0,2.4851955971005793e-05
0,0,2.6271001004288842e-05
1,1,0.999609154094713
0,0,2.5306791867471583e-05
0,0,2.7408769479579283e-05
0,0,2.7181963184814316e-05
0,0,2.7898082539153083e-05
0,0,2.484495578982875e-05
0,0,3.310791236873788e-05
0,0,2.3941972334324676e-05
1,1,0.9992410166854466
0,0,2.8098217652290723e-05
0,0,2.8152537922683638e-05
1,1,0.9997901781865426
0,0,2.3933217881630973e-05
0,0,2.7149212772949413e-05
0,0,2.4835182437866506e-05
0,0,2.4061445497540573e-05
0,0,2.4873553473426057e-05
0,0,2.4869678092805297e-05
1,1,0.9996571832735252
0,0,2.7925564464307463e-05
0,0,2.4855170439839537e-05
0,0,2.873572315980447e-05
1,1,0.9990351162171878
0,0,2.563811067903902e-05
0,0,2.4885611870743356e-05
0,0,2.482665595313795e-05
0,0,2.6432226046208848e-05
0,0,2.6161637063336728e-05
0,0,3.263699611827926e-05
0,0,2.3934874057966966e-05
0,0,2.583097651529115e-05
0,0,2.395588925064542e-05
0,0,2.8566501566541966e-05
0,0,2.485139460144915e-05
1,1,0.9969667555310235
1,1,0.99977647784271
0,0,2.5687212425655262e-05
0,0,3.7629334739107725e-05
0,0,2.4688699597166102e-05
0,0,2.8007819228737163e-05
0,0,2.5044445917046383e-05
0,0,2.3867845602802268e-05
1,1,0.9991482353334461
0,0,2.73150934294615e-05
0,0,2.4879951385034732e-05
0,0,2.8681258472700947e-05
0,0,2.722838643470053e-05
0,0,3.0265352669622498e-05
0,0,2.6205646303142664e-05
0,0,2.8411511197045482e-05
0,0,2.798156072912595e-05
1,1,0.9994945963571841
0,0,2.4988014039352277e-05
1,1,0.999470694255396
0,0,2.490476942909434e-05
0,0,2.7709066316520636e-05
0,0,2.4851741841881852e-05
0,0,2.4213285159743556e-05
0,0,2.9038166177024014e-05
0,0,2.697370706272015e-05
0,0,2.7539813338641562e-05
0,0,2.3901545742651865e-05
0,0,2.4403363649899527e-05
0,0,3.1496648330719566e-05
1,1,0.9996371740788143
0,0,2.998011831295347e-05
0,0,2.5661401544112384e-05
0,0,4.171499388654044e-05
1,1,0.9997738615498071
0,0,4.5253745126249915e-05
0,0,2.4303026180004678e-05
0,0,2.4828457848737354e-05
0,0,2.4828934129577767e-05
0,0,3.216520170857033e-05
0,0,3.0363109936238366e-05
0,0,2.456665621835973e-05
0,0,2.485422362320822e-05
0,0,2.5651667596519345e-05
1,1,0.9996097665606447
0,0,2.4073583484763894e-05
0,0,2.443687737958909e-05
1,1,0.9988706894520814
0,0,2.515069164345467e-05
0,0,2.392518337541685e-05
0,0,2.502348518785563e-05
0,0,2.496635240995676e-05
0,0,2.749222192646685e-05
0,0,2.929109992172194e-05
0,0,3.5269865081434646e-05
0,0,2.7643820111587584e-05
0,0,2.3932301735880714e-05
0,0,2.590500896145843e-05
0,0,3.370064231695451e-05
0,0,3.0271462439345055e-05
1,1,0.9992400734388919
0,0,3.0482275842286374e-05
0,0,2.7006556391049504e-05
0,0,4.543872579205761e-05
0,0,3.393066019288462e-05
0,0,2.808033358814059e-05
1,1,0.9991635717427129
0,0,3.886177889096737e-05
0,0,3.1029614615356375e-05
0,0,2.4692463605243516e-05
0,0,2.4884583256789214e-05
0,0,2.7639548861829183e-05
0,0,3.3195031932489005e-05
0,0,2.6733616991953293e-05
1,1,0.9992096531664814
0,0,2.8405928213212357e-05
0,0,2.7890476476322657e-05
0,0,2.7566924138585874e-05
0,0,2.6185209954263872e-05
0,0,2.8866796703346813e-05
0,0,2.556721191588099e-05
0,0,2.6643491889391288e-05
0,0,3.16953214144794e-05
0,0,2.5997285259385583e-05
0,0,2.446660714064224e-05
0,0,2.8397101336326045e-05
0,0,4.0573386017373e-05
0,0,2.9039687466906418e-05
0,0,2.5227320238011162e-05
0,0,2.5560250590228197e-05
0,0,2.4863941784532354e-05
1,1,0.9991635717427129
0,0,3.4185151558394184e-05
0,0,2.4859646367873674e-05
0,0,2.5410227580915856e-05
0,0,2.5438010200508498e-05
1,1,0.9997889180463629
0,0,3.877441525163831e-05
0,0,2.4201477866037113e-05
0,0,2.5903625957078562e-05
0,0,3.483899450980339e-05
0,0,3.061212654502597e-05
0,0,2.4860655577465665e-05
0,0,2.9644334310150322e-05
0,0,3.2663222430910674e-05
0,0,2.5650278177972966e-05
0,0,5.2892592576083215e-05
0,0,2.503427122087039e-05
0,0,2.5648489249809444e-05
0,0,2.7579194283867417e-05
0,0,2.4716085137452696e-05
1,1,0.9996714945171675
0,0,2.4630455188217485e-05
0,0,2.5800079374881448e-05
0,0,2.542068942530063e-05
0,0,2.4193755431873123e-05
0,0,2.5646877766236372e-05
0,0,2.7141742264598293e-05
0,0,2.48491745922853e-05
0,0,2.4835455118665826e-05
0,0,2.8061563236332253e-05
1,1,0.9997727623528497
0,0,2.518782931602438e-05
0,0,2.720378158156968e-05
0,0,2.5846112617625274e-05
0,0,3.1607688641413e-05
0,0,2.9991406213294716e-05
0,0,2.73150934294615e-05
0,0,2.679982496237463e-05
0,0,3.141932983381355e-05
0,0,2.4065104790688206e-05
0,0,2.4695707717359576e-05
0,0,2.465307065968124e-05
0,0,2.8145553429543145e-05
0,0,2.497294621878334e-05
0,0,2.4701289331651397e-05
0,0,2.6622571168601816e-05
0,0,2.9642359416770646e-05
0,0,2.363806741547118e-05
0,0,2.955035821524872e-05
0,0,2.5128689839906055e-05
0,0,2.5625634135501487e-05
0,0,2.4869505695019065e-05
0,0,2.7231105376952417e-05
0,0,2.4490915300452094e-05
1,1,0.9996254385742628
0,0,3.566734219994574e-05
0,0,2.9101990141441166e-05
0,0,2.4942902550844835e-05
0,0,2.737556184971041e-05
0,0,2.469048590908632e-05
0,0,2.570765005171685e-05
0,0,2.8316564819144598e-05
0,0,2.4923725279041684e-05
0,0,2.8651961372208564e-05
0,0,2.4688697302615193e-05
1,1,0.9980035172811502
0,0,2.4130436580783394e-05
0,0,3.046744470014874e-05
0,0,3.275928749453929e-05
0,0,2.707833699234006e-05
0,0,2.733031242274872e-05
0,0,3.4185151558394184e-05
0,0,2.705314480265862e-05
0,0,2.6987993079121674e-05
1,1,0.9958848989005168
0,0,2.809481754642063e-05
0,0,2.7156272079712044e-05
0,0,2.7453633966071496e-05
0,0,2.4658383545046716e-05
0,0,2.6977418596544745e-05
0,0,2.578016392381247e-05
0,0,2.6350208171560834e-05
0,0,2.756797341387217e-05
0,0,2.588360833218766e-05
0,0,2.4728331900505646e-05
1,1,0.9992779725781067
0,0,2.4107713920242152e-05
0,0,3.903696943381007e-05
0,0,2.503117812251962e-05
0,0,4.077705909863303e-05
0,0,2.4426923159574175e-05
0,0,3.281573557612955e-05
0,0,2.9269895758566958e-05
0,0,2.5420607821049857e-05
0,0,3.3851297679756745e-05
0,0,2.9337315552249092e-05
0,0,2.470075252314759e-05
1,1,0.9997834717650248
1,1,0.9997229742679158
0,0,2.5755623940151498e-05
1,1,0.9996345103436262
0,0,2.8094990023721497e-05
0,0,2.7432351304457354e-05
0,0,2.6045704669224612e-05
0,0,2.5839710689931876e-05
0,0,2.662679634927877e-05
0,0,2.358057726228837e-05
1,1,0.997587332799552
0,0,2.4065561561340154e-05
0,0,2.6942651740796013e-05
1,1,0.9995891603656198
0,0,2.80038637092608e-05
0,0,2.39236021669532e-05
0,0,2.98923717273119e-05
0,0,2.8554544601812626e-05
0,0,3.310780922495253e-05
1,1,0.9997896251692308
1,1,0.9990487307613565
1,1,0.9996095761866416
0,0,3.425674180829423e-05
0,0,2.3923476477079974e-05
0,0,2.521515761838826e-05
0,0,3.442092886939635e-05
0,0,2.660542990639957e-05
1,1,0.999204012786037
1,1,0.9992970276110373
0,0,2.4110927956033708e-05
0,0,2.4857315259946505e-05
0,0,2.4254026441305632e-05
0,0,2.4847730296770463e-05
0,0,2.485371823127103e-05
0,0,2.4860761534441043e-05
0,0,2.4096331255924896e-05
1,1,0.996742997273481
0,0,3.40168391902868e-05
1,1,0.9996095228734819
1,1,0.9995834227171334
0,0,2.5585090938048643e-05
0,0,2.485320264000278e-05
0,0,2.4792107236571235e-05
0,0,3.321165822462669e-05
0,0,2.961748816183804e-05
0,0,3.881955429388697e-05
0,0,2.434198379535089e-05
0,0,2.8125764635135257e-05
0,0,2.4988049018788488e-05
0,0,2.8305396668024122e-05
0,0,2.6549186153928938e-05
1,1,0.9995151244862751
1,1,0.9997876481356841
0,0,2.4979679345558512e-05
0,0,4.2473109415506676e-05
0,0,2.9042141218250514e-05
0,0,2.859366479787659e-05
0,0,2.6063083099055697e-05
0,0,2.4212702581292845e-05
1,1,0.9984081155569324
0,0,4.406191532673399e-05
1,1,0.9995926424055024
0,0,2.6329792492201418e-05
0,0,2.7249797721785265e-05
0,0,3.162821366373564e-05
0,0,2.6716355253534746e-05
0,0,2.4896033266362128e-05
0,0,2.409384380528084e-05
0,0,2.4688740826905597e-05
0,0,2.4920769587574547e-05
0,0,2.685479369308435e-05
0,0,4.8881170184882634e-05
0,0,2.471611999718126e-05
0,0,2.7674404212758327e-05
0,0,2.5410778386915896e-05
0,0,2.4952701243513135e-05
0,0,2.487233954728933e-05
0,0,2.5917248820619883e-05
0,0,2.4700627931450635e-05
1,1,0.9977229818494047
0,0,2.489815115327944e-05
0,0,2.4759751537042516e-05
0,0,3.608942963130841e-05
0,0,3.764702479778254e-05
0,0,3.08131795162364e-05
0,0,2.4369164786413088e-05
0,0,2.9820039564067672e-05
0,0,2.486439661532405e-05
0,0,2.4659130145650525e-05
1,1,0.9986355078609515
0,0,2.4061369372786554e-05
0,0,2.427035014444731e-05
0,0,2.684000608762737e-05
0,0,2.4927896128321275e-05
0,0,2.9414874499291523e-05
0,0,2.787219260806615e-05
0,0,2.751271835828144e-05
0,0,2.730685041939299e-05
0,0,2.8349046627566506e-05
0,0,2.505392870574042e-05
0,0,2.4274722983930768e-05
0,0,2.3932366014524177e-05
0,0,3.154002667616211e-05
0,0,2.4135744472253025e-05
0,0,2.6321148658617796e-05
0,0,2.465901695486122e-05
0,0,2.4873553473426057e-05
0,0,3.132897584034248e-05
0,0,2.6646956491880923e-05
0,0,2.7138750821353383e-05
0,0,2.69299269589436e-05
0,0,2.5920837739019508e-05
0,0,2.407052825349114e-05
0,0,0.00010166833363182128
0,0,2.7337111561346894e-05
0,0,3.5364950539173084e-05
0,0,2.724672168100178e-05
1,1,0.9997985462729855
0,0,2.8047467209778614e-05
1,1,0.9986390583205783
0,0,2.5013968759382222e-05
0,0,4.0573386017373e-05
0,0,2.3955812348511697e-05
0,0,2.7334967442702256e-05
0,0,2.4885505375318576e-05
0,0,2.7231391061874554e-05
1,1,0.9997796065999047
0,0,2.602740564641019e-05
0,0,2.47293260053166e-05
0,0,2.4884583256789214e-05
0,0,3.0248566485961248e-05
0,0,2.5152962599519584e-05
0,0,2.408252165074612e-05
0,0,2.3933149276781467e-05
0,0,2.446001985197859e-05
0,0,2.7838641382657356e-05
0,0,2.6080235444542668e-05
0,0,3.117412672689452e-05
0,0,2.5955074995862305e-05
0,0,2.46933025271612e-05
0,0,2.3917634620756728e-05
0,0,3.214319617576116e-05
0,0,2.4873169036937873e-05
0,0,2.6725526841606103e-05
0,0,2.5558228296389925e-05
1,1,0.9966048011296297
0,0,2.5419675729264974e-05
0,0,2.6703193265404895e-05
0,0,3.093247546151011e-05
0,0,2.7861014373952013e-05
0,0,2.5087170078277148e-05
0,0,2.96095667602335e-05
0,0,2.6489492241600508e-05
0,0,2.960052034330397e-05
0,0,2.5089286211027717e-05
0,0,2.4857394244810178e-05
0,0,2.4823608597102865e-05
0,0,2.5068779405189248e-05
0,0,3.042506150000133e-05
0,0,2.4935313747254425e-05
0,0,2.4885643095016367e-05
0,0,2.9165667237773045e-05
0,0,2.8411511197045482e-05
0,0,2.4890686299239332e-05
0,0,2.5062810855714202e-05
0,0,2.4855017851545483e-05
0,0,2.4894280082805533e-05
0,0,2.5247534044292127e-05
1,1,0.9997342001463716
1,1,0.9981519118350975
1,1,0.9994699494923356
0,0,4.6810632840418395e-05
0,0,3.4743926971435906e-05
0,0,2.5668007002701965e-05
0,0,2.684270741451372e-05
0,0,2.6185125895851047e-05
0,0,2.6070307236356794e-05
0,0,2.9165806699222965e-05
0,0,2.4827853638595037e-05
0,0,2.4092675141005628e-05
1,1,0.999594060838393
0,0,2.3937017587598605e-05
0,0,2.6719602269269985e-05
0,0,2.6257297891385153e-05
0,0,2.4960913240567788e-05
0,0,2.489096665616424e-05
0,0,2.421177151208615e-05
0,0,2.4899632128493552e-05
0,0,3.053688843963289e-05
0,0,2.4506820879642532e-05
1,1,0.9972271362303621
0,0,2.6016386718148416e-05
0,0,2.8011695917492507e-05
1,1,0.9995926940373923
0,0,3.154875365014428e-05
0,0,2.674697136506712e-05
1,1,0.9895601704169862
0,0,2.4821899610683434e-05
0,0,2.6185802903083633e-05
0,0,2.6091891345479733e-05
0,0,2.5004828321313788e-05
0,0,2.940074267669815e-05
0,0,2.5019502880473525e-05
1,1,0.9995550717893482
0,0,2.504649464817787e-05
0,0,2.5394036808211804e-05
0,0,3.22191816493693e-05
0,0,3.2369946006897995e-05
0,0,2.5982510725304356e-05
0,0,2.504288410576268e-05
0,0,2.4250921762584405e-05
0,0,2.834856149498443e-05
0,0,2.53316286921573e-05
0,0,2.5666313889544424e-05
0,0,3.797517221913301e-05
1,1,0.9997359608318225
0,0,2.508167210475978e-05
0,0,2.423062488916269e-05
0,0,2.409572143265516e-05
0,0,2.6556696605801384e-05
0,0,2.4809084611233292e-05
1,1,0.9996091144822116
0,0,2.7284770251831628e-05
0,0,2.4719539026885344e-05
1,1,0.9993396078418283
0,0,2.551341019738367e-05
0,0,2.6861456316224114e-05
0,0,2.6511747326487085e-05
0,0,2.602373973347786e-05
0,0,2.4684194768756674e-05
0,0,3.0996767010846674e-05
0,0,2.577726794925394e-05
0,0,4.1848029525975045e-05
0,0,2.7778910006304368e-05
0,0,3.053465910396243e-05
0,0,2.7419496929121454e-05
0,0,2.7261704395090483e-05
0,0,2.4690701301850823e-05
0,0,2.7138769800674526e-05
0,0,2.5491765721587513e-05
0,0,2.5066071600603505e-05
0,0,3.1433332688835663e-05
1,1,0.9997833707086883
0,0,2.795719454084385e-05
0,0,2.681753958319639e-05
0,0,2.4079219268604837e-05
0,0,2.5519265737271713e-05
0,0,4.2327122251241916e-05
0,0,2.469048590908632e-05
1,1,0.9995925823631234
0,0,2.4074518101173268e-05
0,0,2.4900056691359166e-05
0,0,2.7548789096287486e-05
0,0,2.3956717913737317e-05
1,1,0.9894649151620853
0,0,2.6141917622441363e-05
0,0,3.038330929838095e-05
0,0,2.8769662793047126e-05
0,0,3.382878404308161e-05
0,0,2.3905215739394196e-05
0,0,2.518782618763865e-05
0,0,3.2515011054495674e-05
0,0,4.165880081541225e-05
0,0,2.48743665560951e-05
0,0,3.154875365014428e-05
0,0,2.7013721973037114e-05
1,1,0.9995928923543249
0,0,2.5213068306237966e-05
0,0,2.731479208908885e-05
0,0,3.518599927691153e-05
0,0,3.654182259891853e-05
1,1,0.9992288585100115
0,0,2.5816165648660348e-05
0,0,2.5748940808030142e-05
0,0,2.602611541607777e-05
0,0,2.428295383081153e-05
0,0,2.4715689161550817e-05
0,0,2.3925204219281313e-05
0,0,2.486376230131567e-05
0,0,3.201877870798541e-05
0,0,2.6995272708798823e-05
0,0,3.452995082443883e-05
0,0,2.596976253275978e-05
1,1,0.9965100820522758
0,0,2.9518855856473654e-05
0,0,3.0425024078655598e-05
0,0,2.4800282540188863e-05
0,0,2.6587105708594752e-05
0,0,2.5034649449390514e-05
0,0,2.690063676358345e-05
0,0,3.067864088952561e-05
0,0,2.7463071472856375e-05
0,0,2.590337998651236e-05
0,0,2.3931497685791906e-05
0,0,2.7301020424501427e-05
0,0,2.675257514822373e-05
0,0,2.563773368375764e-05
0,0,2.6094839189440287e-05
0,0,2.9901010822300054e-05
0,0,2.4373419052444988e-05
0,0,3.6136254681126206e-05
0,0,4.804775620563644e-05
0,0,2.5118436146747274e-05
0,0,4.647298136263664e-05
0,0,2.9630824949421832e-05
0,0,2.3937905234554818e-05
0,0,2.8694899591482276e-05
0,0,3.413734401169796e-05
0,0,2.465671325231248e-05
0,0,2.609786395039324e-05
0,0,3.0316409613751957e-05
0,0,2.4830156857030048e-05
0,0,2.746106373108079e-05
0,0,2.9487956254328567e-05
0,0,4.271572474644858e-05
0,0,2.430540658648175e-05
0,0,2.501114528896065e-05
0,0,2.4656002641304844e-05
0,0,3.3749619991861085e-05
1,1,0.9993450526521533
0,0,2.396435317653849e-05
0,0,2.5549952458096915e-05
0,0,2.4827161679271104e-05
0,0,3.810482559105691e-05
0,0,2.405730181547634e-05
0,0,3.644699790969046e-05
0,0,3.235235196171498e-05
0,0,2.4764333345815803e-05
0,0,2.6429099556819295e-05
0,0,2.6579650540789932e-05
0,0,3.2953794920894965e-05
0,0,2.606796394862991e-05
0,0,3.2157654569602775e-05
0,0,2.4857394244810178e-05
0,0,2.3949135047042224e-05
1,1,0.9995544438104004
0,0,2.589343746679339e-05
1,1,0.9997796651252849
0,0,2.444955334393057e-05
0,0,2.5206414542051428e-05
0,0,2.8161721852552427e-05
0,0,2.5933051319289564e-05
0,0,2.475608890793232e-05
0,0,3.9365328099269053e-05
0,0,2.540668082489281e-05
0,0,2.4134376625905426e-05
0,0,2.6587105708594752e-05
0,0,2.915675018212804e-05
0,0,2.487280428837133e-05
1,1,0.9913754849885267
0,0,2.9178177339474988e-05
0,0,2.974031708611808e-05
0,0,2.511266037303357e-05
0,0,2.521147321905413e-05
0,0,2.6018300412334132e-05
0,0,3.0041230051863084e-05
0,0,2.4249108770015545e-05
0,0,2.4826936722529854e-05
1,1,0.9985383681772618
0,0,2.407349291046568e-05
0,0,2.7635699895967034e-05
0,0,2.4841350131380687e-05
0,0,3.328753084529527e-05
0,0,2.4688813892181398e-05
0,0,2.3941972334324676e-05
0,0,2.639294823787161e-05
0,0,3.153507735225031e-05
0,0,2.469192498980196e-05
0,0,5.227414249902145e-05
0,0,2.84634511875376e-05
1,1,0.9997681300000534
0,0,2.5930474314164385e-05
0,0,3.0555007679172986e-05
0,0,2.4088810792238545e-05
0,0,2.7148600411428632e-05
0,0,2.4213071921749826e-05
0,0,3.190476066439208e-05
1,1,0.999215009213318
0,0,3.5093101665268256e-05
0,0,2.4826377454970145e-05
0,0,3.20561752202141e-05
0,0,2.3905261592326796e-05
0,0,3.48313584107796e-05
0,0,2.6089812281411974e-05
0,0,2.9773810731120964e-05
0,0,2.9947111335183934e-05
0,0,2.960772118894948e-05
0,0,2.499971898368993e-05
0,0,2.816235345596681e-05
0,0,2.5057498816660697e-05
1,1,0.9995626272017055
0,0,2.4691167725633022e-05
0,0,2.5220603203239127e-05
0,0,2.837811039767027e-05
0,0,2.8859688225013253e-05
0,0,2.6409113316740086e-05
0,0,3.2224330840547376e-05
0,0,3.0338316585994873e-05
0,0,2.7995827052990606e-05
0,0,3.276225832856761e-05
1,1,0.9996042151443755
0,0,2.485348004488988e-05
0,0,2.6459541588164397e-05
0,0,2.5312170852066104e-05
0,0,2.4725716953867834e-05
0,0,2.469676700564196e-05
0,0,2.4082551271300656e-05
0,0,2.570248905769542e-05
0,0,2.6935770960422136e-05
0,0,3.279263871744088e-05
0,0,2.7053305920736023e-05
0,0,2.4683256962793638e-05
0,0,2.834500025882954e-05
0,0,3.41007974222742e-05
0,0,2.485111605311744e-05
0,0,2.814037092173879e-05
0,0,2.486584324659614e-05
0,0,2.4206027150739287e-05
0,0,2.476544085815816e-05
0,0,2.5090893317266485e-05
1,1,0.9992671890177087
0,0,3.160716687229341e-05
0,0,3.097650338559986e-05
0,0,2.5065100895261307e-05
0,0,2.909698448069733e-05
0,0,2.493872103754298e-05
0,0,2.50940753048762e-05
1,1,0.9997342001463716
1,1,0.999457451676974
0,0,3.0369567626383624e-05
0,0,2.513594492221155e-05
0,0,3.077651321279092e-05
0,0,2.4142047969685468e-05
0,0,2.5163150363139216e-05
0,0,2.627322114745927e-05
0,0,4.133281698085492e-05
0,0,3.722518167329281e-05
0,0,2.733694373659291e-05
1,1,0.9995861460636392
0,0,2.5712077518390795e-05
0,0,2.5375719793996403e-05
1,1,0.9997342001463716
0,0,4.1491213208000245e-05
0,0,2.7982686427878697e-05
0,0,2.5641236702673684e-05
1,1,0.9991096986510686
0,0,2.8672047761403667e-05
0,0,3.363894091833728e-05
0,0,2.471763159478688e-05
0,0,2.504744450927886e-05
0,0,2.8190286564858827e-05
0,0,2.4717225114373042e-05
0,0,2.5742500532057206e-05
0,0,3.7424320496551335e-05
0,0,2.4716263067147664e-05
0,0,3.070719923025484e-05
0,0,3.2411810184586695e-05
0,0,2.6121283877362392e-05
0,0,2.9419548745675118e-05
0,0,2.358784717592973e-05
0,0,2.667488864332296e-05
0,0,3.0825432697201336e-05
0,0,2.7387578377462464e-05
0,0,2.6967916789386467e-05
0,0,3.078886625341796e-05
0,0,3.7982865512836534e-05
0,0,2.8034069748664292e-05
0,0,2.8404910861051705e-05
0,0,2.735895969719931e-05
0,0,2.9735048697624247e-05
0,0,3.699295935139304e-05
1,1,0.9985383661304518
0,0,2.5036611874606723e-05
0,0,2.7246043592628933e-05
0,0,2.650081537980441e-05
0,0,2.5369156200486624e-05
0,0,2.4990321500836058e-05
0,0,2.5823021615163442e-05
0,0,2.4743332072868955e-05
0,0,3.471799559542622e-05
0,0,3.147307820605862e-05
0,0,2.9398276985250876e-05
0,0,2.9457714616772406e-05
0,0,2.4899132646247867e-05
0,0,2.9478093453993115e-05
0,0,2.4449863020565228e-05
0,0,2.5749448318250708e-05
0,0,2.395583416671574e-05
0,0,2.3938189920813576e-05
0,0,2.5997705467917928e-05
0,0,2.4952781345745812e-05
0,0,3.810492061765307e-05
0,0,2.7635786024178646e-05
0,0,3.94517877314383e-05
0,0,2.4658126172386815e-05
0,0,2.6522246467920903e-05
0,0,3.0017627539427978e-05
1,1,0.9994439684119917
0,0,2.4134899012074206e-05
0,0,2.6383134494965652e-05
0,0,2.7165551319941843e-05
1,1,0.9927628695587518
0,0,2.4795075975803064e-05
0,0,3.687879784556169e-05
0,0,2.6723982784634067e-05
0,0,2.4112752013980837e-05
0,0,2.7600162958619695e-05
0,0,3.234159181220787e-05
0,0,2.8317483596597283e-05
0,0,2.3931497685791906e-05
0,0,2.4852035749837788e-05
0,0,3.600588431835248e-05
0,0,3.2382932697259876e-05
0,0,3.553745733503387e-05
0,0,2.4668533758661976e-05
1,1,0.999788321561227
0,0,2.6980750735606967e-05
0,0,2.4272711916034903e-05
0,0,3.0382381769887918e-05
0,0,2.649229566226991e-05
0,0,2.4110710221285054e-05
0,0,2.4085096362291346e-05
1,1,0.9991324692591366
0,0,2.599875660173857e-05
0,0,2.4873097454887304e-05
1,1,0.9994439253538118
1,1,0.9917383228922271
0,0,2.4827091144791907e-05
0,0,2.722470316228113e-05
0,0,2.486884011667265e-05
0,0,2.740260222428875e-05
0,0,2.4692856567703696e-05
0,0,2.6599682198257544e-05
0,0,2.5918365792348195e-05
0,0,2.9357516265651377e-05
1,1,0.9981519118350975
1,1,0.9997588966863975
0,0,3.1467773811397434e-05
0,0,2.617825711173512e-05
1,1,0.999720746579742
0,0,2.481793517739648e-05
0,0,2.4691989713667952e-05
0,0,2.622359419114244e-05
0,0,2.530618028288536e-05
0,0,3.103428081208196e-05
0,0,2.493634936435642e-05
0,0,3.122581165002267e-05
0,0,3.130498516102612e-05
0,0,2.5035909206087988e-05
0,0,3.556676484470821e-05
0,0,2.7911056256437667e-05
0,0,2.4822436790488687e-05
0,0,2.4589222954599316e-05
0,0,2.641995159410095e-05
0,0,2.503706986393652e-05
0,0,2.886500681037173e-05
1,1,0.9995574651588304
0,0,2.827060573989847e-05
1,1,0.9997537594006174
0,0,2.4605148929955878e-05
0,0,2.8318153780379593e-05
0,0,2.488786748424273e-05
0,0,3.591542719427725e-05
0,0,2.6526959713371284e-05
0,0,2.4706562326699155e-05
0,0,2.4103638886117627e-05
0,0,3.1204822106399884e-05
0,0,2.4691246988321266e-05
0,0,3.208538649349116e-05
0,0,4.3824020442495345e-05
0,0,2.4653539981585924e-05
0,0,3.0391070317929398e-05
0,0,2.66942672773058e-05
0,0,2.6338843961051256e-05
0,0,2.876464565530302e-05
0,0,3.337259844399597e-05
0,0,2.463333666874582e-05
0,0,2.5187912177677987e-05
0,0,2.3933843002222013e-05
0,0,2.696584480162163e-05
0,0,2.6325216673782567e-05
0,0,3.2752540488815393e-05
0,0,2.4715931869941546e-05
0,0,2.720915468639119e-05
1,1,0.9980635171408245
0,0,2.8222745549616735e-05
0,0,2.508189426702277e-05
0,0,3.488508293307033e-05
0,0,2.9445095151471117e-05
0,0,2.470055483121265e-05
0,0,2.8585732203818147e-05
0,0,2.5577342243729324e-05
0,0,2.6562313079438115e-05
0,0,3.6830871566929534e-05
0,0,2.6148610809881455e-05
0,0,2.6285568547262343e-05
1,1,0.9991778091231397
0,0,2.4728443030494988e-05
0,0,3.4202847850489396e-05
0,0,3.3092119835143024e-05
0,0,3.287474721251948e-05
0,0,2.555820502975075e-05
1,1,0.9995891101000309
0,0,2.7503958255072904e-05
0,0,2.471678542240928e-05
0,0,4.307464436389208e-05
0,0,3.0789011983713744e-05
0,0,3.199360278935857e-05
0,0,3.4993849821577104e-05
0,0,3.315781283580725e-05
0,0,2.7826065030709453e-05
0,0,2.3909459235166036e-05
0,0,2.6948648345939206e-05
1,1,0.9997294107747227
0,0,2.4166850545740364e-05
0,0,2.4691365434895866e-05
0,0,2.8330542618649572e-05
0,0,2.6551765697414033e-05
0,0,2.9217648677921584e-05
1,1,0.9989711823031407
1,1,0.9995292072482609
1,1,0.9993095908016283
0,0,2.4688813892181398e-05
0,0,2.456314815617489e-05
0,0,2.5741854700440874e-05
0,0,4.2234346454427913e-05
0,0,2.6177778247841988e-05
0,0,4.0095439419829226e-05
0,0,2.56388411750314e-05
0,0,2.7981470904321713e-05
0,0,2.7351356393193538e-05
0,0,2.4584261163988402e-05
0,0,3.156938627224639e-05
1,1,0.9992330930603749
0,0,2.7742870482929902e-05
0,0,2.508467613779499e-05
0,0,2.614712017503153e-05
0,0,2.709083608694176e-05
0,0,2.4706618018408493e-05
0,0,2.4158183746340945e-05
0,0,2.4827403180513926e-05
0,0,2.6813574850311096e-05
1,1,0.9986390575306034
0,0,3.0068949780676495e-05
0,0,3.0467407226675315e-05
0,0,3.384914511997909e-05
0,0,2.492661855094647e-05
0,0,2.3984403141304003e-05
0,0,4.722859531207451e-05
0,0,2.699859166003191e-05
0,0,2.7112873115362135e-05
0,0,3.6068949430448995e-05
1,1,0.9989797585918084
0,0,2.4718548683829507e-05
0,0,2.4848803798235918e-05
0,0,3.0180719209979247e-05
1,1,0.9991105350289953
0,0,2.656624160428494e-05
0,0,2.9065011543321556e-05
0,0,2.487417295301251e-05
0,0,2.508189426702277e-05
0,0,3.16593084985511e-05
0,0,2.5034190857049336e-05
0,0,2.6601131461920822e-05
0,0,5.078905361863348e-05
0,0,2.5120163167999565e-05
0,0,2.4789863717184402e-05
0,0,2.469535111903999e-05
0,0,3.0211027675227106e-05
0,0,2.7651561905762012e-05
0,0,2.922529056672492e-05
0,0,2.4396360033607875e-05
0,0,3.619628987506567e-05
0,0,2.408119255848395e-05
0,0,2.3933858733649147e-05
0,0,2.3940202055384984e-05
0,0,3.14524613667718e-05
0,0,2.5816165648660348e-05
0,0,2.9447926454385757e-05
0,0,2.461286140849569e-05
0,0,2.6080812415803692e-05
0,0,3.0181943236224432e-05
0,0,2.3682624834659617e-05
0,0,2.3978744147209158e-05
0,0,2.73551147694656e-05
0,0,2.4872370552213793e-05
1,1,0.9981548497505452
0,0,2.4910187433626942e-05
0,0,2.8947142313202807e-05
0,0,4.583379987622066e-05
1,1,0.9995898417305001
0,0,2.483092507100016e-05
0,0,3.3958977086660695e-05
0,0,2.567805686952568e-05
0,0,4.123353096578437e-05
1,1,0.9993488543497506
0,0,2.4836867432385802e-05
0,0,2.4713847346464162e-05
0,0,2.8944003771891893e-05
0,0,2.7811208040800104e-05
1,1,0.9996815701742247
1,1,0.9978428218875987
0,0,2.53316286921573e-05
0,0,3.013640816233698e-05
0,0,3.3923608955068825e-05
0,0,3.078909733901446e-05
0,0,3.569929045568433e-05
0,0,2.393174964312489e-05
1,1,0.9997661412113142
1,1,0.9992601806155177
0,0,2.4717771227071867e-05
0,0,2.468225310594701e-05
0,0,2.6607588572392373e-05
0,0,2.469048590908632e-05
1,1,0.9995605409079822
0,0,2.62686140627409e-05
1,1,0.9992069450556508
0,0,3.146078752952694e-05
0,0,2.6700596043473463e-05
0,0,2.8490639602422766e-05
0,0,2.9534269767072015e-05
0,0,4.123353096578437e-05
1,1,0.9981548497505452
0,0,2.4692224020861073e-05
0,0,2.7033736123232672e-05
0,0,3.2819519795826165e-05
0,0,2.9037730265371428e-05
1,1,0.995351660461975
0,0,2.5480509758485247e-05
0,0,2.9104219852461602e-05
1,1,0.9994194549708728
0,0,2.469048590908632e-05
0,0,2.6826359096638794e-05
0,0,2.642443187556301e-05
0,0,2.5205920377894507e-05
0,0,2.7460441399245084e-05
1,1,0.9992005257849846
0,0,2.684056278324693e-05
0,0,2.408831170658347e-05
0,0,2.4727822627581724e-05
1,1,0.9992995725850393
0,0,2.5840896529276463e-05
0,0,2.7030836748121096e-05
0,0,2.9046044935802095e-05
0,0,2.644781947725986e-05
0,0,2.4852875848396486e-05
0,0,2.4060557796833618e-05
1,1,0.9997325897061478
0,0,3.640186542101868e-05
0,0,2.62710333165162e-05
0,0,2.5436183620257842e-05
0,0,2.606123198076549e-05
0,0,2.4033392854401223e-05
1,1,0.9859122246460978
0,0,2.4874039962845468e-05
0,0,3.478814659609947e-05
0,0,2.7436870688876713e-05
1,1,0.9995849103748099
0,0,2.7497485463092866e-05
0,0,2.8840768572456537e-05
1,1,0.9996426370922775
0,0,2.407303932418693e-05
0,0,2.4853122857424982e-05
0,0,2.5749883690951927e-05
0,0,2.886500681037173e-05
0,0,2.6849229247341484e-05
0,0,2.9180839107142302e-05
0,0,2.6928588609165905e-05
1,1,0.9996815697731646
0,0,2.786809945455051e-05
0,0,3.004365958909611e-05
0,0,2.425886466978472e-05
1,1,0.9994926681803721
0,0,2.4416772562323168e-05
1,1,0.9995164516329993
0,0,2.5086254400594083e-05
0,0,2.9816361780557816e-05
0,0,2.4135167519076212e-05
0,0,2.8764737994145752e-05
0,0,3.754648244464552e-05
0,0,3.28006318112138e-05
0,0,2.9941414967464182e-05
0,0,2.7432263242645405e-05
0,0,2.4125792842453416e-05
0,0,2.485789734146526e-05
0,0,3.247524939150825e-05
0,0,2.564433443666746e-05
0,0,2.9604478745341106e-05
0,0,2.4711264717784166e-05
1,1,0.9997814637852084
0,0,2.490278429178868e-05
1,1,0.9994968160803511
1,1,0.9993561300657164
0,0,2.4880393549526798e-05
0,0,2.507929647114887e-05
0,0,2.5219983789519603e-05
0,0,4.919889612300256e-05
0,0,2.8338610440314103e-05
0,0,2.469048590908632e-05
0,0,2.519527507898049e-05
0,0,2.5064420726122218e-05
0,0,2.469193768198424e-05
0,0,2.427035014444731e-05
1,1,0.9902002391159216
1,1,0.9997894005329688
0,0,3.0211017067498445e-05
0,0,2.4108548204355642e-05
0,0,3.0390701124175003e-05
1,1,0.9980635188780846
0,0,2.4681517382251065e-05
1,1,0.996907385625774
0,0,2.654186949213081e-05
0,0,3.466497098311649e-05
1,1,0.9995311824602239
0,0,2.406431182926791e-05
0,0,4.558469283567486e-05
0,0,4.4253516586255324e-05
0,0,2.65132506266938e-05
0,0,2.8341623103965237e-05
0,0,2.8502209338494238e-05
0,0,3.252247746242104e-05
0,0,2.4825441972983003e-05
1,1,0.9995768790584274
0,0,2.8428123917542852e-05
0,0,2.8007383245213533e-05
0,0,2.6752661028190038e-05
0,0,2.4872289754333843e-05
0,0,4.31844881697363e-05
0,0,2.769347604809771e-05
0,0,2.671438554304833e-05
0,0,2.4857239502465802e-05
0,0,2.6646956491880923e-05
0,0,2.845132957263676e-05
0,0,2.9587206296667195e-05
1,1,0.9993740849229397
0,0,2.5007752515954216e-05
0,0,2.8301882396383394e-05
0,0,2.5150766769437394e-05
0,0,2.752935251080833e-05
0,0,2.4376406168931837e-05
0,0,3.513643925752608e-05
1,1,0.9963912560246346
0,0,2.474035584978678e-05
0,0,2.764594620312045e-05
0,0,2.4896024654800896e-05
1,1,0.9995927011237803
0,0,2.4892457591318483e-05
0,0,2.853698849003819e-05
0,0,2.7763011983058183e-05
0,0,3.722495314713096e-05
0,0,2.6545453460767973e-05
0,0,2.7195610085023665e-05
0,0,2.482208769033645e-05
0,0,2.469048590908632e-05
0,0,2.8251635027686984e-05
0,0,2.9657560655303376e-05
0,0,3.826509788295279e-05
0,0,2.481920479758932e-05
0,0,2.7846831062502596e-05
0,0,2.468403376268528e-05
0,0,2.668486875673363e-05
0,0,3.427192995671388e-05
0,0,3.276236349992837e-05
0,0,2.517414744084118e-05
0,0,2.757925207025287e-05
0,0,2.552772237322754e-05
0,0,2.482288909470196e-05
0,0,2.469186928707591e-05
0,0,2.642443187556301e-05
0,0,2.580836101434695e-05
0,0,2.754322288333552e-05
0,0,3.998475414247608e-05
1,1,0.9996571832735252
1,1,0.9958848989005168
0,0,2.4855017851545483e-05
0,0,2.5532507844021558e-05
1,1,0.9995790275969025
0,0,2.716694209656417e-05
0,0,2.552570942497464e-05
0,0,2.488282512711878e-05
0,0,2.6398535753922732e-05
0,0,2.4086556748632652e-05
0,0,4.24563748054137e-05
0,0,2.946083131083888e-05
0,0,3.0214731450713833e-05
0,0,2.489439156430251e-05
0,0,2.4829226179290045e-05
0,0,2.668022897918326e-05
0,0,2.482837563354154e-05
0,0,2.6240352550556426e-05
0,0,3.286785805733113e-05
0,0,2.3934874047178735e-05
0,0,3.3744106469420595e-05
0,0,2.518822370946838e-05
0,0,2.483195380471902e-05
0,0,3.217267928145483e-05
0,0,2.4859640306346997e-05
0,0,2.7060218063701694e-05
0,0,2.941720887468284e-05
0,0,2.4087025168334496e-05
0,0,2.500049200588801e-05
0,0,2.8393093388900567e-05
0,0,2.4701118735776937e-05
0,0,3.212050915626797e-05
0,0,2.9942911680877342e-05
0,0,3.3803273278224656e-05
0,0,2.6756928561292848e-05
0,0,2.6380467619509553e-05
0,0,3.022100468929267e-05
0,0,4.0777160789028196e-05
0,0,2.4875992652776774e-05
0,0,2.492676618998218e-05
0,0,3.177826927738111e-05
0,0,2.6383219189000756e-05
0,0,2.5428217447251046e-05
0,0,2.484369312271664e-05
0,0,3.0151699137840113e-05
0,0,2.727280671753295e-05
0,0,5.3765057506173994e-05
0,0,3.2156791582678585e-05
0,0,2.498695124176385e-05
0,0,3.16031969194559e-05
0,0,2.4473708144965726e-05
0,0,2.504653229487962e-05
0,0,2.6929908805380115e-05
0,0,2.7762839553513684e-05
0,0,3.2714675282316466e-05
0,0,2.5104636229208015e-05
0,0,3.010828999656981e-05
0,0,2.4827161679271104e-05
0,0,2.4683696784867452e-05
0,0,2.4688740826905597e-05
0,0,2.56258879749861e-05
0,0,2.607480077674462e-05
0,0,2.5131403404155448e-05
0,0,3.083009796203996e-05
0,0,2.7870380711354836e-05
0,0,2.652125799622624e-05
0,0,3.207494399182975e-05
0,0,3.127219171506786e-05
0,0,2.726928487391542e-05
0,0,2.9189277643993155e-05
0,0,2.8251635027686984e-05
0,0,2.792453537344929e-05
0,0,2.4105922387883633e-05
0,0,3.474142350364261e-05
0,0,2.4111333465270537e-05
0,0,3.987874649555728e-05
0,0,2.6562094203837098e-05
0,0,2.679586518642952e-05
1,1,0.9991482362411531
0,0,2.7245847160059562e-05
0,0,2.7791400528225565e-05
0,0,2.9375460559405123e-05
0,0,2.754048222561577e-05
0,0,2.4874023303582072e-05
0,0,2.4894107105819296e-05
0,0,2.4110334825352897e-05
0,0,3.1216391164530434e-05
0,0,2.9604478745341106e-05
0,0,2.4870721016265404e-05
0,0,2.465823216481664e-05
0,0,2.5086254400594083e-05
1,1,0.9995733252977075
0,0,2.5045085341444542e-05
1,1,0.9995522116628209
0,0,2.409999625227492e-05
0,0,3.6282709116498806e-05
0,0,2.3957395917272624e-05
0,0,2.7031509708781725e-05
0,0,2.4741936397813804e-05
0,0,3.709217982829808e-05
0,0,2.4688740826905597e-05
0,0,2.4728122084242615e-05
0,0,2.4559697444117633e-05
0,0,2.4140874979850583e-05
0,0,2.4816254518870753e-05
0,0,3.041506100402604e-05
0,0,2.410877203374305e-05
0,0,3.598570486299153e-05
0,0,2.433889670579942e-05
0,0,3.064837764578643e-05
0,0,2.568928361122583e-05
0,0,2.6866932853331927e-05
0,0,2.6941990602426186e-05
0,0,2.4693969349239422e-05
0,0,3.30289552523062e-05
1,1,0.9997738615498071
1,1,0.9997654697042868
0,0,2.408626576713726e-05
0,0,3.078886625341796e-05
0,0,2.4861227467747893e-05
1,1,0.9996421240247688
1,1,0.9975645614498897
0,0,2.4688740826905597e-05
0,0,2.7737512711504182e-05
1,1,0.9995790741643665
0,0,2.4853644677981443e-05
0,0,2.9549963100944835e-05
0,0,3.449414526652169e-05
0,0,3.038459420484427e-05
0,0,2.9419548745675118e-05
0,0,2.4678932246205514e-05
0,0,2.5037630832799844e-05
0,0,2.9278519986620036e-05
0,0,2.5209303380342883e-05
0,0,2.487406143200129e-05
0,0,4.133281698085492e-05
0,0,2.875325594480834e-05
0,0,2.934590990316817e-05
0,0,2.500833335045099e-05
0,0,2.468120589714652e-05
0,0,3.161838322765581e-05
0,0,2.8420172572947278e-05
0,0,2.900387143207673e-05
0,0,2.392261788785865e-05
0,0,2.524016225232084e-05
0,0,2.7757082792413386e-05
0,0,2.7373123715611046e-05
0,0,4.1247336650235005e-05
0,0,2.40874250247338e-05
0,0,2.7566924138585874e-05
0,0,2.414371440113751e-05
0,0,2.499182593130196e-05
0,0,2.3957011634342444e-05
0,0,2.5132606487696706e-05
0,0,2.720680734610162e-05
0,0,2.5597360629595406e-05
0,0,2.6082133324711912e-05
0,0,2.4822500656426744e-05
0,0,2.597121342946747e-05
0,0,2.7028607307115403e-05
1,1,0.996907385625774
0,0,3.004356314485906e-05
0,0,2.5528216662133713e-05
0,0,2.396029670919815e-05
0,0,2.516525610966229e-05
0,0,2.4585065403240467e-05
0,0,2.5134886255700565e-05
0,0,2.5987536092703223e-05
0,0,2.5131403404155448e-05
0,0,2.691465172747352e-05
0,0,3.636613346107304e-05
0,0,2.4847781916711728e-05
0,0,2.4714052869174426e-05
0,0,2.4882595966972465e-05
0,0,4.2636530877711376e-05
1,1,0.9995329657755156
0,0,2.784834715796456e-05
0,0,2.4094241509634757e-05
0,0,4.421726761804188e-05
0,0,2.450747141955201e-05
0,0,2.9613731405138947e-05
0,0,3.5439157759911936e-05
0,0,2.4132450712107907e-05
1,1,0.999510708907576
0,0,2.6464394173644563e-05
0,0,2.48892632571882e-05
0,0,2.4720253044036263e-05
1,1,0.9996089653609342
1,1,0.9997831923601784
0,0,2.8460213882663867e-05
0,0,3.391279471019297e-05
0,0,3.2684181079114696e-05
0,0,2.6967830218436222e-05
0,0,2.4526314106173833e-05
1,1,0.9993906270479369
0,0,2.4903637180050976e-05
0,0,2.6010130224455754e-05
0,0,6.907995116311577e-05
0,0,3.0632929224132204e-05
0,0,2.696243218603905e-05
0,0,2.5034190857049336e-05
0,0,2.8519152636684565e-05
0,0,2.408446104623833e-05
0,0,2.895436245752022e-05
0,0,2.816376160394635e-05
0,0,2.740241982970061e-05
0,0,2.4691943286389762e-05
0,0,2.8817296858820463e-05
0,0,2.4721144917934226e-05
0,0,2.500453295388971e-05
0,0,3.3803526987664845e-05
0,0,2.53257292830488e-05
0,0,2.80421311552704e-05
0,0,2.485720767812435e-05
0,0,2.8082944161353426e-05
0,0,2.503154158281022e-05
0,0,2.7032126298777997e-05
0,0,2.8297055120545644e-05
0,0,3.654182259891853e-05
0,0,2.530991633934116e-05
1,1,0.9997643726429204
0,0,2.4112708600539792e-05
0,0,2.39238235138687e-05
0,0,2.808033358814059e-05
0,0,2.4903446836402073e-05
0,0,2.4394860194629692e-05
0,0,2.5747667005462333e-05
0,0,2.4861659021508275e-05
0,0,2.505167597277122e-05
0,0,2.4927896128321275e-05
0,0,2.485328004045579e-05
0,0,2.547937367879613e-05
0,0,2.7476137078089733e-05
0,0,4.5905244158541e-05
0,0,2.895175109946871e-05
1,1,0.9995754315799502
0,0,2.6478738123980458e-05
0,0,3.362544857903125e-05
0,0,2.79688333519293e-05
0,0,2.4859026566837716e-05
0,0,2.469630575629126e-05
0,0,2.446442011648767e-05
0,0,2.4682293384719217e-05
0,0,2.4743127979801595e-05
0,0,2.5073034702577785e-05
0,0,2.485373161280472e-05
0,0,2.503367683390863e-05
0,0,2.5830727551279238e-05
0,0,2.6755926512063286e-05
0,0,2.4065929314401556e-05
0,0,2.965768275274014e-05
0,0,2.749653770747041e-05
0,0,2.7357820340806487e-05
0,0,2.522258297910726e-05
0,0,2.486884011667265e-05
0,0,2.470230304424097e-05
0,0,2.4724245382922405e-05
0,0,2.4861886748422532e-05
0,0,3.442092886939635e-05
0,0,2.4930100918526774e-05
0,0,2.886509947137958e-05
0,0,2.466220607982573e-05
0,0,2.46576618640259e-05
0,0,2.471382483790313e-05
0,0,2.6503641537329218e-05
0,0,2.3931568510092554e-05
0,0,2.7973961929327463e-05
0,0,2.472302141114869e-05
0,0,2.6203861069573543e-05
0,0,2.4721144917934226e-05
0,0,2.964098907677443e-05
0,0,2.4692082059675597e-05
0,0,2.9025092687551598e-05
0,0,2.6817132640383978e-05
1,1,0.9995242799701567
0,0,2.9820425764909598e-05
0,0,2.4098065412359742e-05
0,0,2.5581833942012124e-05
0,0,2.5022104017871097e-05
0,0,2.406580120308569e-05
0,0,2.485004603534976e-05
0,0,2.4690444676432635e-05
1,1,0.9996421244754926
0,0,2.837245226952331e-05
0,0,2.505367927680652e-05
0,0,3.4116506176503764e-05
0,0,2.5119421467085558e-05
0,0,2.7743028084194176e-05
0,0,3.41007974222742e-05
1,1,0.9991096986510686
0,0,2.690771763055747e-05
0,0,3.014759093470338e-05
0,0,3.0013190570287407e-05
0,0,2.6194126956995935e-05
0,0,2.7189588721378637e-05
1,1,0.9995952660373888
0,0,2.4714798873514525e-05
0,0,3.323069031919326e-05
0,0,2.468045553950036e-05
0,0,2.5250348851386184e-05
0,0,2.517453980888015e-05
0,0,2.410598717925583e-05
0,0,3.068765536460383e-05
0,0,2.7550367714839994e-05
1,1,0.9995438638620401
0,0,2.7778912830847088e-05
1,1,0.9984081155569324
0,0,2.965001955171863e-05
0,0,3.15178217369553e-05
0,0,2.4785414895179587e-05
0,0,2.472075937228947e-05
0,0,2.890524260158193e-05
0,0,2.5869114270338627e-05
1,1,0.9990482639330627
1,1,0.9994712012381938
0,0,2.406912042434265e-05
0,0,2.5919426551109823e-05
0,0,2.9425377062810842e-05
0,0,2.8269007718056025e-05
0,0,3.628275374225966e-05
0,0,2.4079296566885718e-05
1,1,0.9985760952867909
0,0,2.487408663220182e-05
0,0,2.994838146506747e-05
0,0,2.4715755918769115e-05
0,0,3.650971220693758e-05
0,0,2.4720496433452056e-05
0,0,3.706691473804932e-05
1,1,0.9995843022422355
0,0,2.773734242872311e-05
0,0,4.954685085932867e-05
0,0,2.4841299687594102e-05
0,0,2.382891524586266e-05
0,0,2.387343941883665e-05
0,0,2.4691062617176765e-05
0,0,2.3940873112393496e-05
0,0,2.563160856165598e-05
0,0,2.9559543709195165e-05
0,0,2.5208556872941728e-05
0,0,3.0194791133918863e-05
1,1,0.9952771650882358
0,0,2.4320341153883756e-05
0,0,2.6269155036956765e-05
0,0,3.2411810184586695e-05
1,1,0.9991656022128712
0,0,3.16328913947108e-05
0,0,2.821586148622161e-05
0,0,2.3938836025356365e-05
0,0,3.283643469686391e-05
0,0,3.262386422066062e-05
0,0,2.603921529319469e-05
1,1,0.997587332799552
0,0,2.819569141437277e-05
0,0,2.5700125823330848e-05
0,0,2.408277807558319e-05
0,0,2.444503511730555e-05
0,0,2.802632762385801e-05
0,0,2.922511115062504e-05
0,0,2.6028747984933047e-05
0,0,3.89780158532341e-05
0,0,2.4868846249070472e-05
0,0,3.295529001569009e-05
0,0,2.6811450986446963e-05
0,0,2.4090830807233537e-05
0,0,3.715772712805287e-05
0,0,2.411434476943264e-05
0,0,2.4720938967086176e-05
1,1,0.9994088896576682
0,0,2.7039191112755233e-05
0,0,2.7868360001465716e-05
0,0,2.757151722350999e-05
0,0,2.5288969536528107e-05
1,1,0.9984069774647513
0,0,2.6868121737115127e-05
0,0,2.897782961575225e-05
0,0,2.855952451873057e-05
0,0,3.2179171019781945e-05
0,0,3.792358583106004e-05
0,0,3.683499402500744e-05
0,0,2.728552742688568e-05
0,0,4.0169378055039844e-05
0,0,2.4875060989861963e-05
0,0,3.757212528583915e-05
0,0,2.4068489749751947e-05
0,0,2.6034754170891307e-05
0,0,2.9319356991218743e-05
0,0,2.391518538854023e-05
0,0,2.408794508050571e-05
0,0,3.764845586435869e-05
1,1,0.9991597497102068
0,0,2.4796833126473254e-05
0,0,2.5382606181957527e-05
0,0,2.757001573593422e-05
0,0,2.9008700125179668e-05
0,0,3.125135904133518e-05
0,0,2.6715455305024847e-05
0,0,2.7058919569711993e-05
0,0,3.392963973856653e-05
0,0,2.703927791277891e-05
0,0,2.3978952287832665e-05
0,0,3.12721662613967e-05
0,0,2.4694365016854966e-05
0,0,2.458175756582702e-05
0,0,2.6966214108574887e-05
0,0,2.3967317894341116e-05
0,0,2.855952451873057e-05
0,0,2.4827117682236194e-05
0,0,2.9419643186793506e-05
0,0,2.856087392871442e-05
0,0,2.4872370552213793e-05
0,0,2.39680917455042e-05
0,0,2.4777517125195533e-05
0,0,4.270265998983346e-05
0,0,2.5040229150912778e-05
0,0,3.418735687543037e-05
0,0,2.389791073566254e-05
0,0,2.5267693002504507e-05
0,0,2.7295413493307247e-05
0,0,3.6016699539437135e-05
0,0,2.5024950152426654e-05
0,0,4.8881170184882634e-05
0,0,2.4827176595936223e-05
0,0,2.7371220031895332e-05
1,1,0.9995859896172765
0,0,2.427591619800215e-05
0,0,2.4832186566520017e-05
0,0,2.4186364712791707e-05
0,0,2.731479208908885e-05
0,0,2.7022012969758415e-05
1,1,0.9989556621314825
0,0,3.0391070317929398e-05
0,0,2.3707397033255775e-05
0,0,4.460833981120001e-05
1,1,0.9996093717833465
0,0,2.4869063197761073e-05
0,0,2.432649931321565e-05
1,1,0.9995311828652458
0,0,3.21941880248909e-05
0,0,2.577912987981061e-05
0,0,2.471404146261701e-05
0,0,2.7058919569711993e-05
0,0,3.14524613667718e-05
0,0,4.165885205319832e-05
0,0,3.196248995756841e-05
0,0,3.46130413591415e-05
0,0,2.7486281936434608e-05
0,0,2.7224534131178044e-05
0,0,2.9802846815406395e-05
0,0,2.4658205329008885e-05
0,0,2.471574001319453e-05
0,0,2.7355836524438113e-05
1,1,0.9992090229814563
0,0,2.4564535027298338e-05
0,0,3.236344075559192e-05
0,0,2.6703307810743946e-05
1,1,0.9967781029314382
1,1,0.9989727644939943
0,0,2.4940692663935718e-05
0,0,2.485407564011443e-05
0,0,4.8881170184882634e-05
0,0,2.471883807270167e-05
0,0,2.6185125895851047e-05
0,0,3.216520170857033e-05
1,1,0.9987255376632407
0,0,2.7016865129563135e-05
0,0,3.068564489610642e-05
0,0,2.7029301238020505e-05
0,0,2.4242976989275196e-05
0,0,3.149189070765729e-05
0,0,2.411162456594035e-05
0,0,2.4747609663611914e-05
0,0,3.0774150400846806e-05
0,0,2.426519731152433e-05
0,0,2.4868231090821632e-05
0,0,2.6383134494965652e-05
0,0,2.409585012896728e-05
1,1,0.9997751601160305
0,0,2.5011529089775828e-05
0,0,2.4135469719714295e-05
0,0,3.85791172396735e-05
0,0,3.39451452204043e-05
0,0,4.954685085932867e-05
0,0,2.390961711087341e-05
1,1,0.9996866165747618
0,0,2.5293307484769725e-05
1,1,0.9975645634914745
0,0,2.8466808135963643e-05
0,0,2.6465705689730333e-05
1,1,0.9995489230660565
1,1,0.999783192087083
0,0,3.3152964372297246e-05
0,0,2.572708183863208e-05
0,0,2.5873062999961237e-05
0,0,2.4701289331651397e-05
0,0,2.4203381814471894e-05
0,0,2.572519096218884e-05
0,0,3.405580262340155e-05
0,0,2.4217818398577953e-05
1,1,0.9995205224765213
0,0,2.693912490301748e-05
1,1,0.9993636328175368
0,0,2.507946600013614e-05
0,0,3.077646079145734e-05
0,0,3.225425200406371e-05
0,0,2.531416020996984e-05
0,0,2.7515017341947113e-05
0,0,2.4859646367873674e-05
0,0,2.4411592887377228e-05
0,0,2.6638485000142852e-05
0,0,2.7147016046362074e-05
0,0,2.4684812600795896e-05
0,0,2.4916955032848848e-05
0,0,2.4702344296697443e-05
0,0,2.4885676788921346e-05
0,0,2.634452447333846e-05
0,0,3.269656621068553e-05
0,0,2.7014904880126584e-05
0,0,2.626062826171735e-05
0,0,2.4662600535743257e-05
0,0,2.8241451790336255e-05
1,1,0.9989071397543692
0,0,2.4747438361563407e-05
0,0,2.61048764343414e-05
0,0,2.7620574195209886e-05
0,0,2.5783010717274226e-05
0,0,2.6432226046208848e-05
0,0,2.5094037148351026e-05
0,0,2.703927791277891e-05
0,0,2.6555111857560997e-05
1,1,0.999789613402749
0,0,2.671585668923925e-05
0,0,3.3461485083816076e-05
0,0,2.5007607386971258e-05
0,0,2.6087666644102093e-05
0,0,2.4293868538073638e-05
0,0,2.3962273232433436e-05
1,1,0.9987754754334147
0,0,2.4728584901741178e-05
0,0,2.5124484332912133e-05
0,0,3.485415798951855e-05
0,0,2.5741661495625304e-05
0,0,2.752169582838862e-05
0,0,2.9811699360716287e-05
0,0,2.6907748764904024e-05
0,0,2.427170487790141e-05
0,0,2.7959914365132564e-05
0,0,2.617825711173512e-05
0,0,2.507007086002465e-05
0,0,2.4906034547351703e-05
0,0,2.565049139076305e-05
0,0,2.576847151938289e-05
0,0,3.76703335015813e-05
0,0,2.8428068458423862e-05
0,0,2.4872648004620823e-05
0,0,2.801950124581362e-05
0,0,3.3832748158263116e-05
0,0,2.6410652925306245e-05
0,0,3.0135141312368442e-05
0,0,2.4680509334596957e-05
0,0,3.448043718288718e-05
0,0,3.47777569716103e-05
0,0,4.634546829417342e-05
0,0,2.6377899636804134e-05
0,0,2.4715755918769115e-05
0,0,3.2236931653313044e-05
0,0,2.7048444882253452e-05
1,1,0.9996421244754926
0,0,2.8318145688603545e-05
1,1,0.9992601806155177
0,0,2.9111213371561145e-05
0,0,2.4373538377127017e-05
0,0,2.475096692603281e-05
0,0,2.698789111781794e-05
0,0,2.5120683197610447e-05
0,0,2.7215551311811097e-05
0,0,2.9131279846429405e-05
0,0,2.3900015090309307e-05
0,0,2.4619953209894388e-05
0,0,3.103492687746613e-05
0,0,2.4970695852198236e-05
0,0,4.3584922658967825e-05
0,0,2.405730181547634e-05
0,0,2.6530128973349614e-05
0,0,2.5812308224787913e-05
0,0,2.5047801096310303e-05
0,0,2.8082944161353426e-05
0,0,2.551835955563041e-05
0,0,2.8004170329700016e-05
0,0,3.3832748158263116e-05
1,1,0.9989867712358675
1,1,0.9996421244754926
0,0,5.227414249902145e-05
1,1,0.9987206712224099
0,0,2.4960882539690872e-05
0,0,2.4518227436480868e-05
0,0,2.4693417095999417e-05
1,1,0.9997343055051345
1,1,0.9997897877907347
0,0,2.5137496098664932e-05
0,0,3.4174398499547964e-05
0,0,2.4822445658604266e-05
1,1,0.999759897333734
1,1,0.9993040180013792
0,0,2.430036029079039e-05
0,0,3.2721643586051484e-05
0,0,2.4655941352618086e-05
0,0,3.48632287370433e-05
0,0,3.382878404308161e-05
0,0,2.6081309136508292e-05
0,0,2.7061956099794107e-05
0,0,2.4690491997504924e-05
0,0,2.873746266698914e-05
0,0,2.507084266458755e-05
0,0,2.733256626354157e-05
1,1,0.999140169751457
0,0,3.401450678889262e-05
1,1,0.9927628695587518
0,0,2.5187489950823932e-05
1,1,0.999489826681169
0,0,2.4705478178821973e-05
1,1,0.9994353356112633
0,0,2.6969536327868905e-05
0,0,2.409137536996954e-05
0,0,2.808423321921909e-05
0,0,2.661842026332738e-05
1,1,0.9997884487636134
0,0,2.8074984836646603e-05
0,0,3.65207277931689e-05
0,0,3.423771243757126e-05
0,0,2.7903356205618533e-05
0,0,2.4069490793481454e-05
1,1,0.9995288079732286
0,0,2.605136130889595e-05
0,0,2.395930029829119e-05
0,0,3.1085391585612404e-05
0,0,2.389813012194441e-05
0,0,2.488086488778599e-05
0,0,3.192657870810041e-05
0,0,3.2188478486718676e-05
0,0,2.505367927680652e-05
0,0,2.5961595041741972e-05
1,1,0.999590132621059
0,0,2.4692564686170264e-05
0,0,5.9487674017338106e-05
0,0,2.4144401488868516e-05
0,0,2.5905397457293406e-05
0,0,2.712706915442082e-05
0,0,3.2688947705140604e-05
0,0,2.5046947688691113e-05
0,0,2.7235836747867388e-05
0,0,2.363789095213157e-05
0,0,2.8314379860447412e-05
0,0,2.517566440442193e-05
1,1,0.9992005257849846
0,0,2.505367927680652e-05
0,0,3.181239584694387e-05
0,0,2.4085168152192475e-05
0,0,2.4725233525651607e-05
0,0,2.962595737056149e-05
0,0,2.4474610009138796e-05
0,0,2.4832092568822733e-05
0,0,2.5232357798105127e-05
0,0,2.6282429962317682e-05
0,0,2.489815115327944e-05
0,0,2.6824864473792866e-05
0,0,2.6212794222646413e-05
0,0,2.48532020807466e-05
0,0,2.509415586093124e-05
1,1,0.9995926765779108
0,0,2.4692764227157103e-05
0,0,2.392572721073195e-05
0,0,2.4793815735573112e-05
0,0,2.7419342999136742e-05
1,1,0.9995926765779108
0,0,2.4849524827439915e-05
0,0,3.0006391378396245e-05
0,0,3.096004183411567e-05
0,0,3.0210504908218785e-05
1,1,0.9807296919756967
1,1,0.9988412524671024
0,0,4.0777365147476315e-05
0,0,2.897348022614694e-05
0,0,2.917916757100155e-05
0,0,2.7898113713797167e-05
0,0,2.4730461890113585e-05
0,0,2.4898242219300225e-05
0,0,2.4722791484054696e-05
0,0,2.565052293980923e-05
0,0,2.3937414839227976e-05
1,1,0.9945748290285966
0,0,2.5990617572683832e-05
0,0,3.318075148709898e-05
0,0,2.5318768241002e-05
0,0,2.4920818930876476e-05
0,0,3.0129132906162552e-05
0,0,2.6404560615835398e-05
0,0,2.3958829388864397e-05
0,0,2.8534949949142844e-05
0,0,3.21941880248909e-05
0,0,3.31375178816211e-05
0,0,2.465601732210176e-05
0,0,2.761553603397886e-05
0,0,3.5365038733254245e-05
0,0,2.6344236377751903e-05
0,0,3.3298732049979146e-05
0,0,3.424004346067675e-05
1,1,0.9987206712224099
0,0,2.4955985325142557e-05
0,0,2.5701653834965424e-05
0,0,2.4691167725633022e-05
0,0,2.7783520216077133e-05
0,0,2.468036284250221e-05
0,0,2.3968014804199507e-05
0,0,2.471487139435382e-05
1,1,0.999609766069184
0,0,2.5755623940151498e-05
0,0,2.7039191112755233e-05
0,0,2.6164821406793544e-05
0,0,2.7331861080860908e-05
0,0,2.4796261292802524e-05
0,0,2.722470316228113e-05
0,0,3.5566114248318086e-05
0,0,3.3700411386754285e-05
0,0,2.772784503154905e-05
0,0,2.8269088637486212e-05
0,0,2.4885203331111354e-05
0,0,2.7799642404213767e-05
0,0,3.389144712132696e-05
0,0,2.6340126758442063e-05
0,0,2.4898322146714924e-05
0,0,2.8155537766209866e-05
0,0,4.1247336650235005e-05
0,0,2.5187912177677987e-05
0,0,2.7049947771312923e-05
0,0,2.9043218025646158e-05
0,0,2.572876726200503e-05
0,0,2.4703871166070218e-05
0,0,3.768186510810741e-05
0,0,2.48902669499014e-05
0,0,2.7757152014312473e-05
0,0,2.4448452414492652e-05
0,0,2.8048529223713253e-05
0,0,2.409975800707086e-05
0,0,2.5003601285298757e-05
0,0,3.430766118989291e-05
0,0,2.4091308888648834e-05
0,0,3.5755773556393385e-05
0,0,2.904616083990603e-05
0,0,3.804641342387386e-05
0,0,2.3936928568301422e-05
0,0,2.4761812960978455e-05
0,0,2.733694373659291e-05
0,0,2.4658795583797992e-05
0,0,3.093254188623755e-05
0,0,2.6056367223291254e-05
0,0,3.008039450189577e-05
0,0,2.4592405721065276e-05
0,0,2.380031473483521e-05
0,0,3.363400187492529e-05
0,0,2.4977589569417468e-05
0,0,2.50888939561457e-05
1,1,0.9997640411975234
0,0,2.4253529466065094e-05
0,0,2.9630242373362678e-05
0,0,2.4384493727775022e-05
0,0,2.7725742540099133e-05
0,0,2.394940218012544e-05
0,0,2.3720921917637124e-05
0,0,2.39049598594965e-05
0,0,2.5637296368437433e-05
0,0,2.659657480842484e-05
0,0,2.501350368361275e-05
0,0,2.49076030448534e-05
0,0,3.0474866238872607e-05
0,0,2.7295501115822302e-05
0,0,2.5944264230175355e-05
0,0,3.252593485864594e-05
0,0,3.214787764865995e-05
0,0,3.31938426714843e-05
0,0,2.4915545492359902e-05
0,0,2.7294470152650542e-05
0,0,2.7520602884409324e-05
0,0,2.5039719117489296e-05
0,0,2.7266407250798873e-05
0,0,2.4688912679776794e-05
0,0,2.4719292995804202e-05
0,0,2.4876653846615075e-05
0,0,2.5005650170572808e-05
0,0,2.4073913456974315e-05
0,0,2.576660247082899e-05
1,1,0.9993150566657546
0,0,2.4886123326755094e-05
0,0,2.4061783387799345e-05
0,0,2.4688740826905597e-05
1,1,0.9996093851391785
0,0,2.5201687143256457e-05
0,0,2.450245941004208e-05
0,0,3.0369470135969184e-05
0,0,3.141459519779097e-05
0,0,2.5414856456106865e-05
1,1,0.9997681300000534
1,1,0.9994491436011922
0,0,2.5033905957954552e-05
0,0,2.7336910113377975e-05
0,0,2.6952810845292472e-05
0,0,2.550667101180488e-05
0,0,2.4378322657670912e-05
0,0,5.3746478019358305e-05
0,0,2.6381839560504597e-05
0,0,2.4688740826905597e-05
0,0,3.4493976354564115e-05
0,0,2.575604869255688e-05
0,0,2.5328875216206507e-05
0,0,2.5044279963480732e-05
0,0,2.842944163893609e-05
0,0,3.194056876248813e-05
0,0,2.4873553473426057e-05
1,1,0.9995079504384343
0,0,2.6445152882822523e-05
0,0,2.994838146506747e-05
0,0,2.4390051578373153e-05
0,0,3.65207277931689e-05
0,0,2.7916365586677798e-05
0,0,2.617453405848242e-05
0,0,2.8176003890844823e-05
0,0,3.553526323760811e-05
0,0,2.5906875408734206e-05
0,0,2.6675518023070187e-05
0,0,2.41125548215205e-05
0,0,3.660708238986881e-05
0,0,2.5961595041741972e-05
0,0,2.9607757605080944e-05
0,0,2.729853326991423e-05
0,0,2.7829407798778267e-05
0,0,3.16593084985511e-05
0,0,2.403610429224682e-05
0,0,2.4850087643635965e-05
0,0,2.4725650845061555e-05
0,0,3.0452206297064747e-05
0,0,2.4679924346283233e-05
1,1,0.9987173552707052
0,0,2.6117355832780834e-05
0,0,2.407831560491243e-05
0,0,2.4080821476067694e-05
0,0,2.8929482602825223e-05
0,0,2.7363410646556542e-05
0,0,2.48738340846397e-05
0,0,3.361575573223849e-05
0,0,2.3956798385072195e-05
0,0,2.4689638335572504e-05
0,0,2.39236021669532e-05
1,1,0.9990935113042343
0,0,3.537290003205238e-05
0,0,2.7550367714839994e-05
0,0,2.4086418463837454e-05
0,0,2.4726173349944784e-05
0,0,2.6762649840637006e-05
0,0,2.964844541295544e-05
0,0,2.4705789042901236e-05
0,0,2.7584291968171745e-05
0,0,2.4957385714724156e-05
0,0,2.492572668566077e-05
0,0,2.5009172799840992e-05
0,0,2.407341563081499e-05
0,0,2.4927484148339875e-05
0,0,2.466158229106397e-05
0,0,4.016924910717387e-05
0,0,3.418007800508935e-05
0,0,2.7743028084194176e-05
0,0,3.218823689849475e-05
0,0,2.4659969633260964e-05
0,0,2.4956423396228992e-05
0,0,3.2188478486718676e-05
0,0,2.791068557537222e-05
0,0,3.495973802034266e-05
0,0,2.9710819639081797e-05
0,0,5.15133133800575e-05
0,0,2.484779886542669e-05
0,0,2.505998430581158e-05
0,0,3.202240323633028e-05
0,0,3.132689736802228e-05
0,0,2.4425868340109636e-05
1,1,0.9994160063687613
0,0,2.873650660765862e-05
0,0,2.8766392975420707e-05
1,1,0.9991925983086462
0,0,3.366085201271242e-05
0,0,2.3940949966570937e-05
0,0,3.391279471019297e-05
0,0,2.7242480878890077e-05
0,0,2.516883007400105e-05
0,0,2.9426978946931347e-05
1,1,0.9992169705331492
0,0,2.581957233583952e-05
0,0,2.4688740826905597e-05
0,0,2.495142248133192e-05
0,0,2.6864942508842736e-05
0,0,2.733694373659291e-05
1,1,0.9995795077339544
0,0,2.5082835699197572e-05
0,0,2.536787741446357e-05
0,0,2.4716724116433714e-05
0,0,2.8330542618649572e-05
0,0,2.4712150687439784e-05
0,0,2.8105795313730386e-05
0,0,2.7566835644787586e-05
0,0,3.826481068886055e-05
0,0,2.7228473842054184e-05
0,0,2.541020786219095e-05
0,0,2.3901545742651865e-05
0,0,2.9789043815011805e-05
0,0,2.5053598850684216e-05
0,0,2.3957994311312303e-05
0,0,4.583379987622066e-05
0,0,2.4688991935226156e-05
0,0,2.8499951192999734e-05
0,0,2.4688740826905597e-05
0,0,2.3959223385207734e-05
0,0,2.5175583586718662e-05
0,0,2.4243027772575606e-05
0,0,2.4691176581459976e-05
0,0,2.48272324040555e-05
0,0,2.4853356101410594e-05
0,0,3.208534703009196e-05
0,0,2.6312940428907946e-05
1,1,0.9995463811407879
0,0,3.16088012288684e-05
0,0,2.4823030474501746e-05
0,0,2.7791190354330015e-05
1,1,0.9995797063200448
0,0,4.5905244158541e-05
0,0,2.9198799446160452e-05
0,0,2.6370121215001134e-05
0,0,2.488390723843278e-05
0,0,2.4691802764927406e-05
0,0,2.945201522095078e-05
0,0,2.4747390972729562e-05
0,0,2.5012908264992104e-05
0,0,2.488264174942129e-05
0,0,2.471408503158613e-05
1,1,0.9994968160803511
0,0,2.798148964033412e-05
0,0,2.4848967662563e-05
0,0,2.391295301124594e-05
0,0,2.469048590908632e-05
1,1,0.9945567336601913
0,0,2.409999625227492e-05
0,0,2.4463527955078882e-05
0,0,4.358478274732764e-05
0,0,3.704237134157648e-05
0,0,2.6828021229209747e-05
0,0,3.306767187574457e-05
0,0,3.4493976354564115e-05
0,0,2.4498676379678223e-05
0,0,2.80038637092608e-05
1,1,0.9928359622981312
0,0,2.6684656275103343e-05
0,0,2.5285208765807084e-05
0,0,2.742052648894269e-05
0,0,2.489997361898278e-05
1,1,0.9975873326532868
0,0,2.5019502880473525e-05
1,1,0.9988480099268356
0,0,2.878203404565658e-05
0,0,2.4680920731024156e-05
0,0,2.5304593998463962e-05
0,0,2.6440579097599837e-05
0,0,2.968755691972187e-05
0,0,3.477902773188279e-05
0,0,2.4849197589532134e-05
0,0,2.869165657560925e-05
0,0,2.5372041924997017e-05
0,0,2.8707619332579136e-05
0,0,2.6161768766722264e-05
0,0,3.197364349810555e-05
0,0,2.393005791457778e-05
0,0,2.4140623986506846e-05
0,0,2.7992568108201123e-05
0,0,2.4827176595936223e-05
0,0,2.939007441019757e-05
0,0,2.4715053852859946e-05
0,0,2.6720107919644526e-05
1,1,0.9989556606684228
0,0,3.1619096704130716e-05
0,0,3.1539105566510975e-05
0,0,3.998488249811589e-05
1,1,0.9993120785366275
0,0,3.0379021586893885e-05
0,0,2.3264244708782215e-05
1,1,0.9995824288649026
0,0,2.953370065721515e-05
0,0,2.4098065412359742e-05
0,0,2.4150915933127003e-05
0,0,2.734578746271067e-05
1,1,0.9997763361319111
0,0,2.6997892238496545e-05
0,0,3.0235620014541696e-05
0,0,2.448928878518399e-05
0,0,2.7398487381021867e-05
0,0,2.9117377127220775e-05
0,0,2.7040682154688614e-05
0,0,2.445131871269199e-05
0,0,2.806177385275158e-05
0,0,3.1496648330719566e-05
0,0,2.4061141346785776e-05
0,0,2.5195815737090576e-05
0,0,3.7387755607581895e-05
0,0,3.593227144489915e-05
1,1,0.9987206712224099
0,0,2.5011529089775828e-05
0,0,2.575363164004837e-05
0,0,2.8674577713556322e-05
0,0,4.406191532673399e-05
0,0,3.05839669302528e-05
0,0,3.2120794006589e-05
0,0,2.6751018098542303e-05
0,0,3.3128896827334935e-05
1,1,0.9979921446716549
1,1,0.9968410843559562
0,0,2.5825629489628417e-05
0,0,2.522757374402092e-05
0,0,2.9396747484481922e-05
0,0,3.209618587989577e-05
0,0,2.6942553865942778e-05
0,0,2.5039799499056523e-05
1,1,0.9997865262075026
0,0,2.5882321221651584e-05
0,0,2.8732159658703764e-05
0,0,3.294072101823192e-05
0,0,2.4853444042996672e-05
0,0,2.705191418214461e-05
0,0,2.7240734911711737e-05
0,0,3.717290644185562e-05
0,0,2.5386744377625708e-05
0,0,2.4692223951053777e-05
0,0,2.7055165825886948e-05
0,0,2.44290036993501e-05
0,0,3.1962578754565075e-05
1,1,0.9996056346734122
0,0,2.8616138139193086e-05
0,0,3.294262888638131e-05
0,0,2.6280326671565367e-05
0,0,3.0482275842286374e-05
0,0,2.550157497074337e-05
1,1,0.9995485518698837
0,0,2.450732022518938e-05
0,0,2.6072404547356437e-05
1,1,0.9993284544018591
0,0,2.8622690096485556e-05
0,0,2.5503766095391165e-05
0,0,2.6271001004288842e-05
0,0,2.486439661532405e-05
0,0,3.017512972781984e-05
0,0,2.9607757605080944e-05
1,1,0.9992646331839248
0,0,2.4657715407202508e-05
1,1,0.9995935496835106
0,0,3.085968210099439e-05
0,0,2.5031284153506566e-05
0,0,3.099564834488245e-05
0,0,2.462647951002338e-05
0,0,2.4578353058560297e-05
0,0,2.485720767812435e-05
0,0,3.060101554651357e-05
0,0,3.538028653296093e-05
0,0,2.661126016643869e-05
0,0,2.4655173913989177e-05
0,0,2.5196946790356917e-05
0,0,4.006374497704107e-05
0,0,3.0769190276521627e-05
0,0,2.6266760568978568e-05
0,0,2.4903637180050976e-05
0,0,3.286785805733113e-05
0,0,2.484060659990088e-05
0,0,4.1178920335166574e-05
1,1,0.9992671886629073
1,1,0.9997860804375375
0,0,2.4109978295319946e-05
0,0,2.7076078096226768e-05
0,0,2.8251485063035864e-05
0,0,2.5062810855714202e-05
0,0,2.483904296975791e-05
0,0,2.493084983446429e-05
0,0,2.3840804785556697e-05
1,1,0.9996093742557144
0,0,2.6179162681243064e-05
1,1,0.9997583648267929
0,0,2.759455190086944e-05
0,0,2.764598020642588e-05
0,0,2.814761153891339e-05
0,0,3.063087010106603e-05
1,1,0.9996254390459931
0,0,2.6733616991953293e-05
0,0,2.9374466143062027e-05
0,0,3.0266715411725576e-05
0,0,2.6132726091764174e-05
0,0,2.519609548656701e-05
0,0,3.687100465904744e-05
0,0,4.12350042056974e-05
0,0,2.6968249513166544e-05
0,0,2.5194386148468422e-05
1,1,0.9981737721037444
0,0,2.4212023280294177e-05
0,0,2.435220611280483e-05
0,0,2.491052117047014e-05
0,0,3.0779329031439245e-05
0,0,2.4690499604605447e-05
0,0,3.112244005351834e-05
0,0,2.3949262420955958e-05
0,0,3.0996767010846674e-05
1,1,0.9991538119703371
0,0,3.460720132847334e-05
0,0,2.5595231871651394e-05
0,0,2.680112323091755e-05
0,0,2.4858753959325936e-05
0,0,2.8767086251032647e-05
1,1,0.9988268152079445
0,0,2.716053040129879e-05
0,0,2.7060218063701694e-05
0,0,2.5318768241002e-05
0,0,3.199824028147602e-05
1,1,0.9993550212943731
0,0,2.5923492357187795e-05
0,0,2.7666701218695437e-05
0,0,2.5043210213386998e-05
0,0,2.49047001346807e-05
0,0,2.476170279741017e-05
0,0,2.704377136761948e-05
0,0,2.4848543595343482e-05
0,0,2.4074624776094972e-05
1,1,0.9967781029314382
0,0,2.4872343302258747e-05
0,0,2.472075937228947e-05
0,0,2.7658811595785635e-05
0,0,2.4921647505352268e-05
0,0,2.602593447256987e-05
1,1,0.9996137907454239
0,0,2.4850582523946378e-05
0,0,2.5118590352161015e-05
0,0,3.378749490429284e-05
1,1,0.999608969705361
0,0,2.945900796675813e-05
0,0,2.6976996545128916e-05
1,1,0.9991582604619751
0,0,3.747166161079759e-05
0,0,2.7745389513847567e-05
0,0,3.1340364322357406e-05
0,0,2.463814830839414e-05
0,0,2.4655798954916603e-05
0,0,2.7032320425012276e-05
0,0,9.665342419772756e-05
0,0,2.625397594835537e-05
0,0,2.503706986393652e-05
0,0,2.9304798968511535e-05
0,0,2.6410618625457626e-05
1,1,0.9990460464087596
0,0,2.531225210822553e-05
0,0,2.4838472371599134e-05
0,0,2.7048464418721056e-05
0,0,2.4718759316309698e-05
0,0,2.454298332355913e-05
0,0,2.743381716442229e-05
0,0,2.486019308196586e-05
0,0,2.5049872374318752e-05
1,1,0.9992150111367969
0,0,2.501066001651031e-05
0,0,2.4263240272897256e-05
0,0,2.8200776956594152e-05
0,0,2.785253059277382e-05
0,0,2.3974960319837687e-05
0,0,2.3672922327330504e-05
0,0,2.463465085426081e-05
1,1,0.9995242806193138
0,0,3.5337742017246946e-05
0,0,0.00010166833363182128
0,0,2.5844108956193123e-05
0,0,2.4308121575555072e-05
1,1,0.9997888769441882
0,0,3.2874852744973176e-05
0,0,3.093247546151011e-05
0,0,2.608425249559905e-05
0,0,0.00010166845867017113
0,0,2.4656719069903802e-05
0,0,2.4679849906814355e-05
0,0,2.8269007718056025e-05
0,0,3.2334663666787114e-05
0,0,2.7826991713864764e-05
0,0,2.9558254032658272e-05
0,0,2.846863531910669e-05
0,0,4.543838475960999e-05
0,0,2.885143661732016e-05
0,0,2.8911315000218338e-05
0,0,3.8783637467676876e-05
0,0,2.9494433465025046e-05
1,1,0.999527308616124
0,0,2.4253559296947416e-05
0,0,2.4190242273858978e-05
0,0,3.3849399173697345e-05
0,0,2.3933147052449213e-05
0,0,2.806163321753747e-05
0,0,2.570429965328819e-05
0,0,2.6757926641681764e-05
0,0,2.4849642115961238e-05
0,0,2.7201323039315247e-05
0,0,2.603651265261682e-05
1,1,0.9979530825112213
0,0,2.6561366600088874e-05
0,0,2.483109556155919e-05
0,0,2.580587941995888e-05
1,1,0.9991778091231397
0,0,2.4035386579716517e-05
0,0,2.4849777511961974e-05
0,0,2.690771763055747e-05
0,0,2.4697148545810588e-05
1,1,0.9995006397894924
0,0,2.9403643780974964e-05
0,0,2.4865969860168643e-05
0,0,2.494263351381855e-05
0,0,3.3123032561778016e-05
0,0,2.6697358917357036e-05
0,0,3.1520095495036435e-05
0,0,2.39593776113706e-05
0,0,2.4896024654800896e-05
0,0,2.646949771549955e-05
0,0,2.5664169518988067e-05
0,0,9.908109885579223e-05
0,0,2.7018450127699628e-05
0,0,3.0317521642410353e-05
0,0,3.2666556764713816e-05
1,1,0.9992055763284609
0,0,2.56438160973405e-05
1,1,0.9989708239699825
0,0,3.181239584694387e-05
0,0,3.564688670039836e-05
0,0,3.7136037228714935e-05
0,0,3.764702479778254e-05
0,0,2.4559051988712424e-05
1,1,0.9986390575306034
1,1,0.9991836953978669
0,0,2.4880482033944026e-05
0,0,2.548785328778449e-05
0,0,2.7392701902468518e-05
1,1,0.996959403730385
1,1,0.9992288103361965
0,0,2.911821307752797e-05
0,0,2.468912073036077e-05
0,0,2.89776121241156e-05
0,0,2.4900593211406634e-05
0,0,2.407635735483728e-05
0,0,2.4590188816334445e-05
0,0,2.571928258409292e-05
0,0,2.849848842336282e-05
0,0,2.5163428250373913e-05
0,0,2.4405765727153506e-05
0,0,3.4493976354564115e-05
0,0,3.014759093470338e-05
1,1,0.9991026452040288
0,0,3.4648175739145334e-05
0,0,2.458514432533127e-05
1,1,0.9991623619681896
0,0,3.6539339214185085e-05
0,0,2.9918306799690264e-05
0,0,2.4718329641984698e-05
1,1,0.9915448718936793
0,0,2.812066556306272e-05
0,0,2.696087832371172e-05
0,0,2.4715363439945104e-05
0,0,2.7418078003288427e-05
0,0,2.5925418626178102e-05
0,0,2.3849001259251382e-05
0,0,2.469319557011699e-05
0,0,2.5640852578526734e-05
0,0,2.4061187461780486e-05
0,0,2.7566924138585874e-05
0,0,2.883491021064408e-05
0,0,2.51528014784331e-05
0,0,2.4784381185167658e-05
0,0,2.5064680095631466e-05
1,1,0.9995695397249471
1,1,0.9990516933560649
1,1,0.9964877284420982
0,0,2.4674533629345117e-05
0,0,3.337255739744415e-05
0,0,2.782625861921359e-05
0,0,2.5186743699216287e-05
1,1,0.9995080410661669
0,0,2.581222536341412e-05
0,0,2.455977628477513e-05
0,0,2.650974877249463e-05
1,1,0.9974423617356627
0,0,2.500585829331221e-05
0,0,4.072626886160044e-05
0,0,2.3931865937279783e-05
1,1,0.9988863199707534
0,0,2.9697247332992934e-05
0,0,2.4660926109931504e-05
0,0,3.810463462570623e-05
1,1,0.9994788341208228
0,0,2.407269285013756e-05
0,0,2.7323800910253925e-05
0,0,2.4850536563575195e-05
0,0,2.4114100327054048e-05
0,0,2.490636302626447e-05
0,0,2.7071741578595436e-05
0,0,2.9337315552249092e-05
0,0,3.852029167548753e-05
0,0,2.556667197624579e-05
0,0,2.631233302008927e-05
0,0,2.431141460761171e-05
0,0,2.8410174900368057e-05
0,0,2.469048590908632e-05
1,1,0.9995950814543736
0,0,2.4166850545740364e-05
0,0,2.6477183317674145e-05
1,1,0.9994835641947691
0,0,2.7585384971090854e-05
0,0,2.5194569739249217e-05
0,0,2.395636954663582e-05
0,0,2.876284066845686e-05
0,0,2.4921647505352268e-05
0,0,2.5719347925748608e-05
0,0,2.6733702811062575e-05
0,0,2.4718166953605793e-05
0,0,2.616177304245016e-05
0,0,2.397160853778918e-05
0,0,3.3182795729409165e-05
1,1,0.999448277170623
0,0,2.4955517187836158e-05
0,0,2.742102808551147e-05
0,0,4.057318268113822e-05
0,0,2.4240804831568017e-05
0,0,3.154871484675546e-05
0,0,2.4685254903780495e-05
0,0,2.6463111268693915e-05
0,0,3.0440220519707038e-05
0,0,2.4735318120716418e-05
0,0,2.489287829741814e-05
0,0,2.468104322822947e-05
0,0,2.5497296135382512e-05
0,0,3.794850065096314e-05
0,0,2.418363204132303e-05
0,0,2.6413793295907808e-05
0,0,3.3531059023210786e-05
0,0,3.3444299928163835e-05
0,0,2.5884373044418325e-05
0,0,2.6012895086055402e-05
0,0,3.276236349992837e-05
0,0,2.5032042714632267e-05
0,0,2.5719365147113195e-05
0,0,3.162322002007081e-05
0,0,2.3950090694215656e-05
0,0,3.143316783729669e-05
0,0,2.5449325914983105e-05
0,0,2.7745389513847567e-05
1,1,0.9996088795188975
0,0,2.4189885239264777e-05
0,0,3.598570486299153e-05
0,0,2.951782690840148e-05
0,0,2.4446837426085198e-05
0,0,2.395930029829119e-05
0,0,2.637786719313932e-05
0,0,2.4066285242287384e-05
0,0,2.592967549117606e-05
0,0,2.5311237080699533e-05
1,1,0.9994032733585745
0,0,2.5537905283533442e-05
0,0,2.8723622431919854e-05
0,0,2.719399863410285e-05
1,1,0.9997654705736153
0,0,2.508042469811949e-05
0,0,2.9792734630210473e-05
0,0,2.6134157054479547e-05
1,1,0.9996095641970963
0,0,2.46952070069172e-05
0,0,2.485582839609127e-05
1,1,0.9969073829405094
0,0,2.5042463531091557e-05
0,0,3.148253097587468e-05
0,0,3.0058066734487608e-05
0,0,2.6435473441107173e-05
0,0,2.471941672212411e-05
0,0,4.815781388306862e-05
0,0,2.471437752447635e-05
0,0,2.410772387971546e-05
0,0,3.2802768872574626e-05
0,0,2.4715571693061217e-05
0,0,2.484316442961748e-05
0,0,2.4086932218571464e-05
0,0,2.5038506579056074e-05
0,0,3.307039875594016e-05
0,0,2.4787224221502278e-05
0,0,2.486884011667265e-05
0,0,2.6962040148845535e-05
0,0,3.0272885101033e-05
0,0,2.486861565187471e-05
0,0,2.865579092704226e-05
0,0,2.5901245781080192e-05
0,0,2.490492136697019e-05
0,0,2.48631379794315e-05
1,1,0.9996717590934071
0,0,2.4825816278620208e-05
0,0,3.382083446298538e-05
0,0,3.062366174277286e-05
0,0,2.393166649198147e-05
0,0,3.340871707178964e-05
0,0,3.2506702547042274e-05
0,0,2.8381240670342242e-05
0,0,3.155874530923482e-05
1,1,0.9992999547150268
1,1,0.9997950553277563
0,0,2.4147697952846107e-05
0,0,3.221343811592215e-05
0,0,2.472857586934682e-05
0,0,2.4878471271786838e-05
0,0,2.6193843673173168e-05
0,0,2.7785116986105484e-05
0,0,2.6048223811614758e-05
0,0,2.5366455388383213e-05
0,0,3.389233694893292e-05
0,0,2.4827216739387605e-05
0,0,2.62710333165162e-05
0,0,2.8104580501435923e-05
0,0,2.5410778386915896e-05
0,0,2.5785273068380605e-05
0,0,3.9037017447029226e-05
0,0,2.4062222183608847e-05
0,0,3.1962169502003345e-05
0,0,2.6095759489015908e-05
1,1,0.9989710645582721
0,0,2.5726963812771486e-05
0,0,2.4688699597166102e-05
0,0,2.6766111284341023e-05
0,0,2.5944330701477058e-05
0,0,2.506054165546149e-05
0,0,2.4065929314401556e-05
0,0,2.3898327332692758e-05
1,1,0.9992601801858138
0,0,2.5139392657065233e-05
0,0,2.6072639827863736e-05
0,0,2.6292075312451047e-05
0,0,2.635317731879448e-05
1,1,0.9994570428312561
0,0,3.574476698934554e-05
0,0,2.4131127315524974e-05
0,0,2.391286205893008e-05
0,0,2.9485600189369636e-05
0,0,2.3933195146475574e-05
0,0,4.116186522467163e-05
0,0,2.64808169940371e-05
0,0,2.4437865619914733e-05
0,0,2.501839061986624e-05
0,0,2.4340106002453543e-05
0,0,2.892642361956161e-05
0,0,2.799373639890977e-05
0,0,3.894502252019949e-05
1,1,0.9993849693702898
0,0,3.9056022639553474e-05
0,0,2.4690872702681075e-05
0,0,2.4169525105978795e-05
0,0,3.0179762899686058e-05
0,0,2.46632774431073e-05
0,0,2.393318924479403e-05
0,0,2.6980315303474396e-05
0,0,3.321285146607319e-05
0,0,2.905378318950441e-05
0,0,2.9046044935802095e-05
1,1,0.9997727615105435
0,0,3.3841430904808915e-05
0,0,2.6536218226476665e-05
0,0,2.8636691004017872e-05
0,0,2.5020401438870587e-05
0,0,2.407944439303726e-05
0,0,2.7361500693288575e-05
0,0,2.974031708611808e-05
0,0,2.6050331155988586e-05
0,0,2.9721225420480973e-05
0,0,2.4053987575805278e-05
0,0,2.5803306857310375e-05
1,1,0.9997190874045153
0,0,2.644214365870793e-05
0,0,2.6282103450716225e-05
0,0,2.754267390727943e-05
0,0,2.4153819984429692e-05
0,0,2.5681606344138276e-05
0,0,2.9620873992595572e-05
0,0,2.8358915777636746e-05
0,0,2.4679849906814355e-05
0,0,2.7211233502925787e-05
0,0,2.4713905927434373e-05
0,0,2.4682158611579645e-05
0,0,3.1305557812763874e-05
0,0,2.4715717052962295e-05
0,0,3.4718107044754945e-05
0,0,2.6019780489626382e-05
1,1,0.9992929293882545
0,0,2.4720938967086176e-05
0,0,2.4273863107687138e-05
0,0,2.8180445507488967e-05
0,0,2.835064199195386e-05
0,0,2.6611238823308426e-05
1,1,0.9825491957128247
1,1,0.9987907299246722
0,0,2.4655749921611755e-05
0,0,2.79592232007774e-05
0,0,2.50940753048762e-05
0,0,2.406672172272101e-05
0,0,2.4822445658604266e-05
0,0,2.8106706346945244e-05
0,0,2.4704767790394955e-05
0,0,2.5524546226548098e-05
0,0,3.722495314713096e-05
1,1,0.999510708907576
0,0,3.255126047404459e-05
0,0,2.4796013043872024e-05
0,0,3.374421479254273e-05
0,0,2.7964923540516474e-05
1,1,0.9997467496500471
0,0,2.441528923967509e-05
0,0,2.719495135589108e-05
0,0,3.279263871744088e-05
0,0,3.948048492651697e-05
0,0,3.51006853613243e-05
0,0,2.469561677326359e-05
0,0,2.4393036303626736e-05
0,0,2.4737076360196023e-05
0,0,2.3848373969836285e-05
0,0,2.560499528736633e-05
0,0,2.431004768708452e-05
0,0,3.1117659596549174e-05
0,0,2.4892610942466686e-05
0,0,2.5476925528817067e-05
1,1,0.9996093117432905
0,0,2.4687437404797057e-05
0,0,2.4071903365488144e-05
0,0,3.269656621068553e-05
0,0,2.732255537081657e-05
0,0,2.5795996269304948e-05
1,1,0.9996905538987896
1,1,0.9990796123252246
0,0,2.4862959472292273e-05
0,0,2.6043239076687224e-05
0,0,2.469048590908632e-05
0,0,2.5965693823815573e-05
1,1,0.999235023078954
0,0,2.508643619115792e-05
0,0,2.7394933053762e-05
0,0,2.633983691351855e-05
0,0,2.8311103337796735e-05
0,0,2.910482483018111e-05
0,0,2.484840597559587e-05
0,0,2.5869793330009208e-05
0,0,2.4857041680880043e-05
0,0,2.8605530379846895e-05
0,0,2.503006842273653e-05
0,0,2.744642427606517e-05
0,0,3.088819224810701e-05
0,0,2.4224061840669213e-05
1,1,0.9997698646401559
0,0,2.503678350614693e-05
1,1,0.9997796536663746
0,0,2.5040134852531825e-05
0,0,2.3933103865130858e-05
0,0,2.3938069509723213e-05
1,1,0.9996004768604461
0,0,2.4415690618437464e-05
0,0,2.442019242640589e-05
0,0,2.9207490262571944e-05
0,0,2.7025257327490367e-05
0,0,2.4187590216505556e-05
0,0,2.7582412974441798e-05
0,0,2.6559088334945594e-05
0,0,2.4716702895934757e-05
0,0,3.620768500098743e-05
0,0,2.657837957184396e-05
0,0,2.487548604524842e-05
0,0,2.503596854784221e-05
0,0,2.5115437271761595e-05
1,1,0.9989214938916093
0,0,2.4914128412712263e-05
0,0,2.6790943672084376e-05
0,0,4.08575715312798e-05
0,0,3.032541110306794e-05
0,0,2.6312940428907946e-05
0,0,2.489176200509514e-05
0,0,5.3340053357887594e-05
0,0,2.499415864708436e-05
0,0,4.0058318662368636e-05
0,0,2.491582426952369e-05
0,0,3.750533084189634e-05
0,0,3.699295935139304e-05
0,0,2.9131279846429405e-05
0,0,3.0250561685534228e-05
0,0,2.4694498124450024e-05
0,0,2.7799125557508542e-05
1,1,0.9989010937778344
1,1,0.9996042151443755
1,1,0.9987361923269802
0,0,2.402626789460163e-05
0,0,2.40650710126007e-05
0,0,3.126282716320474e-05
0,0,2.4433607126182303e-05
0,0,2.8441420639551657e-05
0,0,2.6147708644136788e-05
0,0,2.675580525035991e-05
0,0,2.4700655530464957e-05
0,0,2.472345339350931e-05
0,0,3.536521596931996e-05
0,0,3.21941880248909e-05
0,0,2.872009393930217e-05
0,0,2.549523580939667e-05
0,0,3.126300502581091e-05
0,0,3.538028653296093e-05
0,0,2.4930864204226146e-05
0,0,2.91658576195579e-05
1,1,0.9992601801858138
0,0,2.52146015414824e-05
0,0,3.717831334438177e-05
0,0,3.181239584694387e-05
0,0,2.4833969155517253e-05
0,0,2.6469976081627694e-05
0,0,3.105746550234872e-05
0,0,3.5595486898327985e-05
0,0,2.4666544351040352e-05
0,0,2.474210400263053e-05
0,0,2.6839675672775937e-05
0,0,2.6551607690787648e-05
0,0,2.4809084611233292e-05
0,0,2.4926698569451554e-05
0,0,3.046872750069866e-05
0,0,2.4837111853286215e-05
0,0,2.4634601473083147e-05
0,0,2.411170196824509e-05
0,0,2.6251625505527006e-05
1,1,0.9975544534079411
0,0,2.5748807629969457e-05
0,0,2.5285031702896923e-05
1,1,0.9997893994870445
0,0,2.4060352751130166e-05
0,0,2.4115921157116654e-05
0,0,3.198948048805079e-05
0,0,2.5840764406208243e-05
0,0,2.5195249193939635e-05
0,0,3.038459420484427e-05
0,0,3.1496648330719566e-05
0,0,2.6840891041149963e-05
0,0,2.680831548687732e-05
0,0,2.662679634927877e-05
0,0,3.070479349620529e-05
0,0,2.5317158842177955e-05
0,0,2.4898341826015882e-05
0,0,3.054332209839718e-05
1,1,0.9995346002565756
0,0,2.505644861085495e-05
0,0,2.4135165550284725e-05
0,0,2.5092053486452724e-05
0,0,2.7610775250158894e-05
0,0,2.3934831862652026e-05
0,0,2.6826618408153736e-05
0,0,2.856094525308584e-05
0,0,2.7293487374328593e-05
0,0,2.6002391572683664e-05
1,1,0.9803340577526771
0,0,2.9285840781850827e-05
1,1,0.9997834532358209
0,0,3.59518826231842e-05
0,0,3.129332328847577e-05
0,0,3.630611911332285e-05
0,0,2.8066457827806315e-05
0,0,2.3934601923076234e-05
0,0,2.4551968866196214e-05
1,1,0.9993188498106871
1,1,0.9997195428382826
0,0,2.7459304010346796e-05
0,0,3.0272576793917767e-05
0,0,3.209043568566866e-05
1,1,0.9997576768405276
0,0,2.4725694434496622e-05
0,0,2.9574915398977494e-05
0,0,2.7014221195856325e-05
0,0,2.4833069259977694e-05
0,0,2.7773306817496878e-05
0,0,2.6760428941653624e-05
0,0,2.9545327212171105e-05
0,0,2.4112298932488798e-05
1,1,0.9992653128362475
0,0,3.374957848160813e-05
0,0,4.583379987622066e-05
0,0,3.304404194678562e-05
1,1,0.9995929626593439
0,0,2.466739605324554e-05
0,0,2.71970073395413e-05
0,0,2.527132252019587e-05
0,0,2.395768420146155e-05
0,0,2.55345669706345e-05
0,0,2.4713992696224073e-05
0,0,2.575280812687739e-05
1,1,0.9992906503422373
0,0,3.3700411386754285e-05
0,0,2.930217486435486e-05
0,0,2.5090785884289606e-05
0,0,2.3933858733649147e-05
0,0,3.663551978107977e-05
0,0,3.180090425656646e-05
0,0,2.6727811569278547e-05
0,0,2.4885492157174565e-05
1,1,0.9993263896451579
0,0,2.522367146937771e-05
1,1,0.9992410166854466
0,0,2.5344586666256417e-05
0,0,2.793239975149159e-05
0,0,2.90682568355065e-05
0,0,2.9342424628921165e-05
0,0,2.745202393331151e-05
0,0,3.762928845718976e-05
0,0,2.4728505519195468e-05
1,1,0.9991391212538516
0,0,2.986025968813874e-05
0,0,3.0068840701374443e-05
0,0,2.5120163167999565e-05
0,0,2.589433629043916e-05
1,1,0.9975297926794136
0,0,2.472638539290331e-05
0,0,3.1565277370870426e-05
0,0,2.4701289331651397e-05
0,0,2.4102735914532323e-05
1,1,0.9997883218278627
0,0,2.6540202716289498e-05
0,0,3.6219490673745294e-05
0,0,3.2648915208170543e-05
0,0,2.6033794488045597e-05
0,0,2.7549398459394745e-05
0,0,3.160329837018752e-05
0,0,2.7030836748121096e-05
0,0,2.482702045298716e-05
0,0,3.374781772835172e-05
0,0,2.8180445507488967e-05
0,0,2.971815581021249e-05
1,1,0.996574685443077
0,0,2.487633992183187e-05
0,0,2.8616121516156016e-05
0,0,2.922507520511673e-05
0,0,2.943763521722755e-05
0,0,2.570248905769542e-05
1,1,0.9969450939246574
0,0,2.407944439303726e-05
0,0,3.790597894009318e-05
0,0,2.621718715792266e-05
0,0,3.578216837641976e-05
0,0,2.456804520844673e-05
0,0,2.4423596957296508e-05
0,0,3.2052663608842415e-05
0,0,2.7642552981059066e-05
0,0,2.741837166435465e-05
0,0,3.2506702547042274e-05
0,0,2.4725513980403267e-05
0,0,2.3923610028762782e-05
0,0,6.907995116311577e-05
0,0,3.0363109936238366e-05
1,1,0.9995006397894924
1,1,0.9967781029314382
0,0,2.4005550494750036e-05
1,1,0.9993591873065427
0,0,2.6178191827244392e-05
0,0,3.3841430904808915e-05
0,0,2.595872722336936e-05
0,0,3.023855939811627e-05
0,0,3.177826927738111e-05
0,0,2.415389752218544e-05
0,0,2.5363076573002988e-05
0,0,2.4853677253011377e-05
0,0,2.5446651108933852e-05
0,0,2.4809084611233292e-05
0,0,2.6573543451088104e-05
0,0,2.5741918896800152e-05
0,0,5.103590114123868e-05
0,0,2.4682285456343986e-05
0,0,2.534237315899933e-05
0,0,2.8816451613843723e-05
0,0,2.6464479128529186e-05
0,0,2.6862677222827077e-05
0,0,2.485511168563308e-05
0,0,3.713427743713652e-05
0,0,2.3924127582500954e-05
0,0,2.5785273068380605e-05
1,1,0.9995778199902422
0,0,2.6237073880468193e-05
0,0,3.0314115875700777e-05
0,0,3.293221844156527e-05
0,0,2.3901193453496332e-05
0,0,2.4716859682137078e-05
0,0,2.4676691355712e-05
0,0,3.287464521865171e-05
0,0,2.4838064845500648e-05
1,1,0.99964527657029
0,0,2.4834939620845997e-05
0,0,2.4978645131394287e-05
0,0,3.780422720245356e-05
0,0,3.6853904890371165e-05
0,0,2.5189375983296498e-05
0,0,2.5582261456527252e-05
0,0,2.753740374773116e-05
0,0,3.252176007015484e-05
0,0,2.469048590908632e-05
1,1,0.9952771650882358
0,0,2.588202170975273e-05
0,0,2.407349291046568e-05
0,0,2.8461026665352866e-05
0,0,2.6010130224455754e-05
0,0,2.4585352848259426e-05
0,0,3.709216889997499e-05
1,1,0.9971827692499153
0,0,2.9598788485045143e-05
0,0,2.4825981718282137e-05
0,0,2.636796029101122e-05
0,0,2.4868798586178156e-05
0,0,2.7132368638100084e-05
0,0,2.5855775700702177e-05
0,0,2.4900651049752106e-05
0,0,3.428434998599255e-05
0,0,2.8499951192999734e-05
0,0,4.919889612300256e-05
0,0,2.4861586084266447e-05
0,0,2.429341827714328e-05
1,1,0.9954578172987382
0,0,2.770748531549133e-05
0,0,2.565162942232814e-05
0,0,3.145467903421566e-05
0,0,2.4923895370130626e-05
0,0,2.48632749622619e-05
0,0,3.681207263365551e-05
0,0,2.486194669312811e-05
0,0,2.5725056820613636e-05
1,1,0.9988480099268356
0,0,2.6210284033194332e-05
0,0,2.469785795145181e-05
0,0,2.4894731988347806e-05
0,0,2.4688740826905597e-05
0,0,2.4585479674399907e-05
1,1,0.9996092805882529
0,0,4.431055119443445e-05
1,1,0.9952425267872957
0,0,2.610244999983029e-05
0,0,3.4569728828154784e-05
0,0,2.6332568157373567e-05
0,0,4.543872579205761e-05
0,0,2.637598250480745e-05
0,0,2.5284805868852475e-05
0,0,2.3943454855566096e-05
1,1,0.9990482634572294
0,0,2.8464621210994622e-05
0,0,2.8617663696260748e-05
1,1,0.9997886922247681
0,0,2.4900680617657803e-05
0,0,3.16953214144794e-05
0,0,3.2572779840854496e-05
0,0,2.5919485489238387e-05
0,0,2.482954304356637e-05
0,0,2.48310603390773e-05
0,0,3.013640816233698e-05
1,1,0.9996705822956545
0,0,2.4127418610134886e-05
1,1,0.9995792094940172
0,0,2.9538295110781333e-05
0,0,2.4246961830246015e-05
0,0,2.876928986899637e-05
1,1,0.9996999394368663
0,0,2.704155382272088e-05
0,0,4.888027604987836e-05
0,0,2.4091308888648834e-05
0,0,2.5729626504015378e-05
0,0,2.6914550703400305e-05
0,0,3.486830325096547e-05
0,0,2.9357516265651377e-05
0,0,4.472427504098601e-05
0,0,4.175060504758145e-05
0,0,2.4902530994296655e-05
0,0,2.9917205138251128e-05
0,0,3.114253958217215e-05
0,0,2.469048590908632e-05
0,0,2.6554352948916828e-05
0,0,2.4691246988321266e-05
0,0,2.771806399671625e-05
0,0,2.4683116853692308e-05
0,0,2.837856326523885e-05
0,0,3.826481068886055e-05
0,0,2.4911779090985196e-05
0,0,2.651686009715395e-05
0,0,3.0974637124657555e-05
0,0,2.519627111338587e-05
1,1,0.9997333944766612
0,0,2.485368845227116e-05
0,0,2.505224143419283e-05
0,0,2.686707633577019e-05
0,0,4.5870655054660965e-05
0,0,3.370053413370072e-05
0,0,2.822431922713242e-05
0,0,2.6556696605801384e-05
0,0,2.6046564409341832e-05
0,0,2.6332765797140095e-05
0,0,2.489167347222258e-05
0,0,2.897381019197728e-05
0,0,2.8179628867699823e-05
0,0,3.020215724511509e-05
0,0,2.4652083789744376e-05
0,0,2.4716100690591158e-05
0,0,2.6835826211252432e-05
0,0,2.922507520511673e-05
0,0,2.5370988163179832e-05
0,0,3.2265816240519575e-05
0,0,2.486083538818055e-05
0,0,2.7017435383582982e-05
0,0,2.434194097700436e-05
0,0,2.358777145524049e-05
0,0,2.4898900006204367e-05
0,0,2.613097683595094e-05
0,0,3.0278528266976984e-05
0,0,2.7927436094312146e-05
0,0,3.494527351269897e-05
0,0,2.4833630600273924e-05
0,0,2.5074361835096988e-05
1,1,0.9989867712358675
0,0,2.8145839731203114e-05
0,0,2.413660105357304e-05
0,0,3.669284119717247e-05
0,0,2.4679964562864316e-05
0,0,2.83615652694603e-05
0,0,2.631544805755448e-05
0,0,2.578281383806007e-05
0,0,2.4694432729981816e-05
0,0,3.793918737611138e-05
0,0,2.770748531549133e-05
0,0,2.89776121241156e-05
0,0,2.5170325615493713e-05
1,1,0.9994909694179748
0,0,2.506099770677804e-05
0,0,2.4847183430634673e-05
0,0,2.4583222927332252e-05
0,0,2.486879627488939e-05
0,0,2.722470316228113e-05
0,0,2.6478521498821645e-05
1,1,0.9972548195598557
0,0,2.4717713170577617e-05
0,0,2.936294226776575e-05
0,0,2.3971759265581124e-05
0,0,2.8979828038312798e-05
0,0,2.5515277353717476e-05
0,0,2.6736344220675763e-05
0,0,3.230511939977063e-05
0,0,2.5932063055788772e-05
0,0,2.4837936062438996e-05
0,0,2.5569531633934604e-05
1,1,0.9992169700783672
0,0,4.03106561462423e-05
0,0,2.6747172115064368e-05
0,0,2.491283322374447e-05
0,0,3.1982228702697086e-05
0,0,2.47240866125741e-05
0,0,2.3671550144950436e-05
0,0,2.5505680904611622e-05
0,0,3.0379488426069715e-05
0,0,2.775687446277604e-05
0,0,2.5529858917569077e-05
0,0,2.9291771824002335e-05
0,0,2.484926964606908e-05
0,0,2.5117072407249728e-05
1,1,0.9977229818494047
0,0,2.8342274738459634e-05
0,0,2.3819161211103986e-05
0,0,2.460543842880368e-05
0,0,2.48761843810111e-05
1,1,0.9991836921006704
0,0,2.4668095613434198e-05
0,0,2.6479041177286006e-05
0,0,2.6188532242681542e-05
0,0,2.6005649639946888e-05
0,0,2.5175583586718662e-05
0,0,3.414694494343272e-05
0,0,2.467851071443171e-05
0,0,2.6029219353263788e-05
0,0,2.472795581959974e-05
0,0,3.762928845718976e-05
0,0,2.4190242273858978e-05
0,0,2.538956284241613e-05
0,0,2.920494978047918e-05
0,0,3.0901118906978774e-05
0,0,2.5667436518118354e-05
0,0,2.5815843922039702e-05
0,0,2.8318552917826943e-05
0,0,2.7868188915425185e-05
0,0,2.5081687965885207e-05
0,0,2.468535602128743e-05
1,1,0.9991778091231397
0,0,2.3936458335377104e-05
1,1,0.999371326815546
0,0,2.816936240067236e-05
0,0,2.484919928137471e-05
0,0,2.9599495537778897e-05
0,0,2.4717756271598735e-05
0,0,3.186936076666451e-05
0,0,2.558852750954321e-05
0,0,2.508189426702277e-05
0,0,3.4853520427861565e-05
1,1,0.9997886922247681
0,0,2.8492998413976173e-05
0,0,2.3829083094750815e-05
0,0,2.4850480541303948e-05
0,0,2.4240173003284196e-05
0,0,2.5201687143256457e-05
0,0,2.843837283169306e-05
0,0,3.013650490461115e-05
1,1,0.9993001299473138
0,0,2.4098769578809504e-05
0,0,2.6057646434323894e-05
0,0,2.583720036773004e-05
0,0,2.468659548376754e-05
0,0,2.4682285456343986e-05
0,0,2.5276322567696844e-05
0,0,2.9466196713399017e-05
0,0,2.654533970662042e-05
0,0,3.2688131325791844e-05
0,0,2.612706369721948e-05
0,0,2.800210246806585e-05
0,0,2.47905299775999e-05
0,0,3.315457066038737e-05
0,0,2.5732855352096254e-05
0,0,3.309353962073237e-05
0,0,2.448735788618416e-05
0,0,2.501543111164702e-05
0,0,2.440244520976873e-05
0,0,2.918042843525548e-05
0,0,2.7525145633283236e-05
0,0,2.5559684827972238e-05
0,0,2.4213071921749826e-05
0,0,2.501521962421059e-05
0,0,3.407551147364828e-05
0,0,2.5411912233697274e-05
0,0,3.99748924065238e-05
0,0,2.4763858187031146e-05
0,0,2.8357115773484864e-05
0,0,2.5250413934430617e-05
0,0,2.393318924479403e-05
1,1,0.999720746579742
0,0,2.46570370441464e-05
0,0,2.4271948107509686e-05
1,1,0.9995578507399058
1,1,0.9962864398524767
0,0,2.484361145884524e-05
0,0,2.5407231368651345e-05
0,0,2.5481657714571847e-05
0,0,2.486323867788231e-05
0,0,2.8860266703463694e-05
0,0,2.613773507793172e-05
0,0,2.6077537086975285e-05
1,1,0.9991652918291145
0,0,2.469048590908632e-05
0,0,2.458130790506959e-05
0,0,3.5207063234715665e-05
0,0,3.0465237507562907e-05
0,0,2.5835875197371724e-05
0,0,2.7199339818463057e-05
1,1,0.999265310855111
0,0,2.393487397951249e-05
0,0,5.212523933198157e-05
0,0,2.4239325991979616e-05
0,0,3.260622183270615e-05
1,1,0.9997836354375536
0,0,2.5835057680908677e-05
0,0,2.7728679562467882e-05
0,0,2.7204476034776623e-05
0,0,2.5009653818281583e-05
0,0,3.411366280679986e-05
0,0,3.3778440677175687e-05
0,0,2.493350736734038e-05
0,0,2.4952781345745812e-05
0,0,2.6287228443919364e-05
0,0,2.5231865724327247e-05
0,0,2.469048590908632e-05
0,0,2.58334641494986e-05
0,0,3.971644978114693e-05
0,0,3.0118317644981057e-05
0,0,3.0344728062207083e-05
0,0,3.023871197996601e-05
0,0,2.9549210748037136e-05
0,0,3.3841430904808915e-05
0,0,2.5012908264992104e-05
1,1,0.9997918021173875
0,0,2.4723313656727646e-05
0,0,2.80786518578991e-05
0,0,2.3900485308110957e-05
0,0,2.7230480096818913e-05
1,1,0.9997342001463716
0,0,2.3934874047178735e-05
0,0,3.24596052247101e-05
0,0,2.6544925957397768e-05
0,0,2.588360833218766e-05
0,0,3.1946923456416006e-05
0,0,2.7574441812769404e-05
0,0,2.4729397733287375e-05
1,1,0.9991652918291145
0,0,2.395926651303728e-05
0,0,2.9986889892323934e-05
0,0,2.4094006398732774e-05
0,0,2.4691246988321266e-05
0,0,3.706691473804932e-05
0,0,2.393145549642911e-05
0,0,2.5148632857642742e-05
0,0,2.4310125726344828e-05
0,0,5.300972928637249e-05
1,1,0.9907541654758296
1,1,0.9918883178487109
0,0,2.4861659021508275e-05
0,0,2.940254875800098e-05
0,0,2.5777251081679574e-05
0,0,2.442191852715753e-05
1,1,0.9993740849229397
0,0,3.320575361249138e-05
1,1,0.9997207469314727
0,0,2.806177385275158e-05
1,1,0.9997796654028218
0,0,2.4074799316604e-05
0,0,2.4719438000297447e-05
0,0,2.393318924479403e-05
0,0,2.7167032473762834e-05
0,0,2.8951131191526438e-05
0,0,3.29391987486379e-05
0,0,2.50641023708983e-05
0,0,2.4899425482900343e-05
0,0,2.7774941435685145e-05
0,0,2.7011477975697046e-05
0,0,4.24563748054137e-05
0,0,2.7757152014312473e-05
0,0,2.9360186503425788e-05
0,0,2.358777145524049e-05
1,1,0.9995244855529375
0,0,2.816936240067236e-05
0,0,3.209618587989577e-05
0,0,2.806064334239848e-05
0,0,2.4481434916794546e-05
0,0,2.9410838168862635e-05
0,0,2.4922302578369003e-05
0,0,2.487695904068911e-05
0,0,2.5045537181927333e-05
0,0,2.3933147052449213e-05
0,0,2.472795581959974e-05
1,1,0.9987329162078804
0,0,2.50489777843099e-05
0,0,2.4856194116348118e-05
0,0,2.7087058249252115e-05
0,0,2.4654571905992387e-05
0,0,2.4160901545378616e-05
0,0,2.7389698234530115e-05
1,1,0.9990771611447246
0,0,2.427493570986544e-05
0,0,2.742009449526625e-05
0,0,3.109332051125558e-05
0,0,2.3968036187812033e-05
0,0,2.9243039309292364e-05
0,0,2.541979384207666e-05
1,1,0.9993864351665269
1,1,0.9859122246460978
0,0,3.8575445043865085e-05
0,0,2.8767086251032647e-05
0,0,4.678094392514047e-05
0,0,2.4681418964426855e-05
0,0,2.4844057400833776e-05
0,0,2.802561876265509e-05
0,0,2.485974881886539e-05
0,0,2.4109641790722352e-05
0,0,2.9189277643993155e-05
0,0,3.1624346378588166e-05
1,1,0.9994370392470435
0,0,2.3929798847927082e-05
0,0,2.4966956035291058e-05
1,1,0.9989694819835916
0,0,2.851609262854792e-05
0,0,2.3957728972459786e-05
0,0,2.574705784172616e-05
0,0,2.4975629343162366e-05
0,0,2.4253559296947416e-05
0,0,2.6978467947390918e-05
0,0,2.4690442381719546e-05
0,0,2.7626459592521073e-05
0,0,2.5961563110100342e-05
0,0,2.7582501518244337e-05
1,1,0.9993628832197697
0,0,2.6362374820136255e-05
0,0,2.5875719209144577e-05
1,1,0.9932227196702224
0,0,2.726476785055902e-05
0,0,2.482285191176898e-05
1,1,0.9989625496816086
0,0,2.707848992008356e-05
0,0,2.4847528736902657e-05
0,0,4.841134832231273e-05
0,0,3.337259844399597e-05
0,0,2.490444623113723e-05
0,0,2.393776554247532e-05
0,0,3.436153598544032e-05
0,0,2.670508402421328e-05
0,0,2.5636333461409124e-05
0,0,2.623865754824306e-05
0,0,2.7418957537694487e-05
0,0,2.4113603166886887e-05
0,0,2.4831540155320005e-05
0,0,3.207975300204621e-05
0,0,2.7806549591329868e-05
1,1,0.9997654708690279
0,0,2.487542492551184e-05
0,0,2.4718133744541595e-05
1,1,0.9992818684657884
0,0,2.5019784010830567e-05
0,0,3.126282716320474e-05
0,0,3.1684250631842405e-05
0,0,2.6187822083766456e-05
0,0,2.9837843832426425e-05
0,0,2.956156668889007e-05
1,1,0.9994376813859862
0,0,2.50005115312442e-05
0,0,3.000158647889182e-05
0,0,2.8028956174457225e-05
0,0,2.4079296566885718e-05
0,0,2.4073793495976975e-05
0,0,3.998488249811589e-05
0,0,3.170856980903596e-05
0,0,2.9402683418617766e-05
0,0,2.4227612368347525e-05
0,0,3.655143640349914e-05
0,0,2.4963746214450384e-05
0,0,2.682376369398447e-05
0,0,3.1949265607838805e-05
0,0,3.038459420484427e-05
0,0,2.4584387151962748e-05
0,0,2.5904678162635526e-05
0,0,2.4987303022081802e-05
0,0,3.648390631323172e-05
1,1,0.9995079504384343
0,0,3.181239584694387e-05
0,0,2.531730267975122e-05
0,0,2.6762041355694228e-05
0,0,2.4872217099853098e-05
0,0,3.16031969194559e-05
0,0,2.488497449646108e-05
0,0,3.4754237010856714e-05
0,0,2.5172714007819858e-05
0,0,2.6952360796865148e-05
0,0,2.488311870013888e-05
0,0,2.393318924479403e-05
0,0,3.9251815778401544e-05
0,0,2.6094839189440287e-05
1,1,0.9991655995044799
1,1,0.9992096531664814
0,0,2.5353598762908283e-05
0,0,2.7122228917740906e-05
0,0,2.4899175362829435e-05
0,0,2.4588426169601645e-05
0,0,2.6461890546949246e-05
0,0,2.7057432914452454e-05
0,0,2.5719265362783626e-05
0,0,2.4682217344418435e-05
0,0,2.6042317608640403e-05
0,0,2.4899449314583573e-05
1,1,0.9991925974481768
0,0,3.790597894009318e-05
0,0,2.6983691597184387e-05
0,0,3.1520196679009135e-05
0,0,3.3045599994352764e-05
0,0,2.485357682726972e-05
1,1,0.9997681300000534
0,0,3.572939251106044e-05
0,0,2.5969234213847357e-05
0,0,2.527291948322509e-05
0,0,2.67252848376275e-05
0,0,2.8893661907866543e-05
0,0,2.4122834217902795e-05
0,0,3.233474430410033e-05
0,0,2.7649772079964678e-05
0,0,2.5593022469122443e-05
0,0,2.4107148227116858e-05
0,0,2.5699623993383435e-05
0,0,3.407672455268619e-05
0,0,2.873997188399521e-05
0,0,3.559553067887294e-05
0,0,2.9402683418617766e-05
0,0,2.5791735200089008e-05
0,0,2.4854183050912467e-05
0,0,2.489176200509514e-05
0,0,2.6647042032803803e-05
0,0,2.587786136787002e-05
0,0,2.6903870158982703e-05
1,1,0.9990771611447246
0,0,2.7890476476322657e-05
0,0,2.8103072330740845e-05
0,0,3.290242604323151e-05
0,0,2.4871154880215735e-05
0,0,2.52103104025318e-05
0,0,3.4175498893610936e-05
0,0,2.509415586093124e-05
0,0,3.333672743781486e-05
0,0,2.621843649772791e-05
0,0,2.4095596222988324e-05
1,1,0.9995307776734627
0,0,2.4985044381228414e-05
1,1,0.9993265038268412
0,0,4.292174951985066e-05
0,0,2.8466808135963643e-05
0,0,2.4206027150739287e-05
0,0,2.9898402479878324e-05
0,0,2.9189811594922918e-05
0,0,3.930167382143965e-05
0,0,2.4106536334689445e-05
1,1,0.9975645614498897
1,1,0.999554695865082
0,0,2.4908932860400393e-05
0,0,3.052943549552069e-05
0,0,2.6033653112169723e-05
0,0,2.4121077513142855e-05
0,0,3.1879622547038474e-05
0,0,2.8061563236332253e-05
0,0,2.4065630403944948e-05
0,0,3.3464797970507614e-05
1,1,0.9991541322734407
0,0,2.541020786219095e-05
0,0,2.7165949824341478e-05
0,0,2.4864607999529694e-05
0,0,2.4645980983906783e-05
0,0,2.395826992927442e-05
0,0,2.393776554247532e-05
0,0,2.7605754012898333e-05
0,0,2.6976996545128916e-05
0,0,2.555612424450754e-05
0,0,3.4048607983435376e-05
0,0,2.8868367520361074e-05
0,0,3.6613633776577345e-05
0,0,2.6496277213882093e-05
0,0,2.9342379436679404e-05
0,0,2.7566924138585874e-05
0,0,2.98672095148507e-05
0,0,2.9165893492233403e-05
0,0,2.846947197834227e-05
1,1,0.9996094856650469
0,0,3.8783637467676876e-05
0,0,2.4690416381899607e-05
0,0,2.9708743468932334e-05
0,0,2.9250526693268558e-05
0,0,2.762181220697753e-05
0,0,4.121350238448105e-05
0,0,2.4775599152121254e-05
0,0,2.4876037182609287e-05
0,0,2.584546049212197e-05
0,0,2.8025316305315463e-05
0,0,2.9205753452790494e-05
0,0,2.725203869109642e-05
0,0,2.5226478170962873e-05
0,0,4.0856998399472915e-05
0,0,2.964546042306554e-05
0,0,2.691097012920352e-05
0,0,2.4552285969036555e-05
0,0,3.0338871555320664e-05
0,0,2.696087832371172e-05
0,0,2.487103016836464e-05
0,0,3.612694641589183e-05
0,0,2.6646956491880923e-05
0,0,2.4896596902208528e-05
0,0,2.8418476685157938e-05
0,0,3.114253958217215e-05
0,0,2.8234982318992324e-05
0,0,2.469192498980196e-05
0,0,2.3940204935571447e-05
0,0,2.9004068307761962e-05
0,0,3.231700186959009e-05
0,0,2.4668171693778134e-05
0,0,2.639483811504049e-05
0,0,3.236259946957296e-05
0,0,2.4962898348618194e-05
0,0,2.5646877766236372e-05
0,0,2.9028316073410467e-05
0,0,2.5620303359404053e-05
0,0,2.4834939620845997e-05
0,0,2.698653378532823e-05
1,1,0.9966874774323231
0,0,2.7892684593579718e-05
0,0,2.8155537766209866e-05
0,0,2.48725552579256e-05
0,0,2.4873091033067447e-05
0,0,2.795914187500734e-05
0,0,2.508167210475978e-05
0,0,3.130746564989518e-05
0,0,3.3778440677175687e-05
0,0,2.4874071583387265e-05
0,0,2.5022141804332598e-05
0,0,2.5057438238796903e-05
0,0,2.770110486955737e-05
0,0,2.9026321365738033e-05
0,0,2.469007332016822e-05
0,0,2.633983691351855e-05
0,0,3.9675169045436966e-05
0,0,3.0632541059876055e-05
0,0,2.4874614160615874e-05
0,0,2.7434237276553554e-05
0,0,2.8232733322555596e-05
1,1,0.9993968504863963
0,0,3.570645891418877e-05
0,0,2.5948223833750176e-05
0,0,4.888027604987836e-05
0,0,2.6913552311730674e-05
0,0,3.270801554816856e-05
0,0,3.4522563453027074e-05
0,0,2.6060540110073333e-05
0,0,4.03106561462423e-05
0,0,2.4205949445643402e-05
1,1,0.9995463811407879
0,0,2.558634646680351e-05
0,0,3.477902773188279e-05
1,1,0.9991557591439174
0,0,2.562554564670768e-05
0,0,2.6772019487336736e-05
0,0,2.4679889062229167e-05
0,0,2.3931568510092554e-05
0,0,2.673295123424084e-05
0,0,2.662679634927877e-05
1,1,0.9987255376632407
0,0,2.468981916994213e-05
1,1,0.9992612205621336
1,1,0.9991635717427129
0,0,2.618031217289401e-05
0,0,2.4853677253011377e-05
0,0,2.7302299301632673e-05
0,0,2.4601665953749974e-05
0,0,2.4868091619221053e-05
1,1,0.9995988760399592
0,0,2.442582117620732e-05
0,0,2.5577342243729324e-05
1,1,0.9989694819835916
0,0,2.9530015913063775e-05
0,0,2.4175679854706275e-05
0,0,2.487819071371983e-05
0,0,2.5053598850684216e-05
0,0,3.337255739744415e-05
1,1,0.9997782444761635
0,0,2.485946841764127e-05
0,0,2.7330992479483475e-05
0,0,2.647912617918858e-05
0,0,3.0316409613751957e-05
1,1,0.9991925998489652
0,0,2.4368829269667388e-05
0,0,3.7091501329660613e-05
0,0,2.4099149835705896e-05
1,1,0.9997436275216458
0,0,2.3898250615337335e-05
0,0,2.550726854811997e-05
0,0,2.729788089242956e-05
0,0,2.5741086074089313e-05
0,0,2.7402469532076657e-05
1,1,0.9994962058780794
0,0,2.5394036808211804e-05
0,0,2.5293630173276446e-05
0,0,2.7012843656646095e-05
0,0,2.5013999762248465e-05
1,1,0.9997894005329688
0,0,2.4000199164988633e-05
0,0,2.5084965425015792e-05
0,0,2.815070687994468e-05
0,0,2.4240180144133018e-05
0,0,2.471587682568929e-05
0,0,2.6953663247465335e-05
0,0,2.8373490839670704e-05
0,0,3.0776109385845926e-05
1,1,0.9986355078609515
0,0,3.6739843316786956e-05
1,1,0.9933866083279784
0,0,2.5636092199035173e-05
0,0,2.4856598529022785e-05
0,0,2.4911941612576077e-05
0,0,2.960435881211515e-05
0,0,2.397661307823898e-05
0,0,2.4446712709192478e-05
1,1,0.9988460374621184
0,0,3.2265816240519575e-05
1,1,0.994813065618811
0,0,3.897583916734217e-05
0,0,2.4759648564000192e-05
0,0,5.9883331105917256e-05
0,0,2.6659836395162852e-05
0,0,2.6148642971577952e-05
0,0,2.513708544116244e-05
0,0,2.484908143499315e-05
0,0,2.3937414839227976e-05
0,0,2.681753958319639e-05
0,0,2.503165898576277e-05
0,0,2.4093232593341036e-05
0,0,2.483366031449139e-05
1,1,0.9973142419421572
0,0,2.6404881636678007e-05
0,0,2.4871101612847808e-05
0,0,2.6510176348610843e-05
0,0,3.238727416797631e-05
0,0,2.6055092985011625e-05
0,0,2.6562313079438115e-05
0,0,2.3799244498221216e-05
0,0,2.485320264000278e-05
0,0,2.5579421482319444e-05
0,0,2.5068751448804384e-05
0,0,2.7574386326293005e-05
0,0,2.5538372860277388e-05
0,0,2.5879187914772678e-05
0,0,2.94797640610304e-05
0,0,3.4625778130839556e-05
1,1,0.9995233322136546
0,0,2.4868091619221053e-05
0,0,2.907103701960379e-05
0,0,2.826314824509402e-05
0,0,2.518335690416648e-05
0,0,2.7932948126354774e-05
0,0,2.4883220730525853e-05
0,0,2.4267509795721628e-05
1,1,0.9995192901167101
0,0,2.5117168710826075e-05
0,0,2.8526142448409406e-05
0,0,2.872098064450679e-05
0,0,3.8490376346244444e-05
0,0,2.650061647878032e-05
0,0,4.056809611618903e-05
0,0,3.357219412051725e-05
0,0,2.7486136207467486e-05
1,1,0.9997645763011115
0,0,2.6987993079121674e-05
0,0,2.8317673308884467e-05
0,0,3.3747709393664105e-05
0,0,2.3858205542800243e-05
0,0,2.629781573884275e-05
0,0,3.132678253211302e-05
0,0,2.869165657560925e-05
1,1,0.9997893994870445
0,0,2.4084923371265386e-05
0,0,3.410083936449373e-05
0,0,2.4009847677599497e-05
0,0,2.50194225640599e-05
0,0,2.4275739947929766e-05
1,1,0.9997300962445618
0,0,3.065468257753995e-05
0,0,2.8176599102181956e-05
0,0,2.9533079989978176e-05
0,0,3.536934541956371e-05
0,0,2.459773337330073e-05
0,0,2.858230771064453e-05
0,0,2.51741784040187e-05
0,0,2.471389797741216e-05
0,0,2.3952407873387602e-05
0,0,2.5706641309278916e-05
0,0,3.1066385434436866e-05
0,0,2.4095596222988324e-05
0,0,2.5328751834654353e-05
1,1,0.9990378425197223
0,0,3.39775459970692e-05
0,0,3.2819519795826165e-05
1,1,0.9962118431183504
0,0,2.6995854306362928e-05
0,0,3.857219392182628e-05
0,0,2.4235505804192063e-05
0,0,3.1215700148998144e-05
1,1,0.9997640411975234
0,0,2.7028607307115403e-05
0,0,2.874103977736018e-05
0,0,2.9534269767072015e-05
0,0,2.9042366347337168e-05
0,0,2.912987986371728e-05
0,0,2.502305787048559e-05
0,0,2.5605219823323945e-05
0,0,3.054401519999976e-05
0,0,2.626349359797137e-05
0,0,2.470395652961962e-05
0,0,2.7499575063170035e-05
0,0,3.805108762735051e-05
0,0,2.4892680698473877e-05
0,0,3.076212456080596e-05
0,0,3.098661644620914e-05
0,0,2.3931497685791906e-05
0,0,2.5732202388267058e-05
0,0,3.399323080033103e-05
0,0,2.9391576530726117e-05
0,0,2.59393453693227e-05
0,0,2.4200750317754537e-05
0,0,2.4102114517606522e-05
0,0,2.4860891037098576e-05
0,0,2.4086199299916413e-05
0,0,3.0372122510781366e-05
0,0,2.6975160719233012e-05
0,0,2.5079885143645166e-05
0,0,2.6565879270547255e-05
1,1,0.9977223505218119
0,0,3.0210542065724024e-05
0,0,2.7639346997500677e-05
0,0,2.468045553950036e-05
0,0,2.4700066579555648e-05
0,0,2.7902791186140967e-05
0,0,2.4061101675277876e-05
0,0,2.8229117410295814e-05
0,0,3.149984217029695e-05
1,1,0.9991575497912707
0,0,2.396524802757682e-05
0,0,2.395747047980293e-05
0,0,2.4911566644466367e-05
0,0,3.6613633776577345e-05
1,1,0.997587332799552
0,0,2.4863035483757573e-05
1,1,0.9984081155569324
0,0,2.707693054945534e-05
0,0,3.556676484470821e-05
0,0,3.3664189270042864e-05
0,0,2.649632000134141e-05
0,0,2.487581902459142e-05
0,0,2.3824452085882857e-05
0,0,2.5943285214154288e-05
0,0,2.4297096389807812e-05
0,0,2.5592071687000925e-05
0,0,2.9521062885269573e-05
0,0,2.4622784268329125e-05
1,1,0.9986390583205783
1,1,0.9993294104663148
0,0,2.4728505519195468e-05
0,0,2.4166850545740364e-05
0,0,2.4718131047105065e-05
0,0,3.184800553754634e-05
0,0,2.6113431099184517e-05
0,0,2.4690678544240028e-05
0,0,2.6587054952572188e-05
0,0,2.5534435823489493e-05
0,0,2.4887367331130378e-05
0,0,2.5150553706880004e-05
0,0,3.276236349992837e-05
0,0,2.4799114536307977e-05
0,0,2.48528142022511e-05
0,0,2.8402137560700325e-05
0,0,2.3901536899089827e-05
0,0,2.5062834840123387e-05
1,1,0.9995963390606061
0,0,2.5531361096400936e-05
0,0,2.3945353735804668e-05
0,0,3.997519243501204e-05
0,0,2.5397380310613318e-05
0,0,3.324710625931973e-05
0,0,2.4164278562761292e-05
0,0,2.4943760747310224e-05
0,0,3.8626790480149876e-05
0,0,3.105459938957451e-05
0,0,2.6238773777771564e-05
0,0,2.470558800622846e-05
0,0,2.4876353792000484e-05
0,0,3.004848959045671e-05
0,0,2.5803018354533422e-05
0,0,2.492389736214212e-05
0,0,2.4294114884071757e-05
0,0,3.940272242381665e-05
0,0,2.489909138341747e-05
0,0,2.4656002641304844e-05
0,0,2.4982695215622208e-05
0,0,3.525675326817102e-05
0,0,2.4592405721065276e-05
0,0,3.2369946006897995e-05
0,0,3.023267994282658e-05
0,0,4.193701170202865e-05
0,0,2.4688740826905597e-05
0,0,2.559290123721782e-05
0,0,2.893947051445299e-05
0,0,2.452494081405216e-05
0,0,3.0112712584058663e-05
0,0,2.5338534119776216e-05
0,0,3.1958411886410295e-05
0,0,2.5896008161486685e-05
0,0,3.039125210362691e-05
0,0,2.6853393946538377e-05
0,0,3.209986165808895e-05
0,0,2.604531153002085e-05
0,0,2.4692180501559785e-05
0,0,2.5836085567960515e-05
0,0,4.1178869687642226e-05
0,0,2.4705051100350525e-05
0,0,2.522232234249988e-05
0,0,2.9448844902150386e-05
0,0,2.6941105601563015e-05
0,0,2.393215179505804e-05
0,0,2.4645901866525764e-05
0,0,2.4759010112672403e-05
0,0,2.489120077872603e-05
0,0,2.7160363250120187e-05
1,1,0.999067146999616
0,0,2.5069348283558996e-05
0,0,2.4851314824675284e-05
0,0,2.4854247147582354e-05
1,1,0.981856033326993
0,0,2.4416772562323168e-05
1,1,0.999759897333734
0,0,2.402568335197e-05
0,0,2.6297344135248417e-05
0,0,2.6703193265404895e-05
1,1,0.9997195431915292
0,0,2.7230007218304095e-05
0,0,2.6148803501402757e-05
0,0,2.657225382949944e-05
0,0,2.697822828003246e-05
0,0,3.140396115450055e-05
0,0,3.2705303826065306e-05
1,1,0.9997342001463716
0,0,2.4716557009951643e-05
0,0,2.48963603989899e-05
0,0,3.86973113569691e-05
0,0,2.798368503656439e-05
0,0,2.816926933873506e-05
0,0,2.9043389577896123e-05
0,0,2.612360911302699e-05
0,0,3.1519135934252665e-05
0,0,3.3297183306348646e-05
0,0,2.5328596339071977e-05
0,0,3.281861711309863e-05
0,0,3.2874852744973176e-05
0,0,2.5037415028519003e-05
0,0,2.4823113498656673e-05
0,0,5.73747008202385e-05
0,0,2.57457126030684e-05
0,0,2.520658568006441e-05
0,0,2.7849677747600186e-05
0,0,3.1663825932802685e-05
0,0,2.8893111115010814e-05
0,0,2.3901193453496332e-05
0,0,3.709149040153742e-05
0,0,3.1342439051323095e-05
0,0,2.7722738525334823e-05
0,0,2.518011007398963e-05
0,0,2.4873553473426057e-05
0,0,2.858550021518199e-05
1,1,0.9967781029247413
0,0,2.4784366591401724e-05
0,0,2.3928357616060024e-05
0,0,3.3747709393664105e-05
0,0,2.9634845608601822e-05
0,0,2.533357067893065e-05
0,0,2.8792057141685157e-05
0,0,2.468981916994213e-05
0,0,2.6477183317674145e-05
0,0,2.485426345305521e-05
0,0,2.505711446792222e-05
0,0,2.4098262723422623e-05
0,0,2.4271948107509686e-05
0,0,2.94196274486237e-05
1,1,0.9991699982557297
0,0,2.7690065019108056e-05
0,0,2.4691176581459976e-05
0,0,4.6623199043341736e-05
0,0,2.620909815199488e-05
0,0,2.4855017851545483e-05
1,1,0.9995795054471407
0,0,2.638336617286235e-05
0,0,2.4930298218841562e-05
0,0,2.6720107919644526e-05
0,0,2.5042756164808644e-05
0,0,2.485401154388683e-05
0,0,3.130498516102612e-05
1,1,0.9994710640960328
0,0,2.4768405347438856e-05
0,0,2.3723440536221712e-05
1,1,0.9995563103637964
0,0,2.9999578213704772e-05
0,0,2.552570406854157e-05
0,0,3.290216112328929e-05
0,0,3.131703499734019e-05
0,0,2.547849245035675e-05
0,0,4.1987782097778856e-05
0,0,2.87412515781656e-05
0,0,2.538371452287949e-05
0,0,2.4863622761604596e-05
0,0,2.5556995929497374e-05
0,0,2.8616881253732506e-05
0,0,2.8276045508851162e-05
1,1,0.9972335774922689
0,0,2.5865174339525442e-05
0,0,2.522001480907255e-05
0,0,2.7593823011787056e-05
0,0,2.5330506638186316e-05
0,0,3.1982228702697086e-05
0,0,2.572166902832446e-05
0,0,2.675171763773408e-05
0,0,3.1614993809803995e-05
0,0,2.469278226046314e-05
1,1,0.9995520571351536
0,0,2.7932310084496704e-05
0,0,2.4898322146714924e-05
1,1,0.9997342001463716
0,0,2.4664248155404272e-05
1,1,0.9991778096006473
0,0,3.256172129730424e-05
0,0,2.610867793599784e-05
0,0,3.478429821855956e-05
1,1,0.9997654705736153
1,1,0.999640950958458
0,0,3.062853702824523e-05
0,0,2.691083526123611e-05
0,0,2.6045131409038204e-05
0,0,2.697334168219884e-05
0,0,2.9258048969807173e-05
0,0,3.286785805733113e-05
0,0,2.469048590908632e-05
1,1,0.9997829785598933
0,0,2.4717502910419032e-05
0,0,2.5190106331729504e-05
0,0,2.4715803754050857e-05
0,0,2.5034573309040464e-05
0,0,3.117266585557269e-05
0,0,3.693518216892187e-05
0,0,2.839597683810316e-05
0,0,2.5626106129768217e-05
0,0,3.228924732873151e-05
0,0,3.078902055616131e-05
0,0,2.6554419675032133e-05
1,1,0.9993088338619492
0,0,2.4723473606151936e-05
0,0,2.415389752218544e-05
0,0,2.5769239346521613e-05
0,0,3.374421479254273e-05
1,1,0.9996866165747618
0,0,2.6125690627255923e-05
0,0,3.4625393822734726e-05
0,0,2.6995272708798823e-05
0,0,3.134181726379807e-05
0,0,2.7863949685231223e-05
0,0,2.9681068513248574e-05
0,0,3.296932123121457e-05
0,0,4.08578781843778e-05
0,0,2.5094855381697806e-05
0,0,2.493732466373274e-05
0,0,2.7220840289388015e-05
0,0,2.5840527121993824e-05
0,0,2.8269088637486212e-05
1,1,0.9866269248393384
0,0,2.5025014732005975e-05
0,0,2.4706125580596513e-05
0,0,4.0095439419829226e-05
0,0,3.9664383147268536e-05
0,0,2.8007383245213533e-05
0,0,2.4851810255507735e-05
0,0,2.4395698721218335e-05
0,0,2.471482549414274e-05
0,0,2.4303026180004678e-05
0,0,2.491628825558771e-05
0,0,2.4822828602634227e-05
0,0,2.4703402445699867e-05
1,1,0.9996999394368663
0,0,2.7514236341463098e-05
0,0,3.0338871555320664e-05
0,0,4.798437948050691e-05
1,1,0.9994697573200684
1,1,0.9990516933560649
0,0,3.070479349620529e-05
0,0,2.4691843999849018e-05
0,0,2.4684269642001557e-05
0,0,2.692010879916339e-05
0,0,2.506724965055994e-05
0,0,2.8014999060094276e-05
0,0,2.4689510707579556e-05
0,0,2.4853923643144767e-05
0,0,2.9771926635871398e-05
0,0,2.6655262542563148e-05
1,1,0.9995926812921995
1,1,0.9994699511548653
0,0,2.7422052820921105e-05
0,0,3.261642427862385e-05
0,0,2.3955764674984262e-05
0,0,3.50144936367129e-05
0,0,2.4564968734550497e-05
0,0,3.4380806192550285e-05
0,0,2.6194126956995935e-05
1,1,0.9995864715613729
0,0,3.126281531726118e-05
0,0,2.8955202081493733e-05
0,0,2.483133668876006e-05
0,0,2.4868908598583795e-05
1,1,0.9992560308098116
0,0,2.4861886748422532e-05
0,0,2.6445394001423445e-05
0,0,3.068645944996925e-05
0,0,3.374781772835172e-05
0,0,2.4878087943844127e-05
0,0,2.5216141305887707e-05
0,0,3.0102356419104453e-05
0,0,2.5741339147508342e-05
1,1,0.9991836945279171
1,1,0.9997342005190323
0,0,2.3971895953706474e-05
0,0,2.680306909504974e-05
1,1,0.9986390583205783
0,0,2.4823323010243677e-05
1,1,0.9989681817603836
0,0,2.3637458556606004e-05
0,0,2.619944400143729e-05
0,0,3.276225832856761e-05
1,1,0.9975544554579785
0,0,2.72968786858388e-05
0,0,2.503885102218446e-05
0,0,2.4771970439981304e-05
0,0,3.1029614615356375e-05
0,0,2.8811416432313135e-05
0,0,3.0257248539815348e-05
0,0,2.422021047342468e-05
0,0,3.478814659609947e-05
0,0,2.793239975149159e-05
0,0,2.4696552194622745e-05
0,0,2.7861043427781133e-05
0,0,2.9446848055749783e-05
0,0,3.6298895342986746e-05
0,0,2.6987993079121674e-05
0,0,2.4107581623937074e-05
0,0,2.4688957147343332e-05
0,0,4.212980481498919e-05
0,0,2.484020639184902e-05
0,0,2.7394933053762e-05
1,1,0.9991635717427129
1,1,0.9996553904189545
0,0,2.391938235122045e-05
0,0,3.5301990323866254e-05
1,1,0.9990982280402125
0,0,4.0777365147476315e-05
0,0,3.728080386987331e-05
1,1,0.9997559959553383
0,0,2.996520298283373e-05
0,0,2.473391442551215e-05
0,0,3.7216084219210006e-05
0,0,2.5912959892016006e-05
0,0,2.547998427477125e-05
1,1,0.9991635722284824
0,0,2.501728013696082e-05
0,0,2.7285044181970325e-05
0,0,3.225425200406371e-05
0,0,2.7743062206902757e-05
0,0,2.5012973472195788e-05
0,0,2.5719347925748608e-05
0,0,2.485720767812435e-05
0,0,3.160329837018752e-05
0,0,2.5200260104599608e-05
0,0,2.6479041177286006e-05
0,0,2.5534794266091624e-05
0,0,2.7297433755848967e-05
0,0,3.59518826231842e-05
0,0,2.492570255144412e-05
0,0,2.8564750492534725e-05
0,0,2.653069374750618e-05
0,0,2.4848543595343482e-05
0,0,2.485415120931247e-05
0,0,3.144029719041165e-05
1,1,0.999295081046989
0,0,2.8824835082837787e-05
0,0,2.8968409493058936e-05
0,0,2.370736373580175e-05
0,0,2.6685903522213677e-05
0,0,2.6903470254903634e-05
0,0,2.4874219177915474e-05
0,0,2.4688740826905597e-05
0,0,2.741982259050156e-05
0,0,3.063110000085996e-05
0,0,2.6058561199943182e-05
0,0,2.5312295888371145e-05
0,0,2.893613258721587e-05
0,0,2.4718579654349665e-05
0,0,3.475671120949463e-05
0,0,2.8561036938038294e-05
0,0,2.4861563020828765e-05
0,0,2.4728505519195468e-05
0,0,2.656039056921447e-05
0,0,2.41458835965093e-05
0,0,2.4727993077639062e-05
0,0,3.1991843568103194e-05
0,0,2.4135098335349678e-05
0,0,2.5904678162635526e-05
0,0,2.8428068458423862e-05
0,0,2.8672047761403667e-05
0,0,2.494635143843005e-05
0,0,4.12350042056974e-05
0,0,2.4892610942466686e-05
0,0,2.4509647762893734e-05
0,0,2.8237969193490546e-05
0,0,2.3921178193182103e-05
0,0,2.444519601637551e-05
0,0,2.413121102466364e-05
0,0,2.961179125506432e-05
0,0,2.3897638884157006e-05
0,0,2.5192557345842986e-05
0,0,2.6297996558245355e-05
0,0,3.08131795162364e-05
0,0,2.4066032262091747e-05
0,0,2.4831499956318177e-05
0,0,2.395768420146155e-05
0,0,2.7964222266140394e-05
0,0,2.7315005744053994e-05
0,0,2.552431058088459e-05
0,0,2.511266037303357e-05
0,0,2.7237063186717296e-05
1,1,0.9996999398147969
0,0,5.2892592576083215e-05
0,0,2.4868919949704156e-05
0,0,2.3955812348511697e-05
0,0,2.4692224031990655e-05
0,0,3.186900379523456e-05
1,1,0.9997625311311189
0,0,3.9875642901478615e-05
0,0,3.518599927691153e-05
0,0,2.4889647958210845e-05
0,0,2.780042887802967e-05
0,0,2.6005649639946888e-05
1,1,0.9995478749503119
1,1,0.9983758166603556
0,0,3.478644138173839e-05
0,0,2.7096476873899634e-05
0,0,2.413709331191054e-05
0,0,2.9811699360716287e-05
0,0,3.193883774921006e-05
0,0,2.9820425764909598e-05
1,1,0.9997738615498071
0,0,2.4130565204694975e-05
1,1,0.9990292396635277
0,0,2.5508299882860325e-05
0,0,2.602578321628325e-05
0,0,2.484931819607436e-05
0,0,2.897782961575225e-05
0,0,3.061673942895571e-05
0,0,2.682121807223035e-05
0,0,2.49076030448534e-05
0,0,2.4090486696799122e-05
1,1,0.9993001306932634
0,0,2.469048590908632e-05
0,0,2.7582412974441798e-05
0,0,2.4715475493393103e-05
0,0,3.4853520427861565e-05
0,0,2.3901001744603723e-05
0,0,2.4964044677125504e-05
0,0,2.393318924479403e-05
0,0,2.8836044124179763e-05
0,0,3.2969969522903165e-05
1,1,0.999606485402473
0,0,2.690771763055747e-05
0,0,2.471735396153898e-05
0,0,2.4716695436589905e-05
0,0,2.472680217234281e-05
0,0,4.448251718714155e-05
0,0,2.4900927259059367e-05
0,0,2.9402647254710367e-05
0,0,2.7363802215354833e-05
0,0,2.9042141218250514e-05
1,1,0.9965938982881517
0,0,2.7361488043430197e-05
0,0,3.098233474354625e-05
