True,Pred,Proba
0,0,0.08109929083813472
0,1,0.5582484255925771
0,0,0.02469437692169742
1,0,0.17965147882760832
0,0,0.18550913884784068
0,0,0.026252773767722098
0,0,0.008666297614426851
1,1,0.711380070915011
0,0,0.007476977662886768
0,0,0.018711454636899424
0,0,0.007048809588245179
1,0,0.2756007300759115
0,0,0.012661471153232857
1,1,0.9838267349599986
0,0,0.4440626040085125
0,0,0.008495627654199627
0,0,0.08570853582689533
1,1,0.9993686580927942
0,0,0.01724890424677476
1,1,0.9885856063325419
0,0,0.006767377828337257
0,0,0.00716158321156267
0,0,0.01037815573484983
0,1,0.5356466642847815
0,0,0.007911870916385875
0,0,0.006862722638896789
1,1,0.8344377205746945
1,0,0.03865145759497637
1,0,0.02125438709811555
0,0,0.006970068711097802
0,0,0.006833786987832687
0,0,0.02627585004642509
0,0,0.005948791934905779
0,0,0.011557942897628029
1,1,0.99430723414299
0,0,0.011791583954722558
0,0,0.006556418076708879
0,0,0.41896252028852227
0,0,0.011547896226183465
0,0,0.006860753870758671
0,0,0.0056825388639026595
0,0,0.007601278468146888
0,0,0.023320605082123233
0,0,0.008968487838503722
0,0,0.006323291002007451
0,0,0.006612669681608959
0,0,0.008063009779813217
0,0,0.07051164927042333
0,0,0.007354738600114895
0,0,0.027139257007531208
0,0,0.0048444804558235785
0,0,0.023099850869514868
0,0,0.011329156375727466
0,0,0.006846339508502509
0,0,0.00539010275118769
0,0,0.004568096356370444
0,0,0.007280432759657028
0,0,0.011661454178724667
0,0,0.0057105634731301575
0,0,0.07663378956565343
0,1,0.7192848910246127
0,0,0.010698891574949458
0,0,0.005779276878407037
0,0,0.059602695218434226
1,1,0.9997705394273662
0,0,0.005658787402646124
1,1,0.9988467775347087
0,0,0.02602220804976381
0,0,0.007926691726947996
0,0,0.0071330457556986766
0,0,0.02688142579671795
0,0,0.052951822191160104
0,0,0.004835921031523944
0,0,0.019451709236819718
0,0,0.020392452213919967
0,0,0.010777310239421073
0,0,0.009950716179316376
0,0,0.011293388939545188
1,1,0.9975108493472924
0,0,0.4440626040085125
0,0,0.007943546437436014
0,0,0.007589584340677519
0,0,0.007281688077224219
0,0,0.012555696325111625
0,0,0.024954008837071617
0,0,0.005678034930954775
0,0,0.16114139639380812
0,0,0.015059440856520577
0,0,0.018290392177778166
0,0,0.0320773627727658
0,0,0.18248465758517793
0,0,0.010551899664663
0,0,0.00910235312077058
0,0,0.008951843100449254
0,0,0.006487194430508214
0,0,0.03124828479347947
0,0,0.013430718782011387
0,0,0.004443345647855158
0,0,0.01616003162518399
0,0,0.0063195765387298415
0,0,0.014616269917815866
0,0,0.0072534781814595885
0,0,0.008814056365533035
0,0,0.008579066959650139
0,0,0.20057002169832586
0,0,0.010752414808046748
0,0,0.006804881487239443
0,0,0.006937779278220615
0,0,0.24710211075056973
0,0,0.005680894497449238
0,0,0.005894046090407776
0,0,0.3226914306167199
0,0,0.01544175365689699
0,0,0.014335387752814331
0,0,0.010779620816590419
0,0,0.01260635387466136
0,0,0.007053378117824388
0,0,0.007511532441054554
0,0,0.005950964496395833
0,0,0.007652831727095836
0,0,0.007648138195016309
0,0,0.013699923533383803
0,0,0.018899455785967714
0,0,0.005372247449028178
0,0,0.007507368179530785
0,0,0.01652761627641696
0,0,0.007685437042634145
0,0,0.0078490388411592
0,0,0.00883378704197631
0,0,0.011249076144835335
0,0,0.033056005909219345
0,0,0.011375614761713063
0,0,0.006645239865311913
0,0,0.007091635781665978
1,1,0.999402543234919
0,0,0.007756010324285796
1,1,0.5065708574981805
0,0,0.022568955959960262
0,0,0.10228050129536298
0,0,0.017099224981494344
0,0,0.16088129831443712
0,0,0.00643564513181982
0,0,0.008268425071459343
0,0,0.0923720068580329
0,0,0.009050224729334033
0,0,0.011012448124906265
0,0,0.008767595904960408
0,0,0.2111076047838823
0,0,0.024794175285442772
0,0,0.0076817805754745595
0,0,0.048928235141555525
0,0,0.010302597774785038
0,0,0.005974317785028896
0,0,0.0062532960314248655
0,0,0.007523451773910292
0,0,0.011192560543242941
0,0,0.007965877360231608
0,0,0.022051335420722882
0,0,0.007592339024585291
0,0,0.008516481695995472
0,0,0.008867580446213793
0,0,0.010391188944274961
0,0,0.01768690019341409
0,0,0.022404866327901646
0,0,0.005477998795265964
0,0,0.005103427521051814
0,0,0.018928889355483137
0,0,0.00869755584474077
0,0,0.0370765711331037
0,0,0.008233914479705793
0,0,0.04850126133131367
0,0,0.016663277015032323
0,0,0.012985184692980723
0,0,0.009850344536064324
0,0,0.05195647308220176
0,0,0.017951481389549488
0,0,0.028685759087908283
0,0,0.01418054284397214
0,0,0.015073243671471392
0,0,0.006081767523852659
0,0,0.008140881027646455
1,1,0.997732305254457
0,0,0.015155565870041379
0,0,0.011913013500967726
1,1,0.9980810934890469
0,0,0.008257557673136299
0,0,0.006125155574912545
0,0,0.02632415893527783
1,1,0.9930843062506998
0,0,0.007760514224809337
0,0,0.014289110717947624
0,0,0.004845936877630195
0,0,0.007388909683069089
0,0,0.010465974745745617
0,0,0.037663176766509196
1,1,0.9079232611139934
0,0,0.007160878805203977
1,0,0.008021409036406147
0,0,0.0984701467138432
0,0,0.008497498684344707
0,0,0.008420450935189191
0,0,0.013295035952646743
0,0,0.007076600295480033
0,0,0.006839067290081059
0,1,0.7437616797637621
1,0,0.1873567979553375
0,0,0.00800180720554382
0,0,0.007291904362921559
0,0,0.013148539753735759
0,0,0.006353503677181679
0,0,0.008495238440480665
0,0,0.005287477859903475
0,0,0.01930270271038235
0,0,0.004965480551144188
0,0,0.03667525411750172
0,0,0.02623304365104749
0,0,0.011750763013680991
0,0,0.008339289238158411
0,0,0.012813484659056486
0,0,0.045072962645966316
0,0,0.0076871048634904095
0,0,0.007242933727432423
0,0,0.00751938059056215
0,0,0.009000522552581566
0,0,0.021458428654638942
0,0,0.03131128901138031
0,0,0.008193348154803631
0,0,0.010245509932339341
1,1,0.5183614228779935
0,0,0.007745022509624351
0,0,0.009443090705922186
0,0,0.008997908790346855
0,0,0.0071309761535568944
0,0,0.006496855680176132
0,0,0.006087599093306514
0,0,0.00976711254450592
0,0,0.0075866441598536226
0,0,0.011448627777737126
0,0,0.033421199203162506
0,0,0.007036189472812782
0,0,0.006801964967137195
0,0,0.058025583709751215
0,0,0.026373199445859086
0,0,0.005798439315192579
0,0,0.0083425695160681
1,1,0.9984783704485174
0,0,0.005799995672155746
0,0,0.0454457951110638
0,0,0.05214541137614275
0,0,0.005006474366919778
1,1,0.5503432680889152
0,0,0.005806595042936296
0,0,0.006939541597794806
0,0,0.008935710633713534
1,1,0.919603186413436
0,0,0.013747823457721051
0,0,0.006365643986499246
0,0,0.009588602547977804
0,0,0.005934787683269465
0,0,0.009129256932175424
0,0,0.03396121460354341
0,0,0.019838276828356403
0,0,0.00841684440802989
0,0,0.012756932845887208
1,1,0.9887299613607556
1,0,0.1434902070764477
0,0,0.009156551279909681
0,0,0.02520875044365503
0,0,0.006752271233530292
0,0,0.02547097016198428
0,0,0.008965045342520524
0,0,0.01731272316371937
0,0,0.012397651486983787
1,0,0.19238150021195777
0,0,0.0833933766949166
0,0,0.02264126481658133
0,0,0.0844781546831311
0,0,0.49819035341406365
0,0,0.05559314559829109
1,1,0.5069360637801703
0,0,0.012402941912989683
0,0,0.005449554674449771
0,0,0.01005285711200562
0,0,0.012914504226824192
0,0,0.006304102674818344
0,0,0.014390580650119052
0,0,0.006623464460525459
0,0,0.14811376442406468
0,0,0.010756470910902222
0,0,0.01305200236559045
0,0,0.008644654483504998
0,0,0.008339690734931656
0,0,0.005131424526085917
0,0,0.006859834778917369
0,0,0.007027380057748187
0,0,0.014235860900192113
0,0,0.012231448897299881
0,0,0.007472324967668672
0,0,0.006686384692519245
0,0,0.0081708117990564
0,0,0.009643764912972828
0,0,0.006246653020642038
0,0,0.009846853327988257
0,0,0.010113372643198006
0,0,0.016076503636288108
0,0,0.00758941586591987
0,0,0.040898287313907156
0,0,0.005916086400833777
0,0,0.008115467289964215
1,1,0.9995418776466419
0,0,0.01974762194599582
0,0,0.08525788131916558
0,0,0.00729443175294832
0,0,0.005375482956105091
0,0,0.007269330183609044
0,0,0.005006474366919778
0,0,0.007045059610408331
0,0,0.024666329795465902
0,0,0.007911306248223065
0,0,0.03026223366454429
0,0,0.008467040598581298
0,0,0.0064885748646903675
0,0,0.1480137949193934
0,0,0.010205950041104325
0,0,0.007329768750040103
0,0,0.021143645089940766
0,0,0.005708094705474118
0,0,0.006834844538146718
0,0,0.022121023024376258
0,0,0.006497882376059671
0,0,0.008356823271062545
0,0,0.007103403577533778
0,0,0.009446865830295218
0,0,0.024618126409979704
1,0,0.42942971428311427
0,1,0.6817280284306769
0,0,0.007658313972622974
0,0,0.06254097677617503
0,0,0.006058057101783033
0,0,0.006545482233241874
0,0,0.09476339494203666
0,0,0.02592116401013293
0,0,0.013336218468911969
0,0,0.005724467746275513
0,0,0.008390823473897078
0,0,0.00410474058941215
0,0,0.03321366582575441
0,0,0.006686907035146698
0,0,0.011821806919580144
1,1,0.9763596260013074
0,0,0.006079230370379826
0,0,0.005625021556837781
0,0,0.11163006965259109
0,0,0.005348930886931713
0,0,0.005696485903314758
0,0,0.023176167436919488
0,0,0.08930107809716041
0,0,0.023464508196695436
0,0,0.008534484108668458
0,0,0.08109094020827264
0,0,0.009881230809176647
0,0,0.00778547202593088
0,0,0.007467429652069328
1,1,0.9968068224863684
0,0,0.023084965294617767
0,0,0.0062532960314248655
0,0,0.14933159227972992
0,0,0.0313524730560673
1,1,0.9676592677465132
0,0,0.007753478234580526
0,0,0.008100444915169782
1,1,0.997396519307985
0,0,0.00591547874320788
0,0,0.028157227714092833
0,0,0.017982757678855054
0,0,0.008086910291295974
0,0,0.09216771137488504
0,0,0.00837873411753976
0,0,0.004748588042462221
0,0,0.013052664756044692
0,0,0.005501088994436609
0,0,0.007942605265270335
0,0,0.00629527211665201
0,0,0.0266474813055353
1,1,0.9986141535252495
0,0,0.005892412891063233
0,0,0.00910467414595358
1,1,0.9993612646102205
0,0,0.01135871436641883
0,0,0.14133556797629757
0,0,0.03746190348672108
0,0,0.005636136455773073
0,0,0.008545361332625812
0,0,0.006566349680416634
0,0,0.0073694429813777095
1,1,0.9991217386835847
0,0,0.007493731040513396
0,0,0.014053815805161055
0,0,0.012618649633864535
0,0,0.1197557383609315
0,0,0.009350585757374555
0,0,0.00798008984850086
0,0,0.007162467644851027
0,0,0.015781437273375828
0,0,0.01127249562502117
0,0,0.007347038309034204
0,0,0.006431630608144549
0,0,0.2201867554450429
0,0,0.014815809408068335
0,0,0.023178063162528705
0,0,0.01960309362049832
0,0,0.007661791050065932
0,0,0.021559085158157566
0,0,0.00836554378869808
0,0,0.006705327705892691
0,0,0.012341001911327056
0,0,0.013326188296226567
0,0,0.00932274073100382
0,0,0.019330319342298046
1,1,0.9993731010565531
0,0,0.007033214138081593
1,1,0.9983131103435746
0,0,0.008254455388264923
0,0,0.00879174414876937
0,0,0.06566319012056662
0,0,0.00898135783840938
1,0,0.48919307665841705
0,0,0.006884832196139304
0,0,0.013170292160532752
1,0,0.014523433161661974
0,0,0.1295532397468587
0,0,0.015897325355397264
0,0,0.006497713389952977
1,1,0.8964391977335415
0,0,0.016331284793661843
0,0,0.0207144216997714
1,1,0.9976505408270827
0,0,0.012175181455901083
0,0,0.0064024301677733575
0,0,0.006953813494534812
0,0,0.015537931787478379
0,0,0.00917159412196709
0,0,0.005200215831174322
0,0,0.0055521721478018725
0,0,0.008597336713613889
0,0,0.02183644655663485
0,0,0.012562646840871387
0,0,0.008298829448495904
0,0,0.026042908097675538
0,0,0.008313816109797935
0,0,0.006522400597514563
0,0,0.007471515888562099
0,0,0.006486598963141527
0,0,0.006340799459037642
1,1,0.9987858871671713
0,0,0.010421091529732324
0,0,0.045738253596775295
0,0,0.010441205461525039
0,0,0.005630481352134355
0,0,0.017740564053730933
0,0,0.008713745375547923
0,0,0.008259001605564602
0,0,0.007620017890989811
0,0,0.00992098358356685
0,0,0.023969943536618715
0,0,0.011712568564783551
1,1,0.9987814780449729
0,0,0.02051777748913969
0,0,0.00783989428367286
0,0,0.005762160114620371
0,0,0.00708372554492126
0,0,0.013304512760275278
0,0,0.007416097104523777
0,0,0.03224941977816633
0,0,0.009184236781000905
0,0,0.006270629152172183
0,0,0.0077939440829994915
0,0,0.007530632236303828
1,1,0.9990219005923372
0,0,0.007025511443366675
0,0,0.006216252303440112
0,0,0.01392806858020774
0,0,0.010390032094097328
0,0,0.013995749994746565
0,0,0.013638173659425108
0,0,0.0754594453000889
0,0,0.008298090057113707
0,0,0.007257508235993492
0,0,0.10432172926370878
1,1,0.8915008167245824
0,0,0.010117761024102369
0,0,0.007354968760376811
0,0,0.006701983398925594
0,0,0.024862430475780257
0,0,0.013382554912878892
0,0,0.007068679208737623
0,0,0.00923284734788126
0,0,0.006983705083687683
1,0,0.08432833519053894
0,0,0.008137489861717405
0,0,0.010276975373449088
0,0,0.021692425797703013
0,0,0.00737482965427299
0,0,0.030838841068326052
0,0,0.008649573266305166
0,0,0.007595744138819527
0,0,0.04201164775316195
0,0,0.010659340868089118
0,0,0.06770398916882624
0,0,0.005500903337087002
0,0,0.008769547597951776
0,0,0.011844073082433662
1,1,0.9932629073810174
0,0,0.011295180617024099
0,0,0.010936712845053903
1,1,0.9982232070646172
1,1,0.9978071962129352
1,1,0.9952308631867971
1,1,0.9888412819857301
1,1,0.9993592620627922
1,0,0.020836702200084656
0,0,0.02431209193540984
1,1,0.6164308036651379
0,0,0.012009692928998589
0,0,0.013031559134165399
0,0,0.015697996705773553
0,0,0.021792841233653576
0,0,0.007339194223040606
1,1,0.9960142193533443
0,0,0.027660748697294388
0,0,0.27145686846438705
0,0,0.016980802366648638
0,0,0.019545666203310913
0,0,0.010279545830901208
0,0,0.006742576122927244
0,0,0.014560132269268798
0,0,0.009465310292183017
0,0,0.012033392743520617
0,0,0.0952745307889329
0,0,0.018698578500787447
1,1,0.9878384482381052
1,1,0.9980959408357831
0,0,0.007915247894914866
0,0,0.007317221210746538
0,0,0.005456487287907339
0,0,0.038944931774934015
0,0,0.006325203084405264
0,0,0.005973681978507738
0,0,0.03281282976391562
1,1,0.989683965852689
1,0,0.1496961623789999
1,1,0.9996232519542668
0,0,0.11281660600734723
0,0,0.018300297274069025
0,0,0.027314817671273136
0,0,0.037895203063858574
0,0,0.011687196384453034
0,0,0.02292644919465191
0,0,0.009295814515769643
0,0,0.009237727606862488
0,0,0.005331114846099324
0,0,0.12931654843521334
0,0,0.00746030332609536
0,0,0.00879833678468348
1,0,0.007197427631772243
0,0,0.008718334605870156
0,0,0.012813720569710422
0,0,0.007190845329386704
0,0,0.007956424845317491
0,0,0.011460338306328333
0,0,0.009336032428643008
0,0,0.006660641155836947
1,0,0.047679330603854375
0,0,0.03032626019904932
0,0,0.007762481914072439
0,0,0.01355146778387989
0,0,0.22865580161407242
0,0,0.07934808664252908
0,0,0.008336681133133985
1,1,0.9993910332939812
0,0,0.006344620781481825
0,0,0.012695007914425916
0,0,0.0134526094133819
0,0,0.009341775928419697
1,0,0.2878945617807158
0,1,0.9234125048701028
0,0,0.008752028137511102
0,0,0.005272043609668426
0,0,0.007267355282047467
0,0,0.007842666411656334
0,0,0.023205270910253466
1,1,0.9991501657163339
0,0,0.007909528799540108
0,0,0.023257022829876003
0,0,0.025800642185911677
0,0,0.024454203138701967
0,0,0.007211554944331228
0,0,0.0106428341847505
0,0,0.01619925861783558
0,0,0.00995916387197657
0,0,0.006931693721097068
0,0,0.00849456675372939
0,0,0.012909040753689085
0,0,0.008999190799004278
0,0,0.005901181621567796
0,0,0.042737111287643056
0,0,0.005608005947669462
1,1,0.9994644933601935
1,1,0.9975437933146705
1,0,0.11481556355309544
0,0,0.060254694857350743
0,0,0.007357798265310026
0,0,0.00791028541509961
1,1,0.9027394676093424
0,0,0.005528311893325848
0,0,0.007446095110690732
0,0,0.006242488083739077
1,0,0.3171317502895357
0,0,0.16872382062943767
0,0,0.011502364925666092
0,0,0.05260513244878272
0,0,0.008700228511894566
0,0,0.006405376645170239
0,0,0.00973023212977612
0,0,0.017554049163059828
0,0,0.006457448082583461
0,0,0.004294664504201778
0,0,0.005980642841643513
0,0,0.02736657606918188
0,0,0.0195534799688342
0,0,0.00735220574169479
0,0,0.006184493695959137
0,0,0.01758262104947492
0,0,0.006920942144994837
0,0,0.22098800460370174
0,0,0.011925447201737117
0,0,0.0075680807557773734
0,0,0.008917562246781226
0,0,0.006718470679522623
1,1,0.9995972548589273
0,0,0.044126644432583025
0,0,0.02529444614393181
0,0,0.009241335825611641
0,0,0.03991965191528958
0,0,0.005203468086148141
0,0,0.006440198102054624
0,0,0.008615922314880845
0,0,0.044251046883540125
0,0,0.01788836073920906
0,0,0.0059403849550156455
0,0,0.049953970427908015
0,0,0.005918064857554743
0,0,0.008660993445350306
0,0,0.15181071908623384
1,1,0.9993399516682981
1,1,0.9964510750622064
0,0,0.016306208910078557
1,1,0.9985342471852481
0,0,0.008980969793406249
0,0,0.22087082662180688
0,0,0.005986900428152433
0,0,0.005425554783847431
0,0,0.02136908055961988
0,0,0.008391272451762504
0,0,0.0168668755902506
0,0,0.008833820363734294
0,0,0.008062714555224245
0,0,0.010115893394943539
0,0,0.008319085742738343
0,0,0.009628808869834997
0,0,0.011972859137998296
0,0,0.0044134946409831975
0,0,0.010687272807481914
0,0,0.005968461580140313
0,0,0.01026236760805159
0,0,0.008663318332989056
0,0,0.044471029265277594
0,0,0.00608241144074343
0,0,0.00899043601336728
0,0,0.0071359385867906
0,0,0.010955577538644455
0,0,0.00664311335657343
0,0,0.0212330993078673
0,0,0.007487140016166442
0,0,0.005662583518787411
1,1,0.8064522348066391
1,1,0.9980810934890469
1,1,0.9987393739514454
0,0,0.005100030015223903
1,0,0.08476210452366939
0,0,0.005340064585569723
0,0,0.007934752479625712
1,1,0.9980810934890469
0,0,0.028358757169734367
0,0,0.009258718876365528
0,0,0.01049767725844427
0,0,0.007826208387851951
0,0,0.044564945208726246
0,0,0.22179811248080816
0,0,0.014315645088702308
0,0,0.018113285514567694
0,0,0.00870707225255002
0,0,0.006126613484180955
1,1,0.9982971604992512
0,0,0.005509413770269257
0,0,0.01472051314098938
0,1,0.5096515684379718
0,0,0.027066242732580157
0,1,0.504223747833483
0,0,0.011692640642061079
0,0,0.008254526822703707
1,1,0.9959408935518487
0,0,0.007439483100608047
0,0,0.0255025423905024
0,0,0.01188292898086506
0,0,0.010977523944518584
0,0,0.005998510156736977
0,0,0.06585089406322979
0,0,0.007027581597148203
0,0,0.08506616517305977
0,0,0.007136794140328847
0,0,0.011550014902887299
1,1,0.542807596833328
1,1,0.9992461981870785
0,0,0.02718641886175323
0,0,0.010162472782501507
1,1,0.9910187747036728
0,0,0.47608706523347116
0,0,0.019359407500017946
0,0,0.021915605569375714
0,0,0.018239591871199112
1,1,0.9997309771183761
0,0,0.02086903127147415
0,0,0.00583040648608217
0,0,0.007011740324446349
0,0,0.006901361887847377
0,0,0.00535562388483773
0,0,0.010624643019743868
0,0,0.010128636437103981
1,0,0.2563567412698971
0,0,0.018959261874749906
0,0,0.014555371963883684
0,0,0.005589041529971975
0,0,0.10029066629206783
0,0,0.018380937443486147
0,0,0.010301978919108263
0,0,0.1330560481316931
0,0,0.016704806745564876
0,0,0.0055332897837220415
0,0,0.0087458370538636
0,0,0.005065492148064351
0,0,0.0116149434280259
0,0,0.006958345983517375
1,0,0.020781192112648644
0,0,0.007294078380259731
0,0,0.007584617186161313
0,0,0.006635375670172632
0,0,0.05972151461414578
0,0,0.01848043400274613
0,0,0.0073255205224759656
0,0,0.04366985746865245
0,0,0.008143861859388254
0,0,0.024142781848254153
0,0,0.008269325815447925
0,0,0.00717507559933823
0,0,0.006964083644004822
0,0,0.008268425071459343
0,0,0.043253463677803854
0,0,0.02896716923386754
0,0,0.06835562513265762
1,1,0.9990900153612138
0,0,0.01945420500620403
0,0,0.00925667882181854
0,0,0.01949883231950712
0,0,0.011185044528954143
0,0,0.010823678923493778
0,0,0.008400404813374394
0,0,0.006304251654443727
0,0,0.006630260821048732
0,0,0.016054505439141317
0,0,0.014760938977061091
0,0,0.010341497126242008
0,0,0.014597927822210099
0,0,0.007053734674293931
0,0,0.007176021481050544
0,0,0.007778901341909346
0,0,0.3527537769959047
0,0,0.013109580225188516
0,0,0.007994559378147179
0,0,0.025713786967529136
0,0,0.006806042779912907
0,0,0.010823243463747516
1,0,0.38234288249367987
0,0,0.009344922670695421
0,0,0.008497470526481461
0,0,0.007930917752916133
0,0,0.005380089469764126
0,0,0.007576418234659433
0,0,0.029949101603648
0,0,0.007380774143244816
0,0,0.021023736153202
0,0,0.008145715743386142
0,0,0.007107746607270933
0,0,0.008936288733215591
0,0,0.0159902855339155
0,0,0.017292410260085513
0,0,0.006120848629727867
0,0,0.008109832421925426
1,1,0.9318071834482471
0,0,0.00977104491986636
1,0,0.3171317502895357
0,0,0.010150642799952245
0,0,0.012482776996911594
0,0,0.010940528790256154
0,0,0.006645239865311913
0,0,0.005046489908064648
1,1,0.5951698230140942
0,0,0.03294053860159158
0,0,0.006508356479537933
0,0,0.007652831727095836
0,0,0.013652749964161343
1,1,0.999891638383962
0,0,0.007549323986805664
1,0,0.3241397014657131
0,0,0.01281461974081812
0,0,0.004941775847605163
0,0,0.007529758874784244
1,1,0.9986669088810575
0,0,0.007374813641958284
0,0,0.022139364042023588
0,0,0.008021198965716105
0,0,0.008200869608060116
0,0,0.007162959416561139
0,0,0.006181702328970319
0,0,0.006946383456676542
0,0,0.0161150233236634
0,0,0.006605130261266047
1,0,0.15694465342577862
0,0,0.010378859528047353
0,0,0.008696320143307141
0,0,0.008226738075922113
1,1,0.9978719973944578
0,0,0.008381600942635094
0,0,0.009498104016636987
0,0,0.013621455354237687
0,0,0.005030973939444671
0,0,0.00908086624408899
0,0,0.00822979414319414
0,0,0.05621245105924632
0,0,0.007689429974233673
0,0,0.06745046169801094
0,0,0.004941775847605163
0,0,0.007679695206911643
1,1,0.9913432502326073
0,0,0.008988784033619301
0,0,0.017061802576448157
0,0,0.21830232457931145
0,0,0.006374958234355882
0,0,0.01052165601025365
0,0,0.009059392974772868
0,0,0.006558775554538684
0,0,0.015500923876156337
0,0,0.013096972070776562
0,0,0.1786894819099753
0,0,0.00950351980631975
0,0,0.027215554942783615
0,0,0.005450012324613943
0,0,0.012298893952264535
0,0,0.006445742866216912
0,0,0.013004597760152121
0,0,0.01111579625309238
0,0,0.007899324305865747
0,0,0.018341145352201778
0,0,0.023257806496800988
0,0,0.10545633841153097
0,0,0.015596647179519018
0,0,0.007324052425453125
1,1,0.99952074261815
0,0,0.005537828091598234
0,0,0.33220898011433614
0,0,0.033002944259639046
1,1,0.9954401966509978
0,0,0.006923570091185733
0,0,0.011981995642157349
0,0,0.0051105063325143085
1,1,0.9982504965085178
0,0,0.007001926934708853
0,0,0.007843706336429614
0,0,0.011557942897628029
0,0,0.03338898883604818
0,0,0.012056404203048801
0,1,0.6048650333550141
1,1,0.9744462583695979
0,0,0.009200047944741756
0,0,0.008789060232990285
0,0,0.004567773719034514
0,0,0.010487417284553168
0,0,0.018830587862755665
0,0,0.0055810025716295855
0,0,0.004972708306520403
0,0,0.0053468549577622695
0,0,0.014011720807612498
0,0,0.01151256537310035
1,1,0.9183694255673097
1,0,0.008258139668792767
0,0,0.011549413084130843
0,0,0.01245586978348161
0,0,0.006279256220045631
1,1,0.9549916303388398
0,0,0.010375554341828073
0,0,0.0069797353191097065
0,0,0.007909974077634729
0,0,0.008454876808585346
1,0,0.10682901889772115
0,0,0.007981100930530909
0,0,0.01162190856659145
0,0,0.03401878399127697
0,0,0.004633955051289827
0,0,0.007452686059486506
0,0,0.02564494667184273
0,0,0.011530047858333638
0,0,0.15989138606577305
0,0,0.010444484059534208
0,0,0.011517071726192651
0,0,0.059824930584880205
0,0,0.004855874511320766
0,0,0.012528379367266845
0,0,0.010385313100632143
0,0,0.008443277229792759
0,0,0.009275378740743533
0,0,0.008123815264689976
0,0,0.02251118684899281
0,0,0.054440388049684985
0,0,0.004838288252454107
0,0,0.009323158986329618
0,0,0.10017938513347999
0,0,0.015002820320559546
0,0,0.011512660121932309
0,0,0.018110561851419165
0,0,0.0053432996553230685
0,0,0.005293479464043367
0,0,0.006617325676492327
1,0,0.4935222615492776
0,0,0.007744320968511648
0,0,0.009108577018966876
1,1,0.9981541149973524
0,0,0.011723345537749537
1,1,0.9923935844414463
0,0,0.0065269727736768255
0,0,0.005941922764167296
0,0,0.012661755085028144
0,0,0.03511739295592749
0,0,0.02739248762369193
0,0,0.0069521747538267295
1,1,0.9815266226179449
0,1,0.5032186569943423
0,0,0.00584968283337714
1,1,0.9989867800957893
0,0,0.010505492990806586
0,0,0.008574813200247817
0,0,0.007967096974919744
0,0,0.007374182404589314
0,0,0.026316025542860076
0,0,0.009273481314410652
0,0,0.0067668438827227185
0,0,0.013134536344631922
0,0,0.0631975047446702
1,1,0.9996613167526106
0,0,0.0067062511837249535
0,0,0.005676189661448216
0,0,0.03733913375568323
0,0,0.006049252475653371
0,0,0.010965214303055535
0,0,0.017188480481573735
0,0,0.011443827684918287
0,0,0.012024713975719914
0,0,0.0157565599227964
0,0,0.017524909609588076
0,0,0.00709967515406449
0,0,0.004252147085090937
0,0,0.005787425486383504
0,0,0.0060266558497507295
0,1,0.5708639449464777
0,0,0.12866307477671265
1,1,0.7569723674461466
0,0,0.00961054355424077
0,0,0.006840070410685372
0,0,0.006641561634366429
0,0,0.023404472525908635
1,0,0.1567825941185181
0,0,0.019436447671194165
0,0,0.005450012324613943
0,0,0.00603697929566497
0,0,0.010044991944340782
0,0,0.008225035751640138
0,0,0.02685681954070629
0,0,0.006094000867898103
0,0,0.026741411491146616
0,0,0.007142763592340923
0,0,0.007731807978147025
0,0,0.01490084604344957
0,0,0.010007540573326517
0,0,0.17519642246323203
0,0,0.007203629183863172
0,0,0.032995201597395475
0,0,0.008198620551634369
1,0,0.17131059543287291
0,0,0.020949382972127704
0,0,0.007324565882391798
1,1,0.9930223909560003
0,0,0.007020809546729992
0,0,0.007651895811645017
0,0,0.008389582075975257
0,0,0.006617135634388328
1,0,0.0612766069070252
0,0,0.06371834096469506
0,0,0.007092156308155638
0,0,0.04440779028624938
0,0,0.008997351959333119
0,0,0.015609610491931098
0,0,0.02213075468244674
0,0,0.008790781615052867
0,0,0.011583246074071364
0,0,0.006848231050985229
0,0,0.00749074711407318
1,1,0.9947004954194035
0,0,0.014255305800708964
0,0,0.019468935879538116
0,0,0.0211010522590506
0,0,0.006200775762837147
0,0,0.0053905675768769964
0,0,0.042075983605532837
0,0,0.011526012482877379
0,0,0.011991432460642982
0,0,0.007588860627115334
0,0,0.006270629105005459
0,0,0.006918308551348879
1,1,0.9544162084967641
0,0,0.007615452489997641
0,0,0.020687034895028152
0,0,0.019424591940079595
1,1,0.998357676992224
1,1,0.9996232519542668
0,0,0.01260145096486198
0,0,0.009087051817442118
0,0,0.0060379021009489935
0,0,0.0057470091069686605
0,0,0.010338803604866413
0,0,0.019731588451601174
0,0,0.009018816416511954
0,0,0.00530568619101819
0,0,0.007646040410373983
0,0,0.006572838009256675
0,0,0.010013736955305247
0,0,0.0234903100781007
0,0,0.012017558083087748
0,0,0.007365397270782999
0,0,0.021676050951402372
1,1,0.9966002014197985
0,0,0.005881309215390449
0,0,0.015638359016211103
0,0,0.009819958163332896
0,0,0.47608706523347116
0,0,0.0057741364287586285
0,0,0.007570354937662426
0,0,0.015560589069623137
0,0,0.008262601519497453
0,0,0.028019777301558288
0,0,0.11042183214272573
0,0,0.0070687978329797285
0,0,0.006995289174001321
0,0,0.021996180091289223
0,0,0.007846833815207361
0,0,0.06360252678575574
0,0,0.008790999752039584
0,0,0.011311675153695178
0,0,0.0144599344240808
0,0,0.004246991244369555
0,0,0.006132481077256685
0,1,0.6184032111508999
0,0,0.008992871805494265
0,0,0.0068437573195474395
0,0,0.28233727911263246
0,0,0.006332910346598499
0,0,0.008727179267578714
0,0,0.008927669861933402
0,0,0.006565572630704367
0,0,0.006366894973491617
1,1,0.7639041753664381
0,0,0.00812139252484006
0,0,0.0065527420509957175
0,0,0.00709076675843945
0,0,0.00647749391506599
0,1,0.7402943086969438
1,1,0.9996405664155728
0,0,0.010640506423405091
0,0,0.00851316717386552
0,0,0.011691196255111154
0,0,0.007707230139296968
0,0,0.017702593365458513
0,0,0.006564126911922881
0,0,0.011456219268173707
0,0,0.006860309100788712
0,0,0.007115159918633967
1,1,0.9975437933146705
0,0,0.008052247503290387
0,0,0.005070674318709922
0,0,0.0290191792912324
1,0,0.00826248142025597
0,0,0.008724579374992929
0,0,0.007641449821694395
0,0,0.021836947429993626
0,0,0.005122035753984177
0,0,0.06407383730735859
0,0,0.00900880735667521
0,0,0.004597397098125982
0,0,0.01411704840167728
0,0,0.027401249115244736
1,1,0.9934603624479629
0,0,0.018720572243975823
0,0,0.005730589962304404
1,1,0.9996562217390894
0,0,0.010387185296824366
0,0,0.0067607460036259925
0,0,0.00617357554340671
0,0,0.008173118506505855
0,0,0.009851746155484321
0,0,0.012189285472991702
0,0,0.025617251778049403
0,0,0.005287477859903475
0,0,0.0207664082091062
0,0,0.005211805704831924
0,0,0.09920607317474954
0,0,0.013114387894133033
0,0,0.006070238677140978
0,0,0.018159214198020225
0,0,0.06550990976558613
1,1,0.9981320524604053
1,1,0.9968149623336714
0,0,0.017239002411668407
1,1,0.9235231611308943
0,0,0.00820473928365686
0,0,0.011785304113730218
0,0,0.006761130829494188
0,0,0.08783480912789494
0,0,0.011114048418722652
0,0,0.006582455152208339
0,0,0.01538392262442958
0,0,0.009238592023215085
0,0,0.0077835019904955735
0,0,0.035421866670869405
0,1,0.5775011426128214
0,0,0.005685301901673621
0,0,0.010847545653499501
1,1,0.9984847068667062
0,0,0.00607025620503047
0,0,0.006878061885924572
0,0,0.01535666331150906
0,0,0.005523318458550603
0,0,0.026729034558834477
0,0,0.02427216991431757
0,0,0.011359614641572162
0,0,0.01768690019341409
0,0,0.11268872029550994
0,0,0.011533791209590106
0,0,0.02029709394717503
0,0,0.021234268032258304
0,0,0.12447186379311023
0,0,0.0065467727330755015
0,0,0.008227715229460645
0,0,0.00853533138553403
0,0,0.004666327643058298
0,0,0.009208208653522548
0,0,0.015947545432977335
0,0,0.0070652327640704305
0,0,0.015712331959629348
0,0,0.010019595395361834
0,0,0.007057924124966896
0,0,0.007636217916564108
0,0,0.008757234270084697
0,0,0.23458217587284408
0,0,0.01654281430828214
0,0,0.011721509485005195
0,0,0.26888979745883185
0,0,0.0077040997846859775
1,0,0.007796520715057288
0,0,0.010050139521365534
0,0,0.010517283863752582
0,0,0.035717526143243576
0,0,0.0074488217728884715
0,0,0.020236961021149975
1,1,0.9995835611844343
0,0,0.007053115441128605
0,0,0.016973719162112454
0,0,0.013451833546788599
0,0,0.007855979832166331
0,0,0.018480121856127622
0,0,0.042469718766616135
0,0,0.03261229036049017
1,1,0.9915841339350564
0,0,0.007079217412140527
0,0,0.007098795953519041
1,1,0.9978818146326638
0,0,0.006115770112763667
0,0,0.009910303824132598
1,1,0.9984847068667062
0,0,0.007672225652136662
0,0,0.02149773897201692
0,0,0.04678554062269357
0,0,0.010177199920514628
0,0,0.008171807599749573
1,1,0.9933760667026391
0,0,0.006716176180196282
0,0,0.015544547009163141
0,0,0.006110447015972767
0,0,0.04889253426135574
1,1,0.6291240310799348
0,0,0.01674599779444519
0,0,0.009233696604562223
0,0,0.022191371241824187
0,0,0.014812932921570446
0,0,0.008221688172113557
0,0,0.009325753344147553
0,0,0.006989788380402008
0,0,0.007942295333990814
0,0,0.0095164937272561
0,0,0.00801861144533601
0,0,0.013113774407231101
1,1,0.9985020146818281
0,0,0.006523635342884164
0,0,0.0143708443873355
1,0,0.07706273098353622
0,0,0.005536959005783275
0,0,0.006116582250219894
0,0,0.034408498142523614
0,0,0.005695808425907766
0,0,0.0075786663638843866
0,0,0.008677469990313115
0,0,0.012240724496004841
0,0,0.008242337119286276
0,0,0.03553408749011308
0,0,0.006917871511360333
0,0,0.00497480059722264
0,0,0.07543516820407413
0,0,0.010952101430914596
0,0,0.007561095419690393
0,0,0.022707978533169353
0,0,0.030603190425172712
0,0,0.006208639079907709
0,0,0.008838543963480631
0,0,0.006408617185871063
0,0,0.010797247250127208
0,0,0.008658418408908368
0,0,0.005550151134938089
0,0,0.008513253843091708
1,1,0.998890782342203
0,0,0.007716861463186654
0,0,0.0055573641397355916
0,0,0.03468260969630637
0,0,0.012602553029253229
0,0,0.006615014035597434
1,1,0.9991912557125999
0,0,0.006895206188186263
0,0,0.01169664384262372
0,0,0.12578791383551655
0,0,0.010020663266074195
0,0,0.01578879282202569
0,0,0.017747448822043918
0,0,0.2695693947457304
0,0,0.012171875977500858
0,0,0.005624750370344466
0,0,0.006305993264753015
0,0,0.007025368702136585
0,0,0.006736150359234564
0,0,0.021996180091289223
0,0,0.00682574605351917
0,0,0.006690897134236141
0,0,0.0070038320694255215
0,0,0.022728083515991003
0,0,0.006663999587979709
0,0,0.006878860821539671
0,0,0.09723060519942699
0,0,0.006527613268246012
0,0,0.005740363647708594
0,0,0.01767990129129351
0,0,0.009133133515787942
0,0,0.009374956062417674
0,0,0.008519558227699666
0,0,0.013619358929622804
0,0,0.0062996252703218835
0,0,0.005705142881086457
0,0,0.00581627955990546
0,0,0.007507459425314572
0,0,0.009131749051750956
0,0,0.012359301119286169
1,0,0.209473269935053
0,0,0.008036444240028794
0,0,0.03205698765626355
0,0,0.00922893117848664
0,0,0.005828275667292198
0,0,0.006654789706196302
0,0,0.05939931613995449
0,0,0.020037128408942048
0,0,0.12215133709061111
0,0,0.00937905798587848
0,0,0.008496511069480316
0,0,0.011314459295682283
0,0,0.4290917237658364
0,0,0.01401537904532089
1,1,0.5590757817572074
0,0,0.028197813316292827
0,0,0.019021956129646484
0,0,0.013703751095124856
0,0,0.07202932538586504
0,0,0.02832816024002922
0,1,0.6432012247096064
0,0,0.006735669725661144
1,1,0.9989912842895013
0,0,0.00992405096905519
1,1,0.9990110378772394
0,0,0.01629012639479102
0,0,0.0055949782968383955
0,0,0.00792298111063927
0,0,0.006585425543879266
0,0,0.0071363582037038365
1,1,0.9996613167526106
0,0,0.012344824897751336
0,0,0.005883332807907494
0,0,0.014771582888588876
0,0,0.024524369152591773
1,1,0.9944006249715048
0,0,0.012201280348610621
0,0,0.11894077423845245
0,0,0.01583050249969658
1,0,0.13608094423135325
0,0,0.009083255732951752
0,0,0.01015938300903859
0,0,0.009529630248509759
0,0,0.010024113492518643
0,0,0.005484131106037793
1,1,0.9996405664155728
0,0,0.20115415646977472
0,0,0.03391486360097078
0,0,0.4261386422433256
0,0,0.010450764568341963
0,0,0.007845871013254053
0,0,0.028982166191238362
0,0,0.07128867120433195
0,0,0.01844560958014178
1,0,0.05068865400597621
0,0,0.04729324687070297
0,0,0.006727511503141778
0,0,0.00785345242728667
0,0,0.006003347367411949
0,0,0.008773005212253819
0,0,0.005392239302463596
0,0,0.011319718717130722
0,0,0.006743050580625233
0,0,0.015680269575895626
0,0,0.010336399701991957
0,0,0.008457240946605426
0,0,0.0066793691888005135
0,0,0.008515693560235847
0,0,0.00745075260213608
0,0,0.020789103908028454
0,0,0.014990619636796699
0,0,0.013011726245059457
0,0,0.011155060911608875
0,0,0.017649630092656337
0,0,0.018040674659162186
0,0,0.07729772623022074
0,0,0.006863259991612951
0,0,0.033179224156818975
0,0,0.01030473136917978
1,0,0.47747562601696997
0,0,0.0637790221122671
0,0,0.022899425332921327
0,0,0.010303241378204105
0,0,0.3075361893486943
0,0,0.21537943316435734
0,0,0.0073168408135674285
0,0,0.01255510617306431
0,0,0.00954175941491948
0,0,0.01023179395209999
1,1,0.7579545112068122
0,0,0.007699635786411073
0,0,0.11120558339024571
0,0,0.019607633704290278
0,0,0.08325137527343772
0,0,0.01486474334219904
1,1,0.994718222302793
0,0,0.007848054764448508
0,0,0.051308580741484755
0,0,0.014345915849080236
0,0,0.005040776814097352
0,0,0.004874282314881672
1,0,0.1567825941185181
0,0,0.006768833052528747
1,0,0.10227679909365828
0,0,0.019031188628128803
0,0,0.004903374304154209
0,0,0.24480981911987074
0,0,0.028480602628898784
0,0,0.005237607413673851
0,0,0.04171123469561186
0,0,0.005255827902150323
0,0,0.006191391031518506
0,0,0.016576040989627467
0,0,0.015091337121346641
0,0,0.007200442443045228
0,0,0.00872123422452391
0,0,0.004605110723863786
0,0,0.014997884848691318
0,0,0.004400627924554729
0,0,0.00783735432347918
0,0,0.005373506426339918
0,0,0.020678441930127817
0,0,0.008363253526045045
1,1,0.9789864363587409
1,1,0.9978456541901493
0,0,0.022498301937239056
0,0,0.008264861482879042
0,0,0.00808414986433566
0,0,0.03553408749011308
0,0,0.016365113328260752
0,0,0.0075803963891145345
0,0,0.010020527494424041
0,0,0.007184018988716813
0,0,0.020492600873373353
0,0,0.03270777665578663
0,0,0.0465377494491986
0,0,0.009308390331001658
0,0,0.015813422479794823
0,0,0.006140836904243889
0,0,0.005651594361493745
0,0,0.01991835925976833
0,0,0.006341799698144534
0,0,0.00890430401245425
1,1,0.9978605009213982
0,0,0.012311902331398592
0,0,0.012737167720107084
0,0,0.015508515238378167
0,0,0.006911290843110021
0,0,0.019031167931654047
0,0,0.009243449552918398
0,0,0.009657159228149834
0,0,0.00952896967161797
0,0,0.006729949484207905
0,0,0.013937084283460887
0,0,0.006734160637024139
0,0,0.028234904497772134
0,0,0.00581363054112359
1,0,0.47132901518261117
0,0,0.013181042943808095
0,0,0.01373450603659008
0,0,0.008764992087766621
0,0,0.013491567025831078
0,0,0.11430622866297036
0,0,0.005802430677671429
0,0,0.0070150583320310175
0,0,0.0237920995820006
0,0,0.007669577980899218
0,0,0.013867377372649927
0,0,0.007466144372678526
0,0,0.08696955244217792
0,0,0.009663891578099297
0,0,0.007277340963795433
0,0,0.01173785436779827
1,1,0.9986278287765282
0,0,0.005365978819280423
0,0,0.05772207361050441
1,1,0.998949803264853
0,0,0.009557315559675926
1,0,0.10879208426148226
0,0,0.005814375256694333
0,0,0.012526558032119484
0,0,0.0067999075014240915
0,0,0.016327255262339586
0,0,0.2306056484044281
0,0,0.0059926577173139975
0,0,0.019495413033286408
0,0,0.011021744103136893
0,0,0.005536002965997458
0,0,0.007782428182017059
0,0,0.005574268516293764
0,0,0.008564889676622743
1,1,0.9994390998561756
0,0,0.17916514155758934
0,0,0.02321334562032107
0,0,0.031164321349637335
0,0,0.016467774994823457
0,0,0.007461041420510441
0,0,0.015552682592587618
1,1,0.9997016422138143
0,0,0.01044001512516894
0,0,0.034835210876766026
0,0,0.005462964262725185
0,0,0.0064870321204821635
0,0,0.006942440208701902
0,0,0.05393760392083436
0,0,0.0249195497684119
0,0,0.006290105526378158
0,0,0.01394704119241695
0,0,0.00646489256618685
0,0,0.015275626572288634
0,0,0.00906107575734481
0,0,0.1462688923881179
0,0,0.007211361295860132
0,0,0.009558862385743142
0,0,0.005768173696574414
0,0,0.005366972550153315
0,0,0.008616014513341458
0,0,0.005345910786853438
1,0,0.498621091003717
0,0,0.010018050698513874
0,0,0.02074259617982136
0,0,0.005351480535004814
0,0,0.009497218208875047
0,0,0.008106228773921472
0,0,0.07853017485508341
0,0,0.17369517625426797
0,0,0.007463850726407621
0,0,0.14129872556171255
0,0,0.03370725138963466
0,0,0.007530793943464556
0,0,0.009905828003614206
0,0,0.015544547009163141
0,0,0.012731143057400711
0,0,0.0063195765387298415
0,0,0.005715994032742831
1,1,0.9421018117379879
0,0,0.006420078215573393
0,0,0.007025809703551373
0,0,0.004892591249495409
0,0,0.0067514710876396275
0,0,0.026117906785302538
1,0,0.3764333099087102
0,0,0.006261295460635511
0,0,0.008170284369917583
0,0,0.018217550218524337
1,1,0.9209768275491506
1,0,0.008623679710161064
0,0,0.008573104824159936
0,0,0.030468019546447355
0,0,0.05836860382489567
0,0,0.01838080268639429
0,0,0.005589496790439946
0,0,0.01777641184105455
0,0,0.017129316659937548
0,0,0.012240724496004841
0,0,0.007976595398150432
0,0,0.006846346308108508
0,0,0.011675748005635804
1,1,0.906954086779099
1,0,0.2695693947457304
0,0,0.02910986726432661
0,0,0.00981055136048779
0,0,0.011622661322160333
0,0,0.009610566911436597
1,0,0.17482754533980896
0,0,0.017823429029053612
0,0,0.007111284535284797
0,0,0.005984672001044261
1,1,0.997563225682893
0,0,0.017709536165896433
1,1,0.9965294145161103
0,0,0.01760615851634961
0,0,0.007795319215537939
0,0,0.011873643786659787
0,0,0.009890653780361082
0,0,0.017072092974427275
0,0,0.037010839694450695
0,0,0.007075313854801692
1,1,0.9855672855203682
0,0,0.00629287537064575
0,0,0.010333064440280438
0,0,0.012191467893552285
0,0,0.009225047112753926
0,0,0.020947665546366668
1,1,0.9766492517589251
0,0,0.013527499557010866
0,0,0.011746358133135983
0,0,0.022479671491294345
0,0,0.05015498980734516
0,0,0.0066066715880889115
0,0,0.009575646478874586
0,0,0.008591139806184657
0,0,0.007028203673622736
0,0,0.15815155683395868
0,0,0.009421384623576584
0,0,0.006073980859108478
0,0,0.023824306536515422
0,0,0.01022055791078553
1,1,0.9948417529426014
0,0,0.007600731485354819
0,0,0.03431661741066915
0,0,0.054777695829730036
0,1,0.8918029206167882
0,0,0.007134751949816117
0,0,0.03190788534769948
0,0,0.012594045472924675
1,1,0.9935092237193226
1,1,0.9873957504521663
0,0,0.007188033859410882
0,0,0.09122451097755928
0,0,0.010645344594806073
0,0,0.007206719855396986
1,1,0.9991168854688492
1,0,0.36234172715303437
0,0,0.01708320273488883
0,0,0.015038903457161511
0,0,0.008628894267021767
0,0,0.02084772518320351
0,0,0.007041428403880236
0,0,0.021354763018039544
0,0,0.0068176633419106195
0,0,0.012047778864682217
0,0,0.009024006703534454
0,0,0.009161974696737856
0,0,0.011260423655042888
0,0,0.012492098064662917
0,0,0.009148011600903564
0,0,0.00689595810124233
1,1,0.6438069899345042
0,0,0.010248920012834822
0,0,0.0072525748301410006
1,1,0.9990727256930262
0,0,0.007443419466101143
0,0,0.014987646910507075
0,0,0.012011402088588974
0,0,0.011995672479146808
0,0,0.015488882142850874
0,0,0.006906358392626979
1,1,0.9982642299081423
0,0,0.011125452156921437
0,0,0.010477684689565798
0,0,0.00769223427525624
0,0,0.007374813641958284
1,1,0.9956858957344479
0,0,0.010764233301575443
0,0,0.03166157683548443
0,0,0.0075567379656697655
0,0,0.00864665659636942
0,0,0.006275578186087186
0,0,0.006015136538867358
0,0,0.20530882034919004
0,0,0.007249151058672993
0,0,0.005289264371308627
0,0,0.006375408497873193
0,0,0.015414806316136974
0,0,0.007458807989764176
0,0,0.006862455791083529
0,0,0.007814659419527319
0,0,0.005143547073038026
0,0,0.006999040055587693
0,0,0.041496000229064085
0,0,0.007039711127055657
1,1,0.9951052486597802
0,0,0.01071897069561137
0,0,0.007433854060118485
0,0,0.013770729187287632
0,0,0.03568051567060679
0,0,0.41896252028852227
0,0,0.006182627646223713
0,0,0.02131337728696045
0,0,0.011020856480785511
0,0,0.005715882912491533
0,0,0.01692140136916341
0,0,0.007462518274167681
0,0,0.009570231999307005
0,0,0.009229072136833412
0,0,0.01525101364032522
0,0,0.006227590706995039
0,0,0.020773962016396426
0,0,0.006310215935561632
1,1,0.9991681485537001
0,0,0.04752199833155713
0,0,0.021646742467224683
1,1,0.9990485940910031
0,0,0.006293172449404981
0,0,0.013857912445572896
0,0,0.006961851406184923
0,0,0.01578216765293488
1,0,0.28901510249807827
0,0,0.00897171080808517
0,0,0.03773911717886703
0,0,0.008870057153363937
0,0,0.03554267871822188
0,0,0.023145829460389167
0,0,0.00483555427510941
0,0,0.00968146141528803
0,0,0.007710629879118745
0,0,0.011816664963657894
0,0,0.006797758541295906
0,0,0.022835739569952208
0,0,0.01042619527165966
0,0,0.031164007505693567
0,0,0.009769541541948881
0,0,0.008090568395678252
0,0,0.009371966967598433
1,1,0.9938329548240171
1,1,0.6490928663595615
0,0,0.007570354937662426
0,0,0.011118713138382091
0,0,0.2957425706286205
1,1,0.6633846737989624
0,1,0.6523173566542575
0,0,0.00914406686049682
1,0,0.015000817277197268
0,0,0.009669342882631866
0,0,0.012151843341438495
0,0,0.12541912399629312
0,0,0.010912190960390755
0,0,0.023195993258856722
0,0,0.010991705887012669
0,0,0.05065715571314944
0,0,0.01600365969650392
1,1,0.9980892992805516
0,0,0.016558985354093718
0,0,0.06479624023401839
0,0,0.006663195772976164
0,0,0.009510292587180308
1,1,0.9994941827955914
0,0,0.009384101627009365
0,0,0.06770398916882624
0,0,0.004281353403393998
0,0,0.031130322994885534
0,0,0.01765472947309252
0,0,0.006495258980529592
1,1,0.9886765028309898
0,0,0.011322618977934292
0,0,0.007490050888003705
1,1,0.9994297118169113
0,0,0.17105918593912736
0,0,0.04084879364045562
1,1,0.9965156142420669
0,0,0.009662660239095228
0,0,0.050162776114471064
0,0,0.01627752502468146
0,0,0.018806386962030387
0,0,0.009369984777263012
0,0,0.0074302118164571865
0,0,0.2870725540324335
0,0,0.007597272057585192
0,0,0.00993907660427071
0,0,0.010303319340966245
0,0,0.00533774977914339
0,0,0.008368766658339553
0,0,0.013502310794088222
0,0,0.011356527904288793
1,1,0.9991338493691103
0,0,0.014680246000203914
0,0,0.006737974084945528
0,0,0.011096654043748119
0,0,0.02128202142468955
0,0,0.008911764726968065
0,0,0.04074685887542469
0,0,0.015125344032921689
0,0,0.2550456523960017
0,0,0.009712157795482372
0,0,0.08707279993635778
0,0,0.010070040181473274
0,0,0.018949616128725914
1,0,0.42330855264310363
0,0,0.009025947376374245
0,0,0.00681147322932782
0,0,0.012710980048353235
0,0,0.009673066011924074
0,0,0.0071480625441956965
0,0,0.005747205397047233
0,0,0.006462788134278715
0,0,0.01768646671929971
1,1,0.9991633348031176
0,0,0.005050630243708091
0,0,0.008179812147116248
0,0,0.006599611724171431
0,0,0.015000817277197268
1,0,0.007342238940622549
0,0,0.005155488737071028
0,0,0.02405075711071527
0,0,0.006395363643900285
0,0,0.02429912919097557
0,0,0.006041904054541213
0,0,0.009352284963666089
0,0,0.007197427631772243
0,0,0.009409559177683687
0,0,0.0212330993078673
0,0,0.006455462166857154
0,0,0.005422606522407559
0,0,0.013745180033516685
0,0,0.0072589686793774226
0,0,0.02272886114747155
0,0,0.006170572995865382
1,1,0.9979747403696981
0,0,0.007510365948896546
0,0,0.023252311120651233
0,0,0.006495556938712824
0,0,0.015201125064140267
0,0,0.02333612070995547
0,0,0.006414562036899025
0,0,0.006823742491429425
0,0,0.004655737146242998
1,1,0.996128830204044
0,0,0.01767103878055071
0,0,0.00563799181260596
0,0,0.00853210198379202
0,0,0.006540980918854083
0,0,0.03341219522495781
0,0,0.1844723826963193
1,1,0.9975773315812738
0,0,0.029165422836289097
0,0,0.011393185616900676
0,0,0.031984308291928526
0,0,0.008120678160558588
0,0,0.011264375034416182
0,0,0.008393324446235592
0,0,0.006451918746886737
0,0,0.18964348241039594
0,0,0.008936609963560065
1,0,0.12254509852717847
0,0,0.1105749418929063
0,0,0.007119092198883041
0,0,0.00608814891188141
0,0,0.006626259953907105
0,0,0.013590484959540771
0,0,0.004726514452716253
0,0,0.003772650220560398
0,0,0.007612294091863556
0,0,0.008672299494233218
1,1,0.998748157498252
1,1,0.9930635091551446
1,0,0.0064727025389634115
0,0,0.09959381315090383
0,0,0.009613041633517517
0,0,0.01129848808481497
0,0,0.008991057275643245
0,0,0.006758068921755977
0,0,0.007960648531436503
0,0,0.01148654964522435
0,0,0.00864750462055179
0,0,0.008293452280821095
0,0,0.00526615699275656
0,0,0.004391153044094902
0,0,0.006128179725167966
0,0,0.04594318388223407
0,0,0.0050480784672704984
0,0,0.012501505295782025
0,0,0.01271231953859101
1,0,0.010922229752085708
0,0,0.00871355892705382
0,0,0.32861489120958326
0,0,0.006394025576376746
0,0,0.005628521283645984
0,0,0.00640895252602574
1,1,0.9923349150372502
0,0,0.020495736843350997
0,0,0.013089528257191086
0,0,0.008427341036943928
0,0,0.007668080765719559
0,0,0.012692122466640138
0,0,0.007870416398095903
0,0,0.008372496455329564
0,0,0.019522286786758918
0,0,0.0065020014352164595
0,0,0.00783157566478924
0,0,0.028953045119680658
0,0,0.005294830115543104
1,1,0.6595807956129771
0,0,0.006846213046567918
1,1,0.9875921731105045
0,0,0.0060930986900590576
0,0,0.02455568255702823
0,0,0.019086607218599148
0,0,0.0063095450232795005
0,0,0.030293675099956664
0,0,0.014732393747889165
0,0,0.007330224901449735
0,0,0.007905052883471882
0,0,0.008402248462257228
0,0,0.009483481630081518
0,0,0.022291683195629405
0,0,0.009404984884079834
0,0,0.015213011983283689
0,0,0.007522252553530835
0,0,0.024979140126884798
1,0,0.04361486811140514
0,0,0.017546745346508963
1,1,0.5780462446034449
0,0,0.04735093967014644
0,0,0.007110685728441816
0,0,0.012304836623685951
0,0,0.02100015721974666
0,0,0.007284757693621576
0,0,0.043673664072314856
0,0,0.011317840086784355
0,0,0.011384301438968398
0,0,0.017084913734552454
0,0,0.007596394839580285
0,0,0.004710347075582239
0,0,0.012998705042684543
0,0,0.2671409727355821
0,0,0.11211080629776818
0,0,0.02310911756039425
0,0,0.009295814515769643
0,0,0.014201911053793162
0,0,0.006493381230749695
0,0,0.013749097919029054
1,1,0.9955442551474988
0,0,0.00616867771873159
0,0,0.006354685260849287
0,0,0.007029068027812031
0,0,0.02437560598672122
0,0,0.006025862402191667
0,0,0.008671328174157061
0,0,0.009534623104189371
0,0,0.026747951132781726
0,0,0.006822060429209144
0,0,0.016736568793236793
0,0,0.024777159374131035
0,0,0.01923946770318257
0,0,0.013865711170201927
0,0,0.009798935149382276
0,0,0.03245586006532613
0,0,0.015301639335124493
0,0,0.01876427791470037
0,0,0.005587462606120803
0,0,0.06470064720932713
0,0,0.007344609465331151
0,0,0.00900400389539078
1,0,0.29624549286226065
0,0,0.014043446200893445
0,0,0.062083792386118906
0,0,0.005800248311200327
0,0,0.010005576624482404
0,0,0.4648567445598623
1,1,0.9992036762087352
0,0,0.02219318200651943
0,0,0.12913509115654878
0,0,0.006340013979439257
0,0,0.007355573070943976
0,0,0.010132264310093207
0,0,0.3226914306167199
0,0,0.006541018781903235
0,0,0.02391705408876196
0,0,0.006310517864182177
0,0,0.011029365912034763
0,0,0.14266003897802193
1,1,0.979123333396856
0,0,0.014034979171029607
0,0,0.16454087337623893
0,0,0.02675028743837158
0,0,0.007437117749119367
0,0,0.015647612618954032
0,0,0.0653349038399711
0,0,0.013021832963865625
0,0,0.01622017478233712
0,0,0.008210929526985277
0,0,0.006556955372512045
0,0,0.0074535081173449915
0,0,0.016868751054701314
0,0,0.012762792505400185
0,0,0.006786560564499975
0,0,0.009259098727580135
0,0,0.030468019546447355
0,0,0.007730064047975882
0,0,0.010001731376189477
0,0,0.006284293233286825
0,0,0.013543287801728967
0,0,0.16355676739343572
0,0,0.025514360158474116
0,0,0.06186298220218088
0,0,0.030573824097759605
0,0,0.014513014871186626
0,0,0.014628567904987589
0,0,0.00826466643957465
0,0,0.20035934869829033
0,0,0.008505074480581026
0,0,0.007055809379052797
0,0,0.005477106747998391
0,0,0.01836509067365664
0,0,0.018522827111159205
1,1,0.9993868750182817
0,0,0.00887183378436969
0,0,0.005449950284239664
0,0,0.006858765306405513
0,0,0.008223267995203391
0,0,0.00580827616609575
1,1,0.9978382335169813
0,0,0.020869511402933666
0,0,0.010521582695090546
0,0,0.009129731086387897
0,0,0.008674578797670938
0,0,0.008073112442809513
0,0,0.22392102068555605
0,0,0.12931654843521334
1,1,0.9991229740188577
0,0,0.02685038763294786
0,0,0.01165866543010303
0,0,0.008259005603429044
0,0,0.008383140724753798
0,0,0.0069241878182459285
0,0,0.31351756284822824
0,0,0.007731050700377498
0,0,0.005935125365616576
1,1,0.9997309771183761
0,0,0.005156849927389974
1,1,0.9994109269461957
0,0,0.00517580142053889
0,0,0.019954990921843538
0,0,0.005359511662222514
0,0,0.004993774870278857
0,0,0.027391472871263083
0,0,0.06623532694452365
0,0,0.016613693314654565
0,0,0.009347025868423332
0,0,0.004525281087950397
0,0,0.018454151938664377
0,0,0.03250641138909394
0,0,0.018065763146708803
0,0,0.007314186435012645
0,1,0.5827465495598858
0,0,0.010955598181588179
0,0,0.1879339735285304
0,0,0.013102172858441697
1,0,0.021765871499767855
0,0,0.006231481561363337
0,0,0.007320347802174153
0,0,0.0074974563895171395
1,1,0.5032186569943423
0,0,0.009239160647735781
0,0,0.022362657015646107
0,0,0.01007445484316473
0,0,0.06819240875670346
0,0,0.0068467172425203575
0,0,0.007681388369168051
0,0,0.008470267868293838
0,0,0.10447617183166313
0,0,0.005522984787224322
0,0,0.008792838235114913
0,0,0.005575339834878864
0,0,0.00906194350521884
0,1,0.702968942043464
0,0,0.0059703597456454
0,0,0.0450294735544362
0,0,0.008615506599205855
0,0,0.007923211922763546
0,0,0.007690849420388896
0,0,0.008563151953661585
1,1,0.9981761131380691
0,0,0.008228904654972582
0,0,0.00933458664694619
0,0,0.017062488311238966
0,0,0.009971383935612687
1,1,0.9951923957127906
0,0,0.06883115057299022
0,0,0.006459669736678516
0,0,0.013118404409600486
0,0,0.02061334347809087
0,0,0.00447301087381579
0,0,0.03583296454382243
0,0,0.007287796121125013
0,0,0.01007995290264262
0,0,0.01566263331455937
0,0,0.005440380631258548
0,0,0.0075985906939007985
0,0,0.010757408464648116
1,1,0.7536181862063942
0,0,0.00674699117889326
0,0,0.005203847110576671
0,0,0.35119835334168203
0,0,0.01034790340114775
0,0,0.006409752046321567
0,0,0.0063259084436040345
0,0,0.007146882085431188
0,0,0.009770392919356243
0,0,0.01449031574070784
0,0,0.007363394052761766
0,0,0.019777152313209465
0,0,0.010156860042763819
0,0,0.006922394194499608
0,0,0.007373091238648859
0,0,0.06042038850957417
0,0,0.01076354420355381
0,0,0.007507022937220685
0,0,0.022820086314443704
0,0,0.005973055606428697
1,1,0.9990727256930262
0,0,0.011394033914542044
0,0,0.048978179067681274
1,0,0.47236235998291054
0,0,0.1582318637886503
0,0,0.013249704220161475
0,0,0.00955375984834795
0,0,0.004386812379641649
1,1,0.9968068224863684
1,1,0.999188781428993
0,0,0.011706347433401203
0,0,0.007814671611216142
0,0,0.013272438892403505
0,0,0.005998788559465426
0,0,0.01518172663617358
0,0,0.008795902277213918
1,1,0.9917266533109654
0,0,0.008398487364536605
0,0,0.007855411665353305
1,1,0.999378587217306
1,1,0.9978645607379845
0,0,0.005511473592726972
0,0,0.019326136911803404
0,0,0.006315133621750786
0,0,0.010160393605157575
0,0,0.05173409774815431
0,0,0.007536745090965624
0,0,0.008661944038262048
0,0,0.006637223585918987
0,0,0.0061563692021732045
1,1,0.9967551166832277
1,1,0.9995829467026404
0,0,0.005931798628009122
0,0,0.012275096041721324
0,0,0.01066737766525888
0,0,0.007861207479289083
0,0,0.0068724770679398145
0,0,0.007413322918632555
0,0,0.00428792940162804
0,0,0.08297095070398894
0,0,0.009514019854987944
0,0,0.005384818325704609
0,0,0.007564583994647304
0,0,0.02170777621883301
0,0,0.03049051833329241
0,0,0.01399983186333256
0,0,0.004476629218174936
0,0,0.01961496202971541
0,0,0.009215025485602005
0,0,0.013684034028479801
0,0,0.024099166547081614
0,0,0.010603972671646552
0,0,0.010747402742814022
0,0,0.10447609312613353
0,0,0.006208998811911283
0,0,0.03497204516729904
0,0,0.023716530492059677
0,0,0.01904489450832164
0,0,0.006767583446766291
1,1,0.9994877803925709
0,0,0.009243140821937851
0,0,0.009912821305874777
0,0,0.008464969007402364
0,0,0.032077435724984386
0,0,0.00936966154521896
0,0,0.005735622482802857
0,0,0.02107076469733705
0,0,0.009768031360520148
0,0,0.006237496574620127
0,0,0.008445694127762601
0,0,0.01576808852008561
0,0,0.023696518016064108
0,0,0.019954990921843538
0,0,0.012838619397921441
0,0,0.014657198264214943
0,0,0.007274005258888702
1,0,0.022104850141553216
0,0,0.0060348696003850125
0,0,0.06984736924224952
1,1,0.9984203489020301
0,0,0.008181080091614877
1,1,0.988697033627002
1,1,0.998748157498252
0,1,0.6406271430690046
0,0,0.005514510277730544
0,0,0.00508762942370999
0,0,0.02414005233857407
0,0,0.015631238847988844
0,0,0.043720333333997344
0,0,0.009628186971422977
0,0,0.006833028321050237
0,0,0.005817326710870348
0,0,0.00640659394685445
0,0,0.018212446808847007
1,0,0.2722622828038147
0,0,0.0052967498573655925
0,0,0.010432898220872474
0,0,0.023211819602014645
0,0,0.007823986131293377
0,0,0.007250210076096906
0,0,0.022870440676132305
0,0,0.012373590769888696
1,1,0.9990454803130966
0,0,0.005586933714911557
0,0,0.006519439470274598
0,0,0.008942982353439518
0,0,0.02009667678378302
0,0,0.023852811233832722
0,0,0.007180835049018126
0,0,0.013200690131312207
0,0,0.03386066678129689
0,0,0.00839109938587093
0,0,0.18467407011391399
0,0,0.007651205854211109
0,0,0.006069596481188567
0,0,0.03262750805574182
0,0,0.00949013911589533
0,0,0.008980818632688377
0,0,0.0077258912111330125
0,0,0.007107126908755227
0,0,0.012308120936488537
0,0,0.006013421960985523
0,0,0.04805075886713328
0,0,0.1439621395651498
0,0,0.011631620281864492
0,0,0.007087724145664452
0,0,0.007640184152949571
0,0,0.07982935006899378
0,0,0.007768057324232247
0,0,0.013386801891662059
0,0,0.016177737988419323
0,0,0.010263705133920921
0,0,0.007846731594952966
0,0,0.006799462061814187
0,0,0.011009603610428527
0,0,0.009493008681263017
0,0,0.015052123430447414
0,0,0.02801789086831663
1,1,0.998357676992224
0,0,0.007651235518891151
0,0,0.01213751292477564
0,0,0.017378429551756787
1,1,0.9262061340792631
0,0,0.006690372261416535
0,0,0.02367841906374415
0,0,0.051962624362730025
0,0,0.006546054061023526
0,0,0.0048932357826073775
0,0,0.006784338432736784
0,0,0.005005271854415644
0,0,0.012681901458431916
0,0,0.008970206629137948
1,1,0.9988568796857469
0,0,0.013114387894133033
0,0,0.06290617118481368
0,0,0.0071405371407779
0,0,0.011842366649593443
0,0,0.00845165040510473
0,0,0.004533995250977636
0,0,0.013660371168714113
0,0,0.009293011155079786
0,0,0.007721667063343152
0,0,0.00713162664788381
0,0,0.020834698203756604
0,0,0.0078029415622317706
0,0,0.008074183857553714
0,0,0.007597748118620865
0,0,0.008202986192329214
0,0,0.007553630368521452
1,1,0.6274630648939048
0,0,0.01508935232647182
0,0,0.0077349993680352995
0,0,0.017287441662808614
0,0,0.007144519365494205
0,0,0.006605765460802278
0,0,0.012522851451426974
0,0,0.01263680364577038
0,0,0.006778847738952398
0,0,0.012025307264881744
0,0,0.005919703945989507
0,0,0.02303109498757043
0,0,0.014758080238093878
0,0,0.006959047954482077
0,0,0.14793727038514423
0,0,0.017337859789255648
0,0,0.008212685437425505
0,0,0.025710347339014412
0,0,0.0067464005635109936
1,1,0.9997016422138143
0,0,0.006472700649501122
0,0,0.012892320792880085
0,0,0.04583955526036459
0,0,0.02503601404394777
0,0,0.007471476817707727
0,0,0.017580097712354956
0,0,0.005422266239864955
0,0,0.015958052313041114
0,0,0.01676890786928765
0,0,0.008531360422814075
0,0,0.01782994486809221
0,0,0.006884044617728776
1,1,0.9708007564858075
0,0,0.007970359030387949
1,1,0.998748157498252
0,0,0.007032299179789963
0,0,0.011133817364147949
0,0,0.006963699635118726
1,1,0.9976259217713865
0,0,0.010214604603275565
0,0,0.007722843179201605
0,0,0.006633415320248951
0,0,0.007761954163644125
0,0,0.027691814799009725
0,0,0.012333661437028338
0,0,0.007410182124324912
0,0,0.00728332733280724
0,0,0.005379024020881972
0,0,0.010611492058610474
0,0,0.006067638294346089
0,0,0.00304639195095935
1,1,0.9989813410488896
0,0,0.009652745339778064
0,0,0.007413823849427094
0,0,0.011855504549807092
0,0,0.007683696788386668
0,0,0.009429209380749247
0,0,0.009970260393166055
0,0,0.006604703864328948
0,0,0.010043766280519024
0,0,0.007834529648912335
0,0,0.009793449377494127
0,0,0.0067220203440211635
0,0,0.011842074103078772
0,0,0.014201911053793162
0,0,0.006366941409293519
0,0,0.007053004441308585
0,0,0.05863669617618053
0,0,0.020602343101154663
0,0,0.007661008382780119
0,0,0.014502929355761486
0,0,0.008856575350347387
1,1,0.9973279635080653
0,0,0.007828448242387962
0,0,0.024843979141522782
0,0,0.006024248301484457
1,0,0.266611400174295
0,0,0.13437253255312875
0,0,0.007360821389000341
0,0,0.005575411284683961
0,0,0.005916037624257596
0,0,0.0072616848053956955
0,0,0.006310877236373815
0,0,0.037010839694450695
1,1,0.9994858695425902
0,0,0.11269910541134623
0,0,0.009588604779854211
0,0,0.007235016790413474
0,0,0.008209543600203272
0,0,0.015173208867662293
0,0,0.007000288674397524
0,0,0.004828621959296735
0,0,0.011125452156921437
0,0,0.00987900080004328
0,0,0.1730225622642594
0,0,0.007502648359209128
0,0,0.02380500474678883
0,0,0.00987481842896438
0,0,0.0060281863231824735
0,0,0.013505489359897154
0,0,0.007900633784706384
0,0,0.006400526997465503
0,0,0.006935374118224365
1,1,0.6976150055633799
0,0,0.010186748241822084
0,0,0.0045344848258611955
0,0,0.006524534399393577
0,0,0.008297322205266388
0,0,0.006741888803183744
0,0,0.009210378656167695
0,0,0.01544175365689699
0,0,0.0072007084219097095
0,0,0.03789997803008594
0,0,0.10933342047068521
0,0,0.008823100254022853
1,1,0.9978054959416168
0,0,0.012893256038063572
1,0,0.3895345178986191
0,0,0.010441892198292255
0,0,0.01026613120194061
0,0,0.07095385294060108
0,1,0.5090892112093578
0,0,0.007020975662351428
0,0,0.005069883068651548
0,0,0.006680124094844518
0,0,0.02281014395948613
0,0,0.014939229650293815
0,0,0.006177272741317748
0,0,0.005636588692993312
0,0,0.02024793921888439
1,1,0.986773859539219
0,0,0.008279363016068565
0,0,0.009256048761764031
1,1,0.9982764915298732
0,0,0.008992446365614281
0,0,0.012135160324697847
0,0,0.006987888522111917
0,0,0.019506639124492374
0,0,0.010014577474210038
0,0,0.006829822644322364
0,0,0.07069937401847921
0,0,0.008554600731961482
0,0,0.009257063432656733
0,0,0.011084898314816823
0,0,0.007648166596734414
0,0,0.022639077621869667
0,0,0.00873011549113118
0,0,0.021765871499767855
0,0,0.006128710759331711
0,0,0.01671645669137277
0,0,0.006683084859338475
0,0,0.012384015608533682
0,0,0.008295700603681986
0,0,0.010653363389977303
0,0,0.012829183493226311
0,0,0.021531336396046038
0,0,0.011009330959071723
0,0,0.0058727242858048045
0,0,0.010543486201693042
1,1,0.9848984647664782
1,1,0.9992625456726875
0,0,0.008870227198591958
0,0,0.007699818084179792
0,0,0.028721527677776602
1,1,0.9923921096559324
0,0,0.036240638913479735
0,0,0.02425284257491382
0,0,0.028920997526468015
0,0,0.010565134487563516
0,0,0.15621578114464577
0,0,0.005482883961063543
0,0,0.004816951693518849
0,0,0.006856292376622682
0,0,0.027066242732580157
0,0,0.006578864667604873
0,0,0.3448860735296247
0,0,0.009439783860735108
0,0,0.007160535510334517
1,1,0.9982911071891258
0,0,0.007324338190871014
0,0,0.014793631478545238
0,0,0.006107211026919567
0,0,0.17753695123199822
0,0,0.010334941335928136
0,0,0.005611755388869765
1,1,0.9980615568613904
0,0,0.02257381373931586
0,0,0.012681901458431916
1,1,0.9989774472655001
0,0,0.07323145093083988
0,0,0.015760760754386146
0,0,0.009950716179316376
0,0,0.006293552394710354
0,0,0.03887406662116542
0,0,0.005184069353410684
0,0,0.03054658470579572
1,1,0.9961753714683372
0,0,0.027139587973557255
0,0,0.014969236670375955
0,0,0.007905845082389801
0,0,0.018222086413041214
0,0,0.007486412327924427
1,0,0.1489855264312686
0,0,0.07811589487589705
0,0,0.34905016833917757
0,0,0.018899455785967714
0,0,0.03590069394699107
0,0,0.005407917261926002
0,0,0.015616860488206206
0,1,0.5733400159780426
0,0,0.006514350160580403
0,0,0.007017204609282458
0,0,0.014481560094610933
0,0,0.007394093877367993
0,0,0.012004875311088917
1,1,0.9997954882305994
0,0,0.014218540583293878
0,0,0.007981371899887537
0,0,0.006528208784858183
0,0,0.0050916386271711465
1,0,0.20251279988739626
0,0,0.011176593776224658
0,0,0.012303399310069444
0,0,0.028604771830641217
0,0,0.011363342982853679
0,0,0.006492709152529122
0,0,0.012634353775069954
1,1,0.9989293131949961
0,0,0.009231823493554262
0,0,0.00883166792280391
0,0,0.049197633341281
0,0,0.021955182264409373
1,1,0.9732438060715763
0,0,0.03581797450295499
0,0,0.009848946749553857
0,0,0.01682806033958706
0,0,0.015084402530289299
0,0,0.014941096213457144
0,0,0.011887533384304011
0,0,0.10517500270338127
1,1,0.9969061947388288
0,0,0.005865284201821199
0,0,0.012148220850535152
0,0,0.0069659860730696245
0,0,0.1617499272333521
0,0,0.010458928339810606
0,0,0.007941475900249751
0,0,0.014636949484090254
0,0,0.008391272451762504
0,0,0.016136629987866323
0,0,0.006565789958164698
0,0,0.006999723821683182
0,0,0.0070587758864369505
0,0,0.14437504715895297
0,0,0.09145987261899935
0,0,0.006651339379866421
0,0,0.006758774867635138
0,0,0.005985792167499424
0,0,0.007377207529619342
0,0,0.006540156705219338
0,0,0.009277064265749486
0,0,0.00854782032212761
0,0,0.03840759623670122
0,0,0.009192606896803094
0,0,0.007245763447875403
1,0,0.0971545817965809
0,0,0.012636940444696173
0,0,0.0075786663638843866
0,0,0.0300155400679611
0,0,0.006701908332804921
0,0,0.008530116102321574
0,0,0.008006427976366973
0,0,0.010316271679984132
0,0,0.007078298756529241
0,0,0.027357390963132003
0,0,0.0067165511581081
0,0,0.006833074749809004
0,0,0.02950598410598731
0,0,0.009081345594748378
0,0,0.11366778824563983
0,0,0.018362796292817753
0,0,0.006691709077998118
0,0,0.006447620927695463
0,0,0.029194897701491005
0,0,0.007344680859730144
0,0,0.006909798409971681
0,0,0.017848613237932125
0,0,0.0064222588052003675
0,0,0.01180774215946132
1,1,0.5438058379231575
0,0,0.020558959117980335
0,0,0.004827208762733039
0,0,0.009227184701836815
0,0,0.005310545693167675
0,0,0.008489607866274639
0,0,0.005310325791621169
0,0,0.021274232965831953
0,0,0.006836741085988084
1,1,0.9941823775072159
0,0,0.03694117850479599
1,1,0.9993612646102205
0,0,0.006682914702011383
0,0,0.014398525616741927
0,0,0.01041335486670541
0,0,0.007436710771447346
0,0,0.008933541767120277
1,1,0.5908201987794667
1,1,0.994602178951932
0,0,0.008913506763899726
0,0,0.00856295134616575
0,0,0.007957494013351886
0,0,0.017505361538209
0,0,0.017971436299473006
0,0,0.007271468660159244
0,0,0.006649390040868999
0,0,0.061008149103271896
0,0,0.005279313155544882
0,0,0.016474141639415345
0,0,0.01566263331455937
0,0,0.0053558892487553435
0,0,0.007170161488852257
0,0,0.10379273644222801
0,0,0.01376423150688038
0,0,0.04600979855625509
0,0,0.02803306342545395
0,0,0.0074569489466314
0,0,0.02338003667280344
0,0,0.008308915889045688
0,0,0.02046690148763675
0,0,0.0057179701025565
0,0,0.014990708669624112
1,1,0.9924332481846728
0,0,0.011043594012681462
0,0,0.006029206855029631
0,0,0.0061426017514817225
0,0,0.2646127297651733
1,1,0.9978951835955849
0,0,0.08053130783489866
0,0,0.008160011947950926
0,0,0.052272592161930295
1,1,0.9947919381122826
1,0,0.17510037024455663
0,0,0.020120907227683223
1,1,0.9992278087495728
1,1,0.8382899259929103
1,1,0.9963343562246528
0,0,0.014766212104723899
0,0,0.004560344454300828
0,0,0.00793728679089856
0,0,0.025028243560837146
0,0,0.008514858332434934
0,0,0.007349836665672105
0,0,0.006832526152628749
1,1,0.9982463290216886
0,0,0.036792792738731595
1,1,0.999005729302954
1,1,0.9969061947388288
0,0,0.07248235239507532
0,0,0.007637287886557056
0,0,0.09756081256204817
1,1,0.9176336122900836
0,0,0.006826746569719554
0,0,0.006046598411790372
1,1,0.9983026946781257
0,0,0.04363290071988186
0,0,0.007125861088414373
0,0,0.009109828960384809
0,0,0.008332270182732172
0,0,0.010034764853671631
0,0,0.012703811126081927
0,0,0.011235956159960151
0,0,0.0076416495550960285
0,0,0.007022074873255358
0,0,0.006103264176744535
0,0,0.03224563795814985
0,0,0.0068613070550111906
0,0,0.011206401423671452
0,0,0.009621869602307678
0,0,0.008224589749662902
0,0,0.007448435687007396
0,0,0.005754542232179106
0,0,0.00509821477997183
0,0,0.00609024784405127
0,0,0.03309283325264499
0,0,0.004894849459766936
0,0,0.00823833348344157
0,0,0.006489944725168832
0,0,0.007032439307321873
0,0,0.06427788990207149
0,0,0.006645239865311913
0,0,0.00467783467190749
0,0,0.00716904351358128
0,0,0.21981923083938532
1,1,0.9986934432689926
0,0,0.008946697292929155
0,0,0.007259770675425985
0,0,0.006774435869333952
0,0,0.006488789820162948
0,0,0.009477703464065684
0,0,0.051202700563589096
0,0,0.007702506577688311
0,0,0.011032785211518348
0,0,0.23607874711733645
0,0,0.008461236992413457
1,1,0.9878870640125967
0,0,0.014119589504334484
1,1,0.998797424816801
0,0,0.00655479752440856
0,0,0.004668832145141807
0,0,0.004706104686608394
0,0,0.015316428676939803
0,0,0.005655824595967252
0,0,0.015740041635873586
0,0,0.005658213205168841
0,0,0.013602921149372197
0,0,0.006412216770354067
0,0,0.006384827837261508
0,0,0.020091351692658504
0,0,0.0126377901229776
0,0,0.010040705703717833
1,0,0.020213967173469335
0,0,0.00901252041201496
0,0,0.08570853582689533
0,0,0.02435801962980487
0,0,0.0059552493930120414
0,0,0.005504585818725989
0,0,0.025570243787603423
0,0,0.019752462554616174
0,0,0.009449043491814654
0,0,0.004530039183787611
0,0,0.010672176103988792
0,0,0.005973499888664253
0,0,0.27729833165114787
0,0,0.029948780852053488
0,0,0.0077698444823841376
0,0,0.04674494185229858
1,1,0.8870667904609848
0,0,0.005140511391432053
0,0,0.0667648086151028
0,0,0.004149158659216614
0,0,0.035650776855368195
0,0,0.006363040688216345
1,1,0.9854515602883431
0,0,0.009861716276723618
0,0,0.048070205047334
0,0,0.008489017089294589
1,1,0.999289292518989
0,0,0.02481629233388836
1,1,0.9760982034533584
0,0,0.07147357151021172
0,0,0.009984872217374863
0,0,0.006062172358557052
1,0,0.34454071433653544
0,0,0.006619254095180025
0,0,0.01505324385523956
0,0,0.007757783639849254
0,0,0.006076870219418946
0,0,0.005985543453765343
0,0,0.005584428427267807
0,0,0.020690892678942956
1,0,0.280589289603258
0,0,0.07852455747895361
0,0,0.00781872311891057
0,0,0.04953188340777939
0,0,0.016633127813514642
0,0,0.0066381305801071575
0,1,0.7362891082392914
0,0,0.005313729641023001
0,0,0.006182939467998869
0,0,0.007456810517946951
0,0,0.0218024363694079
0,0,0.008157212558968537
0,0,0.01851575813018043
0,0,0.023470739985658913
0,0,0.010798666894964769
0,0,0.00517580142053889
0,0,0.009613544132913609
0,0,0.0099423243072726
0,0,0.005348733398341779
0,0,0.013291993438736728
0,0,0.008064733455701672
0,0,0.06605386559858362
0,0,0.015761856581805858
0,0,0.011990408706341682
0,0,0.01086271519809094
0,0,0.011367043067978463
0,0,0.006150048577502224
0,0,0.008415750129223456
0,0,0.02274210932805586
0,0,0.037288696967732925
0,0,0.006731435748083002
1,1,0.9881540316165398
0,0,0.006300404609425049
1,1,0.9985477019436695
1,1,0.9966678547908798
0,0,0.04803467222710453
0,0,0.06144885476443839
0,0,0.006002117131555811
1,1,0.6215441076784379
0,0,0.01058735211160809
1,0,0.29620750164391324
0,0,0.009372690699006835
0,0,0.029992313259548778
1,1,0.9995226469408984
1,1,0.999313794377627
0,0,0.027616134203243277
0,0,0.007966714794043477
0,0,0.007393009941881246
0,0,0.015146463715324745
0,0,0.21048996576788068
1,0,0.14304376035577918
0,0,0.006670366703322125
0,0,0.00638469604726832
0,0,0.006601553211374755
0,0,0.012984879266189884
0,0,0.006564516704325457
1,0,0.011035078889474711
0,0,0.008730949580198058
0,0,0.3393496055805316
1,1,0.5229717223671909
0,0,0.006924474145090303
0,0,0.025713786967529136
0,0,0.005905959564400326
1,1,0.9993574351033345
0,0,0.007175191900336758
1,0,0.10519077532635697
0,0,0.007661052549834677
0,0,0.2670372299052101
1,0,0.27082927784441096
0,0,0.08307618989529454
0,0,0.01572264999951591
0,0,0.00959176341181049
0,0,0.011159563793359672
0,0,0.00906194350521884
0,0,0.009018629147166281
0,0,0.00825294312521555
1,1,0.9944882507054323
0,0,0.13560486208056644
0,0,0.005460359581488263
0,0,0.010377684997281568
0,0,0.017049084240536225
0,0,0.006785009556670473
1,1,0.9935927337613687
0,0,0.05097524975611976
1,1,0.9946560296064025
1,1,0.702968942043464
0,0,0.016628722023330777
0,0,0.011710157381827903
0,0,0.05529795538625209
0,0,0.007969600078773606
0,0,0.1402404950315768
0,0,0.00740156606032433
0,0,0.008329677609495009
0,0,0.08328432836411359
0,0,0.12158159181804093
0,0,0.008018468509256626
0,0,0.10360566000465982
1,1,0.9980243380307166
0,0,0.006069118733186748
0,0,0.009359701409862947
0,0,0.024684305570242423
0,0,0.06402028121836337
0,0,0.009468435291819427
0,0,0.11804298555079094
0,0,0.007389465816606114
0,0,0.06623532694452365
0,0,0.01038289887001478
0,0,0.006752022321695665
0,0,0.009210315936667861
0,0,0.010739980782475697
0,0,0.006847304017619675
0,0,0.010393388297791397
0,0,0.05816067287962468
0,0,0.006886922940746533
0,0,0.013583382103807953
1,1,0.9977728492663684
0,0,0.006554679420394817
0,0,0.015081057337222942
0,0,0.01715966666674568
0,0,0.004463772405113691
0,0,0.010039181079854544
0,0,0.012245229376802206
0,0,0.009495536805074967
0,0,0.00799918315139048
0,0,0.008598924242156074
0,0,0.00949537879303805
0,0,0.09834287832285397
0,0,0.019759481073039625
0,0,0.017221349991791493
0,0,0.010941497806411312
0,0,0.004834463450375596
1,1,0.9758206593435529
0,0,0.009955437268658392
0,0,0.011246628291989788
0,0,0.13775542660863965
1,1,0.9862806466135988
0,0,0.017927933160690072
0,0,0.010191855369709495
0,0,0.005757094164176733
0,0,0.0061219459705396185
0,0,0.008930814531922019
0,0,0.03802179061384525
0,0,0.007915885409332413
1,0,0.23127453731263903
0,0,0.04834958900985436
0,0,0.006734137384710885
0,0,0.0055059781412397915
0,0,0.024058727276160596
0,0,0.011060297595294805
0,0,0.009708371642578213
0,0,0.009348868381815709
0,0,0.050130146000550935
0,0,0.00508685683698184
1,1,0.5189688758013864
0,0,0.011899240939927664
0,0,0.005590584783758563
1,0,0.2824061980393163
0,0,0.03292481250392027
0,0,0.010755971212462816
0,0,0.01662745083589509
0,0,0.00809462626514374
0,0,0.02318667256227942
0,0,0.01586373938501083
0,0,0.014521983528575649
0,0,0.012524347423168073
0,0,0.006439934817673534
0,0,0.008168824432756105
0,0,0.012701658324035527
0,0,0.012036442232273868
0,0,0.01975185922600202
1,1,0.9996237902960222
0,0,0.006716438747439269
0,0,0.009237328333037986
0,0,0.00698169015064291
0,0,0.02391319963651294
0,0,0.027397104095386215
0,0,0.013375920955768856
0,0,0.011724279513511928
0,0,0.009013261436778868
1,0,0.3247672537644328
0,0,0.00988754219011086
0,0,0.008479541131829249
1,1,0.9999178358915674
0,0,0.03214158639058682
0,0,0.026749227018737408
0,0,0.013004002073483211
0,0,0.07616463605693624
0,0,0.006396919083864812
0,0,0.020832414584732183
1,1,0.9887675989934781
0,0,0.00396872502307663
0,0,0.009247634292947894
0,0,0.008724182011022798
0,0,0.01018535557931567
0,0,0.01254955749319466
0,0,0.005028997430781847
1,0,0.3649592010418589
0,0,0.029808553371853667
0,0,0.023334470525994754
0,0,0.007444354280117688
0,0,0.0066593590400449605
0,0,0.006649233145987658
0,0,0.018950144038749703
0,0,0.007606508634441745
0,0,0.23535393432403176
0,0,0.005484131106037793
0,0,0.03808526915770191
1,1,0.9994191225575331
0,0,0.004165440328950486
0,0,0.009249595363630469
0,0,0.008245012965505958
0,0,0.009880979107140916
0,0,0.005933695708984041
0,0,0.007992672181268347
0,0,0.0071410240929119335
0,0,0.024706721207150676
0,0,0.011320282561085469
0,0,0.004884791283493928
0,0,0.0070580080334174825
1,1,0.9992835207648808
0,0,0.008465827320214366
0,0,0.023470739985658913
0,0,0.02061894988302444
0,0,0.007912926866744904
0,0,0.00639633743595935
0,0,0.006910451279757388
0,0,0.00766845134155753
0,0,0.014887283819104122
0,0,0.006014099658185522
0,0,0.011769994209756964
0,0,0.00772739367322484
0,0,0.007322490711667082
0,0,0.007346305201054188
0,0,0.006416943670388325
1,0,0.012621821559455269
0,0,0.017566013353667816
0,0,0.008581508817938423
0,0,0.00846868786020536
0,0,0.00683403653068111
0,0,0.006853563393479522
1,1,0.9988812642375929
0,0,0.018380937443486147
0,0,0.016769329848386517
0,0,0.006047034151922716
0,0,0.005206161999923533
0,0,0.013191601270434563
0,0,0.037895203063858574
0,0,0.011809488878327385
1,1,0.936136017540746
0,0,0.024986077455362816
0,0,0.033338360337917115
0,0,0.022266719742666842
1,1,0.9986461017836076
1,1,0.956301212167936
0,0,0.009557315559675926
0,0,0.01010155634390269
0,0,0.005602750087870896
0,0,0.014377791190582315
0,0,0.01016371816098411
0,0,0.012749643764137045
0,0,0.00954991983284113
0,0,0.02064151625106089
0,0,0.008123777693324605
0,0,0.017391856101457718
0,0,0.0131541060460716
0,0,0.019181418798880384
0,0,0.014041060378707558
0,0,0.009487441210898624
0,0,0.040601769559317116
0,0,0.018976473155672923
0,0,0.013306619945419842
0,0,0.008428458644957363
0,0,0.029907880443204832
0,0,0.006185692196669702
0,0,0.009595021695686927
0,0,0.018609963544863394
0,0,0.011385403021300247
0,0,0.005449927964854488
0,0,0.20013386543756714
0,0,0.00883365225505856
0,0,0.006418095565105344
0,0,0.011242747286942321
0,0,0.026884953855161493
0,0,0.010720572564213614
0,0,0.07470004112817276
0,0,0.005514112543373011
0,0,0.01234766083526522
0,0,0.0054074050761246896
0,0,0.016788200889520145
0,0,0.01051335618391309
0,0,0.008611834031843721
0,0,0.015272211193605926
0,0,0.09438930718639499
0,0,0.009120607910735204
1,0,0.22114539706532418
0,0,0.13856997084656786
0,0,0.004721933447121016
0,0,0.02035132552665945
1,1,0.9991976425868534
0,0,0.007925940159243357
0,0,0.02492501496552417
0,0,0.02025521773769276
1,1,0.9996918299933197
0,0,0.015790539126299633
0,0,0.0062649264083620496
0,0,0.00659966057435827
0,0,0.00836056913320468
0,0,0.010736805486200547
0,0,0.01762993344583749
0,0,0.00672955733027317
1,0,0.29814975507155933
0,0,0.010834921857829988
1,0,0.006771260220606911
0,0,0.006781677474520045
0,0,0.019814299235823944
0,0,0.00639513006262328
0,0,0.009278041486192176
1,1,0.6891594686956074
0,0,0.011882933468481556
0,0,0.01204227549158924
0,0,0.01503339715366495
1,1,0.9318285486715485
1,0,0.07443265016811493
0,0,0.04922373196597513
0,0,0.009008132482943923
1,1,0.9996746507122786
0,0,0.010253119784117583
0,0,0.009520530290673448
0,0,0.02506618548330156
0,0,0.006960637780775174
0,0,0.009799947331639408
0,0,0.01840950860523913
0,0,0.04344386855412346
0,0,0.009595404586461813
0,0,0.006593324601797823
0,0,0.020145944825080232
0,0,0.005753900421067336
0,0,0.00816707947892473
0,0,0.005257893917174608
0,0,0.010239207264763923
0,0,0.006253447173198221
0,0,0.007058983809477916
0,0,0.007183026093616888
0,0,0.005162017454500823
0,0,0.009421543315268913
0,0,0.00923721326042719
0,0,0.010747693155898
0,0,0.005112320086480808
0,0,0.008906238491227602
0,0,0.1797535719972445
1,1,0.7708420647336061
0,0,0.009103006202242615
0,0,0.005346020492993331
1,0,0.08905169198572659
0,0,0.012227774311485102
1,1,0.9992986939961184
0,0,0.02259968326335316
0,0,0.01260992050073796
0,0,0.20844615449343662
0,0,0.050162776114471064
0,0,0.016540053511874174
0,0,0.009206608226755569
1,1,0.9870286767778389
0,0,0.0070538438869665624
0,0,0.008353317124386635
0,0,0.061406648357420955
1,1,0.9994877803925709
0,0,0.006195408239121046
0,0,0.005049495862788787
0,0,0.0172289689475533
0,0,0.015938834178957955
0,0,0.007175002294866288
0,0,0.006976363597463036
0,0,0.005345910786853438
0,0,0.011930575223418342
0,0,0.005983562182346733
0,0,0.030590655297272496
0,0,0.01715902477501543
0,0,0.006120110781024736
0,0,0.005318538323488335
0,0,0.009440312736620979
0,0,0.027434071343490705
0,0,0.029672575769910604
1,1,0.9907259725166355
0,0,0.00690788795798891
0,0,0.004890734794897866
1,1,0.9980243380307166
0,0,0.018305544955387498
0,0,0.010308277371804765
0,0,0.033218801578946515
0,0,0.011133817364147949
0,0,0.0061538991621528346
0,0,0.0071446013995014246
0,0,0.0064567666492716886
0,0,0.011907504738423554
0,0,0.008452436341962247
0,0,0.016610333700985573
0,0,0.0317384110273845
0,0,0.022979613713526723
0,0,0.017562263437706723
0,0,0.007423286029069545
0,0,0.01170037485117123
0,0,0.011668600611582841
0,0,0.006058037480965386
0,0,0.02754911997081568
0,0,0.015130806963183047
0,0,0.013670055470892306
1,1,0.9923349150372502
0,0,0.007420046253968586
0,0,0.007212319325577767
0,0,0.012200207557653683
0,0,0.005555154431822187
0,0,0.008303706765784416
1,1,0.9982680881895699
0,0,0.01947172329810422
0,0,0.006234732834002299
1,1,0.990948992828647
1,1,0.9992700026413889
0,0,0.006447784244331404
0,0,0.05485420469516582
0,0,0.008259999683333961
0,0,0.011102194948737492
0,0,0.0070422964768243656
0,0,0.008509477972949812
0,0,0.016821190010970745
1,0,0.008203190547704775
0,0,0.00851316717386552
0,0,0.0070681723370215385
0,0,0.027309374321829883
0,0,0.005037882737560183
0,0,0.02735095042721939
0,0,0.015224430532990826
0,0,0.018313215954890463
0,0,0.013390087698524417
0,0,0.006626082317346558
0,0,0.0077840906973949105
0,0,0.01648806203185295
0,0,0.052609725157534586
0,0,0.004870420753430349
0,0,0.009585522643984452
0,0,0.012989631304847185
0,0,0.012297381193952012
0,0,0.013687889255901637
0,0,0.059824930584880205
0,0,0.009411468918720849
0,0,0.006419649141538646
0,0,0.015240471693651763
0,0,0.0070792773559240395
1,1,0.7292776313501277
1,1,0.6245345659721498
0,0,0.010591684932071249
0,0,0.008004060165006368
0,0,0.005269304487567413
0,0,0.005898577196708029
0,0,0.01054674128041892
0,0,0.13744289640552798
0,0,0.09589835976923702
1,1,0.998897808670572
0,0,0.00738967211642042
0,0,0.008104635422613433
0,0,0.012681339671341175
0,0,0.01358779139234538
1,1,0.999402543234919
0,0,0.007834910838347265
0,0,0.03523245350275087
0,0,0.008601822631745516
0,0,0.006127551697429382
0,0,0.007663371145034354
1,1,0.9991809112441187
0,0,0.007981420377250569
0,0,0.005915897711218371
0,0,0.01123243118604893
0,0,0.015215786469995196
0,0,0.2646127297651733
1,1,0.9985854190408479
0,0,0.054886434757082304
0,0,0.017463393468385765
0,0,0.00751357808429575
0,0,0.011842074103078772
0,0,0.006932011055333147
0,0,0.0137441210401336
0,0,0.012914504226824192
0,0,0.006390081967576653
0,0,0.02570891001364075
0,0,0.014704543315520242
0,0,0.012570630277456503
0,0,0.016725513442060736
0,0,0.013189377373239986
0,0,0.006074340875126712
1,0,0.4795786808318318
0,0,0.011251287884940552
0,0,0.23857785994867461
0,0,0.008018631537824396
0,0,0.017036976783330476
1,1,0.9983026946781257
0,0,0.043962538478309145
0,0,0.008516481695995472
0,0,0.012648876800755977
1,0,0.3328789400869925
0,0,0.051672055507356054
0,0,0.006253600882657074
0,0,0.005666409941249164
0,0,0.011690102842060447
0,0,0.15005441365603428
0,0,0.013269328404685138
0,0,0.0032734522809970057
0,0,0.007825869657620338
0,0,0.015185275789111267
0,0,0.11304609794199157
0,0,0.008421919618638429
0,0,0.004098506846653963
0,0,0.1737911659245101
0,0,0.3677101739409318
0,0,0.00828462745677171
0,0,0.006186761225927903
1,0,0.11081366555545664
0,0,0.008959713261269686
0,0,0.005882773068585332
0,0,0.009043854813381018
0,0,0.008260964994478657
0,0,0.004633955051289827
0,0,0.02431844895960847
1,0,0.15697251563228126
0,0,0.0155289352481008
0,0,0.007396428868389538
1,1,0.5625340679925852
0,0,0.006075374119724942
0,0,0.007133313299878052
0,0,0.014711246496397443
0,0,0.0117469941009747
0,0,0.00959493008922539
0,0,0.008327435634141215
0,0,0.005613832293434789
0,0,0.014842485395615515
1,0,0.2433269629413409
0,0,0.03982787136658112
1,0,0.07528418575160217
0,0,0.057759722658726635
0,0,0.009523672376745694
0,0,0.07838186605403816
0,0,0.009133133515787942
0,0,0.008347684621677441
1,0,0.2670372299052101
0,0,0.007109328210124793
0,0,0.025569105300170564
0,1,0.7996845180069063
0,0,0.02773559343886742
0,0,0.10217974222437533
0,0,0.005988523617677231
1,1,0.9997182737953836
0,0,0.0061976707321947135
1,0,0.021765871499767855
0,0,0.16338289364108324
0,0,0.007676459972469729
0,0,0.00900400389539078
0,0,0.010840801292514239
0,0,0.006556418076708879
0,0,0.03242162387147038
0,0,0.006861568639977771
0,0,0.01576459873182227
0,0,0.00812022766242079
1,1,0.9997954882305994
0,0,0.01615465181983145
1,0,0.0798057359985035
0,0,0.04595507903410705
0,0,0.20767582752523922
0,0,0.01475650739724217
0,0,0.006042553473770731
0,0,0.006027345190289734
0,0,0.09022292059127374
1,1,0.9978839267723129
0,0,0.2679503197953727
0,0,0.013168975139783547
0,0,0.013302507324728777
1,1,0.6103781208558076
1,1,0.9824853644999428
0,0,0.006821897270390885
0,0,0.015826206904510785
0,0,0.01178106345676795
0,0,0.04047623980296265
0,0,0.0065259911373362995
0,0,0.01988123883501648
0,0,0.019391978424734214
0,0,0.05299216846443743
0,0,0.00883365225505856
0,0,0.006749315737004745
1,1,0.9964510750622064
0,0,0.008427976194341819
0,0,0.008573735664927057
0,0,0.03496630831583127
1,1,0.559131630233835
0,0,0.006662934238088604
1,1,0.9893502839094863
0,0,0.010036988351539846
0,0,0.00783733969421403
0,0,0.056667605422820316
0,0,0.006322432556069711
0,0,0.00894729595179796
0,0,0.014137278218834098
0,0,0.009597381086143634
0,0,0.015693327740067323
0,0,0.011828255623919828
0,0,0.007042250723155742
0,0,0.009097978647702405
0,0,0.0043523492038320686
0,0,0.29907457895751255
0,0,0.02108587904974299
0,0,0.020473911781319354
0,0,0.00710992085340896
0,0,0.007737198273282644
0,0,0.04678554062269357
0,0,0.0055647963482084156
0,0,0.18020831608469026
0,0,0.012235032795926722
0,0,0.031846861765614395
0,0,0.006154778426689709
1,1,0.9990718794892016
0,0,0.006736758675122791
0,0,0.014792853830242226
0,0,0.008766384087205767
0,0,0.034624560487880277
0,0,0.0074906807799500355
0,0,0.03684792423550775
0,0,0.10037560430948153
0,0,0.004345250451954841
0,0,0.025545173581354275
0,0,0.004729813036396622
0,0,0.004926714941399834
0,0,0.13761512908114615
0,0,0.004574300379089761
0,0,0.17048239786755925
0,0,0.011775173939375655
0,0,0.0067406896656694625
0,0,0.006506883095919551
0,0,0.00761980024374071
0,0,0.03166157683548443
0,0,0.00789415017962287
0,0,0.004232198513961034
0,0,0.007549957298398469
0,0,0.011270604073475729
0,0,0.019198867319264033
0,0,0.02651773263000327
1,1,0.9964632950688666
0,0,0.006331099170936431
0,0,0.18133194573422196
1,1,0.9986015901606841
0,0,0.013314262482971876
0,0,0.016105422025909033
0,0,0.008942413120784974
0,0,0.008835426409072911
0,0,0.013546718082283197
1,1,0.8118417363525771
1,0,0.017992412877861713
0,0,0.032617303468164084
0,0,0.010470361680370525
0,0,0.03370725138963466
0,0,0.00471302065470165
0,0,0.012687449112338819
0,0,0.006444862914993935
0,0,0.013716841171063393
0,0,0.00812245236336791
1,0,0.08591541563320258
0,0,0.11251171990614528
0,0,0.008654545820903956
0,0,0.005115246572108802
0,0,0.48843553732683503
0,0,0.033923657636285576
0,0,0.009737619633976864
1,1,0.9975474195609214
0,0,0.026855002509883468
0,0,0.015727527705985227
0,0,0.16540341395394464
0,0,0.008312391022259571
0,0,0.008427823032708677
0,0,0.008040344587126557
0,0,0.024689250783446342
0,0,0.02935506431544973
0,0,0.007557676821766497
1,1,0.9989293131949961
0,0,0.008678236802864017
1,0,0.3273221281901039
0,0,0.03130354124641382
1,0,0.008259001605564602
0,0,0.007849345703491148
0,0,0.007413687940898776
0,0,0.019827605098416544
0,0,0.007396402351486108
0,0,0.026376687887471755
0,0,0.007545972342348097
0,0,0.27085190262341596
0,0,0.005036000941454947
0,0,0.005334322079078647
0,0,0.00458314553648091
0,0,0.10907525336164839
0,0,0.043096445599609665
0,0,0.007554608058021017
0,0,0.06623532694452365
0,0,0.02262891925025269
0,0,0.004555261319542067
0,0,0.007077270166889698
0,0,0.006040945185833514
0,0,0.011558532244578621
0,0,0.012619409629744333
0,0,0.08816706114648075
0,0,0.009139740279956052
0,0,0.008669160848834819
0,0,0.02852898684965032
0,0,0.005390168129997201
0,0,0.006114678197763615
0,0,0.012778187205137908
0,0,0.007429336049518788
0,0,0.007082368778380911
1,1,0.997732305254457
0,0,0.0062602268571460016
1,1,0.9993680555074607
0,0,0.02501649217913693
0,0,0.006957705276234384
0,0,0.023313489412763767
0,0,0.007757472444559111
0,0,0.00561237630113297
0,0,0.03046732370437542
0,0,0.013249704220161475
0,0,0.00437479197881985
0,0,0.007934269245324364
1,1,0.9991277455122364
0,0,0.012388443975100897
0,0,0.017063761830561564
0,0,0.01435170696058406
1,1,0.9980114612916596
0,0,0.021522051427369803
0,0,0.005597529608947839
0,0,0.007201059893232855
0,0,0.47608706523347116
0,0,0.026294085795046107
0,0,0.009687178703525229
0,0,0.09901266264609881
0,0,0.009994497438642948
0,0,0.008889488864914441
0,0,0.006716176180196282
0,0,0.011518635486090589
0,0,0.005312255126994074
0,0,0.29907457895751255
0,0,0.26962548538763687
0,0,0.018289656032017588
0,0,0.021232912965704343
0,0,0.0063671994509382915
0,0,0.007092418912689946
0,0,0.006993996573429496
0,0,0.006795943500312753
0,0,0.012354793835999958
0,0,0.21122929056379824
0,0,0.006058187366174885
0,0,0.0068890919491494725
0,0,0.02240024814746365
0,0,0.005404799117536699
0,0,0.014067962307614501
0,0,0.19003404580940092
1,1,0.998748157498252
0,0,0.017824910134122733
0,0,0.005887474870549046
0,0,0.006058305401006199
0,0,0.037288696967732925
0,0,0.014840220155774561
0,0,0.00937494745095642
0,0,0.021160309078321282
0,0,0.014097981466674393
0,0,0.00844571203160415
0,0,0.010453990540736178
0,0,0.017675137563680984
0,0,0.03614201202314522
0,0,0.1284258261435863
1,1,0.999191458504479
0,0,0.023503043069932616
1,1,0.9985591226583357
1,1,0.9991229740188577
1,0,0.27464733346519826
0,0,0.007526335979940949
0,0,0.008643095500634381
1,1,0.9796236132690749
0,0,0.013754679214827063
0,0,0.008876175887615296
0,0,0.10701713645983524
0,0,0.009648931102096492
0,0,0.012838619397921441
0,0,0.03452948801372165
0,0,0.005826347983910022
0,0,0.010099661312656714
0,0,0.0075706651646608985
0,0,0.007068807849712754
0,0,0.009362487986608261
0,0,0.016651873362770606
0,1,0.8703656115245806
0,0,0.022426301215145435
0,0,0.006855845585342838
0,0,0.012591307578885897
0,0,0.01826342406896152
1,0,0.49911525703831616
0,0,0.008307382806470033
1,1,0.998357676992224
0,0,0.013269328404685138
1,0,0.2389184039526675
0,0,0.0068449158805824195
0,0,0.0117825047092289
0,0,0.006383115710480791
0,0,0.005459586149790866
0,0,0.009874794681953897
0,0,0.00754861294311387
0,0,0.007401944439185644
0,0,0.012771009509806716
0,0,0.012843524766176258
0,0,0.47577500924498817
0,0,0.011405483226607008
0,0,0.008545907301930665
0,0,0.007505466321957412
0,0,0.008543651442292551
0,0,0.007534383156478826
0,0,0.0069458863026189135
0,0,0.015102512843227549
0,0,0.011893807883471136
0,0,0.008031345088684446
0,0,0.006607671161923879
0,0,0.006670825090333651
0,0,0.008070196375296702
0,0,0.014422307048312667
0,0,0.008352500454262196
0,0,0.006462195155385491
0,0,0.017663554816777883
0,0,0.008555566611435913
0,0,0.04442824472773588
0,0,0.005467010003574145
0,0,0.00716880857830436
1,0,0.49284939048835963
0,0,0.005567225336111345
0,0,0.16139335242270186
0,0,0.006998957644867781
0,0,0.02001572349929182
0,0,0.007066092002606127
0,0,0.025531966701730267
0,0,0.008963185761175394
0,0,0.006273527612404066
0,0,0.007891943087996081
0,0,0.02581839935876549
0,0,0.006866598405000969
0,0,0.013430120141201658
0,0,0.015900755740216575
0,0,0.03456296943634481
0,0,0.01197449057188362
0,0,0.009823841349086202
0,0,0.005007224699293346
0,0,0.006362833874448872
1,0,0.08055164604680302
0,0,0.007041367860613144
0,0,0.013459121287862521
0,0,0.030953565178658878
0,0,0.014880751983857746
1,0,0.4838788115395878
0,0,0.02126933926302648
0,0,0.006508365226915061
0,0,0.018563200407018934
0,0,0.014317671347400158
1,1,0.9176336122900836
0,0,0.016336437990501725
0,0,0.1512766579906912
1,1,0.990948992828647
1,1,0.9967160106635649
0,0,0.0091879467460422
0,0,0.008467368651746838
0,0,0.004632000501429461
0,0,0.045484975722571444
0,0,0.01011804965044527
1,1,0.9867582257763516
0,0,0.007232158099547232
1,1,0.8414001239799496
0,0,0.007488416494992915
0,0,0.027369226710857973
0,0,0.00902785104834613
0,0,0.014723980453615521
0,0,0.007885561758086128
0,0,0.01306770016093022
0,0,0.007164009237437528
0,0,0.01215635481144288
0,0,0.017568400486877158
0,0,0.009735776005108734
0,0,0.007696476931998148
0,0,0.20702535242571138
0,0,0.005270713749325153
0,0,0.05461817965900847
0,0,0.009965275024378172
0,0,0.012144758026979645
0,0,0.005746134107274594
0,0,0.02108594302656449
0,0,0.1312620237178359
0,0,0.007308842116330696
1,1,0.9988467775347087
0,0,0.005926515965009734
1,1,0.9986238485688959
0,0,0.01823304866000961
0,0,0.008145978152202695
0,0,0.01528607557499123
0,0,0.007138231392214141
0,0,0.007723131850992509
1,0,0.32779350717633654
1,1,0.9984121934983525
0,0,0.016103554248813465
0,0,0.006962385892895197
0,0,0.024577111588675277
0,0,0.0066690852265658815
0,0,0.0057105634731301575
0,0,0.010673973386817862
0,0,0.012481703881653672
0,0,0.01776096317676797
0,0,0.022568955959960262
0,0,0.0070553241291091496
1,0,0.10334105412464314
1,0,0.2986393093963986
0,0,0.016474141639415345
0,0,0.007064885128446838
0,0,0.007002085103145465
0,0,0.0057403937916644466
0,0,0.0131280634416033
0,0,0.007089844134503056
0,0,0.007863761941034839
0,0,0.021141578317935842
0,0,0.015565404952229014
0,0,0.006540857712448566
0,0,0.010077247828125144
0,0,0.009440452659214784
1,0,0.10819526307450635
0,0,0.023211195078191
0,0,0.006307338626375065
1,1,0.8594707491414512
1,1,0.8773993704203764
0,0,0.005657441516361141
0,0,0.007150757002817853
0,0,0.005831526041956137
0,0,0.006707294174059999
0,0,0.004537113579633115
0,0,0.04816445439749494
0,0,0.012089162367654853
0,0,0.00559097524317819
0,0,0.1021144022655503
0,0,0.014581807677319508
0,0,0.006821064035469241
1,1,0.6988064850859343
0,0,0.009797739969079683
0,0,0.03131038516461546
0,0,0.014515389601339412
0,0,0.006982704588025622
0,0,0.012140960812865996
0,0,0.023158345017314483
1,1,0.999366238714399
0,0,0.007675710199879071
0,0,0.011105391336147345
0,0,0.007427445058314768
0,0,0.03250738346148481
0,0,0.0075271612226670845
0,0,0.030808010163295107
0,0,0.01726117559953662
1,1,0.9878870640125967
0,0,0.08930107809716041
0,0,0.011127834618718186
0,0,0.01283341943102564
0,0,0.00440756618281868
0,0,0.03126122898867903
0,0,0.005481551698320793
0,0,0.008532046262885075
0,0,0.00593019640711758
0,0,0.008432541594273993
0,0,0.005906479888749752
0,0,0.028294061372663038
0,0,0.016764726772005835
0,0,0.005649108645309743
0,0,0.009846853327988257
0,0,0.008379414994615832
0,0,0.005374636498496627
0,0,0.0069520412456006535
0,0,0.007023934881654949
0,0,0.008444887201589453
0,0,0.016853932683692216
0,0,0.0076966988542293896
1,1,0.9924852279663042
0,0,0.014118728938341702
0,0,0.00777850807773116
0,0,0.042566105413048526
0,0,0.009407634678544934
1,1,0.979353648261811
0,0,0.009713766882883952
0,0,0.007508403481934165
0,0,0.007128944317017787
0,0,0.10385726826011821
0,0,0.019757657240055324
0,0,0.015624867329474207
0,0,0.014910698388996453
0,0,0.010155388741241824
0,0,0.01347778095691007
0,0,0.024724098097515492
0,0,0.006002208902468773
0,0,0.4499385162790186
0,0,0.10823873621575583
1,0,0.02780179251166889
1,1,0.9983026946781257
0,0,0.014324688832495833
0,0,0.0045168647428102775
1,1,0.9991032859268235
0,0,0.028119697771420017
0,0,0.006640182372721175
0,0,0.0076533785270538265
1,1,0.9844906011308363
0,0,0.01090034963578335
0,0,0.02136556211139935
0,0,0.005441338335158632
0,0,0.005637992215415263
0,0,0.05466608103044051
0,0,0.02614066024895088
0,0,0.007375157791247606
0,0,0.00870700408946193
0,0,0.016960437882321266
0,0,0.014518331519903309
0,0,0.13498080692004638
0,0,0.023211195078191
0,0,0.012072886658838197
0,0,0.13136135007471636
0,0,0.006984080814086791
0,0,0.01497746250003185
0,0,0.0067787796183466234
0,0,0.015132575054111263
0,0,0.012717703265630882
0,0,0.010660090424009536
0,0,0.01144284925766615
0,0,0.007886115867946044
0,0,0.040011226249234706
1,0,0.08470515919259036
0,0,0.03504315161023712
0,0,0.009315990992999054
0,0,0.013763332450012818
0,0,0.007657404852471889
0,0,0.007490368533630376
1,1,0.9982232070646172
1,1,0.9997331397012382
0,0,0.006176782328205437
0,0,0.012522607519226328
0,0,0.022698079279378405
1,1,0.591517249178078
0,0,0.006925045129353804
1,0,0.3249818253443086
0,0,0.004986293053003192
0,0,0.007896979612027748
0,0,0.004682042472023525
0,0,0.009824319785243575
0,0,0.009406385967538013
0,0,0.020282476819155047
0,0,0.00834150895866386
0,0,0.011502364925666092
0,0,0.006388404372954054
0,0,0.3303973782938366
0,0,0.0080072267175785
0,0,0.009824319785243575
0,0,0.013202419054555636
0,0,0.008607080076687024
0,0,0.0057729345786885706
0,0,0.008688055192146793
0,0,0.008201053618049507
0,0,0.04645095118215695
0,0,0.0048879105344201545
0,0,0.0043271782472878466
0,0,0.007564575316050149
0,0,0.020081622619653034
0,0,0.007205237022217713
1,0,0.21048996576788068
0,0,0.007706128110476268
1,0,0.46733673665652936
0,0,0.025005194673930944
0,0,0.006949873900369592
1,0,0.00966417386445807
0,0,0.006255311602577437
0,0,0.010799819811636082
0,0,0.16343094323265597
0,0,0.014815809408068335
0,0,0.005910977909394309
0,0,0.0057074910502573125
1,1,0.5142725979547377
0,0,0.3950525025769881
0,0,0.024792980783701166
0,0,0.004611418317476475
0,0,0.006236887437155695
0,0,0.005987505478214575
0,0,0.006932415961983313
0,0,0.01004491515128094
0,0,0.007716677713867476
0,0,0.009327986835503045
0,0,0.006271969779525242
0,1,0.6328624636592666
0,0,0.012471821667208836
0,0,0.016132028730028936
0,0,0.00941037534687776
0,0,0.007589772806613342
0,0,0.006444862914993935
0,0,0.013357096426663896
0,0,0.05162331990925923
0,0,0.008361267018601059
0,0,0.019775530015041842
0,0,0.009209043252048871
1,1,0.9992220836863485
0,0,0.006462182239553856
0,0,0.00560648626192092
0,0,0.027995515562146352
0,0,0.006464226144439272
0,0,0.157273902191987
0,0,0.027417490007376002
0,0,0.010069358114982007
0,0,0.00837408497365472
0,0,0.011919101565868883
1,1,0.9944269704198336
0,0,0.013706844333644663
0,0,0.025105308559107645
0,0,0.010978024124851575
0,0,0.04362455288717519
0,0,0.024788417775468297
0,0,0.014684901409659543
0,0,0.007089112084766249
0,0,0.14284405491126245
0,1,0.5539528987984302
0,0,0.023612894620232625
0,0,0.010509329461783193
0,0,0.009630290369253806
1,1,0.9997444440290694
0,0,0.014801746227970636
1,1,0.5733400159780426
0,0,0.08905169198572659
0,0,0.00852392613323749
0,0,0.011543685216317557
0,0,0.007321251323287101
0,0,0.007355934911462067
0,0,0.010498697110174496
0,0,0.010276975373449088
0,0,0.007297002093295869
0,0,0.007082019331071481
1,0,0.014688240039555616
0,0,0.010901713573992172
0,0,0.011216726667380448
0,0,0.016566857674445348
0,0,0.007235750346076992
0,0,0.007770657140288032
0,0,0.005361189538031701
1,1,0.9951052486597802
0,0,0.009064187647938659
1,1,0.9993230571118089
0,0,0.007787849660535344
0,0,0.01137409372510476
0,0,0.006382184922199838
0,0,0.010499594060811572
0,0,0.01184506272273457
0,0,0.010576265217691373
0,0,0.018323342904833655
0,0,0.005680789811017455
0,0,0.016583657999120746
0,0,0.010061011394999148
0,0,0.004661049406378087
0,0,0.024711685151395532
0,0,0.00784207158484666
0,0,0.006591815157739547
0,0,0.007453292224761166
0,0,0.007545290028883391
0,0,0.010422406608033452
0,0,0.035760382930650425
0,0,0.008091559113323538
0,0,0.011505619766347671
0,0,0.0046506422706473
0,1,0.8505481787228505
0,0,0.00860951192129432
1,1,0.996087633889288
0,0,0.048974501462308404
0,0,0.028654697167720775
0,0,0.009462073599627297
1,1,0.9915841339350564
0,0,0.019895476115646484
0,0,0.0186625775956593
0,0,0.021731257331996483
0,0,0.03703810016279138
0,0,0.03664979041115764
0,0,0.011946942933896953
0,0,0.007723100349618815
0,0,0.0057714499662322016
0,0,0.014510245307433564
0,0,0.006920720380236213
0,0,0.021493128557330814
0,0,0.014287997543947141
0,0,0.007593634951480663
0,0,0.005967418909607641
0,0,0.007812461811099536
0,0,0.023807806790420955
1,1,0.9987266485717653
0,0,0.009199275840438335
0,0,0.006322278366393466
0,0,0.006556292038176748
0,0,0.006045180767850983
0,0,0.005412555796896798
0,0,0.017826766344761123
0,0,0.004761121805608548
0,0,0.010023372441750037
0,0,0.02228362350210329
1,1,0.6446254805155193
0,0,0.08642559607701167
0,0,0.434895546305225
0,0,0.1624111775402155
0,0,0.11773763415219857
0,0,0.030334092365313113
0,0,0.013307763370791101
1,1,0.9982666977625408
0,0,0.013645381036048433
0,0,0.010471328039654079
0,0,0.007273256754859214
0,0,0.01190984565979632
1,1,0.9915841339350564
0,0,0.008981644511458728
0,0,0.031774375567014235
0,0,0.005911533754173824
0,0,0.036899826167846636
0,0,0.013017640622428286
0,0,0.024463580580801975
1,0,0.02589119512008782
0,0,0.005859280329911864
0,0,0.02258928724826603
0,0,0.010442783684791462
0,0,0.030983154957814445
0,0,0.007325754620174268
0,0,0.0637790221122671
0,0,0.008114270546443767
0,0,0.006994859045469893
0,0,0.005215370225772475
0,0,0.012635524365072585
0,0,0.09610861087279675
0,0,0.006358564417253471
0,0,0.006164537152653742
0,0,0.007644049101446288
0,0,0.005029813287441432
0,0,0.017975367429509857
0,0,0.009898658097975731
0,0,0.006336985694015332
1,0,0.44246611489913024
0,0,0.008549724364249495
0,0,0.014909915825955435
0,0,0.022481879981894284
0,0,0.014591802241254398
0,0,0.019360373453125173
0,0,0.005995072049950653
1,1,0.9898160038257767
0,0,0.4746105557852373
0,0,0.010592946943913646
0,0,0.005338925841842092
0,0,0.007734419924429565
1,1,0.9983026946781257
0,0,0.005415237238708193
0,0,0.008583067164837732
0,0,0.012447450286820417
0,0,0.004926714941399834
0,0,0.017611586439625758
0,0,0.021682522081975027
0,0,0.006124427535783282
0,0,0.015715079144035575
0,0,0.008988570711953438
0,0,0.006069061031079748
0,0,0.013757392309529761
0,0,0.006244981485937904
0,0,0.025963999043297135
1,1,0.9947179931386294
0,0,0.009247933178577488
0,0,0.005901181621567796
0,0,0.005986237606464719
0,0,0.020937893523059678
0,0,0.012387955021176303
0,0,0.006124774853806397
0,0,0.02207599629836102
1,1,0.9780326527791431
0,0,0.014005096289853653
0,0,0.018654536006946262
1,1,0.9913595345683244
0,0,0.007095097801909162
0,0,0.004768922312279008
0,0,0.0058505899888248525
0,0,0.020295355287976012
0,0,0.01000045664301464
0,0,0.005062640694892623
0,0,0.004432039783909459
0,0,0.039745273050276385
0,0,0.009649280828812255
0,0,0.006337667751761174
0,0,0.42330855264310363
0,0,0.016304635058818403
0,0,0.005926405704517703
0,0,0.005966979098439301
0,0,0.008777683392009851
0,0,0.009954135473820305
1,1,0.9345709296094468
0,0,0.04350453850085532
0,0,0.021820749402205495
0,0,0.03873429483781359
0,0,0.006040682798772783
1,0,0.27029464616114796
0,0,0.0054929506213874145
0,0,0.006087562427271118
0,0,0.0784330155660566
1,1,0.9991916545972347
0,0,0.013864108820540596
0,0,0.007515923265091676
0,0,0.007290073421382034
0,0,0.015552116427786
0,0,0.029813596998114804
0,0,0.009786071607006848
0,0,0.22018632379450084
0,0,0.011301008609817607
0,0,0.006835532108917026
0,0,0.006747073231316278
0,0,0.005876571100715991
0,0,0.038110547424711906
0,0,0.00627234827251188
0,0,0.011638708443369884
1,1,0.9942352116064072
0,0,0.008492049866044174
1,1,0.9987682100015614
0,0,0.006283048055977099
0,0,0.008123777693324605
0,0,0.018893848279615266
0,0,0.0064263216678197765
0,0,0.011102822513552537
1,0,0.2590675184539761
0,0,0.3030600342994179
0,0,0.013989984394233407
0,0,0.007153364735855938
0,0,0.007270497625202027
0,0,0.00861577406356025
0,0,0.006253811782415732
0,0,0.01229790385081566
0,0,0.00805801315166135
0,0,0.006164190918279302
0,0,0.007664467472709629
0,0,0.017176734165817928
0,0,0.026693341380908484
0,0,0.009085458048786677
0,0,0.006102806493320433
0,0,0.012748403472202414
0,0,0.02223295689849322
0,0,0.007719985849164299
0,0,0.09892508331499869
1,0,0.33605410594052215
1,1,0.916256038145661
1,1,0.997732305254457
0,0,0.019789503858096292
0,0,0.005790566304224789
0,0,0.006918027745539114
0,0,0.046538998582732555
0,0,0.04943699149922385
0,0,0.03511739295592749
0,0,0.03385742628396801
0,0,0.00745075260213608
0,0,0.0090081633655513
0,0,0.012323469546179945
1,0,0.45665889147616806
0,0,0.010615572745599771
0,0,0.02593782630241417
0,0,0.006221636211999904
0,0,0.008913506763899726
0,0,0.007058362783205423
0,0,0.007630294334648559
0,0,0.011351936929646896
0,0,0.09838359208853499
0,0,0.009969623025266664
0,0,0.030413463640142725
0,0,0.012496056821097572
1,1,0.99710218739847
1,0,0.449531149174765
0,0,0.021902217832996933
0,0,0.007402812800035987
0,0,0.009158150944136198
0,0,0.007449986766393067
0,0,0.010870094559644656
0,0,0.010197498156338629
1,0,0.33185660566118835
0,0,0.013542988344984172
0,0,0.22232509621226587
0,0,0.008901835337031669
0,0,0.004804599455236774
0,0,0.006337379453845407
0,0,0.005715618571999002
0,0,0.0057530196268861964
0,0,0.008356823271062545
0,0,0.01820320156080837
0,0,0.006921121416249412
0,0,0.011558502082356497
0,0,0.008608059783280435
1,0,0.343878153194179
0,0,0.007994850805767702
0,0,0.0071483981444244345
0,0,0.02207896304187417
0,0,0.007659169477908788
0,0,0.006905801842018351
0,0,0.006580407837574506
0,0,0.005841518831951213
0,0,0.02171237677249579
0,0,0.03385742628396801
0,0,0.008017128708561673
0,0,0.013342351888562065
1,1,0.9986238485688959
0,0,0.00693773983342023
1,1,0.998350231405984
0,0,0.010589998119021983
1,0,0.006060114064231207
0,0,0.04135390256666908
0,0,0.02413728609849241
0,0,0.009085061329537632
0,0,0.005200215831174322
0,0,0.023659933201059944
0,0,0.016474141639415345
1,1,0.996897051520775
0,0,0.00913784610187896
0,0,0.009434771696506835
0,0,0.004052073718322109
0,0,0.004520186321319076
0,0,0.018936240979467955
0,0,0.02822374073027424
1,0,0.09050186844450063
0,0,0.005748160436375337
0,0,0.01154603063928533
0,0,0.017435637304768152
0,0,0.034716162970172965
0,0,0.007604953715664931
0,0,0.01141653209245793
0,0,0.008418492037382425
0,0,0.009677973391125281
1,1,0.9987693761892894
1,1,0.9980615568613904
0,0,0.17728169074365224
0,0,0.008733175318881152
0,0,0.005118061928678004
0,0,0.006041404478767539
0,0,0.0070353095223129394
0,0,0.011645145276594441
0,0,0.005046835158619389
0,0,0.004929488159606948
0,0,0.013236436593688727
0,0,0.009002618195912462
0,0,0.009438795024447192
0,0,0.025528342726393184
0,0,0.015493470608231516
0,0,0.00576802005988673
0,0,0.07025871542433744
0,0,0.007194247339755948
0,0,0.012970155796813312
0,0,0.019031167931654047
0,0,0.006470653666710735
0,0,0.009564268151688626
0,0,0.006577905520210113
1,1,0.9199997592754787
0,0,0.0077357170704828665
0,0,0.007553686572068527
0,0,0.00792063000574323
0,0,0.004583981899118948
0,0,0.19184197919674859
0,0,0.13371050504685308
0,0,0.006982107886650952
0,0,0.012560723103740574
0,0,0.010259851000889617
1,1,0.9993265292701593
0,0,0.012714306850429416
0,0,0.008524515551879249
0,0,0.009189882428938104
1,0,0.1748229285338634
0,0,0.025121292492435332
0,0,0.009743514719310887
0,0,0.006206425937255603
0,0,0.04217523968469033
0,0,0.008554410727713131
0,0,0.009639261024857907
0,0,0.004778266251841948
0,0,0.04294739301003336
0,0,0.007373487776626117
0,0,0.006517685368661158
0,0,0.010574662646109043
0,0,0.1864493642132625
0,0,0.15025545964339973
0,0,0.22232509621226587
0,0,0.006305088606755613
1,1,0.9991235870933399
0,0,0.00709501537583492
0,0,0.005627766060832742
0,0,0.04060429589961806
0,0,0.007556473070476468
0,0,0.0159382986649345
0,0,0.14829428332502165
0,0,0.1026289816064883
1,0,0.033875368333632826
0,0,0.0062226334470336314
0,0,0.011567195118130693
0,0,0.007985040480778088
0,0,0.00682032495660511
0,0,0.024444992051109414
0,0,0.010775070032305874
0,0,0.008646585199612223
0,0,0.021157127741661397
0,0,0.006152819431335038
0,0,0.022881347098542604
0,0,0.010171133725898174
0,0,0.007423576234597799
0,0,0.013963031607956084
0,0,0.00555995376412993
0,0,0.013304552338119308
0,0,0.020825957113717836
0,0,0.01960309362049832
0,0,0.012076972454550729
0,0,0.009424896995867212
0,0,0.0074314884676777455
0,0,0.02329877422622657
0,0,0.011957495700361424
0,0,0.011791583954722558
0,0,0.02529444614393181
0,0,0.1599312006849597
0,0,0.054440388049684985
0,0,0.00786026531309461
0,0,0.005319145751680494
0,0,0.010882040180014176
0,0,0.005495392853056548
0,0,0.006503769531942621
0,0,0.006397768568013743
0,0,0.011024916129876317
0,0,0.006040786564086125
1,1,0.5142725979547377
0,0,0.005189247833511728
0,0,0.010595165171805108
0,0,0.00888679383929982
0,0,0.007566824717809722
0,0,0.005420051753276108
1,0,0.17294527100063073
1,1,0.9992470807894567
0,0,0.009537475720009033
1,1,0.9493864852419156
0,0,0.007874801248222093
0,0,0.005047687940387528
0,0,0.00812540352305285
0,0,0.008294484806205638
0,0,0.010692998225980136
0,0,0.005467470249249898
0,0,0.005292735038974626
0,0,0.008810777186615739
0,0,0.011651034618242379
1,1,0.9998630366330205
0,0,0.0066218861677839495
0,0,0.014876946468446995
0,0,0.007197767482294405
0,0,0.0077194965280703316
0,0,0.008321227441526921
1,1,0.9916263585682328
0,0,0.0709669479188561
0,0,0.007539462633306742
0,0,0.01376476573649118
1,0,0.13809061793810867
0,0,0.004513103344154238
0,0,0.005752506759581933
0,0,0.009344798956967448
0,0,0.007730082231347376
1,1,0.9998455378290932
0,0,0.04529560913621908
0,1,0.5501093461744931
0,0,0.007074884816493735
0,0,0.03230007018707415
0,0,0.005689732536929045
0,0,0.007378524546867446
1,1,0.9964942982686507
0,0,0.005670692901979238
0,0,0.020332270696245554
1,1,0.9999281744568111
0,0,0.005541923752707307
0,0,0.006282771210620325
1,1,0.9463770780988571
0,0,0.0103001238240305
0,0,0.007664467472709629
0,0,0.006288836657468119
0,0,0.015313671965567315
0,0,0.009530001206529195
0,0,0.005670865222156308
0,0,0.09415286152084522
0,0,0.005674353083928663
0,0,0.011574970697091935
0,0,0.02039098063415504
0,0,0.07086314346847968
0,0,0.0064016833291629825
0,0,0.008276396514265205
0,0,0.08353440419178793
1,1,0.9876913665562121
0,0,0.010395903980383935
0,0,0.007132880408553114
0,0,0.007820845351135636
1,1,0.9752611746497687
0,0,0.00867783483587384
0,0,0.013663122775493926
0,0,0.10635662358022856
0,0,0.005428309607412991
1,1,0.999026305106818
0,0,0.019155531542707348
0,0,0.02687649773940648
0,0,0.032660646183755325
0,0,0.007342083691022988
0,0,0.03378081237667118
0,0,0.012575676961863855
0,0,0.008402098134603892
0,0,0.022930664563979748
0,0,0.005953027639863853
0,0,0.007327906551049314
1,1,0.9821063489173877
0,0,0.005579549809456709
0,0,0.014758080238093878
0,0,0.006526207588767619
0,0,0.007356723510740423
0,0,0.08648348740962891
0,0,0.01900288791123685
0,0,0.010885301945089236
0,0,0.007274815349556835
0,0,0.009293305864901373
0,0,0.00924116130632756
0,0,0.008677591884040298
0,0,0.005643503374820855
0,0,0.20121862803384516
0,0,0.05371904941685368
0,0,0.058815606487984215
0,0,0.012772113648966547
0,0,0.009948628910229886
0,0,0.011675875299314542
0,0,0.02175974011894583
0,0,0.008291609426881461
0,0,0.00686708068803398
0,0,0.00809462626514374
0,0,0.006492783765737327
0,0,0.005411949209437387
0,0,0.009176377105468531
0,0,0.1340323586955456
0,0,0.006596287812782558
0,0,0.005934624551329832
0,0,0.007059220875498428
0,0,0.0072066891949048
0,0,0.03428233584429529
0,0,0.005589692599902622
0,0,0.009047206199456566
0,0,0.006509166556020756
0,0,0.007397651543397228
0,0,0.005729585278590769
0,0,0.005894674198307513
0,0,0.035523210278197534
0,0,0.006390917825291923
1,1,0.9992349882497131
1,1,0.998748157498252
0,0,0.007204573836428731
0,0,0.006190478294174595
1,0,0.4985069708622015
0,0,0.010471328039654079
0,0,0.0126266109564682
0,0,0.016796715402626217
0,0,0.005592377348490687
1,1,0.6290456757088492
0,0,0.007311125176043395
0,0,0.00794634578526362
0,0,0.004250371059780839
0,0,0.010849445390677856
0,0,0.0064645285569411995
0,0,0.010632620362168922
0,0,0.011361878074000492
0,0,0.012750985069251108
0,0,0.24622678135507045
0,0,0.007180198101632239
0,0,0.041338775096906054
0,0,0.020106122967242766
1,1,0.9986673280418987
0,0,0.014847827489027386
0,0,0.02148798977214165
0,0,0.011408305679445297
0,0,0.04724761895199085
1,1,0.9991513625491208
0,0,0.015528083158768698
0,0,0.008182098231805594
0,0,0.006188814241848569
1,1,0.9966678547908798
0,0,0.007381608851807668
0,0,0.009501217963573437
0,0,0.014220404840681924
0,0,0.04543938088205241
0,0,0.008015709404311736
0,0,0.0176770814620734
0,0,0.010003332716501705
0,0,0.01301522695439236
0,0,0.012024143034505951
0,0,0.006646064955543337
0,0,0.0042995451550137615
0,0,0.007773832763634459
1,0,0.3116092798737271
0,0,0.00897235922024515
0,0,0.007113626289316896
0,0,0.020372486327601323
0,0,0.004984519716785001
0,0,0.02502072640115489
0,0,0.01419257473766124
0,0,0.03850984172422976
0,0,0.005091654820133996
0,0,0.013135581288677776
0,0,0.013779260792518445
1,1,0.997732305254457
0,0,0.008160896814970514
0,0,0.007437117749119367
0,0,0.014384197385280595
1,0,0.4489710072965789
0,0,0.04294739301003336
0,0,0.04065936492168005
0,0,0.0038440210094519006
0,0,0.011675197533612831
1,0,0.025436056732514922
0,0,0.009192606896803094
0,0,0.26139807056087755
0,0,0.009023035734225875
0,0,0.009166535312340398
0,0,0.010863635072371442
0,0,0.012379975452179256
0,0,0.007918362450014142
0,0,0.00858119571781596
0,0,0.00842483802680504
0,0,0.012590946249561656
0,0,0.0063072565245068804
0,0,0.008625612649068179
0,0,0.007434640178925924
0,0,0.08468593119610932
0,0,0.005877966501964596
0,0,0.009780278657929794
0,0,0.00792715569579867
0,0,0.005199853160059728
0,0,0.00807978196617235
0,0,0.007226151427258923
0,0,0.010172156076545029
1,1,0.998825819870033
0,0,0.01010013662405962
0,0,0.005751787328243539
0,0,0.16338289364108324
1,0,0.06454821045034272
0,0,0.008537419324086422
0,0,0.008957686611717376
0,0,0.01566941092499093
1,1,0.9945337305616231
0,0,0.07596187171655666
0,0,0.03594370567452787
1,1,0.9986461017836076
0,0,0.10636799267661197
0,0,0.07156868814958985
0,0,0.008082859963500558
0,0,0.02214143817555225
0,0,0.006768003719730231
0,0,0.009445125546230811
1,1,0.9946677740143781
1,1,0.99797335235117
0,0,0.004854689477105472
0,0,0.005229422653507477
0,0,0.006315206122656059
0,0,0.023457553097223673
1,1,0.9686085915614457
0,0,0.005130309320609979
0,0,0.19441783492526807
0,0,0.007885239988133414
0,0,0.006645457060494461
0,0,0.032235830731001315
0,0,0.029085563253590293
1,1,0.9978606680316126
0,0,0.038561231898316985
0,0,0.008883400641540449
0,0,0.006991640775452307
0,0,0.009801618166041325
0,0,0.007744397343814658
0,0,0.014672618001327272
0,0,0.1520427223568336
0,0,0.014947659675037977
0,0,0.00806375294346656
0,0,0.1728622072913562
0,0,0.019940095402699025
0,0,0.012219538832262471
0,0,0.018694425650816707
0,0,0.024379200361074122
0,0,0.01138430975585206
1,1,0.8049030627330206
0,0,0.027745350982532134
0,0,0.029530765367370395
0,0,0.008344015850323107
0,0,0.00394212978309932
0,0,0.005503801682653858
0,0,0.010653462031060972
0,0,0.022932458934843386
0,0,0.007658313972622974
0,0,0.015604740595732714
0,0,0.011340372894839737
0,0,0.2670372299052101
0,0,0.019925622227819587
0,0,0.007484016260732061
0,0,0.007884073017672827
0,0,0.008714227160968804
0,0,0.1968105371518606
0,0,0.0045503479020394064
0,0,0.009810475561402429
0,0,0.009572158542254574
0,0,0.007252235114521977
0,0,0.006092155108735615
0,0,0.0056264124128542455
0,0,0.1419628065578234
0,0,0.05749585988589968
0,0,0.31417176060982976
0,0,0.004934813856622602
0,0,0.010288392962854487
0,0,0.08078704544005165
0,0,0.0072214478746921275
1,0,0.009685135880964119
1,0,0.15181071908623384
0,0,0.00735867636784399
0,0,0.004624522141031495
0,0,0.008590782584915344
0,0,0.007756010324285796
0,0,0.05707870630639422
0,0,0.007024234064883995
0,0,0.006905862845571638
0,0,0.0058885318345093165
1,0,0.023154852183287278
0,0,0.013654236691284348
1,0,0.06239678886135222
1,1,0.9985020146818281
1,1,0.9994079869012664
0,0,0.005064334832855031
0,0,0.012618649633864535
0,1,0.6599554928927203
1,1,0.996128830204044
0,0,0.08018469046153896
0,0,0.014309609224261161
0,0,0.008411517872309954
0,0,0.01724815034577962
1,1,0.9879784440502711
0,0,0.014118728938341702
0,0,0.014336388389295301
0,0,0.006124774853806397
0,0,0.008860154124965753
0,0,0.006117187650131526
1,1,0.9994352692368955
0,0,0.010561113084632267
0,0,0.01043523534687158
0,0,0.024060743426730997
0,0,0.006505358430052957
0,0,0.009037760272192595
0,0,0.020829871649687012
0,0,0.00886843340151896
0,0,0.007054602698988034
0,0,0.008370661926146872
0,0,0.006636892908400198
0,0,0.008210929526985277
0,0,0.006815960416059836
0,0,0.008416300718043262
0,0,0.008985837144332829
0,0,0.00988399156412394
0,0,0.028076395751988347
0,0,0.014954314956873726
0,0,0.009858785005183826
0,0,0.012352758725551609
0,0,0.007941753222949122
0,0,0.029031128407085733
0,0,0.008677469990313115
0,0,0.0061488206802660424
0,0,0.007369557322736297
0,0,0.006841285873710361
0,0,0.009123485822013003
0,0,0.006920041375647571
0,0,0.006803841921324015
0,0,0.008091658314359368
0,0,0.016485572716601653
0,0,0.07402908409807889
0,0,0.01678308329441791
1,1,0.9965156142420669
0,0,0.008660927182970303
1,1,0.9988390214340164
0,0,0.005926097791570062
0,0,0.013010526691732254
0,0,0.007076820907514381
0,0,0.011494226777419566
0,0,0.008711025106127866
0,0,0.006734471759616231
0,0,0.006318181824078527
0,0,0.010013736955305247
0,0,0.1031415190644776
0,0,0.020280824988606193
0,0,0.007908332785335231
0,0,0.006390696711794967
0,0,0.005348701023513322
0,0,0.02219344696160577
0,0,0.005806834226482469
0,0,0.0069565592788024405
0,0,0.007235208685845439
0,0,0.009933538603717661
0,0,0.008235035884565714
0,0,0.03135506641381724
0,0,0.0068222559028638845
0,0,0.006982173982330996
0,0,0.0076416495550960285
0,0,0.011545034700319411
0,0,0.008197305191671058
0,0,0.013267448373492679
0,0,0.007920116641667972
0,0,0.006238343337078408
0,0,0.020309756517923525
0,0,0.1696554781195357
0,0,0.005500100690227666
0,0,0.012163274257470165
0,0,0.05430541064834534
0,0,0.011916421667894802
0,0,0.023595543796712366
0,0,0.009163513537827267
0,0,0.1752438619201665
0,0,0.032891880622965435
0,0,0.008010311821705682
0,0,0.006877100105363777
0,0,0.005477379039585678
0,0,0.00783157566478924
0,0,0.0068957752311393635
0,0,0.14909308310934444
0,0,0.007561486997889265
0,0,0.005219928953630267
0,0,0.010889829367956738
0,0,0.02020706171034343
0,0,0.011099426746182256
0,0,0.007438297105131239
0,0,0.005237112446074261
0,0,0.005436615127818497
0,0,0.008997874013696339
0,0,0.03540748996585235
0,0,0.3237990186397077
0,0,0.12405006117707457
0,0,0.04163793262483673
1,1,0.9997659168920383
0,0,0.10449557754689177
1,1,0.7716539633991086
0,0,0.01842788195434227
0,0,0.008360030659813514
0,0,0.0060631109834152356
0,0,0.492886277545878
0,0,0.014040538816315439
0,0,0.00696943415991696
0,0,0.007084980590332235
0,0,0.005936612574977716
0,0,0.03883350773859822
0,0,0.007327781176954208
0,0,0.006415601215295034
1,1,0.9875921731105045
0,0,0.0841192346625443
0,0,0.01923471722799842
0,0,0.00633739104737475
1,1,0.9967551166832277
0,0,0.006218845179084131
0,0,0.013540361487382723
0,0,0.006510358680597423
0,0,0.02393665128423268
0,0,0.007592727286042161
0,0,0.01198096725936236
0,0,0.04240131999451837
0,0,0.15017596772204844
0,0,0.026152815626119465
0,0,0.0058594488970216
0,0,0.010372565751021454
0,0,0.008338058323374723
0,0,0.03009005557024312
0,0,0.007449978892275601
0,0,0.014848230909135127
0,0,0.4330269677142382
1,0,0.35119835334168203
0,0,0.20011344125839056
0,0,0.0062591129125087646
1,1,0.8869285896895395
0,0,0.005881866474372018
0,0,0.007390014608812349
0,0,0.0077681530697160175
1,1,0.998753579685411
0,0,0.005379024020881972
0,0,0.09187934329280786
0,0,0.00925175300146041
0,0,0.006151768876541773
0,0,0.008535596963065205
0,0,0.008332995466705798
0,0,0.006029926824972657
0,0,0.009554404006357368
0,0,0.0073470398829118535
0,0,0.005024029719793965
0,0,0.00829261570903692
0,0,0.013769445108427989
0,0,0.009067817249614646
0,0,0.01194139797725141
0,0,0.006352701424152516
0,0,0.013212031503615638
0,0,0.007329654493447612
0,0,0.007978539829053537
0,0,0.007731092858137888
0,0,0.01906885051532885
0,0,0.008323343430673128
0,0,0.007604981900259907
0,0,0.02312632129574687
0,0,0.01043874605233348
0,0,0.03688516589879115
0,0,0.023017273410491094
0,0,0.007951297503357551
0,0,0.010422885870107835
0,0,0.0058852792629704226
0,0,0.004774958662535318
0,0,0.037710601899236196
0,0,0.009502767565592513
0,0,0.005067846189794342
0,0,0.019391978424734214
0,0,0.132588722684946
0,0,0.02578663795564296
1,1,0.9804633928931888
0,0,0.00516499877319674
0,0,0.020729188695756122
1,0,0.3836430140428159
0,0,0.0068500858106266506
0,0,0.005881309215390449
0,0,0.00759030248905482
0,0,0.005241003024762079
0,0,0.009301192305945715
0,0,0.010937324827159634
0,0,0.0077674095729393855
1,1,0.997454852949782
0,0,0.006788064673525123
1,0,0.29844072110374326
0,0,0.012146098113915057
0,0,0.028747242390764434
0,0,0.028184344407370127
0,0,0.013677543930494088
0,0,0.01086524431295541
0,0,0.00738323166103262
0,0,0.2670372299052101
0,0,0.007059076317863776
0,0,0.01601940194093991
0,0,0.014270043157682379
0,0,0.007039379463491232
1,1,0.8735064625926201
0,0,0.005676127609638266
0,0,0.008643631887588267
0,0,0.10510471426103532
0,0,0.011247501225795544
1,1,0.5697460681512264
0,0,0.018670059177124027
1,0,0.1862489663091094
0,0,0.006366051536188528
0,0,0.008502744133565564
0,0,0.023119278976493424
0,0,0.00590989163082481
0,0,0.03983176920311676
0,0,0.006203698958164365
1,1,0.9401292946442972
1,1,0.9969267583252395
0,0,0.008615506599205855
0,0,0.022404866327901646
0,0,0.011109860026011862
1,1,0.9973184282325694
0,0,0.01728643184623351
0,0,0.015600500906235491
0,0,0.008035095179734754
0,0,0.007450922656134301
0,0,0.011156373062665032
0,0,0.00909759799964761
0,0,0.013548078713284452
0,0,0.007196978899610771
0,0,0.005275566258427357
0,0,0.018107441898030808
0,0,0.004884041705205489
1,1,0.9956924607056815
0,0,0.01609028804921178
0,0,0.02685038763294786
0,0,0.006150243782635242
0,0,0.02081550123641257
0,0,0.01009823069084866
0,0,0.010647535218746942
0,0,0.008009077052439419
0,0,0.007445762178467362
0,0,0.015344862275015716
0,0,0.1374417870148775
0,0,0.0064652768379336355
0,0,0.006859617114780771
0,0,0.10581518188703276
0,0,0.11194544842929041
0,0,0.048978179067681274
0,0,0.008408483926257999
0,0,0.005729433490363005
0,0,0.0061586831552910845
0,0,0.007537999935051517
0,0,0.005821297135634655
0,0,0.010782580708241866
0,0,0.008605429130254411
0,0,0.0077556009641185555
0,0,0.008897497857271789
0,0,0.028689597955306526
0,0,0.009327337893928908
0,0,0.08109094020827264
0,0,0.005635915793296872
0,0,0.00886931348029367
0,0,0.005879735460293121
0,0,0.007111719006148709
1,1,0.9968068224863684
0,0,0.02319393999125134
1,1,0.7255763703420943
0,0,0.006890552299931379
0,0,0.08308147650668739
0,0,0.005676127609638266
0,0,0.024526700044149852
0,0,0.0085860438637635
0,0,0.006906102125055008
0,0,0.007649435915299389
0,0,0.015377614783088233
0,0,0.006028113567284185
0,0,0.005467104931502615
1,1,0.9951052486597802
0,0,0.00637024732711079
0,0,0.01111579625309238
0,0,0.19247603741764424
0,0,0.006790696485736793
0,0,0.009066682287990109
0,0,0.006248897724417699
0,0,0.005946416807093839
0,0,0.005602750087870896
0,0,0.007913439973016119
1,1,0.6488620551779891
0,0,0.1256265123147315
0,0,0.009595252738214502
1,1,0.9708007564858075
0,0,0.010373011188758666
1,0,0.13532574964518077
0,0,0.059298220256137395
1,0,0.01350773176124695
0,0,0.30538928935402315
0,0,0.00579304836678419
0,0,0.015858451989670872
0,0,0.036545004236706244
0,0,0.008623526023733704
0,0,0.006465772427894446
0,0,0.03236850660914137
0,0,0.007041931817367694
0,0,0.007061644696456685
0,0,0.007110235667471481
0,0,0.006330594461709237
0,0,0.03825232407071805
0,0,0.0077651177310553285
0,0,0.007789654353899372
0,0,0.011501183056171333
0,0,0.006075460785866061
0,0,0.007579980380990258
0,0,0.024859991113293737
0,0,0.05387221208742825
1,1,0.9990168208555283
1,1,0.9930058389703044
0,0,0.006318247998030724
1,0,0.1903464625256048
0,0,0.0038479328982930004
0,0,0.008411807916650924
0,0,0.005683105670913869
0,0,0.007791961180432093
1,1,0.9861039758418711
1,1,0.9975856391801192
0,0,0.007447257880788433
0,0,0.006021034702689384
0,0,0.011114980321838965
0,0,0.059567825991724145
0,0,0.008214064963027599
0,0,0.006967395337352787
0,0,0.011715203814273666
0,0,0.005821415914554714
0,0,0.39940857015973336
0,0,0.014341441944206692
0,0,0.004520365292481556
0,0,0.009882372518683975
0,0,0.009400143353556354
0,0,0.006054067528411397
0,0,0.00637946100204301
0,0,0.026410207469529087
0,0,0.043720333333997344
0,0,0.014594152678142576
0,0,0.007920087981006246
0,0,0.06508008921883585
0,0,0.007326886990383997
0,0,0.0073683288661788434
0,0,0.025572362816557732
0,0,0.007926842640930876
0,0,0.008822268780801024
0,0,0.007363606212284862
0,0,0.027553258331070356
0,0,0.29181597081120386
0,0,0.0068794034003266565
0,0,0.007490178367735752
0,0,0.004857304209922419
0,0,0.021827402777742394
0,0,0.010743274630146536
1,1,0.5626113768702499
1,1,0.9967233966146449
0,0,0.005053083485341342
0,0,0.13106082770908212
0,0,0.015533073931284393
0,0,0.005675752578005604
0,0,0.0066148899518104105
0,0,0.024531972962939217
0,0,0.014452744104480688
0,0,0.0929539967523061
0,0,0.13578933360205966
0,0,0.012318392625576336
0,0,0.005986802859568616
0,0,0.018670059177124027
0,0,0.0048084734843111005
0,0,0.00560840187852739
0,0,0.027804258163965492
0,0,0.005754280207678203
0,0,0.014942660465491189
0,0,0.007526420624535243
0,0,0.03147315863518677
0,0,0.010907421850067217
0,0,0.06804775471980455
0,0,0.01583574542233867
0,0,0.07720453875129397
0,0,0.007993185180926024
1,1,0.7088591825010374
0,0,0.012815663207337633
0,0,0.0037262624074055426
0,0,0.049550101769466934
1,1,0.999143198037771
1,1,0.6029804672124438
0,0,0.009099205581574147
0,0,0.14808498194185218
0,0,0.007341983541426476
0,0,0.012044055241922567
0,0,0.012601586781744695
0,0,0.011557915865262804
1,1,0.9941295287130838
0,0,0.014984730029572655
0,0,0.006628414222339498
0,0,0.0062506650172915994
0,0,0.026207916427572836
0,0,0.007428388619794804
0,0,0.055513853642440915
0,0,0.006354776586685897
0,0,0.02896117531907919
0,0,0.020668947812465702
0,0,0.010973064782334353
0,0,0.005625818464645426
0,0,0.011112920232128247
0,0,0.012918768562589503
0,0,0.00704937112892754
0,0,0.02123124326722806
0,0,0.009187460945401247
0,0,0.005942031566816731
0,0,0.007631535158496802
0,0,0.0449652520810262
0,0,0.008735310953446086
0,0,0.006429175318603685
0,0,0.011306723939567926
0,0,0.1035226759410411
0,0,0.011540208153957112
0,0,0.008901644513353471
0,0,0.3133002087363008
0,0,0.017974089551564282
0,0,0.0139200203619285
0,0,0.005767469037109596
0,0,0.0055059781412397915
0,0,0.007854870203937186
0,0,0.06470231465763451
0,0,0.008274516635083223
0,0,0.006344486121586585
0,0,0.01629728070368651
0,0,0.005560805175101779
0,0,0.004603744522940353
0,0,0.03877673247227848
0,0,0.006265836496836555
0,0,0.006400205290963015
0,0,0.015929574498255383
0,0,0.02415343743470364
0,0,0.009203610105404754
0,0,0.011623081504630657
0,0,0.0053605310821996325
0,0,0.011279881505451598
0,0,0.01804498764772999
0,0,0.014891123541500515
0,0,0.012535919420302596
0,0,0.015469344911014178
0,0,0.005839939551902785
0,0,0.009530850078991508
0,0,0.007722150604902843
0,0,0.017116854127819242
0,1,0.8716732969093662
0,0,0.009386117107707445
0,0,0.022686789050042
0,0,0.024142781848254153
0,0,0.022005266406813172
0,0,0.03653320852040524
0,0,0.011264315333607278
0,0,0.01340871952326106
0,0,0.007416097104523777
0,0,0.012615340431947003
0,0,0.006531725265869204
0,0,0.08261643494109026
0,0,0.014875261130612978
0,0,0.005900594403423051
0,0,0.00623334035277619
0,0,0.004518475274278597
0,0,0.006752022321695665
0,0,0.008251104566973621
0,0,0.009052651612243938
0,0,0.004646825812212394
0,0,0.007025366217813935
0,0,0.2542689529792199
0,0,0.015190039847393753
0,0,0.11558582631618851
0,0,0.004302101289779439
0,0,0.011833005393585488
0,0,0.007815947713301118
0,0,0.10796511770283938
0,0,0.02578873180450894
1,0,0.11478093254409949
0,0,0.008072659551287008
0,0,0.018265825854351693
0,0,0.00810879600083114
0,0,0.0348493043017782
0,0,0.026355611680757784
1,1,0.9875921731105045
1,1,0.9945337305616231
0,0,0.056667605422820316
0,0,0.008165836675952701
0,0,0.004455329562906166
0,0,0.015223613765358879
0,0,0.016929498686838167
0,0,0.01058735211160809
0,0,0.018439662331682607
1,1,0.9995673465770568
0,0,0.009677973391125281
0,0,0.007351725637917584
0,0,0.12284250719690405
0,0,0.007581099254822387
0,0,0.009615513510792296
0,0,0.008812373874941867
0,0,0.006140913046396238
0,0,0.006981818803106469
0,0,0.019006493775460417
0,0,0.009520940986079245
0,0,0.007943182328136619
1,1,0.9401292946442972
0,0,0.007058848161586688
0,0,0.008127300828112465
0,0,0.005630464827558417
0,1,0.7330244537556553
0,0,0.007937656405868897
0,0,0.007894184322618585
0,0,0.007845871013254053
1,1,0.6629878318347074
0,0,0.007477511506862205
0,0,0.00615966404856287
0,0,0.02136556211139935
0,0,0.00735867636784399
0,0,0.018936893558309548
1,1,0.990082286393351
0,0,0.007388125004496964
0,0,0.01158137117044572
0,0,0.007529125924834326
0,0,0.012539307222020103
0,0,0.015929574498255383
1,1,0.9647542019233415
0,0,0.0064523822023275145
1,1,0.9980243380307166
0,0,0.031449084761733
0,0,0.006374958234355882
0,0,0.06186298220218088
0,0,0.006876223993402416
1,1,0.9934229514169993
0,1,0.542807596833328
0,0,0.024454203138701967
0,0,0.009191845648776158
0,0,0.03294053860159158
0,0,0.012669163052562533
0,0,0.007988533812142156
0,0,0.016566857674445348
0,0,0.006389255811606094
0,0,0.01480513447432114
0,0,0.006277597204050207
1,0,0.4046830807836491
0,0,0.06329050404683663
1,1,0.8116577546615845
0,0,0.015252719016972241
0,0,0.004486256432976401
0,0,0.0190642502819546
0,0,0.00732069944852907
0,0,0.04323813971053709
0,0,0.023617565214049382
0,0,0.011823432432408467
0,0,0.007830655381784079
0,0,0.024846836776870076
0,0,0.007924904943701096
0,0,0.01607488620609185
0,0,0.02540520665502572
0,0,0.009869313145491323
0,0,0.008276129491960353
0,0,0.006909543228672086
0,0,0.18450988308757496
1,1,0.9945592089259846
0,0,0.00437479197881985
0,0,0.006843121162821648
0,0,0.15950230141010038
1,1,0.9990764348661555
0,0,0.00876629584532614
0,0,0.006861644001653351
0,0,0.005581467590947682
0,0,0.004642724690530992
0,0,0.0105351002133727
0,0,0.006033384609019835
0,0,0.02900393521284679
0,0,0.02131337728696045
0,0,0.005838590204601728
0,0,0.004189570327187672
1,1,0.9992966723247905
0,0,0.008915284747012836
0,0,0.007391538117058423
0,0,0.012421954221254267
0,0,0.04629999308144954
0,0,0.004961211170954997
0,0,0.1314271710480312
0,0,0.0067148193799913
0,0,0.006223494027490416
0,0,0.008373013614388318
0,0,0.008076683094477167
0,0,0.008060650751499124
0,0,0.03233751916533713
0,0,0.005625435328510707
1,1,0.9961331874041941
0,0,0.007678314104777707
0,0,0.009202835660683405
1,1,0.9973046639437888
0,0,0.2739595931452786
0,0,0.02258928724826603
0,0,0.005037269402456642
0,0,0.008038022184331159
1,0,0.06894619550514983
0,0,0.006096268238462261
0,0,0.012514690584461318
0,0,0.005588220948647874
0,0,0.012123047490510156
0,0,0.04004822857843313
0,0,0.010054982611979736
0,0,0.09243321273137257
0,0,0.008869294636010803
0,0,0.16509628855512426
0,0,0.006332910346598499
0,0,0.11856557042762507
0,0,0.009292092654466583
0,0,0.00826463304704641
0,0,0.007979914216424818
0,1,0.5032186569943423
0,0,0.19184197919674859
0,0,0.006385292134308944
0,0,0.007942992700364124
0,0,0.008002103107139088
0,0,0.00791249063801872
0,0,0.009573628191124063
0,0,0.007155692823600443
0,0,0.011599763956831493
0,0,0.017214305549720692
0,0,0.031459941278640324
0,0,0.011802180143959503
0,0,0.01880222869987376
0,0,0.007232056286975104
0,0,0.01764874076095287
0,0,0.025752090970899567
0,0,0.010584638515860367
1,1,0.9979667491636832
0,0,0.019636846334035275
0,0,0.007516331847040667
0,0,0.01049214095941419
0,0,0.0072712050042599615
0,0,0.007119573881097192
1,1,0.9962815946543527
0,0,0.01708980516100936
0,0,0.006967509187234497
0,0,0.015900209978090184
0,0,0.04060429589961806
0,0,0.0066162188991471796
0,0,0.006438546566225249
0,0,0.006141911447926695
0,0,0.006560166278980608
0,0,0.0102802864103931
0,0,0.007684257186675613
1,1,0.9980810934890469
0,0,0.009403449973669153
0,0,0.006111860635877579
0,0,0.012172326168206604
0,0,0.053558478361320085
0,0,0.01552119133668451
1,0,0.21928965251974192
1,1,0.9435273598623614
0,0,0.028509562674544766
0,0,0.019686316152208484
0,0,0.0065091292423863556
0,0,0.007382923554246029
0,0,0.4962429995587826
0,0,0.009430018093390906
0,0,0.04148543503029503
0,0,0.014073588575285815
0,0,0.30452118178949444
0,0,0.04803162120248913
0,0,0.024417374428639275
0,0,0.017321899539422245
0,0,0.009968002773527449
0,0,0.007973619092791182
0,0,0.008205303670896467
0,0,0.005348227749613718
0,0,0.01737912056478982
1,1,0.9937652724744456
1,1,0.9979907701717657
0,0,0.006721970891479653
0,0,0.011569006771090962
0,0,0.008382215689262486
0,0,0.006425607059472085
0,0,0.17570661551113756
0,0,0.01142493198217632
1,0,0.052609725157534586
0,0,0.011742855388011156
0,0,0.02982957314113761
0,0,0.006440558759456886
0,0,0.007934710587657443
0,0,0.028929321869077148
0,0,0.009775286210336638
0,0,0.014697919785062042
0,0,0.009505917627474516
0,0,0.004966813022211183
0,0,0.07774505896730341
0,0,0.003890182479941279
0,0,0.008640040422066952
0,0,0.022445875029346588
0,0,0.010828735663955499
0,0,0.005203847110576671
0,0,0.008902285240614562
0,0,0.006090210004935354
0,0,0.015719102814448736
0,0,0.004784730397185593
0,0,0.015595224268734876
0,0,0.08085294646251016
0,0,0.008318578805645379
0,0,0.021528071124836342
0,0,0.01081224161236934
0,0,0.01768046770314053
0,0,0.00812540352305285
1,1,0.9982263242846329
0,0,0.006143301304591957
0,0,0.005095736296922973
0,0,0.009774822484531438
0,0,0.008759202476701373
1,1,0.996612719700087
0,0,0.024423910541378213
0,0,0.04208612944016196
0,0,0.007180774914882664
0,0,0.005466340533708486
0,0,0.006506012773639171
1,1,0.997732305254457
0,0,0.05229384764723614
0,0,0.006552826109516032
0,0,0.04790861715329836
0,0,0.006626271108380971
0,0,0.008433741336867818
0,0,0.007241883272454764
1,1,0.8679701885916246
1,0,0.014137278218834098
0,0,0.105748384692482
0,0,0.008593618064527048
0,0,0.010876169920304974
0,0,0.04580823292282234
0,0,0.008943717886607545
0,0,0.0061532184592689426
0,0,0.014226751935210896
0,0,0.04674494185229858
0,0,0.00727822501344654
0,0,0.04352813095395644
0,0,0.013139116743116429
0,0,0.04775766711769313
0,0,0.007039711127055657
0,0,0.008761028507815636
0,0,0.02773559343886742
0,0,0.010019413066862414
0,0,0.007139895910348586
0,0,0.15950230141010038
0,0,0.007097008417724248
0,0,0.0070473176837560735
0,0,0.012733445603514151
0,0,0.054272551540916696
0,0,0.009049174375387638
1,0,0.21693267858996418
0,0,0.040898287313907156
0,0,0.01481625554735273
0,0,0.005840534299671478
0,0,0.013230034592568253
0,0,0.00579263950223439
0,0,0.017912030149966514
0,0,0.007919413737346788
0,0,0.1039980297294203
0,0,0.011533486565134917
0,0,0.013732780507270339
0,0,0.025759480855943758
0,0,0.023098347308909115
0,0,0.01095834774064959
0,0,0.009905714871672622
0,0,0.007392929604859984
0,0,0.01892639275813586
0,0,0.012599511509565196
1,0,0.15057400846060146
0,0,0.009436557462625325
1,1,0.9977244648701916
0,0,0.009662228056404066
0,0,0.00845919827755136
0,0,0.011786091295738417
0,0,0.007409041400422606
0,0,0.011412304852030604
0,0,0.008415202034390524
0,0,0.007144310528505358
0,0,0.006096092759042535
0,0,0.059956829082514866
0,0,0.048452129785675785
0,0,0.008325166190082185
0,0,0.004389659893032596
0,0,0.0042392702808521174
0,0,0.013877414181667692
0,0,0.01152424561660254
0,0,0.017695109322442917
0,0,0.02867568225141885
0,0,0.009350838115312107
0,0,0.007483518968204804
0,0,0.009506020376178283
0,0,0.007827398428792983
1,1,0.999545805695886
0,0,0.005248996044780136
0,0,0.047257976052909066
0,0,0.004998146581903087
0,0,0.008833871933386996
0,0,0.006477502148333652
0,0,0.008675170631238769
0,0,0.005731519953355282
0,0,0.006808915709663756
0,0,0.008025397063621157
0,0,0.005785837281108805
0,0,0.010039619122889984
0,0,0.0081120111199247
1,1,0.985570600573351
0,0,0.00831200380150102
0,0,0.010586997059029544
0,0,0.010282594356446996
0,0,0.0044184431345957115
0,0,0.028286612923315788
1,1,0.9930223909560003
0,0,0.007134751949816117
1,0,0.2096143951200998
0,0,0.16827465335815492
0,0,0.07410237094085757
0,0,0.05740666296699115
0,0,0.006036737318931988
0,0,0.006412258522562646
0,0,0.0076699457557668094
0,0,0.05816067287962468
0,0,0.012872243772702092
0,0,0.009103006202242615
0,0,0.025168639959599667
0,0,0.010533301867447753
0,0,0.006875459516577598
1,1,0.9961753714683372
0,0,0.021503912981492547
0,0,0.0063254231230198245
1,0,0.18133194573422196
0,0,0.005820557238807185
0,0,0.011916421667894802
1,1,0.9795808944174944
1,1,0.5509311652816882
0,0,0.01675334723409789
0,0,0.05941604613606594
0,0,0.007222771788679702
0,0,0.009402797363707662
0,0,0.12876624536854017
0,0,0.007356564526853808
0,0,0.010814943405266193
0,0,0.028644018975045024
0,0,0.007528368241560518
0,0,0.013618136310314288
0,1,0.538038672047219
0,1,0.8169533617906161
0,0,0.017594902514884922
0,0,0.006138938593598009
1,1,0.9988965154758088
1,1,0.9412730014678429
0,0,0.006735993389368812
0,0,0.007620137126011387
0,0,0.011362041499845642
0,0,0.006670302608287916
0,0,0.010736667000619054
1,1,0.9995085958862893
0,0,0.008419269214168983
0,0,0.008864962335194874
1,1,0.9993051298593825
0,0,0.10252672896635932
0,0,0.007026351680910961
0,0,0.0071857825370733285
0,0,0.008554522140162224
0,0,0.028845636586311372
0,0,0.09208192919829986
0,0,0.012213970534914891
1,1,0.9971586180314724
0,0,0.009639339971377996
0,0,0.0422498697943324
0,0,0.010921499881590266
1,1,0.9463770780988571
1,1,0.996087633889288
0,0,0.012024143034505951
0,0,0.00784370302338532
0,0,0.010732224348695385
0,0,0.009193663948280069
0,0,0.008622294144479455
0,0,0.01271463641413756
0,0,0.009457748609247349
0,0,0.006860809281166616
0,0,0.007082240348477105
0,0,0.0392460297367557
0,0,0.007476530674368961
1,1,0.9986939831305484
0,0,0.006424854287463557
0,0,0.011322479152000681
1,1,0.9987568240816521
0,0,0.007688189516601816
0,0,0.01419865120541714
0,0,0.006933158890804873
0,0,0.006014392396539059
0,0,0.014357744712628531
0,0,0.008073745931408924
0,0,0.007201873276025289
0,0,0.011649371104394263
0,0,0.029365475427902705
1,1,0.9975927382985137
1,1,0.9979747403696981
0,0,0.006994734661243289
0,0,0.006707308535994485
0,0,0.008809547809444184
0,0,0.009101370521501555
0,0,0.024906564573492586
0,0,0.016801796980964567
1,1,0.9974187894581599
0,0,0.011361878074000492
0,0,0.007294443133496507
0,0,0.11558582631618851
1,1,0.9992461981870785
0,0,0.008512865181750576
1,0,0.2846071090921484
0,0,0.00863025761239718
0,0,0.005136055512451751
0,0,0.005440587520306624
0,0,0.011017644989865969
0,0,0.1857628036048806
0,0,0.16417781403441511
0,0,0.013371769379892007
0,0,0.00819391798054485
0,0,0.052710572106714385
0,0,0.0923413895077237
0,0,0.015544547009163141
0,0,0.011917916347066586
0,0,0.00708148952735866
0,0,0.006876896951265103
0,0,0.007509660240700378
0,0,0.012898911267364244
1,1,0.9981098295862908
0,0,0.00596886790309989
0,0,0.020289861631419
1,0,0.34454071433653544
0,0,0.014612673292304175
0,0,0.0067203699246768025
1,1,0.9981865649748828
0,0,0.005540765463886895
0,0,0.01444868567282287
1,1,0.9977537156732209
0,0,0.014458850207586128
0,0,0.04371866854465079
0,0,0.007860914071573273
0,0,0.007669780572461655
0,0,0.008196976079361904
0,0,0.04567711965786299
0,0,0.013349456516675679
0,0,0.0205661251018665
0,0,0.007325229157224306
0,0,0.010120251106708306
0,0,0.005387733276692367
0,0,0.007538832397953405
0,0,0.009682401493547654
1,1,0.9982232070646172
1,0,0.4669589622121839
0,0,0.01036512069310309
0,0,0.03690666375525845
0,0,0.020815497225198536
1,0,0.18702825916620128
0,0,0.01984820578299972
0,0,0.016673164621628593
0,0,0.07350097160808698
0,0,0.004832620305538883
0,0,0.006605023757920141
0,0,0.005863202176744131
0,0,0.0073522428934891014
0,0,0.008831270153801876
0,0,0.010708001357166777
0,0,0.008453217944389817
0,0,0.01672458039603381
0,0,0.010100469687081387
0,0,0.0090639905361684
0,0,0.011554122776937228
0,0,0.29590521631826794
0,0,0.12940068348234637
0,0,0.00707406081224577
0,0,0.008243846174015653
0,0,0.017852605870301578
0,0,0.017678943951953713
0,0,0.007424184090365861
0,0,0.012551697794818576
0,0,0.007968634532826938
1,1,0.999215348716924
0,0,0.027836671311115356
0,0,0.016706057106924854
0,0,0.008255409471828875
0,0,0.006952161227780717
0,0,0.010563327580232448
0,0,0.006308859306629343
0,0,0.007999128694704424
1,0,0.3500728917955555
0,0,0.007310581232668849
0,0,0.12236380509421373
0,0,0.005627635973629896
0,0,0.013045331823566438
0,0,0.008414953288496738
1,0,0.34454071433653544
0,0,0.035992164690549604
0,0,0.13210489562945807
0,0,0.00882835533871085
0,0,0.008211764554206975
0,0,0.015268802480650503
0,0,0.01668917913190788
0,0,0.029369525687242333
0,0,0.12093809845656942
1,0,0.4109101619605471
0,0,0.31955138127545785
0,0,0.05298235249800524
0,0,0.028804694810013513
0,0,0.014884415203717005
0,0,0.007665000551706336
1,1,0.9780326527791431
0,0,0.00627727699674508
1,1,0.8698227586087314
1,1,0.9957573404913672
0,0,0.005659920015902614
0,0,0.022081249001954007
0,0,0.012978618979841598
0,0,0.00766985644012904
0,0,0.010650167608457847
0,0,0.010529980155090343
0,0,0.019275136620265164
0,0,0.019954990921843538
0,0,0.00792063000574323
0,0,0.008784641684684086
0,0,0.01170090143327064
0,0,0.006825363458087463
0,0,0.005994756421311743
0,0,0.005994241713728417
1,1,0.9994957990261475
0,0,0.0064862289190381036
0,0,0.011314459295682283
0,0,0.031640577029604135
1,1,0.9931147640716071
0,0,0.015377390721188903
0,0,0.006886922940746533
0,0,0.007922290770608425
0,0,0.0051866936228471905
0,0,0.006467107066738018
0,0,0.02141400136636517
0,0,0.004796733872468073
1,1,0.9989775534510562
0,0,0.008876641948457397
0,0,0.014346685366992292
1,1,0.9989881299036751
0,0,0.013947754440652904
1,1,0.9987298878939853
0,0,0.027216054243608703
0,0,0.008860448570224031
0,0,0.02645883284676547
0,0,0.10742290870732621
0,0,0.009118904826037695
0,0,0.020846333499894232
0,0,0.02323792709034487
0,0,0.008606118126010634
1,1,0.9982401656013612
0,0,0.00971276133977379
0,0,0.009295338348246649
0,0,0.012359750926004304
0,0,0.017146057090750167
0,0,0.007854211949321788
0,0,0.006069663921172015
0,0,0.018290556202620413
0,0,0.006300077510290254
0,0,0.005786028010325735
0,0,0.015214593473777486
0,0,0.0071029186599478695
0,0,0.00496152489004873
0,0,0.006052182313261658
0,0,0.009813172138210846
0,0,0.010457285953957866
0,0,0.014512692733409986
1,1,0.9926141853803598
0,0,0.007387576407441555
0,0,0.02006631702848275
0,0,0.023305473186867178
0,0,0.007429600188676339
0,0,0.005158470201699966
0,0,0.01708171710960138
0,0,0.012901352852795875
0,0,0.011391372146183739
0,0,0.01601940194093991
0,0,0.0065847108045721855
0,0,0.006517937135751762
1,1,0.9987920091386143
1,1,0.998930523838173
0,0,0.00820473928365686
0,0,0.010236679963856108
1,1,0.999353107961711
0,0,0.0053284787082782566
0,0,0.008965674881042236
1,0,0.0922458246835743
0,0,0.005003050665862831
0,0,0.018414638370587308
0,0,0.007502648359209128
1,1,0.9974123691800222
0,1,0.5238306881403509
0,0,0.007166386585496471
0,0,0.007020497529752579
1,0,0.06696079069846184
0,0,0.13783166084013107
0,0,0.013619358929622804
0,0,0.007531663788236957
0,0,0.006067466116575079
0,0,0.0052071137728802504
0,0,0.007907877455849954
0,0,0.01158137117044572
0,0,0.13149981158009133
0,0,0.004265951460716472
0,0,0.016908062011007696
1,1,0.999807629963749
0,0,0.005585039258628129
0,0,0.10377206722931599
0,0,0.01875022519258823
1,1,0.9958330579858188
0,0,0.00861138506150723
0,0,0.054272551540916696
0,0,0.01651549710056706
0,0,0.0080327282304217
0,0,0.036226980252474145
1,1,0.9933306409185004
0,0,0.05893197036002111
0,0,0.04834958900985436
0,0,0.07669290408103639
0,0,0.010064332185256215
0,0,0.012595033137103603
0,0,0.005431463034881174
0,0,0.0066793358110802635
0,0,0.022098094972430704
1,1,0.9924440224263008
0,0,0.008467157416858086
0,0,0.008744058529625617
0,0,0.005544178094162058
0,0,0.006245824305032277
0,0,0.003849889926184868
0,0,0.06683529990878354
0,0,0.023071456673160098
0,0,0.004906737938170696
1,1,0.9686085915614457
0,0,0.016119518753462143
0,0,0.008900958763857441
0,0,0.012569033938125054
0,0,0.008216342072049257
0,0,0.010262209300212847
0,0,0.13148593474225212
0,0,0.006744872081803788
0,0,0.008032018022025472
0,0,0.005974193929553595
0,0,0.009159178971485599
0,0,0.0059409756192417024
1,1,0.9917266533109654
0,0,0.01674349345712312
0,0,0.00844798631946555
0,0,0.007458005846266831
0,0,0.007597272057585192
1,1,0.9991470162491296
0,0,0.006304102674818344
0,0,0.010268713672744373
0,0,0.00522740464142377
0,0,0.08010126537495094
0,0,0.006535231141223255
1,1,0.8014074123876033
0,0,0.00883166792280391
0,0,0.007328873717343545
0,0,0.007064877361037352
0,0,0.007476977662886768
0,0,0.008423884554503444
0,0,0.006996725541637247
0,0,0.021978218490628258
0,0,0.00549326577393671
0,0,0.012454287138237775
0,0,0.009904608881968245
0,0,0.10257079426965592
0,0,0.00853010636087203
0,0,0.0067936157432322
0,0,0.012336637604931224
0,0,0.007486828912312829
0,0,0.006035464869815912
0,0,0.08350912139970412
1,1,0.9993306014095981
1,1,0.9878870640125967
0,0,0.01942721599442129
0,0,0.025874266115509154
0,0,0.015122341528559983
0,0,0.008357995457680656
1,1,0.9985020146818281
0,0,0.013565432750752133
0,0,0.006781614671834939
0,0,0.00878132428271878
0,0,0.008845595295769578
1,1,0.999366238714399
0,0,0.005826525647637418
0,0,0.009573628191124063
0,0,0.00989123890734907
0,0,0.007496976546237384
0,0,0.011090997848850983
0,0,0.007146677515144951
0,0,0.0607907778265957
0,0,0.008291898707452791
0,0,0.007026121562961276
0,0,0.00809945645737145
0,0,0.007364057269939723
0,0,0.024263128950831055
0,1,0.6255913790680925
0,0,0.015091981391712686
0,0,0.0072930467989188305
0,0,0.006740844661003149
0,0,0.2240173011900545
0,0,0.04024933868742157
0,0,0.0343016086890286
0,0,0.008833522567489966
0,0,0.09309931699015137
0,0,0.008335935286568508
0,0,0.004920403754502223
0,0,0.005048700587773054
0,0,0.00551970797825847
0,0,0.018795841220275965
0,0,0.005506000330371841
0,0,0.011715203814273666
1,1,0.9974187894581599
0,0,0.007418493979174985
0,0,0.0050056317684883
0,0,0.006886281945153118
0,0,0.015556313664616104
0,0,0.00816516721775525
0,0,0.008825317879628553
0,0,0.014831228804702157
0,0,0.005001398447123223
0,0,0.011117180975140258
0,0,0.012815663207337633
0,0,0.013215751008677314
0,0,0.008466899268333595
0,0,0.008918381267232219
0,0,0.00525330338408078
0,0,0.017110148856847782
0,0,0.028882619899805707
0,0,0.006947852402287097
0,0,0.006117187650131526
0,0,0.009158780262832046
0,0,0.03242162387147038
0,0,0.008678219316386824
0,0,0.016481520620484278
0,0,0.006096683618373406
0,0,0.008544836991812752
0,0,0.01266707209117719
0,0,0.029452253539646936
0,0,0.00700156310863939
0,0,0.007079191393690415
0,0,0.007077744823825962
0,0,0.13000757338139798
0,0,0.0070503176437374864
0,0,0.019265329610523286
0,0,0.012255876808490275
0,0,0.006643684222861504
0,0,0.006122264259716447
0,0,0.004400627924554729
0,0,0.010564997731033875
0,0,0.011234264471084667
0,0,0.008089036612241298
0,0,0.021993731696910886
0,0,0.007931326641235624
0,0,0.01595984556614105
0,0,0.008171597911096019
0,0,0.007641186835607949
0,0,0.010532210149375087
0,0,0.005743716044955141
0,0,0.019120164169098564
0,0,0.03066291167782767
0,0,0.1537845857686768
0,0,0.012366848297323622
0,0,0.008330683673356548
0,0,0.008891417346162956
0,0,0.014986471398833518
0,0,0.006107712199647137
0,0,0.005754683620004038
0,0,0.008945994986046788
0,0,0.0076604332643616935
1,1,0.9991727281165321
0,0,0.006470857264446021
0,0,0.014073588575285815
0,0,0.006320852626723597
0,0,0.0066593590400449605
0,0,0.009194300438278947
0,0,0.026868619238822847
1,0,0.015311751726264783
0,0,0.009955043461788243
0,0,0.005871727835669579
1,0,0.3272527839517913
0,0,0.005753870016378014
0,0,0.005429114927438801
0,0,0.005573781652850542
1,1,0.971478592389015
0,0,0.008285720928071954
0,0,0.007882432567223973
0,0,0.013842702390063327
0,0,0.014142078762046255
0,0,0.00713631224055213
0,0,0.05622976462334128
0,0,0.007464526299523667
0,0,0.008930619129287483
0,0,0.13706269006274893
0,0,0.018930259418097395
1,1,0.9657961523336923
0,0,0.012488442171374218
0,0,0.02796010516955293
0,0,0.01641716072691106
1,1,0.998766081106331
0,0,0.02133874391862989
0,0,0.02798747520745296
0,0,0.006951986087579274
0,0,0.016116506764150405
0,0,0.010772442756761409
0,0,0.012353916461046605
0,0,0.05129440002615258
0,0,0.009109101742302301
0,0,0.02739248762369193
0,0,0.006824149221137105
0,0,0.015215785208049379
0,0,0.009042587093358824
0,0,0.028661657277952887
0,0,0.3615037103532825
0,0,0.005826141984855244
0,0,0.006178924554963062
0,0,0.009743182689647235
1,0,0.23820426875646397
1,1,0.999378587217306
0,0,0.006710860663868586
0,0,0.014847827489027386
0,0,0.007106146489649768
0,0,0.00612904423587238
0,0,0.01416206868022325
0,0,0.006010802784857305
0,0,0.010111832359826437
0,0,0.06079170649008615
0,0,0.007792388221813958
0,0,0.04310197709192468
0,0,0.16171929602734209
0,0,0.009893740277463155
0,0,0.005022807908101148
0,0,0.007218255304359623
0,0,0.005595437386276266
0,0,0.0067540779355782414
0,0,0.006880962161227873
0,0,0.021842349142979892
1,0,0.20896235940697785
0,0,0.016930644249862983
0,0,0.006634326335692251
0,0,0.023495877172838967
0,0,0.12238078493101162
0,0,0.014977645977339662
0,0,0.03406199391324348
0,0,0.01062032784412337
1,0,0.008288874985716933
1,1,0.998949803264853
0,0,0.005157865441297318
0,0,0.004707157773630258
0,0,0.023301778446909
0,0,0.0087907095710115
0,0,0.03237853109966182
0,0,0.00972517583221741
0,0,0.010349357329364
0,0,0.015172672151955186
0,0,0.007421731800043087
0,0,0.006357037572117099
0,0,0.0077418016116823085
0,0,0.006316964988739671
0,0,0.007117911905362577
0,1,0.7262342808892838
0,0,0.01903073802493131
0,0,0.007348542525415746
1,1,0.9988386499771332
0,0,0.0846033250904764
0,0,0.010947676079714443
0,0,0.02311107780462398
0,0,0.01954926348189383
0,0,0.016022476769437105
0,0,0.0068181540118285085
1,0,0.005961761546898836
0,0,0.011789317996250806
0,0,0.011449988010788016
0,0,0.01762820814586101
0,0,0.0230064952407482
0,0,0.005749331734706353
0,0,0.01471176855010917
0,0,0.02682909205443447
1,1,0.9919658545736425
0,0,0.006412217009021216
0,0,0.007780687030879232
0,0,0.010799162294167478
0,0,0.010875999605675944
0,0,0.028218442265290116
0,0,0.007614697850759934
0,0,0.01268680052564039
1,1,0.9504708553746682
0,0,0.011055757859395113
1,0,0.054687426193824974
0,0,0.014589922794952876
0,0,0.0286665775244196
0,0,0.018360640906673574
0,0,0.005657335264549101
1,1,0.9944702490253854
1,1,0.9584578207765659
0,0,0.007592727286042161
0,0,0.0051105063325143085
0,0,0.013439104282986026
0,0,0.008980040582670918
1,1,0.938601566541112
0,0,0.00660283812993461
0,0,0.1008276692293153
0,0,0.10904131964412515
0,0,0.03141593545155796
0,0,0.009202096683101945
0,0,0.006856299146615734
0,0,0.012060687048374107
0,0,0.009249628291128409
1,0,0.33198195925060253
0,0,0.026594933349996578
0,0,0.007298262558354771
0,0,0.005598374085103933
0,0,0.0065640852822141426
0,0,0.006244931276197437
0,0,0.006576527259252601
0,0,0.009282619857874732
0,0,0.006863807671133149
1,1,0.7586454893028651
1,0,0.4888341207104042
0,0,0.006905078824116886
0,0,0.0067515175230990175
0,0,0.005612766854384735
1,1,0.998357676992224
0,0,0.006650274027830053
0,0,0.005795960321659727
0,0,0.013157645594534062
0,0,0.008823249959462888
0,0,0.005892115553982005
0,0,0.008000650832848831
1,0,0.032678744043147794
0,0,0.013574757851925828
0,0,0.009028674834106633
0,0,0.007414044628578812
0,0,0.011876659236514311
1,1,0.9991912557125999
0,0,0.008908419293551325
0,0,0.019031188628128803
0,0,0.011688068326332825
0,0,0.005996141390907881
0,0,0.07134983604524857
0,0,0.07322973408657862
0,0,0.08246502682708333
0,0,0.018609963544863394
0,0,0.017740908049769456
0,0,0.011480789706349095
0,0,0.10158573135440346
0,0,0.4836850592797913
0,0,0.00691798519807208
0,0,0.009315206687059976
0,0,0.00708252808261912
0,0,0.005694958831333254
0,0,0.005221821262193317
0,0,0.008575600131791915
0,0,0.02234045163203704
0,0,0.009334190353911798
0,0,0.011402396913365264
0,0,0.0032280988071815273
0,0,0.005528665679525861
0,0,0.3173729472990091
0,0,0.14467958178640983
0,0,0.0073242265457235
1,1,0.9985941839750023
0,0,0.03488184638412541
0,0,0.027045974063343695
0,0,0.018076514163063436
0,0,0.047294757067990766
0,0,0.014884415203717005
1,0,0.48987204990268907
0,0,0.007895899726201918
0,0,0.006652774702255711
0,0,0.010326440673969905
0,0,0.006564456507367575
0,0,0.01071046903469748
0,0,0.03783498428775193
0,0,0.005482883961063543
0,0,0.008379678102818568
0,0,0.00743536060201188
0,0,0.006849369363265732
0,0,0.06738246466485151
0,0,0.024203735245345297
0,0,0.007005629380096103
0,0,0.05103051447478197
0,0,0.009315284145792389
0,0,0.008597939679732257
0,0,0.012809354594409015
1,1,0.996641591137067
0,0,0.43623853751878294
0,0,0.024444992051109414
0,0,0.007196788265785546
0,0,0.009953041078654181
0,0,0.014507646898996805
0,0,0.005600254365608324
0,0,0.14133003942345676
0,0,0.2059664495744248
0,0,0.007083973742833219
0,0,0.01629012639479102
0,0,0.005576323713948158
0,0,0.05168406593378276
0,0,0.140477845513614
0,0,0.008532041742947895
0,0,0.0089711246665546
0,0,0.004195749311494158
0,0,0.009532895006802976
0,0,0.006219641323807337
0,0,0.009064109230855058
0,0,0.23857785994867461
0,0,0.028119697771420017
0,0,0.021648446725040148
0,0,0.014583100181676701
0,0,0.026254189469770414
0,0,0.16046332371261643
0,0,0.010143779889592591
1,0,0.15036621405082073
1,1,0.922873088013362
0,0,0.005366140691731239
0,0,0.013818569528852949
0,0,0.010543387214545176
0,0,0.0075949729791985245
0,0,0.03294053860159158
0,0,0.008728136787775728
0,0,0.02315915231650755
0,0,0.0089237610803546
1,1,0.7472720309160134
0,0,0.010110328956448702
0,0,0.006472076382367075
0,0,0.01809986489974024
0,0,0.032623862636997326
0,0,0.009130320979764484
1,0,0.3824577264054154
0,0,0.022426301215145435
0,0,0.010005817691189663
0,0,0.06014304118917902
1,1,0.589693225623206
0,0,0.013249704220161475
1,1,0.9681545417156854
1,1,0.9985084718569
0,0,0.0054804614587082474
1,1,0.5481021780889667
0,0,0.007586195765113502
0,0,0.0074843286963082265
0,0,0.02593782630241417
0,0,0.006385098838854115
0,0,0.020665108279272867
0,0,0.00595392997990621
0,0,0.006049278503463153
0,0,0.005549843949002375
1,0,0.027811445191792065
0,0,0.007110536196461852
0,0,0.010471328039654079
0,0,0.01932012585168768
0,0,0.014771582888588876
0,0,0.006926882802191549
0,0,0.006553872500043341
0,0,0.02464929635412524
0,0,0.004007833906402194
1,1,0.9993492318939887
0,0,0.009009940419288738
0,0,0.008684402271139613
1,1,0.9992431674495588
1,1,0.998952086571959
0,0,0.005268880722735073
0,0,0.028286612923315788
0,1,0.5313325986980907
0,0,0.006320874021930745
0,0,0.01933893688370607
0,0,0.005991473334460403
0,0,0.00814981457382518
0,0,0.007935340482075705
1,0,0.00910235312077058
1,0,0.3706465228249357
0,0,0.1401084319298571
0,0,0.011205825857291166
0,0,0.022119589171188697
0,0,0.006122522177617718
0,0,0.009370133237746272
0,0,0.010388042208558976
0,0,0.011322641150341239
0,0,0.009223038975734371
0,0,0.01034584684948054
0,0,0.008698332971150793
0,0,0.00655935193796525
0,0,0.009719001196137571
0,0,0.02136556211139935
0,0,0.0181477019331697
0,0,0.00785801203319753
0,0,0.007190743575774036
0,0,0.006387665071277804
0,0,0.007177649828799374
0,0,0.01612835026454735
0,0,0.006568257530761477
0,0,0.006160920399344336
0,0,0.015495061456105805
0,0,0.006902983729228319
0,0,0.09756081256204817
0,0,0.007655747234039927
0,0,0.19291373644069398
0,0,0.0074158413649867486
0,0,0.004374650920627594
0,0,0.013433191552384496
0,0,0.011509237625332479
0,0,0.0067947598285941395
0,0,0.008477833615977646
0,0,0.004449932535129575
0,0,0.0058874049601747745
0,0,0.03277164385674834
0,0,0.007492289082584454
0,0,0.025030870234278198
0,0,0.007586400199336414
0,0,0.00671247072892947
0,0,0.00810336073229285
0,0,0.16148437367031027
1,1,0.998357676992224
0,0,0.00869755584474077
0,0,0.00567076072841112
0,0,0.006768805855103809
0,0,0.009354416854353124
0,0,0.00887555281214135
0,0,0.007278157969479586
0,0,0.02589475109684366
0,0,0.010352025947512935
1,1,0.9985977742911994
0,0,0.00755974602195503
0,0,0.010214907969265786
0,0,0.01640035107368218
0,0,0.05375354585824583
0,0,0.04552983587426171
0,0,0.01279528178881591
0,0,0.004987026855905101
0,0,0.00866861519611938
1,1,0.9980627581235825
0,0,0.005071456920897789
0,0,0.12911414939587332
1,1,0.9879784440502711
0,0,0.005925160526474363
0,0,0.01451401237732772
0,0,0.023241121041286453
0,0,0.004542915688320412
0,0,0.01890134502924086
0,0,0.0076241442712909795
0,0,0.00832386175932789
0,0,0.04031912351555327
0,0,0.007899347643342054
0,0,0.004035198976471499
0,0,0.009130653870083431
0,0,0.006939933323490199
0,0,0.006278691323773238
0,0,0.019646765169465657
0,0,0.005573399040347992
0,0,0.007035693695057208
0,0,0.009312670546271063
0,0,0.007854390851011675
0,0,0.006305790395184362
0,0,0.009804524763702777
0,0,0.010720572564213614
0,0,0.01823304866000961
0,0,0.006278239443039962
0,0,0.011550014902887299
0,0,0.016178145259111078
0,0,0.023813754170961147
0,0,0.017193827949699106
0,0,0.012107593806461108
0,1,0.862325521283244
0,0,0.006887098700283051
0,0,0.007786235940640751
0,0,0.006963619010123859
0,0,0.005538060528163119
0,0,0.014550662435116433
0,0,0.02515604236787365
0,0,0.015813422479794823
0,0,0.037895203063858574
1,0,0.47421206348457345
0,0,0.005103621511665956
0,0,0.007755492655051122
0,0,0.025405777065396044
0,0,0.007255508630946624
0,0,0.014440731194845834
0,0,0.13894779712787453
0,0,0.02550380252471308
0,0,0.012056719185441
0,0,0.00735396520427705
0,0,0.005969008487779771
1,1,0.9876081976284309
0,0,0.024689250783446342
0,0,0.016666893155129463
0,0,0.019886034400358348
0,0,0.014697835876450956
0,0,0.024563733946703876
0,0,0.047129507176829656
0,0,0.009642577491104259
1,1,0.9993572949322872
0,0,0.031119146897822858
0,0,0.006666073998741076
0,0,0.015218149306106208
0,0,0.007747688955927663
0,0,0.003237248476844993
0,0,0.027587369982043752
0,0,0.0922458246835743
0,0,0.01112015343925866
0,0,0.02680275435991807
0,0,0.007207696704774521
0,0,0.006759465217849335
0,0,0.06508008921883585
0,0,0.025176369441032177
0,0,0.006355408975028536
0,0,0.0065635095570691256
0,0,0.013332342862135685
0,0,0.00963478076887099
0,0,0.0709669479188561
0,0,0.014056671200469916
0,0,0.008607512975582828
0,0,0.005580512354850573
0,0,0.00551596748889831
0,0,0.0207948180526841
0,0,0.00488696575182626
0,0,0.005112299317838662
0,0,0.006726678082667377
0,0,0.010783406702699418
0,0,0.015696406880886946
0,0,0.013934710822255293
0,0,0.005950964496395833
0,0,0.01278233443370871
0,0,0.006418095565105344
0,0,0.006530898403819448
0,0,0.00854607698865899
1,1,0.999230991958858
0,0,0.005495200881768633
0,0,0.007738968159222016
0,0,0.029008534627217163
0,0,0.008260810705140497
0,0,0.00599895521095245
1,1,0.9993093141694709
0,0,0.007116227871102978
1,0,0.2213822217427824
0,0,0.10464355947812738
0,0,0.005406965477408982
0,0,0.011928679588068163
0,0,0.004856586150610017
0,0,0.006003222521764916
0,0,0.009506020376178283
0,0,0.008475798187038981
0,0,0.005985937580177043
0,0,0.03316094819675579
0,0,0.008258843886829466
0,0,0.008058228795119854
0,0,0.009628024767480698
0,0,0.008280369132622
0,0,0.011743349395987196
0,0,0.019449526392187118
0,0,0.02772475772503577
0,0,0.008477022394332862
0,0,0.13856997084656786
1,1,0.9971586180314724
0,0,0.010279237000416228
0,0,0.15861639191959684
0,0,0.008663869977634785
0,0,0.006914880412718063
0,0,0.08511746997282252
1,0,0.02035098580303742
0,0,0.0061833736088521656
0,0,0.02729721005220349
0,0,0.01008220597451561
0,0,0.006136061833208039
0,0,0.015059440856520577
0,0,0.007899324305865747
0,0,0.021664274398276402
0,0,0.006398515321280633
0,0,0.010895308067298612
0,0,0.006123715390517838
0,0,0.009227184701836815
0,0,0.0126131765772833
0,0,0.22232509621226587
0,0,0.010014577474210038
0,0,0.0059122298376524975
0,0,0.006936251119619507
0,0,0.01462143809325049
0,0,0.006071936039789179
0,0,0.007391472786307316
0,0,0.0067323077112038205
0,0,0.005243848504694767
0,0,0.005321300140255662
1,0,0.17753695123199822
0,0,0.008320067648862459
0,0,0.13205033601348606
1,1,0.9981070225557029
0,0,0.007927870751814111
0,0,0.006998601895419336
0,0,0.07738272772797596
0,0,0.04576127133403065
1,0,0.07477060976791962
0,0,0.017211395548546955
0,0,0.013355732771070312
0,0,0.0051815455614020334
0,0,0.007804758349987414
0,0,0.006807413522428961
0,0,0.007058362783205423
0,0,0.012434778042183684
0,0,0.010920039484335512
0,0,0.008940262742729459
0,0,0.007038901307179937
0,0,0.041718367126939375
0,0,0.10035350976312007
0,0,0.020633767386552482
0,0,0.01416245427610876
0,0,0.0079491618552979
0,0,0.010244299906281621
0,0,0.011343801257916137
0,0,0.009456886017608192
0,0,0.03610940536880113
0,0,0.007840371760442647
0,0,0.0062405486749959145
0,0,0.010001425140452373
0,0,0.005725890731615304
0,0,0.011075662732953516
0,0,0.007981607108570248
0,0,0.01039764757169369
0,0,0.006367969060180131
0,0,0.008726024763542471
0,0,0.021112701131693553
1,1,0.9923921096559324
0,0,0.0043222016493925375
0,0,0.005410293860697502
0,0,0.014666087656110716
0,0,0.006704578375104823
0,0,0.013491025534214576
0,0,0.056535554130044824
0,0,0.006364306186694854
0,0,0.1515859966255279
0,0,0.03324856641551713
0,0,0.009114991660278987
0,0,0.005422214026399891
0,0,0.007991039877185047
0,0,0.2059664495744248
0,0,0.009464494962788256
0,0,0.009787442388124205
0,0,0.005680789811017455
1,1,0.9924922881200559
1,1,0.9987393739514454
0,0,0.0067335641137083
0,0,0.1092860713555445
0,0,0.00669286523754328
0,0,0.009505667726568957
0,0,0.006945275833512755
0,0,0.1907471843041936
0,0,0.36311945390103423
0,0,0.007585055215864467
0,0,0.008691349612340077
0,0,0.005632356317643359
0,0,0.01098689457670245
0,0,0.010521737801662233
0,0,0.010114161848181447
0,0,0.07916453069187959
0,0,0.012736714541121909
0,0,0.006466298057344383
0,0,0.006586209600373781
0,0,0.02004580302698121
0,0,0.007680847895821123
0,0,0.11567658007480976
0,0,0.07351067246515704
0,0,0.009191349031313249
0,0,0.007261781538796426
0,0,0.006184067805712154
0,0,0.00955273822684122
0,0,0.014462664261955235
0,0,0.005490289385551889
0,0,0.017766591658494254
0,0,0.017319299521197117
0,0,0.00987516418414528
0,0,0.011908227314398011
0,0,0.023669817077149533
0,0,0.00756546550650623
0,0,0.014736442455075521
0,0,0.00816707947892473
0,0,0.006904493778640455
0,0,0.011564751100688987
0,0,0.013606975105492582
0,0,0.1703582572786823
0,0,0.009982943301249766
0,0,0.004971926684425467
0,0,0.006789009601021471
0,0,0.0068881260542596225
0,0,0.16532544311212127
0,0,0.006654789706196302
0,0,0.009626966032252614
0,0,0.01876465884667369
0,0,0.0064931066078466465
0,0,0.007521839068374984
0,0,0.004078154279492048
0,0,0.0071646775030447555
0,0,0.01095873944451238
0,0,0.015238571805001357
0,0,0.005961430200052728
0,0,0.009198622891508178
0,0,0.009404984884079834
0,0,0.006640070348993111
0,0,0.007189902329227686
0,0,0.006372592989054957
0,0,0.005756497487253355
1,0,0.015154930401989189
0,0,0.11296305446185573
1,1,0.9944272680519465
0,0,0.025143117583487275
0,0,0.0843558882476044
1,1,0.9972964354022614
1,1,0.9954979731725957
0,0,0.009154880054427859
0,0,0.0129057004361459
0,0,0.007236815388446671
0,0,0.04058622006135173
0,0,0.008370449491543466
0,0,0.16514726471888577
1,1,0.7619285712869599
0,0,0.006842068253754802
0,0,0.02843228480631679
0,0,0.05568746459843297
0,0,0.008762998193033672
0,0,0.005850459597734854
0,0,0.028630679714114194
0,0,0.01009972802894231
0,0,0.008822268780801024
0,0,0.012060611027467636
0,0,0.06591572961976473
0,0,0.042737111287643056
0,0,0.006459585847906474
0,0,0.012006026712617489
0,0,0.031268465514031875
0,0,0.008935710633713534
0,0,0.006236423077171756
0,0,0.017883989754726787
0,0,0.018647316531818153
0,0,0.012800673399027985
0,0,0.010176463822205353
0,0,0.010571640356462417
0,0,0.008741940000018416
0,0,0.053740028689059076
0,0,0.007187648545343793
0,0,0.006655240677320364
0,0,0.007625968893357787
0,0,0.013879239331565854
0,0,0.016299796724064085
0,0,0.17364875078360675
0,0,0.0067752804930521476
0,0,0.007559852341444206
0,0,0.00554205570851536
1,1,0.9963714801903153
0,0,0.13473432145277445
0,0,0.01861908851297579
0,0,0.008290122184466982
0,0,0.009110607301141885
0,0,0.026440615187684216
0,0,0.02245078417522474
0,0,0.01087675518155616
0,0,0.007117903810883087
0,0,0.008658418408908368
0,0,0.05139829473683829
0,0,0.012898493838472823
0,0,0.013786731263070942
0,0,0.007199412383356289
1,1,0.9512640271776458
0,0,0.008301411562291984
0,0,0.01413563630980736
0,0,0.03992657147797948
0,0,0.012895293478573053
1,1,0.9982463290216886
1,1,0.9974164502639457
0,0,0.01111169005798879
0,0,0.02409745173200115
0,0,0.00942470179608321
0,0,0.05396826305219612
0,0,0.008459290238169635
0,0,0.122454944643988
0,0,0.006645239865311913
0,0,0.00518955273754036
0,0,0.004848598227115723
0,0,0.007003218627370465
0,0,0.023589053156166672
0,0,0.018213104502089576
0,0,0.010611704796467794
0,0,0.007141249173848469
0,0,0.009078589882219955
0,0,0.01448121262507573
0,0,0.008043979580288393
0,0,0.006292120418115199
1,1,0.9992036762087352
0,0,0.020752773772012775
0,0,0.0102813650193474
1,0,0.37332127514368224
0,0,0.008555138788418492
0,0,0.007026246557223546
0,0,0.009485233382546625
0,0,0.008525326975943876
0,0,0.012011075421802343
0,0,0.005849789039085455
0,0,0.044658438116638395
0,0,0.027309374321829883
0,0,0.006972008699633069
0,0,0.006419649141538646
0,0,0.006512948924294676
0,0,0.005866336579538509
0,0,0.010889739369117671
0,0,0.005951233886495652
0,0,0.007660808853890646
0,0,0.009526267104543377
1,1,0.9969555148199417
0,0,0.007050850295069082
0,0,0.024808485225581364
0,0,0.024876545441791246
0,0,0.01742728314249095
1,1,0.9981602903086326
0,0,0.01429974336312341
0,0,0.011661454178724667
1,1,0.999230991958858
0,0,0.005864743149083864
1,1,0.9900999155396079
0,0,0.007112888600501377
0,0,0.005871477012168952
1,1,0.9989450291070135
0,0,0.02351220236469377
0,0,0.010254188493628896
1,1,0.9991643411652594
0,0,0.008156901884682167
0,0,0.01419036526324047
0,0,0.0334208416954838
0,0,0.10144105415006706
1,1,0.5142725979547377
0,0,0.009738737661085304
0,0,0.014105392455468602
0,0,0.008700546056845808
0,0,0.08472073869202956
0,0,0.00850714460898263
0,0,0.004897364203930206
0,0,0.006698928825541023
0,0,0.007081553376371708
0,0,0.010293526348235275
0,0,0.005740447743103916
1,1,0.9967233966146449
0,0,0.009325753344147553
0,0,0.007920824796251691
0,0,0.012421395999066547
0,0,0.008674900764197128
0,0,0.024814358436560872
0,0,0.010776085817347972
1,1,0.9968480865485211
0,0,0.01781174743588302
0,0,0.006027514638904067
0,0,0.01893574745052077
0,0,0.007259770675425985
0,0,0.006184875519354069
0,0,0.011195828965122098
0,0,0.011189206016106831
0,0,0.010263705133920921
0,0,0.009294818394126816
0,0,0.010150928186007623
0,0,0.008360965991106688
0,0,0.08972500302426586
1,0,0.21080213320752036
0,0,0.00634936514458334
0,0,0.024228570880589047
0,0,0.028435699840452768
0,0,0.005693212761135577
0,0,0.005666862162209005
0,0,0.026962881915686743
0,0,0.061108343009022584
1,1,0.6895307846967602
0,0,0.004867835769213905
0,0,0.007681566898320458
0,0,0.3003099190241457
1,1,0.9981761131380691
0,0,0.005797250139562924
0,0,0.03771725855848419
0,0,0.025258697323426817
0,0,0.05438750171777608
0,0,0.0158026513743806
0,0,0.0077707694667427775
0,0,0.01143698991766173
0,0,0.009060773300087269
0,0,0.01016121076190816
0,0,0.013646254743180925
0,0,0.005772395741427209
0,0,0.005812566908565802
0,0,0.010819498975790128
0,0,0.006556955372512045
1,1,0.7571282349397519
0,0,0.006029922273052521
1,1,0.9946560296064025
0,0,0.008359128133194563
0,0,0.013072704582372691
0,0,0.008075110366420812
1,0,0.32902934002449463
0,0,0.010279113296124805
0,0,0.008021042048280743
1,1,0.9994858695425902
0,0,0.009535426719282872
0,0,0.005030413301293464
0,0,0.02710488109195077
0,0,0.005949522575485422
0,0,0.015270889363402445
0,0,0.017265084081406788
0,0,0.01836048453568298
0,0,0.0071785920509618425
0,0,0.007525150169679226
1,1,0.9999178358915674
0,0,0.012476681388936246
0,0,0.006843121162821648
0,0,0.008200769562026063
0,0,0.00911874361483933
0,0,0.01606829669708486
0,0,0.008326056724482925
0,0,0.008981603887825406
0,0,0.005756587640131428
0,0,0.00653957836459843
0,0,0.009500773433335698
0,0,0.011608273419575628
0,0,0.009448989761293575
0,0,0.006965284611305078
0,0,0.008405883379842818
0,0,0.04247747793690174
0,0,0.008330683673356548
0,0,0.05246174283164359
1,0,0.24686271133347903
0,0,0.0294764004594849
0,0,0.00575699240667101
0,0,0.012269773398472678
0,0,0.007328441970011584
0,0,0.014665324385409819
0,0,0.011224460023373477
0,0,0.011168459719169396
0,0,0.008213292845756252
0,0,0.0103691422312756
0,0,0.007370521352936119
0,0,0.020896739543666776
0,0,0.021976130342287487
0,0,0.15056038288444828
0,0,0.024235913121638912
0,0,0.008890353213710964
0,0,0.15920856070963998
0,0,0.010106789065039723
0,0,0.010487896857696723
0,0,0.0067097606161853765
1,1,0.948576031071524
0,0,0.005050248134802705
0,0,0.010675398727638863
0,0,0.004962841432272138
0,0,0.011694412406044302
0,0,0.00467535129116223
0,0,0.0055329943001258255
0,0,0.004728469293760678
0,0,0.010235471610968298
0,0,0.021594738890630155
0,0,0.15035146862473533
0,0,0.006717712106600022
0,0,0.005963315068761639
0,0,0.019607633704290278
0,0,0.020216275840696463
0,0,0.025584701904882927
0,0,0.00586617944935432
0,0,0.008054387231757535
0,0,0.008928777248228142
0,0,0.03351518426202745
0,0,0.06770398916882624
0,0,0.014848295181226632
0,0,0.006370594140043547
1,1,0.9987198628249878
1,0,0.03049078212591078
0,0,0.008350341154136326
0,0,0.007581899145284077
0,0,0.008017045055596689
0,0,0.006318720205550779
0,0,0.0071627289706835805
0,0,0.02999790138258935
0,0,0.005903970442165445
0,0,0.007259964376930554
0,0,0.14853955188570223
0,0,0.004973193930407291
0,0,0.10006027045984313
0,0,0.02733160420978442
0,0,0.008492049866044174
0,0,0.01259091119559249
0,0,0.021540334232941275
0,0,0.005870260867382901
0,0,0.004506043682553066
0,0,0.007373156479104749
0,0,0.010298864694495242
0,0,0.011557886056780771
0,0,0.004433377649882572
0,0,0.006928607373857643
0,0,0.01894806309458796
0,0,0.020546576257761
0,0,0.041319575511904925
0,0,0.49606900699338496
0,0,0.08397615219174721
0,0,0.008592315915696688
0,0,0.01018948316742415
0,0,0.13892375907403476
0,0,0.008272159611601156
0,0,0.00667260151581019
0,0,0.004656482408789524
0,0,0.014056023429105443
0,0,0.02389536657603522
0,0,0.00856676876894893
0,0,0.004891815709430923
0,0,0.035327391346131706
0,0,0.012387491764776933
1,1,0.6411173821528606
0,0,0.005615202757266895
1,0,0.10930816534998988
0,0,0.010630858330980032
0,0,0.015005578934808438
0,0,0.013415108768774173
0,0,0.007912480380117375
0,0,0.009678379223035397
1,1,0.9994858695425902
0,0,0.010166978307936999
1,1,0.9686085915614457
0,0,0.0135051562517216
0,0,0.00568166495678146
0,0,0.010098062471909705
0,0,0.02079811991132599
0,0,0.05065376292168435
0,0,0.008769498038617035
0,0,0.0079327831518624
0,0,0.009048775869486334
0,0,0.030267265187058738
1,1,0.9970541217245853
1,1,0.9993665945797938
0,0,0.012048787534389148
0,0,0.015608643253066776
0,0,0.08271900596756518
0,0,0.008588329411335603
0,0,0.00969208740600679
1,1,0.9878870640125967
0,0,0.01058549881144242
0,0,0.015605813967031116
0,0,0.09648103643257339
0,0,0.02715999550892542
1,1,0.9958931369682258
0,0,0.006184067805712154
1,1,0.9905451453085669
0,0,0.011279094469242258
0,0,0.007222024248675154
1,0,0.16385448270531305
0,0,0.02523922679336976
0,0,0.011501879874124087
0,0,0.0055062980879687345
0,0,0.004728469293760678
0,0,0.0077939440829994915
0,0,0.005640698457217395
0,0,0.013455941823823847
0,0,0.007418823279393051
0,0,0.00832386175932789
0,0,0.006027102436897854
0,0,0.010886982768051633
0,0,0.08524214589261414
0,0,0.036363341743429645
0,0,0.006956916351166751
0,0,0.01714152094303014
0,0,0.02319281346514427
1,0,0.04634805817990016
0,0,0.006468963884527729
0,0,0.08899056162864835
0,0,0.005506588863882329
0,0,0.008280002180137906
0,0,0.010245509932339341
0,0,0.006127705148306769
0,0,0.007861207479289083
0,0,0.009446360152233511
0,0,0.014055140844933655
1,0,0.019318426150556373
1,1,0.8496802367132636
0,0,0.05300241773254613
0,0,0.006579161992908283
0,0,0.005077068393551859
0,0,0.06795062088081641
1,1,0.9000090273319109
0,0,0.0072173913517065
0,0,0.006390919244445621
0,0,0.21699311375804226
0,0,0.004910003852853195
0,0,0.007666514869951345
0,0,0.010298864694495242
0,0,0.007710089315436595
0,0,0.13508178443579283
0,0,0.00611891159111412
0,0,0.18474603800602243
0,0,0.007343402784354878
0,0,0.0091087804303229
1,1,0.9980243380307166
0,0,0.007063152631187075
1,1,0.7110180996848712
0,0,0.008661322949920834
0,0,0.0197171333000228
0,0,0.01032830561398822
0,0,0.005085597295611654
0,0,0.003908104926649121
0,0,0.018489301007421743
0,1,0.6988064850859343
0,0,0.011202648208473606
0,0,0.007753219960931277
0,0,0.005924095039506072
0,0,0.005799584062721298
0,0,0.028744866973100337
0,0,0.07161566290436962
0,0,0.00488949545181822
0,0,0.061435281452611026
0,0,0.005472369356199176
1,1,0.9954920442274173
0,0,0.1374417870148775
0,0,0.008457559636136935
0,0,0.011527496008616852
0,0,0.00488990422076286
0,1,0.6647997049418595
0,0,0.01042533976890609
0,0,0.013909386128886427
0,0,0.010179332297883075
0,0,0.1371587596023673
0,0,0.009637241985528091
0,0,0.012151843341438495
0,0,0.010200575233865115
0,0,0.011317840086784355
0,0,0.0066380490007543445
0,0,0.008594314012185364
0,0,0.021317280548892727
0,0,0.007117047734656833
0,0,0.023345202841105805
0,0,0.3370544297031652
0,0,0.011975613366187533
0,0,0.007696686942723745
0,0,0.012374683794967891
0,0,0.14179996538560524
0,0,0.0054160049653541355
0,0,0.23458217587284408
0,0,0.005925079330582905
0,0,0.007313643385944564
0,0,0.0061022513139516715
0,0,0.005643657115211824
0,0,0.0066474470505319015
0,0,0.005268962327641499
0,0,0.01141537410314004
0,0,0.011816667452653796
0,0,0.005512472909053914
0,0,0.009323312583831091
0,0,0.011785675785639126
0,0,0.00906056161765706
1,1,0.998357676992224
0,0,0.06059944090179552
0,0,0.02114438022923603
0,0,0.009701707197841568
1,1,0.9995427830273238
0,0,0.007621574585739767
0,0,0.008176932029615138
0,0,0.005682513177265485
0,0,0.008357995457680656
0,0,0.005007224699293346
0,0,0.01270358232371288
0,0,0.007119573881097192
0,0,0.005461610733553511
0,0,0.030250857711544548
0,0,0.005990154172473469
1,1,0.9988031816339878
0,0,0.0080932172630556
0,0,0.005580669928621564
0,0,0.006560060468224187
0,0,0.2371838157376779
0,0,0.009299287803360265
0,0,0.022482984456488175
0,0,0.010518570862107385
1,1,0.999313794377627
0,0,0.005934268652212129
0,0,0.02148991429676012
0,0,0.005853222959745136
1,0,0.46754608184965746
0,0,0.04527280061881958
0,0,0.038582859278095204
0,0,0.012368861617600795
0,0,0.009722081372472456
0,0,0.006187969647457969
0,0,0.006089818659628866
0,0,0.00964477119354116
0,0,0.17304390291988161
0,0,0.010186461007503561
0,0,0.0067540688445130725
0,0,0.020973499703459204
1,1,0.9996990768346774
0,0,0.006098184270249545
0,0,0.006111637038312894
0,0,0.006203874541034403
0,0,0.008759132430475639
0,0,0.006639816339336827
0,0,0.005514652675861451
0,0,0.008628877923926876
1,0,0.34212202266339714
0,0,0.024655309594756824
0,0,0.012667827556746402
0,0,0.0063615887614948225
0,0,0.028968880511168277
0,0,0.039393398323393745
0,0,0.029670796656232148
0,0,0.007251840669466813
0,0,0.007251004297729167
0,0,0.006615460517694174
0,0,0.02003271390849695
0,0,0.19890602121238055
1,0,0.20872374912810443
0,0,0.007451929159053711
0,0,0.011545671986628037
0,0,0.010139137695857958
0,0,0.011804688116433723
0,0,0.006631735291883385
1,1,0.9980243380307166
0,0,0.020239020668317627
0,0,0.010430546465609532
0,0,0.09774914512013122
0,0,0.010554640320144968
0,0,0.01583574542233867
1,1,0.9956858957344479
1,1,0.953024265652122
0,0,0.03552092978902014
0,0,0.18143459727149064
0,0,0.009383863861915098
0,0,0.011618961706756865
0,0,0.02416857544955514
0,0,0.18216308183815336
0,0,0.023767281117347886
0,0,0.007675117414377192
0,0,0.012712377685018409
0,0,0.00748675267565763
1,1,0.9995717785191656
0,0,0.006407345475497341
0,0,0.009053231096459682
0,0,0.01936013223419829
0,0,0.012975325950674134
0,0,0.006444156955089613
0,0,0.005286262613430319
0,0,0.006467233757445366
0,0,0.005057760668365338
0,0,0.014378337818785277
0,0,0.019540708374786823
1,1,0.9231264058286052
0,0,0.007388125004496964
0,0,0.0155069942303309
0,0,0.01594660814676344
0,0,0.009266541456866695
0,0,0.01123856503741848
0,0,0.008003665237049063
0,0,0.04058770351436859
0,0,0.01401537904532089
0,0,0.008940067978841667
0,0,0.08623423466283228
0,0,0.016704762786846513
0,0,0.00577598573652959
0,0,0.00627607923151516
0,0,0.04789451063884793
0,0,0.0066659154009279875
0,0,0.009114877173440467
0,0,0.007026810176836815
0,0,0.005703732499508658
0,0,0.014220404840681924
0,0,0.15357693941834044
0,0,0.008165429324807651
0,0,0.011205978271571361
1,0,0.3527537769959047
0,0,0.013061051171808601
0,1,0.5736098291156434
0,0,0.0314525157117686
0,0,0.1389352164649834
0,0,0.14608107247930624
0,0,0.18780543389081467
0,0,0.011972859137998296
0,0,0.006511087951547013
1,1,0.9992321100290579
0,0,0.014220404840681924
0,0,0.005248030180131621
0,0,0.008162447488897632
0,0,0.006605130261266047
0,0,0.006169197017046757
1,1,0.9930492074527714
0,0,0.006852638471303995
0,0,0.005428817051093665
0,0,0.009131554259959684
1,1,0.9991258238944261
0,0,0.007337481632090638
0,0,0.007262373645400863
0,0,0.0062149220459209896
0,0,0.008094591186707167
0,0,0.034657167055494556
1,1,0.9983075630799239
0,0,0.09918313672835427
0,0,0.006575825897133148
0,0,0.007591555809023564
0,0,0.16071496992248907
0,1,0.5539191372729999
0,0,0.006157881910116094
0,0,0.008433111560969172
1,0,0.019453816779542915
0,0,0.009437150508753317
0,0,0.010041236522583126
0,0,0.007075346566975723
0,0,0.036709734985758434
0,0,0.005295697616664716
0,0,0.005864170552520972
0,0,0.021528071124836342
0,0,0.00776784545634683
0,0,0.008149270029802477
0,0,0.0075271612226670845
0,0,0.00805029619756396
0,0,0.008599700924983059
0,0,0.00849456675372939
1,1,0.9169617397246147
0,0,0.006904402960571815
0,0,0.009650012684679493
0,0,0.011700155630881726
0,0,0.18079386297426886
0,0,0.015476920713100228
0,0,0.007323810250109033
0,0,0.006514118700799548
0,0,0.008592315915696688
0,0,0.005296360119764307
0,0,0.00859566969541994
0,0,0.005597821675770439
1,1,0.9992358533952104
0,0,0.18133453038079284
0,0,0.012258772367165615
0,0,0.015763628020327575
0,0,0.0066875575642632605
0,0,0.0074368065489126365
0,0,0.00886957091505117
0,0,0.00687584387734498
0,0,0.02130225895738244
0,0,0.007177185692556241
1,1,0.9828709576693169
0,0,0.014234510862929707
0,0,0.009164845996904716
0,0,0.02551279591261871
0,0,0.025366214863905407
0,0,0.007987217303345766
0,0,0.007640591363896684
0,0,0.012148871341612442
0,0,0.013891632598159039
0,0,0.024368010508628257
0,0,0.007372508241253718
0,0,0.02787968748984157
0,0,0.024117273702212685
0,0,0.008168105319282198
0,0,0.0070050070001384575
0,0,0.01828738434833725
0,0,0.011319718717130722
0,0,0.007561463625952122
0,0,0.052955332748013735
0,0,0.006668510804381336
0,0,0.008042647547802767
0,0,0.009130961346437698
0,0,0.008975368501971618
0,0,0.02726439508913309
0,0,0.00425576055130927
0,0,0.01518993225318679
0,0,0.02519271066322481
0,0,0.005628572755185592
1,1,0.9991966016639222
0,0,0.0056926853805260415
0,0,0.01171545118739497
0,0,0.007777544768456956
0,0,0.007559852341444206
0,0,0.015584499043885768
0,0,0.01131574916224216
0,0,0.16551086678521032
0,0,0.007523498267198258
0,0,0.05414069496646708
0,0,0.006034362576842595
1,0,0.19838784989970812
0,0,0.011551281559418248
0,0,0.014305649977263643
1,1,0.9947919381122826
0,0,0.1360531300744183
1,1,0.9282308251473335
1,1,0.9964035408037464
0,0,0.011410424806925407
0,0,0.009017055246978356
1,1,0.8524177358288179
0,0,0.009552983827742202
0,0,0.007269219460377581
0,0,0.009174416388197361
1,1,0.9934697736085637
0,0,0.007441686589965635
0,0,0.007512268053221548
0,0,0.02373079337260064
0,0,0.05429110868809788
0,0,0.007296835316666797
0,0,0.01330280103826037
0,0,0.005777631485643564
0,0,0.005803667290628729
1,1,0.9963731694584846
0,0,0.006433722383112349
0,0,0.0061277446983069115
0,0,0.019511233474491966
0,0,0.010570754027665778
0,0,0.009230129615395318
0,0,0.04738514569163021
0,0,0.006213349835392355
0,0,0.030603190425172712
0,0,0.10509453262340498
0,0,0.019794533379206846
0,0,0.04239456861024695
0,0,0.009002520639587865
0,0,0.0059989393201097625
0,0,0.030434717304046933
0,0,0.006459750551582802
0,0,0.12849475818139755
0,0,0.00654006189384616
0,0,0.00628377055713015
0,0,0.012024713975719914
0,0,0.020510831811996807
0,0,0.028769506214555228
0,0,0.008811095233213691
0,0,0.023432758547956636
0,0,0.015052123430447414
0,0,0.016288059090789165
0,0,0.042058526592511726
0,0,0.005680789811017455
0,0,0.008133919626007447
0,0,0.033045250120858266
0,0,0.016962100960282802
0,0,0.01739964466835363
0,0,0.009129731086387897
0,0,0.011442486236923287
0,0,0.012916672114952024
0,0,0.005330499722409554
0,0,0.012813708019178603
1,1,0.504223747833483
0,0,0.0054792932012903426
0,0,0.0162940042034779
0,0,0.010671889176361402
0,0,0.020548756896584475
0,0,0.055632363878537226
0,0,0.02272886114747155
1,1,0.9995140887958465
0,0,0.036363341743429645
0,0,0.007557600701771014
0,0,0.005847472827595202
0,0,0.006366384153251977
0,0,0.014519624207919446
0,0,0.028475902575487815
1,1,0.9997540663099613
0,0,0.027156101125601288
0,0,0.010881898935103006
0,0,0.012730026467124903
1,1,0.9917266533109654
0,0,0.007941753222949122
0,0,0.01445439838397372
0,0,0.005981075006066084
0,0,0.007066574250821533
0,0,0.005754998567152288
1,1,0.8318255034990539
0,0,0.016474141639415345
0,0,0.00782801931322898
1,1,0.9971595516995052
0,0,0.010040020638779113
0,0,0.01974651271414169
0,0,0.007772696284378576
0,0,0.007393967364608009
0,0,0.008892517798146753
0,0,0.005267281793647425
0,0,0.007025147235162886
0,0,0.007603228615350929
0,0,0.011242460408040996
0,0,0.014216057134405918
0,0,0.00734579475055952
0,0,0.032660646183755325
1,0,0.335350743072725
0,0,0.03939045163436079
0,0,0.006282771210620325
1,1,0.999834805549166
0,0,0.004929488159606948
0,0,0.006370623452763114
1,0,0.02533138623736633
1,1,0.9802990375886971
0,0,0.011024712371243233
0,0,0.007538967839036598
0,0,0.01566941092499093
0,0,0.007347019823093808
0,0,0.006894616677898476
0,0,0.009086203532108372
0,0,0.010018899998513256
0,0,0.009410703250884587
0,0,0.017823429029053612
0,0,0.015090124372111487
1,0,0.28642527011380386
0,0,0.008926813739326135
0,0,0.003019414894411835
0,0,0.3601860356170658
1,1,0.9836200016840154
1,1,0.9976801464053
0,0,0.01629012639479102
0,0,0.007810182113553518
0,0,0.011853002539477726
0,0,0.006261846409459038
0,0,0.00558614153968427
0,0,0.013354943479865272
0,0,0.037764374733973885
0,0,0.012754851872282806
0,0,0.00629527211665201
0,0,0.016009669259102164
0,0,0.004896911090926524
0,0,0.007504660487153445
0,0,0.013463064611637366
0,0,0.006105877677599157
0,0,0.02217740728354644
1,1,0.9995291852504462
0,0,0.019367732394360817
1,1,0.8257601256839928
0,0,0.004747326474392828
1,1,0.7471084276843659
0,0,0.006020138187391058
0,0,0.03135840787591142
0,0,0.011370495510704732
0,0,0.0401726888187788
0,0,0.006397665276650848
0,0,0.047294757067990766
0,0,0.030354871315151466
1,0,0.06281106366859397
0,0,0.0065542568883005
0,0,0.05211310189818876
0,0,0.011841439610855743
1,1,0.9996456680853739
0,0,0.006453617222898158
0,0,0.02000728455537732
0,0,0.005926797656821175
1,1,0.9987693761892894
0,0,0.0072216718971380165
0,0,0.014230799667584875
0,0,0.01248154540816312
0,0,0.008700228511894566
0,0,0.006863431161665476
0,0,0.07808633911768426
0,0,0.03623531381253921
0,0,0.008161324292680747
0,0,0.007996716531842753
0,0,0.1150049379079723
0,0,0.02535165685765746
0,0,0.0066556750980863826
1,1,0.9975927382985137
0,0,0.007537442571111091
1,1,0.998357676992224
0,0,0.2563419706840409
0,0,0.012862361874158172
0,0,0.010679820998395985
0,0,0.01942550876254567
0,0,0.008488379686317122
0,0,0.010893137078752045
0,0,0.005990936719354646
0,0,0.098684518909974
0,0,0.01012179744219257
0,0,0.009567057249373801
0,0,0.01001815076595544
0,0,0.06041224525466795
1,1,0.9892923441153298
0,0,0.009448989761293575
0,0,0.004996639670294878
0,0,0.021712019328195224
0,0,0.06104388489883802
0,0,0.023630299181292985
0,0,0.004897143871713829
0,0,0.006146869734753402
1,1,0.9917266533109654
0,0,0.006654933001616074
0,0,0.013714546718838056
0,0,0.006081625751177704
1,1,0.9985307715964838
0,0,0.007727150759554552
0,0,0.007739232698528934
0,0,0.026698943381834626
1,1,0.9968149623336714
0,0,0.027284362010452364
0,0,0.009598692461499844
0,0,0.006013028847389396
0,0,0.006737620987981823
0,0,0.011178035986817597
0,0,0.019674442572570467
0,0,0.012534953799523877
0,0,0.007745872262951142
0,0,0.017694511719019913
0,0,0.005302341342298961
0,0,0.014230799667584875
0,0,0.22232509621226587
0,0,0.0076632771047464516
1,1,0.9984900499150681
0,0,0.008967363304047894
0,0,0.01899913373244442
0,0,0.010818152258313512
0,0,0.008182178565793197
0,0,0.18360562318968993
0,0,0.009688403568127052
1,1,0.9989029954618917
0,0,0.005847829431159138
0,0,0.004439154430175119
0,0,0.014044497005562042
1,1,0.6438218932927748
0,0,0.02555892914188135
0,0,0.011881660631113048
0,0,0.005759481754138265
0,0,0.023021121530530972
0,0,0.017962188929093226
0,0,0.012534953799523877
0,0,0.009358604259635042
0,0,0.007435800747902346
0,0,0.04888198502826193
0,0,0.013568602664644708
0,0,0.017721126165703767
0,0,0.008531149727348
0,0,0.007465045269586819
0,0,0.008529921712083142
0,0,0.017621760782562276
0,0,0.015269314519519035
0,0,0.07089212866716021
0,0,0.011279792030989139
0,0,0.18837833854644284
0,0,0.005314991266177238
0,0,0.006555860704557311
0,0,0.014520624652880324
0,0,0.005962500790737159
0,0,0.007192291229437098
0,0,0.01523541073844184
0,0,0.04530967485292266
0,0,0.006981737616394195
0,0,0.004866752565067235
0,0,0.015172672151955186
0,0,0.0073880524678261944
0,0,0.008018241002316193
0,0,0.018740954298480442
0,0,0.47608706523347116
0,0,0.00758676030742605
1,1,0.9991303735238505
0,0,0.010070296111461402
0,0,0.013857912445572896
0,0,0.014740503688621048
0,0,0.02533795031802732
0,0,0.008838638366425995
0,0,0.018906152366692026
0,0,0.0038118643712868887
0,0,0.01051521089748367
0,0,0.02213499402831667
0,0,0.13493757775687076
0,0,0.0048874626836122505
0,0,0.00839603955911416
0,0,0.01897603593080199
0,0,0.007795319215537939
0,0,0.0069005256239924
1,1,0.9916181080652781
0,0,0.00621852879232294
0,0,0.014652839782812165
0,0,0.004124391448263166
1,1,0.9996659592323581
0,0,0.01628479629630785
0,0,0.049632086337282395
0,0,0.012537333602868248
0,0,0.20689784113144702
1,0,0.14550163129990382
0,0,0.005684982962071629
0,0,0.01670322827461316
0,0,0.019328560586103386
0,0,0.00672083847604251
0,0,0.013223602558316429
0,0,0.005757189282018032
0,0,0.012969787325288388
0,0,0.006878860821539671
0,0,0.006794599159833922
1,1,0.9584578207765659
0,0,0.008190140035976573
0,0,0.011247501225795544
0,0,0.007993936884023108
0,0,0.03439418989907919
0,0,0.00939622096109709
0,0,0.01105034161344077
0,0,0.0036676980160848705
0,0,0.0074439871507735855
0,0,0.02063928334330026
0,0,0.011259607120491627
0,0,0.015022810925559208
0,0,0.006925503788300452
0,0,0.04167179295003913
0,0,0.008368919741546871
1,1,0.9994352692368955
0,0,0.005515156248750723
0,0,0.006142047384054819
0,0,0.014071858745755984
1,1,0.9979048714661223
0,0,0.01523140097435195
0,0,0.016953253012951214
0,0,0.040572281266478924
1,0,0.13031349920672378
0,0,0.10178804039009016
0,0,0.005895806060314928
0,0,0.013877414181667692
0,0,0.010168443928447738
0,0,0.02215398022069823
0,0,0.00836707592574324
0,0,0.007683621568577831
0,0,0.008444396453468212
0,0,0.00769896395330421
0,0,0.010271992404539356
0,0,0.025008410166713183
0,0,0.008925347003091113
0,0,0.013339873120741735
1,0,0.4590557634616018
0,0,0.017059156760403517
0,0,0.006002535408155662
0,0,0.01127962634314123
0,0,0.01418920842745538
0,0,0.028243731858307697
0,0,0.0141737317107699
0,0,0.004468251741035927
0,0,0.3281311971719862
0,0,0.006849343470807042
1,1,0.9948704108515046
0,0,0.006832526152628749
0,0,0.01769998887556285
0,0,0.015630592760116465
0,0,0.005952749345230656
1,0,0.010382039174302317
0,0,0.04753647528940061
0,0,0.015919304909823184
0,0,0.0400875037466494
0,0,0.005803942527704443
1,1,0.9394175522348834
1,1,0.9977537156732209
0,0,0.008042305421214493
0,0,0.1527164118120759
0,0,0.012826128379686745
0,0,0.007244583815859531
0,0,0.008156565635481193
0,0,0.009043601348860399
0,0,0.007148467080980527
0,0,0.038206952243678295
0,0,0.0064363546488652385
0,0,0.006915731028582871
0,0,0.008070569048452991
0,0,0.005311178684571293
0,0,0.012744140637944774
0,0,0.017997736617250275
0,0,0.006972481283158478
0,0,0.006497882376059671
0,0,0.011926790825685981
1,0,0.02533138623736633
0,0,0.005770707312375826
0,0,0.11900922154104798
0,0,0.03161994980593326
0,0,0.009472441812468908
1,1,0.8754695124073204
1,1,0.9986820692912163
1,0,0.3500160320592659
1,1,0.9995535441137222
0,0,0.013783523371650196
0,0,0.10050639383736813
0,0,0.008963283615472576
0,0,0.04804222849629354
0,0,0.008208865482878568
0,0,0.042132479589290464
0,0,0.010108005010549037
0,0,0.005820557238807185
0,0,0.14708797145594607
0,0,0.01694112126338277
0,0,0.007072871451227401
0,0,0.022243774368859916
0,0,0.009630865031772469
0,1,0.5285491863910872
0,0,0.007706810912784913
0,0,0.030171152861756312
0,0,0.02633343259250361
0,0,0.020682052143869433
0,0,0.044020867088184285
0,0,0.006227688145075522
0,0,0.006935751735199054
1,1,0.5089426278245517
0,0,0.02279495512873042
0,0,0.008463066447327054
0,0,0.017365653664486773
0,0,0.027811445191792065
0,0,0.06531918331339383
0,0,0.007696074199630473
0,0,0.105748384692482
0,0,0.00815760997038175
0,0,0.006195414230647165
0,0,0.012286706813188756
0,0,0.019628755717490825
1,0,0.03535484595720542
0,0,0.005400352472185816
0,0,0.006466829608455923
1,1,0.9924332481846728
0,0,0.008966907421181189
0,0,0.006109451484121888
0,0,0.010716162851999847
0,0,0.01747714441887714
0,0,0.01600015962314578
0,0,0.01992852118943796
0,0,0.00794255814115698
1,1,0.9991763953132348
0,0,0.011854287469689551
0,0,0.00443123595314981
0,0,0.04703216844598448
1,1,0.997206574018419
0,0,0.009259098727580135
0,0,0.037895203063858574
0,0,0.007846603951616496
1,0,0.24352508980994744
0,0,0.19310978409856577
0,0,0.007273128578408273
0,0,0.010979024875978797
0,0,0.014622253787980499
0,0,0.00613032304397519
0,0,0.009787919073721126
0,0,0.01563568189229068
0,0,0.008392396813749044
0,0,0.005668197044026502
0,0,0.00628377055713015
0,0,0.009814018101601435
0,0,0.007204241374976083
0,0,0.015567422138116294
1,0,0.3478624460040997
0,0,0.021949024584983257
0,0,0.005179378653755609
0,0,0.017721707281171593
0,0,0.012537333602868248
0,0,0.005355722747393306
0,0,0.008277734959261195
0,0,0.007866068562352784
1,0,0.4710042835803321
0,0,0.021167582362367595
0,0,0.1282485266615481
1,0,0.3080809663571164
1,1,0.9994352692368955
0,0,0.010993229074993328
0,0,0.00559902536386383
0,0,0.007330915963578499
0,0,0.010698340362861465
0,0,0.0065269727736768255
0,0,0.005837910199614265
0,0,0.007784859858647761
0,0,0.013689466765858107
0,0,0.006683889912622793
0,0,0.007260428299844519
0,0,0.006221638967170258
1,1,0.9990679400111285
0,0,0.09655861651670399
0,0,0.018126326539022082
0,0,0.05010836308287983
0,0,0.007255543266532722
0,0,0.029738482834066368
0,1,0.5778278112129532
0,0,0.005314991266177238
0,0,0.07000293338868988
0,0,0.043823879686332806
0,0,0.012981564860827589
0,0,0.013672099797073872
1,1,0.9549916303388398
0,0,0.011055777834913617
0,0,0.009897123935626846
1,0,0.008094755037556392
0,0,0.021582479792959984
0,0,0.060607588744074035
0,0,0.005998228152833782
0,0,0.00666167313325425
0,0,0.0068348867916431
0,0,0.0065847418418111025
0,0,0.016611241359187453
1,1,0.9276018459573819
0,0,0.030496390236781756
0,0,0.007040792588864567
0,0,0.09001867567541455
0,0,0.007979914216424818
0,0,0.013390080816343266
0,0,0.01052932497124015
0,0,0.008514858332434934
0,0,0.04340168849936746
0,0,0.005277787878810509
0,0,0.00959643262271753
0,0,0.056065615307141874
0,0,0.04281055370204762
1,1,0.9995814159448725
0,0,0.007244295963789225
0,0,0.006935019428636017
0,0,0.005177852175140385
0,0,0.005652298935510666
0,0,0.009134485792846378
0,0,0.007834529648912335
0,1,0.7834538054997943
0,0,0.009905893176418523
0,0,0.007510174242643631
0,0,0.00520209752612623
0,0,0.007099389430486032
0,0,0.015710203429648687
0,0,0.008802399555629354
0,0,0.007484090276380313
0,0,0.004892940146253379
1,1,0.9902155540585317
0,0,0.011016159873320695
1,1,0.9972989288510203
1,1,0.9996318283086962
1,1,0.9960599167132229
0,0,0.007849072700904451
0,0,0.008672308608273342
0,0,0.011620799513456482
0,0,0.008852874942461134
0,0,0.012866381958641608
0,0,0.007277289015446873
0,0,0.4795786808318318
0,0,0.17131059543287291
1,1,0.9930635091551446
0,0,0.0076357114247666115
0,0,0.007673554989361618
1,1,0.9988019175518325
0,0,0.020810074037526216
0,0,0.013298773348195113
0,0,0.008066028891035998
0,0,0.005336283046638552
1,0,0.10907525336164839
0,0,0.016979901110193634
0,0,0.010501194437048434
0,0,0.006411851514166696
0,0,0.006002087756916024
0,0,0.006131378624202684
0,0,0.006698802060567971
0,0,0.006546900170260952
0,0,0.007453292224761166
0,0,0.007476977662886768
0,0,0.018682592546429146
0,0,0.11843528907379434
0,0,0.0063687052114531975
0,0,0.007214733889136645
0,0,0.026025968583352217
0,0,0.02020706171034343
0,0,0.04409605549044744
0,0,0.006908849423221922
0,0,0.005850367014276995
0,0,0.24516043684269812
0,0,0.005152936844805972
0,0,0.017536471993508405
0,0,0.03475501919993296
0,0,0.01144426974235349
0,0,0.014984567818089243
0,0,0.00758676030742605
0,0,0.009990586288087577
0,0,0.0066298138962515
0,0,0.18572419764601597
0,0,0.00658291478482508
0,0,0.008521178296917327
0,0,0.00686336964793235
0,0,0.01416206868022325
0,0,0.014474434678689167
0,0,0.056576587016930184
1,0,0.09134956251364879
0,0,0.006790976517008746
0,0,0.019447725564276114
0,0,0.00931703368511717
0,0,0.01674599779444519
0,0,0.006283345314084394
0,0,0.008173156687451437
0,0,0.009042587093358824
0,0,0.028010661036443438
0,0,0.034840304747650847
0,0,0.009382401876880652
0,0,0.007375345112819795
0,0,0.007403002378896775
0,0,0.00812986171334217
0,0,0.017845310109514182
0,0,0.0074065405370571024
0,0,0.006273148667118919
0,0,0.01724890424677476
0,0,0.006596287812782558
0,0,0.008166855344679898
0,0,0.03712163917668097
0,0,0.005730473463883717
0,0,0.006076430658452763
1,1,0.9982442111164657
0,0,0.008461568764643695
0,0,0.06555573458909185
0,0,0.00569474377249785
0,0,0.1346161228855921
0,0,0.007217234065365542
1,1,0.9988390214340164
0,0,0.15963696252197448
0,0,0.006267697564638195
1,1,0.9965091519569585
0,0,0.020205370382569057
0,0,0.010471328039654079
0,0,0.009668744433269314
0,0,0.008840693874258327
0,0,0.008759202476701373
0,0,0.010421723300298271
0,0,0.01524935810641861
0,0,0.006504595274090129
0,0,0.008723173165676387
0,0,0.006019136519879763
0,0,0.009353300489866363
1,0,0.06284206176356931
0,0,0.01055565757146008
0,0,0.014408534092258129
0,0,0.010716401246115061
0,0,0.006766002344910687
0,0,0.013377190385331214
0,1,0.6163013159940532
0,0,0.006065318876168698
0,0,0.010453275402349527
0,0,0.054611209234669104
0,0,0.009426767558749612
0,0,0.011985623670183842
0,0,0.005646205841643332
0,0,0.015259372737533779
0,0,0.011074753670969587
0,0,0.014988570366244373
0,0,0.007967067638519903
0,0,0.24352508980994744
0,0,0.028672663315058466
0,0,0.07158378025128627
0,0,0.007936202621862733
0,0,0.007623944551161816
0,0,0.00695623927134225
0,0,0.027538811522218317
0,0,0.009648856068843643
0,0,0.012314629996479429
0,0,0.05890247662698395
0,1,0.8572098034428194
1,0,0.09934542665167767
0,0,0.04467096284427235
0,0,0.0175867905350023
0,0,0.01857817031557313
0,0,0.02270991479866997
0,0,0.006110764600897454
0,0,0.0729960934112213
0,0,0.011994603969934264
0,0,0.02881492625442101
0,0,0.008808178880006198
0,0,0.009503528400934996
0,0,0.004803225724098191
1,1,0.9982970335799524
0,0,0.006928676831172604
0,0,0.00795423065863797
1,1,0.9932802046207287
0,0,0.02362518083052157
0,0,0.00975145788295818
0,0,0.00988399156412394
0,0,0.045832687791424936
0,0,0.020613298789388362
0,0,0.022191371241824187
0,0,0.02300818894985956
0,0,0.006140915487942466
0,0,0.007435419965775079
0,0,0.008910923767793469
0,0,0.006459585847906474
0,0,0.012797768171845214
0,0,0.01302342082273631
0,0,0.007901677034958669
0,0,0.03777105808166769
0,0,0.00795733943035858
0,0,0.005934268652212129
0,0,0.006229518166054342
0,0,0.006059841452363873
0,0,0.015781338821725187
0,0,0.010498318118504909
0,0,0.007003159855406385
0,0,0.015319193336544143
0,0,0.008519197188871376
0,0,0.020657192608180754
0,0,0.025571286199349532
1,1,0.9982247750336782
0,0,0.01150745794555635
0,0,0.0058096510296270255
0,0,0.0076135709327747715
0,0,0.010106737336388836
0,0,0.07842103809580565
0,0,0.011767534939649087
0,0,0.2846071090921484
0,0,0.1363942774280663
0,0,0.007990776952768215
0,0,0.47559416094058626
0,0,0.021615724379852253
0,0,0.005379024020881972
0,0,0.006455639387079618
0,0,0.008080449040136798
0,0,0.007983740769670511
0,0,0.005673665249648425
0,0,0.006996676830284303
0,0,0.006529342402033044
0,0,0.008417745536609787
1,1,0.9884888588788237
0,0,0.010024113492518643
0,0,0.007083518015264993
0,0,0.008318156779464745
0,0,0.01068765026993366
0,0,0.016869868920433805
0,0,0.010397266358090053
0,0,0.005554693161223537
0,0,0.026502797000123018
0,0,0.006799386880426163
0,0,0.01814274900757005
0,0,0.08222208495394653
0,0,0.12109445142187661
0,0,0.005892802865078115
0,0,0.2503470503983968
0,0,0.10954871758585319
0,0,0.035688795717060066
0,0,0.015343914395714165
1,1,0.6772300963805618
0,0,0.02661830157400288
0,0,0.006126613484180955
0,0,0.14308303637390646
0,0,0.008752719502067081
0,0,0.08094058846299847
0,0,0.010716129365912824
0,0,0.01745334228121474
0,0,0.012183313439188562
0,0,0.022038705426522857
0,0,0.008686649853147451
0,0,0.21956509625953327
1,1,0.5657110317888897
0,0,0.009470635941622464
0,0,0.014988931837633137
0,0,0.02239345856002132
0,0,0.008658418408908368
0,1,0.6624715678035789
1,1,0.993622536238823
1,1,0.9982470595787557
0,0,0.005594531480062116
0,0,0.004669643371234386
1,0,0.04556632356384691
1,1,0.8105206153211184
0,0,0.06953429667526577
0,0,0.006101746835175932
0,0,0.007482180558174537
0,0,0.007812501277570993
0,0,0.1596300399401729
0,0,0.0059834114408120085
1,1,0.9994241843086372
0,0,0.007869724385524461
0,0,0.029732714426197862
1,1,0.965673624879232
0,0,0.01208915754861666
0,0,0.018900926758964032
0,0,0.010611499796189085
0,0,0.01107890331348239
0,0,0.007469535497149675
0,0,0.007782428182017059
0,0,0.007044021666809451
0,0,0.014555429879531807
0,0,0.005817678580527724
0,0,0.0058632483103483865
0,0,0.006046765303441993
0,0,0.028134129410199226
0,0,0.00888645919150274
0,0,0.007252449400871942
0,0,0.02125343487461904
0,0,0.007312482147207755
0,0,0.005783171502542397
0,0,0.006798402792025835
0,0,0.15057400846060146
0,0,0.015248370376950846
0,0,0.005868215951494863
0,0,0.01256112671815181
0,0,0.016571144931983268
1,1,0.9997331397012382
0,0,0.011586099346290974
0,0,0.007678965815467117
0,0,0.007654742832413951
0,0,0.014884415203717005
1,0,0.08905169198572659
1,1,0.9863403923771272
0,0,0.01237485456902225
1,1,0.9804416729720286
0,0,0.007065060020132034
0,0,0.012906217309786487
1,1,0.9989313181489576
1,1,0.8898720274236811
0,0,0.008667362390231732
0,0,0.007513897827325554
0,0,0.006370594140043547
0,0,0.005916086400833777
0,0,0.007744726908514441
0,0,0.008114310962002503
0,0,0.005355157099947706
0,0,0.007739951778512791
0,0,0.008761336101623302
0,0,0.007296766553113664
1,0,0.08169512877008867
0,0,0.006278100612711693
1,1,0.9991682149789574
0,0,0.008245830323752831
0,0,0.006904071498689543
0,0,0.005955832193188877
0,0,0.0110305924959501
0,0,0.013313913338491483
0,0,0.020267004230059865
0,0,0.0064328943884682166
0,0,0.0650336823429914
0,0,0.005971899389366129
0,0,0.006139327453617075
1,1,0.6702182801492633
0,0,0.09252468745177049
0,0,0.008599700924983059
0,0,0.01184397008962524
0,0,0.012041666935725732
0,0,0.022952399031353574
0,0,0.004947020264179067
0,0,0.01321244972370999
0,0,0.04280491326100158
0,0,0.013137099448501834
0,0,0.010791041973161834
0,0,0.027815325230634933
0,0,0.013327178164800238
0,0,0.005357048804420289
1,1,0.9896613045765933
0,0,0.01263454189899578
0,0,0.04582444235565685
0,0,0.007099522011312581
0,0,0.006681407013565484
0,0,0.007586400199336414
0,0,0.017701512625177867
0,0,0.08061689674489479
0,0,0.02375858761343562
0,0,0.06612921433028507
0,0,0.010503390519932997
1,1,0.9964510750622064
0,0,0.019942615303543302
0,0,0.0063263891163787
0,0,0.009128524515257613
0,0,0.005110731146372256
0,0,0.009348154360156919
0,0,0.004642724690530992
0,0,0.014243609706466128
0,0,0.00940367046699694
0,0,0.29624549286226065
0,0,0.03271782949381419
0,0,0.031351499541879525
0,0,0.49573235155602385
0,0,0.007679680170145097
1,1,0.9991732990721313
0,0,0.3208220058950733
0,0,0.012691728567867171
0,0,0.006062907196941432
0,0,0.011337090582955608
0,0,0.006690177539574224
0,0,0.08587703320132971
0,0,0.029037116517497116
0,0,0.014554156739649653
1,1,0.9921120909255545
0,0,0.020375712327220123
0,0,0.012636940444696173
0,0,0.01578913411681276
0,0,0.025710347339014412
0,0,0.00687448381842984
0,0,0.18257700768753163
1,1,0.9986008363235903
0,0,0.008421897861326612
0,0,0.010130137486544222
0,1,0.6013197825680927
0,0,0.009120607910735204
0,0,0.00878674331024659
0,0,0.01936870179699994
1,1,0.9993062588461556
0,0,0.01538971229931242
0,0,0.009265719069954596
0,0,0.01573905466971189
0,0,0.00992384792712849
1,1,0.9993062588461556
0,0,0.007983740769670511
0,0,0.011051316542981115
0,0,0.009483449730297295
0,0,0.005025265409878768
0,0,0.008978134241350072
0,0,0.01267075467801121
0,0,0.06062351819568277
1,0,0.2142536599123212
0,0,0.007948629209849229
1,1,0.9936490864240599
0,0,0.1842285539458339
0,0,0.006346527699683552
0,0,0.007203133547883351
1,1,0.9899750606988088
0,0,0.008019139330220469
0,0,0.02235652158805042
0,0,0.008094113364847968
0,0,0.14656390951161552
0,0,0.022518415152214356
0,0,0.0612766069070252
1,1,0.99916254000227
0,0,0.024525713676422575
0,0,0.0054964007104396344
0,0,0.007749249842470757
0,0,0.0052924103707392865
0,0,0.010018687033789763
0,0,0.005994538783576729
0,0,0.004884791283493928
1,1,0.998748157498252
1,0,0.015007109383130804
0,0,0.007274380605562134
0,0,0.012141532621902689
0,0,0.012603033515424772
0,0,0.007438022505837676
1,1,0.8498967206362648
0,0,0.013372577429763865
0,0,0.006715320102816091
0,0,0.013551319196620374
0,0,0.010904756465497175
0,0,0.04501079705869752
1,1,0.9985342471852481
0,0,0.007650211004078691
0,0,0.02449314254623599
0,0,0.0071624456234910035
0,0,0.011597352688816188
0,0,0.007391069427552195
0,0,0.010257567692433255
0,0,0.012830786544016787
0,0,0.00572992476006302
0,0,0.011293388939545188
0,0,0.005382176492918109
0,0,0.008699514893017355
0,0,0.024964038968036506
0,0,0.007060246853481739
0,0,0.004668327674135326
0,0,0.020055571059203782
0,0,0.0056752134505203816
0,0,0.028773946461577063
0,0,0.008532858336206515
0,0,0.00583040648608217
0,0,0.008602726631407431
0,0,0.01762820814586101
0,0,0.009594554713418973
0,0,0.01142493198217632
1,1,0.5408891880393019
0,0,0.004666327643058298
0,0,0.01819918294616006
0,0,0.021771866574564605
0,0,0.00673012081632079
0,0,0.00696498440608344
0,0,0.006863619900407806
1,0,0.2559769929004876
1,1,0.9962758277476192
0,0,0.02619171565370904
0,0,0.007868813373526769
0,0,0.009888342394036428
0,0,0.03220184460917311
0,0,0.043662366219255996
0,0,0.006798696353376236
0,0,0.007835176546103884
0,0,0.01837265911741407
0,0,0.007496955200233455
0,0,0.008266585689701796
0,0,0.006795472799121723
0,0,0.03288394412721674
1,1,0.8607971465891616
0,0,0.01224126230459332
1,1,0.9951052486597802
0,0,0.014850589424355742
0,0,0.01091577435400225
0,0,0.009716153920223096
0,0,0.03724418981192921
0,0,0.01154398005245525
0,0,0.017663554816777883
0,0,0.005314135175187059
0,0,0.00787704680130044
0,0,0.009210378656167695
0,0,0.023821603108628436
0,0,0.04675387280134749
1,0,0.2197415661054573
0,0,0.005472369356199176
0,0,0.011790333775988567
0,0,0.013390080816343266
0,0,0.0062848779111061345
0,0,0.024846836776870076
0,0,0.0055059781412397915
0,0,0.0093996688723519
0,0,0.00789415017962287
0,0,0.007536745090965624
0,0,0.006459274088605854
0,0,0.01430524512240414
0,0,0.08429279574606668
1,1,0.898389825532018
1,0,0.11182251095900629
1,0,0.035305777915853716
0,0,0.00688089664986371
0,0,0.020949382972127704
0,0,0.007940193785701656
0,0,0.005915897711218371
0,0,0.010991654067517193
1,1,0.99954115356236
0,0,0.11914085067027726
0,0,0.00746807856371768
0,0,0.00940628384423245
0,0,0.0054677674081117554
0,0,0.014162887783217323
0,0,0.008352872344703992
0,0,0.00838314864475805
0,0,0.007674338202608422
0,0,0.005971516789841333
0,0,0.012468267678133508
0,0,0.19010576923925807
0,0,0.0196454570960535
0,0,0.0057748341302386935
0,0,0.006834844538146718
0,0,0.005450299310981483
0,0,0.055632363878537226
0,0,0.00508762942370999
0,0,0.0071627289706835805
0,0,0.006950400256612707
0,0,0.02499730308776915
0,0,0.012223482835065165
0,0,0.013195630012210491
0,0,0.031119146897822858
1,1,0.998711452444025
0,0,0.011277427248180953
0,0,0.008963060782439872
0,0,0.00837408497365472
0,0,0.012987371866668707
0,0,0.005048225426635188
0,0,0.005294166898971654
0,0,0.008044524325005003
0,0,0.01292919459577113
1,1,0.9944567011568537
1,1,0.9970600556786724
0,0,0.017232804838867532
0,0,0.006696876822528778
0,0,0.01157042781746614
0,0,0.006848303762491333
0,0,0.007655914527206476
0,0,0.0096385843700055
0,0,0.02310911756039425
0,0,0.00743378045762853
1,0,0.0064845324781468705
1,1,0.9975108493472924
0,0,0.006069792608372605
1,0,0.46754608184965746
0,0,0.006979672136129672
0,0,0.009535426719282872
0,0,0.006050154622388279
0,0,0.012602176319747246
0,0,0.006057643519768239
0,0,0.006596939941471972
0,0,0.010131592136946253
0,0,0.011612168753972751
0,0,0.009850165858288792
0,0,0.007413254882594194
0,0,0.023568288169594616
0,0,0.013619358929622804
0,0,0.008659853514382032
0,0,0.015993836179241484
0,0,0.025204185606853887
0,0,0.005229535816217793
0,0,0.005534008546742153
0,0,0.00514834874562349
1,1,0.9966918316075237
1,1,0.9360697792360009
1,1,0.9871200388102666
0,0,0.007189280340886344
0,0,0.13568665288198203
0,0,0.014539172694683676
0,0,0.006793576653837554
0,0,0.005811547670819862
0,0,0.020478873871040016
0,0,0.008840015982747083
0,0,0.006426296135543477
1,1,0.5933055730975245
0,0,0.0056031493816112825
0,0,0.06224373957183696
1,1,0.996219295096932
1,1,0.959148185222877
0,0,0.042878247110220445
1,1,0.5539528987984302
0,0,0.006287361709466048
0,0,0.005075333446294492
0,0,0.009558458368205638
0,0,0.004781989226368714
0,0,0.005701070131717479
0,0,0.014190058277421723
0,0,0.014327098279645914
0,0,0.010688384277904214
0,0,0.01537174899951515
1,0,0.0064727025389634115
0,0,0.01471604083802356
0,0,0.00897337166086825
1,0,0.021631075964308792
0,0,0.011003992037182775
0,0,0.009440353723249905
0,0,0.09566237680833006
0,0,0.008795231696338139
1,1,0.9992940926105198
0,0,0.014567044583278458
0,0,0.005654802245116507
0,0,0.012545502132089345
1,1,0.7260215236014488
1,1,0.9901126102084581
0,0,0.007201095410788906
0,0,0.010892298775002765
0,0,0.014175554264748596
0,0,0.005986900428152433
0,0,0.005924400241158536
0,0,0.006260590416442637
1,1,0.9681710367397489
0,0,0.0181268624586579
0,0,0.006916451638061188
0,0,0.05594011592695108
0,0,0.03173354787223327
0,0,0.02051348868160215
0,0,0.008433435585763394
0,0,0.011191472064039197
0,0,0.0061265307826415425
0,0,0.009020036467054878
0,0,0.011773546838741477
1,1,0.9660211754063449
0,0,0.008072440861975274
0,0,0.00904366682804038
0,0,0.009878614664918595
0,0,0.024723905114940284
0,0,0.006296584733829553
1,1,0.9980810934890469
0,0,0.015313671965567315
0,0,0.020548756896584475
0,0,0.006332830622117338
0,0,0.04171123469561186
0,0,0.01906462045128782
0,0,0.009350045567175266
0,0,0.1746789955930375
0,0,0.02447521615747289
0,0,0.013670897812252395
0,0,0.01518873395656427
0,0,0.0067714653158502764
0,0,0.005973055606428697
0,0,0.05339570169694127
0,0,0.009030765193631888
0,0,0.006317729403312563
0,0,0.008823114076512713
0,0,0.009832826981850942
0,0,0.010268713672744373
0,0,0.02950598410598731
0,0,0.00905673964420432
0,0,0.008312198074738753
0,0,0.03126825216157816
0,0,0.042787666535039556
0,0,0.010711292845098579
0,0,0.024556520852941736
1,0,0.2344785364842811
0,0,0.006598478931775137
1,1,0.706534723661967
0,0,0.005528538158128453
0,0,0.47747562601696997
0,0,0.014042082168938467
0,0,0.00852087680557904
0,0,0.007420046253968586
0,0,0.007344408367676454
0,1,0.6050101770185372
0,0,0.007278967106718562
0,0,0.009620492300802613
0,0,0.006457801201746289
0,0,0.008761326492431621
0,0,0.06019354836550792
0,0,0.006042468319619805
0,0,0.007450943945515774
0,0,0.008520969504247272
0,0,0.0054349052849456125
0,0,0.03362018809371195
1,1,0.9997954882305994
0,0,0.013407199280011738
0,0,0.019786625455977706
0,0,0.015140526101986242
0,0,0.042065092285114694
0,0,0.006385299233829859
0,0,0.005622213891082919
0,0,0.008403141964274953
0,0,0.00554266431600797
0,0,0.005567752988476507
0,0,0.0071155407459673305
0,0,0.02794026564512445
0,0,0.008111621706903686
0,0,0.02983294263095074
1,0,0.43665556878503864
1,0,0.3232300209312528
0,0,0.05382909245772977
0,0,0.00792063788647011
0,0,0.006288520460830297
0,0,0.008540940876537072
0,0,0.048919985749408736
0,0,0.01101179689798437
1,1,0.9994877803925709
1,1,0.998748157498252
0,0,0.00915960456186125
0,0,0.007166386585496471
0,0,0.011482911796607244
0,0,0.007462518274167681
0,0,0.007863339947059294
0,0,0.005355722747393306
0,0,0.011983754250441417
0,0,0.01723989137114268
0,0,0.007294865458912385
0,0,0.0073021907397952624
0,0,0.005835446188017874
0,0,0.13201096473462626
0,0,0.0058096510296270255
0,0,0.00543572238708218
0,0,0.014781616409460789
0,0,0.011657127521208038
0,0,0.007352397154582702
0,0,0.07838186605403816
0,0,0.015068045064261673
0,0,0.016553183754332994
0,0,0.014202199484925366
0,0,0.0099773438074327
0,0,0.006576385883784113
0,0,0.009092619823134107
0,0,0.00841684440802989
0,0,0.006666279152836946
0,0,0.008539089019978876
0,0,0.01425940885667456
0,0,0.008047810496477173
0,0,0.043398574119067286
1,1,0.7960287809145489
1,1,0.998930523838173
0,0,0.010346268580289749
0,0,0.007157858466352266
0,0,0.015517919825336192
0,0,0.14652859054475917
0,0,0.0924656143126423
0,0,0.006791989997502257
0,0,0.036346163895051346
0,0,0.00648095395425578
0,0,0.007322584716767903
0,0,0.0074724306055093375
0,0,0.005983562182346733
0,0,0.017958702573833595
0,0,0.01616157261040277
0,0,0.10968594395048716
0,0,0.028870410173038857
0,0,0.02594283378201035
0,0,0.005922929301256297
0,0,0.11155869500567057
0,0,0.007928273606702863
0,0,0.2586337328534731
0,0,0.009390862106280129
1,1,0.9888586864984136
1,1,0.5567805591227066
0,0,0.006201724965411459
0,0,0.008105450617656617
0,0,0.020082718422293623
0,1,0.7979085504507861
0,0,0.006200441518026188
0,0,0.013174374597302958
1,1,0.9970743421013756
0,0,0.0052077778003091265
0,0,0.005998303947827173
0,0,0.007842397960994223
1,1,0.9954401966509978
0,0,0.006978733276357432
0,0,0.006044310430041117
1,0,0.4435620370945115
0,0,0.028870717942263154
0,0,0.00964477119354116
0,0,0.10427776299086074
0,0,0.008647018131662703
0,0,0.02198649942765793
0,0,0.013154722154909471
0,0,0.010425010624384853
0,0,0.011773700342257
0,0,0.008313320290910815
0,0,0.02529444614393181
0,0,0.016119160487441254
0,0,0.011767557807282319
0,0,0.05793079012713118
0,0,0.005434846863880405
0,0,0.01130382605629662
0,0,0.02510743702549034
0,0,0.48046063464327826
0,0,0.011870863400899809
0,0,0.0077585926449535315
0,0,0.006206021120157533
0,0,0.01697801912032828
0,0,0.011513196904312123
1,1,0.9981202443191687
0,0,0.01308768519580899
0,0,0.005893597118568133
1,0,0.13952070080877724
0,0,0.009052694920600589
0,0,0.006953632134603369
1,1,0.998363438431836
0,0,0.010366645913089152
0,0,0.010150642799952245
0,0,0.005905965687919982
0,0,0.006783324387889169
0,0,0.026266596574031117
0,0,0.03418630158025121
0,0,0.014925927583211792
0,0,0.02094313345494002
1,1,0.9753538550526177
0,0,0.013306801492546434
1,1,0.8659820414241238
0,0,0.006842146425846733
1,1,0.999191458504479
0,0,0.018258543360218038
0,0,0.018201023678058075
0,0,0.008996735282667253
0,0,0.10272321524413713
0,0,0.014957003799376
1,1,0.9699571505074032
0,0,0.010172156076545029
0,0,0.011326991974527858
0,0,0.003936636209909285
0,0,0.0066380490007543445
0,0,0.05091603184685614
0,0,0.006650585527643456
0,0,0.01042889459326504
0,0,0.006100829796189428
0,0,0.020236888337849517
0,0,0.0080633896789397
1,1,0.9995630263628162
1,0,0.18519523945400518
0,0,0.03259581096183205
0,0,0.006260948543823174
0,0,0.005850666631705547
1,0,0.20127175970810132
0,0,0.00861263926894612
0,0,0.015328154844226654
0,0,0.006288946897581202
1,0,0.016664317814410655
0,0,0.26054768194038
0,0,0.007228527676096485
0,0,0.00826594413596291
0,0,0.01195174236219372
0,0,0.02447521615747289
0,0,0.010935861921841997
0,0,0.0172322433676171
0,0,0.011474741716169433
0,0,0.00640547178430124
0,0,0.015345798173040907
1,0,0.049197633341281
0,0,0.0075563516054505805
0,0,0.11339637009363927
1,1,0.9989293131949961
0,0,0.010390955446478119
0,0,0.005368660999250251
0,0,0.007221543848555402
0,0,0.008283911660791399
0,0,0.007361290589323998
0,0,0.006488789820162948
0,0,0.015589986535237896
0,0,0.08072083452011013
0,0,0.01863383809482371
0,0,0.006889245925515439
0,0,0.027990325123538225
0,0,0.008205303670896467
0,0,0.1726333883921217
0,0,0.013385098343055912
1,0,0.0697454968818607
0,0,0.006138256461501235
0,0,0.08680976235420894
0,0,0.01559860743367706
0,0,0.006900643582534584
0,0,0.030140777566430226
0,0,0.031969979700454
0,0,0.007539617744477687
0,0,0.011245245508885565
1,1,0.997732305254457
0,0,0.006660481762593251
0,0,0.005882006527615316
0,0,0.010384989675540673
0,0,0.01046530860115311
0,0,0.005622213891082919
0,0,0.01862549547773261
0,0,0.010107909243404293
0,0,0.009780319015267283
0,0,0.007812276736988189
0,0,0.008531352056226205
0,0,0.010230264569927903
0,0,0.007752854459787146
0,0,0.14367946651101243
0,0,0.0120368252540634
0,0,0.020267004230059865
0,0,0.006292886605486651
0,0,0.004861583537163259
0,0,0.015084292590735652
0,0,0.00576906770626281
0,0,0.008550667111056032
0,0,0.012768720742115658
0,0,0.0365182334161441
0,0,0.013223602558316429
0,0,0.009993568649889166
0,0,0.020668947812465702
0,0,0.006488124838867442
0,0,0.007344609465331151
0,0,0.006060114064231207
0,0,0.28475041060401146
0,0,0.0232521367231789
0,0,0.005649693664811595
0,0,0.01831339158918709
0,0,0.008409668859075854
0,0,0.011164828458944029
0,0,0.0621971178678498
0,0,0.03918605364757586
0,1,0.5789717202405112
0,0,0.028242807043679725
0,0,0.005882336616500013
0,0,0.011551514001977372
0,0,0.009845769764163029
0,0,0.05475330116267989
0,0,0.013747823457721051
0,0,0.0073535095778322
0,0,0.015642650292657333
0,0,0.008225897580163398
0,0,0.3943867792026338
0,0,0.011627650041790828
0,0,0.008711689621561393
0,0,0.007088890341067549
1,1,0.6082524043804163
1,1,0.9981541149973524
0,0,0.007482180558174537
0,0,0.007394354059224286
0,0,0.04030564901133099
0,0,0.021250097208938133
0,0,0.3536739302667348
0,0,0.008906238491227602
0,0,0.009743514719310887
0,0,0.013000970204027698
0,0,0.010406643304269112
0,0,0.07623157401742196
0,0,0.015070536294612762
0,0,0.00813160764362908
1,0,0.010957502226360166
0,0,0.006805100043741262
0,0,0.01630163060384059
0,0,0.007770657140288032
0,0,0.005495798524744969
0,0,0.03010798605231872
0,0,0.0904805374882342
1,1,0.9991426763743653
0,0,0.009006719915364232
0,0,0.011035702092011027
0,0,0.011094468087301357
0,0,0.008000632044784557
0,0,0.017813339420977275
1,0,0.1113476713124732
0,0,0.0066534659299779236
0,0,0.08456288231934746
1,1,0.9911788006281044
0,0,0.06612312397460593
0,0,0.05670842459695886
0,0,0.013249704220161475
0,0,0.011623081504630657
0,0,0.00632371099881864
0,0,0.008430239497153137
0,0,0.007052279815309082
1,1,0.9865376143714885
0,0,0.006420975385048415
0,0,0.03284201953814091
0,0,0.06967044397950495
0,0,0.008636721112003651
0,0,0.021187979072108284
0,0,0.005985806303814907
0,0,0.044658810449760625
0,0,0.008029860386224892
0,0,0.10436640339237978
0,0,0.013157522809456972
0,0,0.008241157634545528
0,0,0.01759850682596011
0,0,0.007758185069090199
0,0,0.01026613120194061
0,0,0.0076416495550960285
1,1,0.9996918299933197
0,0,0.11530158212662732
0,0,0.09208192919829986
1,1,0.9978229330152704
0,0,0.21822742113877133
0,0,0.010176837719769303
0,0,0.0066333428892645825
0,0,0.007638202326650053
0,0,0.02901268378797195
1,1,0.9990568710523249
0,0,0.008382628403752474
0,1,0.6724138933751173
0,0,0.007139982778911719
0,0,0.009414289075569265
0,0,0.005036000941454947
0,0,0.009277064265749486
1,1,0.9992858415623496
0,0,0.008900352830188014
0,0,0.007126424436818624
0,0,0.18461785478536102
0,0,0.006148091500489407
0,0,0.01188616151442136
0,0,0.008552242599398092
1,1,0.9878870640125967
0,0,0.02463464634331819
0,0,0.013717217601878091
0,0,0.007148674407724689
0,0,0.01668029162356997
0,0,0.01852210432316071
0,0,0.006905190687436001
0,0,0.007870320941517205
0,0,0.006870338911356784
0,0,0.0046384932340827485
0,0,0.009008794132158248
0,0,0.01748384029607434
0,0,0.019544313449367298
0,0,0.00828416985412566
0,0,0.007133352710398409
0,0,0.008029166734678803
0,0,0.01364675521495363
0,0,0.01304706946036542
0,0,0.01131574916224216
0,0,0.008436083851164946
0,0,0.34151864884592065
0,0,0.06295854220837985
0,0,0.011425455253428892
0,0,0.011842171987357823
0,0,0.012703784769248378
0,0,0.019270103807108883
0,0,0.009662437379280516
0,0,0.005036834581103878
0,0,0.005711650771815435
0,0,0.02503777986165214
0,0,0.02760436998947113
0,0,0.007177185692556241
0,0,0.005420631336480236
0,0,0.05276913307235059
0,0,0.025536278604651626
0,0,0.010615607710603318
0,0,0.005924509291622602
0,0,0.00810721754732609
0,0,0.010486734252605894
0,0,0.008380114742415073
0,0,0.006683920217898128
0,0,0.08613425591135707
0,0,0.006241835396044068
0,0,0.015600671399523786
0,0,0.0103691422312756
0,0,0.008667846731385735
0,0,0.044651051584278206
0,0,0.013648738904595555
0,0,0.007009487803233979
1,0,0.027236103945455295
0,0,0.03529765510211079
0,0,0.006117060019505335
0,0,0.016631129591133696
0,0,0.019098046572460697
0,0,0.021003906313512274
0,0,0.011860342167876155
0,0,0.006379474133294572
0,0,0.007090526683586056
0,0,0.006553996084297175
0,0,0.03763066945790869
0,0,0.006075863818271149
0,0,0.00886719913018393
0,0,0.007041619328432294
0,0,0.00722305642498431
0,0,0.02166918066343273
0,0,0.01553869020880792
0,0,0.008822910900391806
0,0,0.00526982172685228
0,0,0.017048004834953365
0,1,0.707404147141569
0,0,0.0074829451592248195
1,1,0.83375208473417
0,0,0.007079124171609416
0,0,0.0071330457556986766
0,0,0.006237881591965654
0,0,0.016807812833596777
0,0,0.02598723745394293
0,0,0.005616550085402781
0,0,0.0085193064374067
0,0,0.02463740767920569
0,0,0.006486900467909834
0,0,0.004511267544895453
0,0,0.005503265553129608
0,0,0.007279153166509808
0,0,0.007604182333376165
0,0,0.015018023054413666
1,1,0.965673624879232
0,0,0.009303248152756495
1,1,0.9950054238344569
0,0,0.05748298612306568
0,0,0.00829598756390472
0,0,0.006776518103535242
0,0,0.006861644001653351
0,0,0.01136980848430638
0,0,0.12400321472312445
0,0,0.00745885176310883
0,0,0.01279648020227081
0,0,0.017353753133669363
0,0,0.013052651452905151
0,0,0.009743514719310887
0,0,0.008843543384691975
0,0,0.04309299752617448
0,0,0.3133002087363008
0,0,0.009594554713418973
0,0,0.015565404952229014
0,0,0.009085900262679504
0,0,0.008228001136797959
1,1,0.9960233704936283
0,0,0.01714869849826004
0,0,0.013202419054555636
1,0,0.3188148817238578
0,0,0.0650180291827581
0,0,0.010379659591380212
0,0,0.006997350628196344
0,0,0.014526124378811121
0,0,0.005584247401988649
0,0,0.009669342882631866
0,0,0.008796602467761474
0,0,0.006699653358814566
0,0,0.08977602888254983
0,0,0.02598507406309476
0,0,0.008464086950020844
0,0,0.006907142056763686
0,0,0.007303064628171248
0,0,0.007907640381085127
0,0,0.008156563354458423
0,0,0.005729100666937521
0,0,0.016253837022969717
0,0,0.006472051229347925
0,0,0.006542916414058224
0,0,0.005822078907357376
0,0,0.006544566817719948
0,0,0.008823068483904508
0,0,0.05162331990925923
0,0,0.008215887285660417
0,0,0.009004886246139402
0,0,0.027856545329125945
0,0,0.008509495799929786
0,0,0.0077875601195063196
0,0,0.007810859907691634
0,0,0.007912480380117375
0,0,0.007025366217813935
0,0,0.13978554648816294
0,0,0.02446049391838293
0,0,0.007807455198371457
1,0,0.023154852183287278
0,0,0.0081655657713527
0,0,0.004939305033423283
0,0,0.0046234741575084965
0,0,0.05304695866389146
0,0,0.013200400706429343
1,0,0.015023954715134917
0,0,0.016165945270297494
1,0,0.24381768168816853
0,0,0.035523210278197534
0,0,0.007130174254366123
0,0,0.008167842164531633
0,0,0.005730825767044123
0,0,0.008611326098427173
1,1,0.9839231214674461
0,0,0.010119836589439251
1,1,0.9951778857652158
0,0,0.011460338306328333
1,1,0.9420968913210097
0,0,0.011835829693601795
0,0,0.018745723145539545
0,0,0.005946790386591484
0,0,0.010007540573326517
0,0,0.011767534939649087
0,0,0.012305048432443897
0,0,0.012667126973696582
0,0,0.026322463479953692
0,0,0.04834958900985436
0,0,0.04632074595193091
0,0,0.008429684240605922
0,0,0.007471476817707727
0,0,0.05762033929503786
0,0,0.14822471794854433
0,0,0.006861800812157615
0,0,0.00812540352305285
0,0,0.004706104686608394
0,0,0.07553375270414366
0,0,0.0067313073028925285
0,0,0.006186326185050479
0,0,0.05715627783533847
0,0,0.04802361360078043
0,0,0.012044256034554276
1,1,0.9899572089749847
0,0,0.010934131793702047
0,0,0.00822820114004217
0,0,0.006696522852870508
0,0,0.005609113099269653
0,0,0.008265362548295045
0,0,0.007638341135434895
0,0,0.012304836623685951
0,0,0.015901139852919313
0,0,0.01470904421637
0,0,0.007683345627165081
0,0,0.019471682327558835
0,0,0.036770781448179524
0,0,0.008193348154803631
0,0,0.010040743924437353
0,0,0.02155811574660248
0,0,0.037951989396183744
0,0,0.025854180937452405
1,0,0.1140264652519181
0,0,0.005571723945946508
1,1,0.9987805918436932
0,0,0.00955790184687602
0,0,0.019787656605523646
0,0,0.04636480963044874
0,0,0.004668327674135326
0,0,0.10372259995991172
1,1,0.5533452750943763
0,0,0.006958401576315891
0,0,0.017808658447242564
0,0,0.009448640936651582
0,0,0.0058878440110285805
0,0,0.06574374915301996
0,0,0.011361878074000492
0,0,0.035843744889313724
0,0,0.026822416659969154
0,0,0.01154603063928533
0,0,0.013033090502882193
0,0,0.09530208647475423
0,0,0.1595114323678894
0,0,0.014764209982686415
1,1,0.9982630953263456
0,0,0.0062735289440915545
0,0,0.0062532960314248655
0,0,0.0065181137175831195
0,0,0.014166750021566648
0,0,0.040898287313907156
0,0,0.009416582902132466
0,0,0.008415202034390524
0,0,0.008518621359338771
0,0,0.0074668150608612465
0,0,0.035327391346131706
0,0,0.02388130784785688
0,0,0.010302620226862895
1,0,0.2957699770145874
0,0,0.01308179468555167
0,0,0.007917907269334118
0,0,0.00961054355424077
0,0,0.008843543384691975
0,0,0.010632620362168922
0,0,0.011022805009490868
0,0,0.025846095728129816
0,0,0.020216275840696463
0,0,0.007722014791176392
1,1,0.993252664084494
0,0,0.057737967905316705
0,0,0.010928912459519845
0,0,0.008563751057855205
0,0,0.006995272074415436
0,0,0.08867384605567113
0,0,0.02445249875783334
0,0,0.15266546051960925
0,0,0.00781575366302998
0,0,0.005813376182354836
1,1,0.9986172109041317
1,0,0.24010990362658896
0,0,0.011909876296751573
1,1,0.8833098672395837
0,0,0.0066148899518104105
0,0,0.013468231653854579
0,0,0.014441303382923267
0,0,0.005230710899255239
0,0,0.026143444298891136
0,0,0.009719001196137571
0,0,0.007694005871759726
0,0,0.0315488815872382
0,0,0.017556220421339166
0,0,0.010202868828165457
1,1,0.8898720274236811
0,0,0.006991478322591418
0,0,0.00616552843276535
0,0,0.017563964614189853
0,0,0.0088092525617179
0,0,0.014287997543947141
0,0,0.00849817988484512
0,0,0.008008699394275341
0,0,0.0072214478746921275
1,0,0.2946507629940467
0,0,0.006610870424735042
0,0,0.008562888677851639
1,1,0.9865721091508588
1,1,0.998949803264853
0,0,0.026470037276814264
0,0,0.009728757847714103
0,0,0.005915897711218371
0,0,0.04235502117570856
0,0,0.01216480210548811
0,0,0.013209832378185647
0,0,0.006890781865973339
0,0,0.006676615728048017
0,0,0.00795423065863797
0,0,0.009056210080177061
0,1,0.5933055730975245
1,0,0.011809382523557586
0,0,0.033166019508187476
0,0,0.005801615280304847
1,1,0.9908669646422826
0,0,0.016305572218117983
1,1,0.9980028388322787
0,0,0.014391110032387544
0,0,0.007583061315762096
0,0,0.006745212922360993
0,0,0.038541445815992253
0,0,0.004265951460716472
0,0,0.009854384975606796
0,0,0.01742016641706587
0,0,0.02530971592397604
0,0,0.005634684881569447
0,0,0.009308922763136362
1,1,0.9993272798933646
0,0,0.018449455005501127
0,0,0.007375157791247606
0,0,0.006130806713685755
1,0,0.035348531212621326
0,0,0.036648284593470803
0,0,0.03381925467285759
0,0,0.10052180969645963
0,0,0.023181810962460938
1,1,0.8754695124073204
0,0,0.022524348300557044
0,0,0.009369986356377065
0,0,0.006695840912042575
0,0,0.008085327194879241
0,0,0.02984103775454591
0,0,0.021886931343356283
0,0,0.2085230254455308
0,0,0.005636722457623687
0,0,0.007118974435888634
0,0,0.009925996139826506
0,0,0.008601529206421658
0,0,0.22192598582952994
0,0,0.04567377300027091
0,0,0.006470430025534108
0,0,0.013759353815858782
0,0,0.022426301215145435
0,0,0.006533466266322368
0,0,0.019469141857414874
0,0,0.011168172283524513
0,0,0.006960604418572218
0,0,0.010444484059534208
0,0,0.011675073771670439
0,0,0.2513678007424129
0,0,0.005405990830837552
0,0,0.007151993817713018
1,1,0.9663087244616574
0,0,0.015072613782760064
0,0,0.013881648240435633
0,0,0.03509310587271715
0,0,0.021187138951306035
1,1,0.9997309771183761
0,0,0.009510179728533925
0,0,0.013998302318876813
0,0,0.026388981243103127
0,0,0.01889862746497742
1,0,0.23029955892478007
0,0,0.00549279666114752
0,0,0.00810577510856059
1,0,0.08757005830636636
0,0,0.007879208311391913
1,1,0.9981292259986172
0,0,0.005210696923486315
1,1,0.9953347021811003
0,0,0.1207341034009422
0,0,0.006081810070874131
0,0,0.005560565983783532
0,0,0.007900479077986742
0,0,0.012713690489552247
0,0,0.033462614339829534
0,0,0.009376463497756669
1,0,0.06672999918906322
0,0,0.010965210872896
0,0,0.007217610115140908
0,0,0.020632617511837946
1,1,0.9983300071964846
0,0,0.008584747383171346
0,0,0.008930814531922019
0,0,0.006549722945106712
0,0,0.005449861345197166
0,0,0.013734566094041974
0,0,0.007327781176954208
0,0,0.006098201215282102
0,0,0.030894710623013757
1,1,0.9969352246111008
0,0,0.0061846803093435826
0,0,0.1696126326074416
0,0,0.005531425479137206
0,0,0.007714871674489976
0,0,0.00805801315166135
0,0,0.0068857398133732005
0,0,0.0164827889021278
0,0,0.005587462606120803
0,0,0.014002011686967832
0,0,0.004440231548294718
0,0,0.004237538849531563
0,1,0.6618030919430989
0,0,0.025069635686923802
0,0,0.006811957197816903
0,0,0.00737154160216132
0,0,0.006323549243793604
0,0,0.008864371173100703
0,0,0.006995158034016794
0,0,0.009136515862248049
0,0,0.01143720016981317
0,0,0.005858949036109614
0,0,0.07309682609100207
0,0,0.00561237630113297
0,0,0.0058513366814839434
0,0,0.006472560974110562
0,0,0.010816773904803305
0,0,0.024655309594756824
0,0,0.18868243728894998
0,0,0.022076153701020444
0,0,0.010693676292057237
0,0,0.02366331389083174
0,0,0.009150833043286918
0,0,0.00866262243929522
1,1,0.9951538182209209
0,0,0.008569676891119716
0,0,0.015389146807131592
0,0,0.006073593137443879
0,0,0.008238976933776383
0,0,0.009402863997722043
0,0,0.029188694618031055
0,0,0.0253312886404423
0,0,0.006343201475489216
0,1,0.7449209527585202
0,0,0.010837139789921648
0,0,0.007392269083984564
0,0,0.22219917987593688
0,0,0.006291771011713228
0,0,0.004878173880963601
0,0,0.006178553445882458
0,0,0.04114360732228631
0,0,0.006987565972414025
0,0,0.005899256399810255
0,0,0.011734706512530058
0,0,0.025406329531888264
0,0,0.005611011876614422
0,0,0.007420294875314944
0,0,0.010139625817491532
0,0,0.00979930845047061
0,0,0.005950964496395833
0,0,0.015746108187644735
0,0,0.00815184479274285
0,0,0.007170029143766139
0,0,0.012595004003217428
1,1,0.998748157498252
0,0,0.01790427689590582
0,0,0.016323548778744302
1,1,0.8888789326097694
0,0,0.007385886664086072
1,1,0.9991277455122364
0,0,0.013113405179133378
0,0,0.009917029867974962
0,0,0.005870260867382901
0,0,0.006774721734800553
0,0,0.009958780343668396
0,0,0.011541045017815386
0,0,0.0076442980756451975
0,0,0.005680894497449238
1,0,0.2149679219778056
0,1,0.6611918791780061
0,0,0.006248404063972694
1,0,0.020213967173469335
0,0,0.006978264729342958
0,0,0.007448187408192213
0,0,0.018950144038749703
1,1,0.9997897304125407
1,1,0.9919034710296145
0,0,0.01118345574160774
0,0,0.005525545490009465
0,0,0.01675826315564175
0,0,0.014401322175709858
0,0,0.009648190915897584
0,0,0.00810102859441965
0,0,0.013582082579207157
1,1,0.6513532328077323
0,0,0.017143651659608943
0,0,0.007004894665334191
1,1,0.9994809951326392
0,0,0.00748648510577882
1,1,0.9996326841840086
0,0,0.02419083423137832
0,0,0.007155378771573228
0,0,0.00961054355424077
0,0,0.011610548944091949
0,0,0.007379428740910714
0,0,0.05592807571979498
0,0,0.05932733538931253
0,0,0.009604298846302914
0,0,0.05237730658926417
0,0,0.019786702388178274
0,0,0.018338989874697367
0,0,0.010762822771260224
0,0,0.04306256335759479
0,0,0.007440382668746494
0,0,0.006178553445882458
1,1,0.9982979422472009
0,0,0.005616550085402781
1,1,0.6284698627645138
0,0,0.013309531988484292
0,0,0.0061729264763966665
0,0,0.0067473865723935164
0,0,0.007259941185346886
0,0,0.008049142661412064
0,0,0.051722787744698295
0,0,0.0077819707630538545
0,0,0.011956601478977496
0,0,0.006322888260960606
0,0,0.01154603063928533
0,0,0.006338664138482621
0,0,0.007729841915105207
0,0,0.009158780262832046
0,0,0.0060024980360766245
1,1,0.999260827487416
0,0,0.007628204881241429
0,0,0.006466937830644462
0,0,0.00669908655652469
0,0,0.00551257007935561
0,0,0.015435272919885123
0,0,0.026447402723250267
0,0,0.005631326697236524
0,0,0.0060631109834152356
0,0,0.014845391061742584
0,0,0.008678070584239942
0,0,0.020661105649020406
0,0,0.005543070599560505
0,0,0.006590942551537926
0,0,0.01192301839450415
0,0,0.01906678608733589
0,0,0.012512559865979602
0,0,0.01982121996602666
0,0,0.01273816744776078
0,0,0.02699576802564294
0,0,0.00725772763942987
0,0,0.008383203773789474
0,0,0.012751713195551437
0,0,0.03071182473360657
0,0,0.005773236080638219
0,0,0.007264915478337254
0,0,0.01523281883949031
0,0,0.034273942177151656
0,0,0.007463436170374658
1,1,0.7024477115267476
0,0,0.008506551386483133
0,0,0.006723093149261939
0,0,0.01615241601719813
0,0,0.0050238946505194145
1,1,0.9991941667479862
1,1,0.9990322957421526
0,0,0.006543107759894008
0,0,0.09322816291264474
0,0,0.020471374256403573
0,0,0.007201059893232855
0,0,0.004872297831390083
0,0,0.006007230996909891
0,0,0.005048225426635188
0,0,0.04939746998840795
0,0,0.02928556112248578
1,0,0.04868465711474227
0,0,0.007935340482075705
1,1,0.8032983729033518
0,0,0.0352803415101303
1,1,0.9927414970189877
0,0,0.006192317400162164
0,0,0.0070364800381955
1,1,0.8880010868334464
0,0,0.006393348814042319
0,0,0.00801665364104899
0,0,0.009617107539427554
0,0,0.006880962161227873
0,0,0.006266863843329718
0,0,0.01594949856316067
0,0,0.010096819734549449
0,0,0.08274196862983425
0,0,0.030001329224393344
0,0,0.007445841675607693
0,0,0.0067387402036054485
1,1,0.99769844516118
0,0,0.00723514920555484
0,0,0.019112141159591523
0,0,0.013989294412823284
0,0,0.00796161183573402
1,1,0.8402784052773926
0,0,0.005926405704517703
0,0,0.009525127189677487
0,0,0.01030497421681397
0,0,0.010799507303309247
0,0,0.004828637516244112
0,0,0.010986503077288804
0,0,0.3756845608736468
0,0,0.0070353095223129394
0,0,0.010166479367985478
0,0,0.013994445200404217
0,0,0.01960309362049832
0,0,0.00901252041201496
0,0,0.010263705133920921
0,0,0.017317996054934743
0,0,0.006563872904390392
0,0,0.007356665682599735
1,0,0.2588446441668041
0,0,0.0075949729791985245
0,0,0.006642977714176155
1,1,0.9980810934890469
0,0,0.00687089824668972
0,0,0.018262872828777994
0,0,0.29661670541048596
0,0,0.012008034540769527
0,0,0.0058883618564516595
0,0,0.05587337014429801
0,0,0.010020663266074195
0,0,0.00710379341054961
0,0,0.01007059699978564
0,0,0.005855415856407464
1,0,0.020668947812465702
0,0,0.00738823637827277
0,0,0.010334408372255754
1,1,0.9899572089749847
0,0,0.004541481890099108
0,0,0.010077247828125144
0,0,0.019364166929114593
0,0,0.0077670679970662905
0,0,0.01812424435532027
0,0,0.01034167531482916
0,0,0.0076966988542293896
0,0,0.007095811948762895
0,0,0.015503197292598742
0,0,0.2185460978216828
0,0,0.00803105464643213
0,0,0.005416475541374275
0,0,0.006027310343107434
0,0,0.1535982460687524
0,0,0.007110235667471481
0,0,0.008619510662204706
0,0,0.016858150012152007
0,0,0.026728256622839258
0,0,0.019177828612456677
1,1,0.9603984237418884
0,0,0.00955980806023175
0,0,0.03870632506906445
0,0,0.007281554490463931
0,0,0.013783198031330157
0,0,0.019094535812119933
0,0,0.012552342960699141
0,0,0.014615128880828929
1,0,0.06736191800921275
0,0,0.025897346138134682
0,0,0.00420436022659181
0,0,0.0076132507983549865
0,0,0.006318181824078527
0,0,0.015261647317501587
0,0,0.006826906652847305
0,0,0.03114629021311355
0,0,0.025432872009554
0,0,0.006279932121242417
0,0,0.009546236867874923
0,0,0.10281500035840747
0,0,0.0203433119198725
0,0,0.03360942932535395
0,0,0.0048161401560407645
0,0,0.006320769994202445
0,0,0.02078488089150454
0,0,0.008474766860899477
0,0,0.012756057703771383
0,0,0.005775685730170458
0,1,0.5716290160780004
0,0,0.02210010407828736
0,0,0.012428500290102576
0,0,0.008604837628171599
0,0,0.005310089355472972
0,0,0.00852345343748481
0,0,0.0993589764166933
0,0,0.006392227097389883
0,0,0.015985143605155818
0,0,0.011410424806925407
0,0,0.008121290048314975
0,0,0.0060898617850902465
0,0,0.016632176758766
0,0,0.006652013794312944
0,0,0.012760475702288712
0,0,0.005980642841643513
0,0,0.009307814511917888
0,0,0.01065176985155526
0,0,0.006276259994707614
1,0,0.05656493388796272
0,0,0.16073555286640137
0,0,0.08915339728446492
0,0,0.011268897736793867
0,0,0.015411043562457859
0,0,0.019907487994421703
0,0,0.003941016016583518
0,0,0.006557775579717852
0,0,0.006952823786638205
0,0,0.00815749333935836
0,0,0.012316520649516296
1,1,0.9988024366494886
0,0,0.02253715161049548
0,0,0.005589325428973933
1,1,0.996087633889288
0,0,0.00912397435629146
0,0,0.010024187616829223
0,0,0.1248431500875373
0,0,0.0283386618773764
0,0,0.007001402051006417
0,0,0.008755402948278415
0,0,0.010519709075430839
0,0,0.011973483773182478
0,0,0.00615487904728836
0,0,0.0069302905322893545
0,0,0.007270876135587471
0,0,0.0054788027023152785
0,0,0.014861179612728401
0,0,0.0424035315540591
0,0,0.008105609128855693
1,1,0.9476534547651522
0,0,0.18996173147457898
0,0,0.007257545806815165
0,0,0.005904004636666528
0,0,0.011547075851923832
0,0,0.009548026636923949
0,0,0.006574696954336063
0,0,0.06000736103102442
0,0,0.007976460458260712
0,0,0.04539190570952012
0,0,0.00780689982018456
0,0,0.035457408734127886
0,0,0.012790679216786184
0,0,0.012426619737026124
0,0,0.006732975937544794
0,0,0.006548566624802021
0,0,0.0068109570459553735
0,0,0.03137094646589517
0,0,0.0059485243920423285
0,0,0.01085292924123532
0,0,0.016906517650268047
0,0,0.006248941359762841
0,0,0.006667232767941762
0,0,0.008999131845795054
0,0,0.006235744805329599
1,1,0.9988879473355916
0,0,0.05472706019247154
0,0,0.006359364990848601
0,0,0.04352813095395644
0,0,0.024361934400297987
0,0,0.010494730008811818
0,0,0.008260646598939351
0,0,0.009179542658259454
0,0,0.01179731894262065
0,0,0.01235135200289614
0,0,0.03447339949747777
1,1,0.9910003387888827
0,0,0.010902121426902736
1,1,0.9965330547321591
0,0,0.0067268967907671735
0,0,0.009654336601347797
0,0,0.006909726172049109
1,0,0.019453816779542915
0,0,0.007234003306159139
0,0,0.010058739557349466
0,0,0.04544063054900863
0,0,0.019758879415164802
0,0,0.07372287205927286
0,0,0.006205845931441228
1,1,0.9991966016639222
1,1,0.9694051525917017
0,0,0.006403338417501688
0,0,0.006184067805712154
0,0,0.02147457484723797
0,0,0.008888114566383658
0,0,0.1832723514756218
0,0,0.015228249494707746
1,1,0.9965091519569585
0,0,0.23127453731263903
0,0,0.006751179889231891
0,0,0.01021072253738958
0,0,0.01570151519409009
0,0,0.015712331959629348
0,0,0.006921698083135603
0,0,0.009341775928419697
0,0,0.010535256964687373
1,1,0.6036006991345895
0,0,0.022834859271124226
0,0,0.44174964622853174
0,0,0.009731482825975952
0,0,0.022332518825856428
0,0,0.01129104715640377
0,0,0.008765679182375953
1,0,0.17444488098482544
0,0,0.10482769512087287
0,0,0.010288849918618819
0,0,0.012401276446504175
0,0,0.016232574346385163
0,0,0.01256948454303748
0,0,0.03030049658297675
0,0,0.025626881269881815
0,0,0.009131257000334674
0,0,0.006138436382547153
0,0,0.010308848510200285
0,0,0.005800793546007463
0,0,0.03633323697123966
0,0,0.006018316371826491
0,0,0.0109342876940826
0,0,0.007177178891763136
1,1,0.9986290276385467
1,1,0.993069066376414
0,0,0.008334284086385205
0,0,0.05576088911236637
0,0,0.006909798409971681
0,0,0.009976509122950334
0,0,0.005967418909607641
1,0,0.21876218302832656
0,0,0.009130652191242091
0,0,0.08507618656013957
0,0,0.006744102402994562
0,0,0.024421092223010327
0,0,0.006302337420585539
0,0,0.007449606812256134
0,0,0.007931718358441683
0,0,0.005751793419473833
0,0,0.013482508279122212
0,0,0.0070318097790824825
0,0,0.026609064771031483
1,1,0.9989293131949961
0,0,0.009986747581237463
0,0,0.013539183430203525
0,0,0.006893473125649659
1,0,0.037663176766509196
0,0,0.009204339447654362
0,0,0.00503746923102551
0,0,0.0057471493660252535
0,0,0.007655914527206476
0,0,0.006960260836785104
0,0,0.012738914312219496
0,0,0.024666329795465902
0,0,0.012995059707994614
0,0,0.01273858022609183
0,0,0.024885073183854033
0,0,0.006228178768562723
0,0,0.00831008278605301
0,0,0.014367292858918121
0,0,0.005355557450318569
0,0,0.008220726616571193
0,0,0.14814038416547476
0,0,0.0054737776026683735
0,0,0.026678254007306484
0,0,0.007460221810941032
0,0,0.008182975080596738
0,0,0.004907158003374473
0,0,0.00764849368270518
0,0,0.003849748406746443
0,0,0.018211883563412034
0,0,0.008929859947270358
0,0,0.007858527866083471
0,0,0.007894299858051563
0,0,0.007305022259118461
0,0,0.005941428100801866
0,0,0.01788836073920906
0,0,0.05356021999940678
0,0,0.010239207264763923
1,1,0.7627516982438641
0,0,0.005077757609253252
0,0,0.005153642097483495
0,0,0.006827099739857084
0,0,0.008159747249236984
0,0,0.012527559081973201
0,0,0.04567869436554609
0,0,0.011724898929635965
1,1,0.916256038145661
0,0,0.008327971204603036
0,0,0.005084147669890206
0,0,0.007753611089406326
1,1,0.9995900338665267
0,0,0.008346321701251226
0,0,0.005353331567667271
0,0,0.4591610267844724
0,0,0.011700918960921805
0,0,0.007373623120049746
0,0,0.01574400553033661
0,0,0.006716438747439269
0,0,0.01952084094629498
0,0,0.005943081564074459
1,1,0.9854515602883431
0,0,0.005886106807428717
0,0,0.06459583719983324
0,0,0.010521582695090546
0,0,0.0075314623919175445
0,0,0.00898732501280112
0,0,0.006675325947227491
0,0,0.007023413691235283
0,0,0.005528169459336041
0,0,0.008886499588763625
0,0,0.07061031686160929
1,0,0.27966807192985216
0,0,0.009496896060517929
0,0,0.006922394194499608
1,1,0.6867404274081453
0,0,0.006510358680597423
0,0,0.03800593281574758
0,0,0.018801646405160747
0,0,0.03882589745672145
0,0,0.006717003433612921
0,0,0.03028317261263585
0,0,0.004483171576555328
0,0,0.008465107348324398
0,0,0.009615447600359496
0,0,0.20243099018679972
0,0,0.029910208944039916
0,0,0.004402459019065604
0,0,0.00853210198379202
1,0,0.17139452766080585
0,0,0.18325460193351809
0,0,0.011948073805565467
0,0,0.018698578500787447
0,0,0.005699609108924671
0,0,0.018062914005424657
0,0,0.007388369553363862
0,0,0.021698340571118264
0,0,0.026295207441979412
0,0,0.007707807454717441
0,0,0.08056078215809596
0,0,0.00914414505343804
0,0,0.007082234816274493
0,0,0.010152835540613555
0,0,0.05436726599883803
0,0,0.17369517625426797
0,0,0.01638078668489909
0,0,0.2006872925865583
0,0,0.008566614381375416
0,0,0.0063136885112460095
0,0,0.008344015850323107
0,0,0.016634665487691002
0,0,0.1661461978965677
0,0,0.017931418296767972
0,0,0.006803297840487757
0,0,0.1672752749468535
0,0,0.007752678410315586
0,0,0.016936174500396466
0,0,0.006644160016946786
0,0,0.009117814507825806
0,0,0.01405621427835952
0,0,0.02545946534988007
0,0,0.00705895127793555
0,0,0.016521721958724603
0,0,0.0060418400279225
0,0,0.005549106276794066
0,0,0.010064494312461902
0,0,0.0073654976088321205
0,0,0.005749189917275145
0,0,0.448176727881869
0,0,0.005985026242199285
0,0,0.008895960545829711
0,0,0.16910670389838833
0,0,0.157273902191987
0,0,0.004093914701263803
0,0,0.030519459757124008
0,0,0.2870725540324335
0,1,0.5257623444455302
0,0,0.02180082089052654
0,1,0.5089426278245517
1,0,0.04593745473424008
0,0,0.009631983130171851
0,0,0.00535512497900636
0,0,0.006012123543059631
0,0,0.006040945185833514
0,0,0.007681923758571406
0,0,0.009391914834687985
0,0,0.015728840902425056
0,0,0.02081611451555857
0,0,0.09892508331499869
0,0,0.006322888260960606
0,0,0.009139338083688105
0,0,0.008554643618582202
0,0,0.016257014166370966
0,0,0.013141582174550451
0,0,0.00528151749532861
0,0,0.01192301839450415
0,0,0.1239481071722203
0,1,0.8016990082270983
0,0,0.007346667741519783
0,0,0.009954686921029252
0,0,0.006917530308066848
0,0,0.01038503991076918
0,0,0.024111485855066717
0,0,0.013151599973700944
0,0,0.006857042047171607
0,0,0.01822818364997842
0,0,0.044348165802507396
1,1,0.9985941839750023
1,1,0.9969267583252395
0,0,0.006744772111619735
0,1,0.696236628988514
0,0,0.06918849024383869
0,0,0.008651493029692814
0,0,0.006695328790538537
0,0,0.006422970262479092
0,0,0.011100001648711269
0,0,0.00698163036599985
1,1,0.9935927337613687
0,0,0.014282917039738685
0,0,0.005685870372525777
0,0,0.006840617997572101
0,0,0.006304251654443727
1,1,0.5147026984854887
0,0,0.008754734458156086
0,0,0.005719833386277934
0,0,0.007469920862428443
0,0,0.00901965666721159
0,0,0.009443090705922186
0,0,0.02577966478949149
0,0,0.007652537096531634
0,0,0.0062996252703218835
0,0,0.014269021830800732
0,0,0.036254285822218214
0,0,0.011630014916517209
0,0,0.0061460177822736765
0,0,0.22838192218459313
0,0,0.007375345112819795
0,0,0.0066974616383499675
0,0,0.009819717261311887
0,0,0.005505359675792615
0,0,0.0058075378186937
0,0,0.01732714326922839
0,0,0.010014268806280329
0,0,0.006835547862849684
0,0,0.016634629262698094
0,0,0.011710157381827903
0,0,0.00722559194338989
0,0,0.0076949541919382825
0,0,0.010779206715511717
0,0,0.008024898761429974
1,1,0.7330244537556553
0,0,0.0314525157117686
0,0,0.007656608790250075
0,0,0.013910396455624356
0,0,0.004661049406378087
0,0,0.039987579637568355
0,0,0.005214488599954095
0,0,0.01209963027011949
0,0,0.02382190311186778
1,1,0.9990979827854101
0,0,0.006515945772267364
0,0,0.0066770498226804715
0,0,0.012116387470638855
0,0,0.011577085558672689
0,0,0.007290470436581517
0,0,0.24710211075056973
0,0,0.02262891925025269
0,0,0.17389663454092386
0,0,0.01565789072468934
0,0,0.007592145613487882
0,0,0.09050186844450063
0,0,0.009754879231770125
0,0,0.010645344594806073
0,0,0.01112923597502329
0,0,0.008125415906920968
0,0,0.009374458491699256
0,0,0.025753929843246332
0,0,0.02234598068640168
1,1,0.998748157498252
0,0,0.01009823069084866
0,0,0.008453818819972205
0,0,0.018246257639101933
0,0,0.008165836675952701
0,0,0.04530331998734344
0,0,0.009196838980426471
0,1,0.7280739260219578
0,0,0.014738217739681378
1,1,0.8016990082270983
0,0,0.009969060229541882
1,1,0.8094912643107309
1,0,0.20115415646977472
0,0,0.25805643629353797
0,0,0.016543660373720567
1,1,0.9948202747330527
0,0,0.004211465279467334
0,0,0.017457764398798026
0,0,0.00709346438007202
0,0,0.011946404214005286
0,0,0.010521257543879569
0,0,0.024137088255250523
0,0,0.01643692414717919
0,0,0.007214035447328764
0,0,0.016715461675691025
0,0,0.01448179584879425
0,0,0.013622798694520027
0,0,0.06894619550514983
0,0,0.025470753397586067
0,0,0.016577966398821885
0,0,0.04855479298192203
0,0,0.07528418575160217
0,0,0.3226914306167199
0,0,0.006048242198433188
0,0,0.005644211898110973
0,0,0.01835204060205017
1,1,0.99858956081374
0,0,0.007994723170053357
0,0,0.005366140691731239
0,0,0.08289757895140522
0,0,0.0247443907302101
0,0,0.010426121974804596
0,0,0.006798402792025835
0,0,0.007267355282047467
0,0,0.0072762211425509956
0,0,0.01183322572065084
0,0,0.008242025037639815
0,0,0.005257753544941837
0,0,0.008091209316390355
0,0,0.006974428639553349
0,0,0.08177672553496888
0,0,0.009117814507825806
0,0,0.02631518289555158
0,0,0.0062580711617490434
0,0,0.009832436873708893
0,0,0.008752028137511102
0,0,0.006284269821962646
0,0,0.005081100929319914
0,0,0.029416668445473172
0,0,0.006746515114299602
0,0,0.06026728531854066
0,0,0.015419922579556706
0,0,0.005719797130047208
0,0,0.010375633010296242
0,0,0.006881932261837459
0,0,0.016909967392836022
0,0,0.023824676961664563
1,0,0.2551959860257851
0,0,0.009236296520118172
0,0,0.2591300645121387
0,0,0.007127116299950977
0,0,0.009013762051198072
0,1,0.654653765292597
0,0,0.06917278509867338
0,0,0.007682346391316851
0,0,0.16552663145557867
0,0,0.008417745536609787
0,0,0.006019067948008975
1,1,0.999099601996984
0,0,0.008850528660708337
0,0,0.024283376457582613
0,0,0.032017917013632075
0,0,0.03100875455420385
0,0,0.005623497562264348
0,0,0.012590236984106995
0,0,0.006285698817149832
1,1,0.9994244197787664
0,0,0.006024248301484457
0,0,0.0070473176837560735
0,0,0.007081281107467152
1,1,0.9942114891680404
0,0,0.044409704238714896
0,0,0.006451198891514521
0,0,0.07443265016811493
1,1,0.9976725502370593
1,1,0.999418464467421
0,0,0.0043357621896464625
0,0,0.012875428227230017
0,0,0.006986476896781696
0,0,0.011167047138294719
0,0,0.0276971896195967
0,0,0.007247690838163446
0,0,0.013327008362278564
0,0,0.01068764721650411
0,0,0.009709219112807225
0,0,0.03735870269171075
0,0,0.0135340950420812
0,0,0.01699224888697392
0,0,0.007593388729394852
1,0,0.3626735003374525
0,0,0.011844679646867988
0,0,0.02064788075989521
0,0,0.006782951834822057
1,0,0.3069244079436929
0,0,0.010096280457874078
0,0,0.0075644770912759625
0,0,0.053331878884132
0,0,0.028062006393751154
0,0,0.021700471414766775
0,0,0.008464408245270033
0,0,0.009323158986329618
0,0,0.036276655717741836
0,0,0.007445696729838536
0,0,0.01620529332633132
1,1,0.9907253578897374
0,0,0.007426525943072084
0,0,0.01544175365689699
0,0,0.008645060244985797
0,0,0.006514350160580403
0,0,0.006303210497916471
0,0,0.013672099797073872
0,0,0.2074418314629945
1,0,0.4647336013345025
0,0,0.015411412471340594
1,0,0.26292858276616876
0,0,0.015397880962907604
0,0,0.011480528798145649
0,0,0.014617103592947748
0,0,0.01287384571947083
0,0,0.013847425976986119
0,0,0.00653378189568168
0,0,0.006185364829658305
0,0,0.10125705623504777
0,0,0.008231390730728278
0,0,0.0075219107432511235
0,0,0.006252786499162708
0,0,0.011545926614468124
0,0,0.006315206122656059
0,0,0.008595854908204532
0,0,0.01137181252891474
0,0,0.008553474753105948
0,0,0.009570627737678972
0,0,0.007223845159255674
0,0,0.006753567312930574
0,0,0.007750219273540168
0,0,0.012748403472202414
0,0,0.008235068521123604
0,0,0.0173930333218433
0,0,0.007943742941528383
0,0,0.008929859947270358
0,0,0.09543412426277201
0,0,0.006683843763584937
0,0,0.05520116782808089
0,0,0.008256624190711685
0,0,0.006808915709663756
0,0,0.006749754879250218
0,0,0.006999131884044819
0,0,0.005636527262673375
0,0,0.007414261252546769
1,1,0.7025173874347739
0,0,0.013970131517048713
0,0,0.2198762872222809
0,0,0.030256433410061383
1,1,0.939016040289594
0,0,0.0058449336031193636
0,0,0.08930107809716041
0,0,0.023423863441669926
0,0,0.00782405899119289
0,0,0.005307712346410761
1,0,0.007586495342452549
0,0,0.013890412712623723
0,0,0.009427209919657075
0,0,0.01999778382208881
0,0,0.016273079292343083
0,0,0.00660257341579353
0,0,0.007322023456023656
0,0,0.005659479533779078
0,0,0.010120445219970004
0,0,0.05156419038242174
0,1,0.5909811590965375
0,0,0.006263863076641162
1,1,0.9991325850819908
0,1,0.8737978561085507
0,0,0.03145908347794278
0,0,0.0044597443640869905
0,0,0.04514238739533042
0,0,0.006822343620636756
0,0,0.006447558843130945
0,0,0.010098062471909705
0,0,0.005811282164110266
0,0,0.012728801533855517
0,0,0.007455390639618153
0,0,0.007929037158952363
0,0,0.0064744362746188685
0,0,0.007180456630459077
0,0,0.008070336793261999
0,0,0.18635619507246992
0,0,0.007132745569179641
0,0,0.005522741346764119
0,0,0.0073957266563096985
0,0,0.004803677738673966
0,0,0.009277276167441437
0,0,0.009258263834042877
0,0,0.010941497806411312
0,0,0.03119583797459206
0,0,0.011693436576206988
0,0,0.003849218212967373
1,1,0.9993665945797938
0,0,0.010380003325788664
1,0,0.06080698544641699
0,0,0.008582615722210727
0,0,0.007034475334502051
0,0,0.009001104425984398
0,0,0.05376516137508436
0,0,0.005511522534026188
0,0,0.03090033179907692
0,0,0.018584861052175137
1,1,0.9997410640329288
1,1,0.9726201145926032
0,0,0.005423473028319022
0,0,0.0134855177706312
0,0,0.004427213042572033
0,0,0.005783384108725945
1,1,0.9996232519542668
0,0,0.008046916845666604
0,0,0.011975613366187533
0,0,0.031026366120713984
0,0,0.006694188401399714
0,0,0.008554269692649807
0,1,0.5275873536497865
0,0,0.01167563141367319
0,0,0.009549879831468615
0,0,0.007703812686697936
0,0,0.027354405194182606
0,0,0.03486022494301505
0,0,0.0190642502819546
0,0,0.03330024392257166
0,0,0.00805671520697455
1,1,0.9993306014095981
0,0,0.005521660845519686
1,1,0.9790591832682308
0,0,0.0067203699246768025
0,0,0.025583875320660115
1,1,0.9992321100290579
0,0,0.01070504285151122
0,0,0.01170855983013866
0,0,0.015915957715380593
0,0,0.01655110636039143
1,1,0.9950054238344569
0,0,0.008198151577984012
0,0,0.005931798628009122
0,0,0.009148725081634088
0,0,0.004842714007149433
0,0,0.007655260100420071
0,0,0.005046836216239431
0,0,0.007369743078927691
0,0,0.004394243308454314
0,0,0.0063670553390717
0,0,0.007139964776371065
0,0,0.006510548617114451
0,0,0.1401084319298571
0,0,0.022634201037665943
1,0,0.36599358415864774
0,0,0.011194014969915796
0,0,0.4918004289822438
0,0,0.007178869150164352
0,0,0.014632507725677056
0,0,0.01265975560719685
0,0,0.011493278752871547
0,0,0.013121165419862748
0,0,0.02274227281360228
0,0,0.0059942675744728054
0,0,0.007934269245324364
0,0,0.050862799739254644
0,0,0.01988361082149937
0,0,0.0343016086890286
0,0,0.008267290032773695
1,1,0.9999281744568111
0,0,0.013272438892403505
0,0,0.007896777677541638
0,0,0.03541328742992502
1,1,0.9880415354597762
1,1,0.959148185222877
0,0,0.017421238197648237
0,0,0.2618147572836049
0,0,0.006179843275185638
0,0,0.005380015421973787
0,0,0.013847583028845407
0,0,0.006783378585705756
1,0,0.08957090747727754
1,0,0.3060037552216567
0,0,0.03616777790115678
0,0,0.005722281302443879
0,0,0.014347478657347881
0,0,0.009112857598726739
1,1,0.9804416729720286
0,0,0.10262774155428885
1,1,0.998357676992224
0,0,0.010886982768051633
0,0,0.006422970262479092
0,0,0.029075342889263226
1,1,0.9996857036196578
0,0,0.014984800948457278
0,0,0.005783573939726277
0,0,0.008100227047166345
0,0,0.0090887687100846
0,0,0.05226827254895966
0,0,0.006455003653813104
0,0,0.007079486386771412
0,0,0.006357981306090485
0,0,0.003726688097724936
1,1,0.901086723579846
0,0,0.01137580130466533
1,1,0.9846609109508574
0,0,0.010281644145654497
0,0,0.023315484878268428
0,0,0.0069296373776802905
0,0,0.01126964413446656
0,0,0.011769994209756964
1,1,0.9617806425203757
0,0,0.005145144341145538
0,0,0.01709946573538192
0,0,0.013069149949373493
0,0,0.012537333602868248
0,0,0.1411092700311411
0,0,0.006627960897061901
0,0,0.00565431648298082
0,0,0.0059017480317463894
0,0,0.006621554333351356
0,0,0.008600334425961673
0,0,0.007476179486449749
0,0,0.026807877899888363
0,0,0.007311979611942649
0,0,0.007022341581605601
0,0,0.013527499557010866
0,0,0.010366718250602681
0,0,0.00977170789597737
0,0,0.034367655945223764
0,0,0.01196086959291478
0,0,0.010452535577376338
0,0,0.006047843896412284
0,0,0.005275781295302469
0,0,0.008027339841543543
0,0,0.004878173880963601
0,0,0.011558211219803969
0,0,0.006150099616003769
0,0,0.022503019203511672
1,1,0.9996539569960503
1,1,0.9844569688827755
0,0,0.038858397093361814
0,0,0.006460590973435771
0,0,0.09765510097558079
0,0,0.015702060000351254
0,0,0.006751502111043627
0,0,0.2697617727281267
0,1,0.5405577162959241
0,0,0.008259721799290843
1,1,0.997732305254457
0,0,0.03388556732137299
0,0,0.007659667375128583
0,0,0.07477000867815459
0,0,0.011972187262235699
0,0,0.008782180104819792
0,0,0.00637946100204301
0,0,0.006171087738380222
1,1,0.9987966296737363
0,0,0.008779014393149582
0,0,0.007223808197658006
0,0,0.21294192873044882
1,1,0.9928290000828002
0,0,0.008651945854117044
1,0,0.0175867905350023
0,0,0.012654330008772887
0,0,0.009981356300207618
0,0,0.007832198084095935
0,0,0.08206148342822718
0,0,0.08005259850748067
0,0,0.01250154042596567
0,0,0.007018148729090166
0,0,0.040357643721377096
0,0,0.007914481536738962
0,0,0.17090033277692357
0,0,0.01641206669384066
0,0,0.006259171761505508
0,0,0.016558985354093718
1,1,0.668915702082246
0,0,0.04669273357478755
0,0,0.0064796752408682835
0,0,0.006285491024261293
0,0,0.011545618811840023
0,0,0.01227059823148841
0,0,0.1347192610565802
0,0,0.013102101269068146
0,0,0.045101759841968896
0,0,0.00585924331001635
1,1,0.9948704108515046
0,0,0.007326703474093626
0,0,0.021126774688413633
0,0,0.0065057142458614875
0,0,0.00844798631946555
0,0,0.004462383859280582
0,0,0.011427007909222827
0,0,0.010554369834018766
1,1,0.9984073060147546
0,0,0.008996626007667836
0,0,0.02589036243281958
0,0,0.007391069427552195
0,0,0.015782515820400356
0,0,0.0081572277497854
0,0,0.01426430267115528
0,0,0.008666774730660742
0,0,0.02840472574873208
0,0,0.015422800460976355
0,0,0.006509135556031261
0,0,0.005768813514797507
0,0,0.009350045567175266
0,0,0.007340535032188409
0,0,0.009079984650400186
0,0,0.4918004289822438
1,1,0.998363438431836
0,0,0.023628633423190448
0,0,0.012151388291723518
0,0,0.006155625028781849
0,0,0.007233870029248444
0,0,0.024961961375000324
0,0,0.007845243635335243
0,0,0.004506437495859657
0,0,0.011361878074000492
0,0,0.1588946428010226
0,0,0.08860581904878123
0,0,0.03292596989307687
0,0,0.006943620300179516
0,0,0.010551063448358104
0,0,0.006313932875482746
0,0,0.018923828065069277
1,1,0.9986579596660203
0,0,0.0068810945896082085
0,0,0.007175553767917177
0,0,0.014349555358959995
1,1,0.9976746066925335
0,0,0.007566836039328768
0,0,0.00603983675625397
0,0,0.008291362939984611
0,0,0.012862578497375453
0,0,0.006423659533255324
0,0,0.010668244977052684
0,0,0.005597643273986688
0,0,0.005006588894644353
0,0,0.01926253107041223
0,0,0.019814299235823944
0,0,0.00516659574075205
0,0,0.014198666340324252
0,0,0.01416489722172169
0,0,0.006557310214460799
0,0,0.04565460927256111
0,0,0.008432632754493602
0,0,0.007954349286098802
0,0,0.004973193930407291
0,0,0.06035113515217539
0,0,0.010600929655417618
0,0,0.007554545853152366
0,0,0.04841129545405725
0,0,0.014781471736734962
0,0,0.07199908752169881
0,0,0.011908996530216995
0,0,0.05016391253751372
0,0,0.008465715105852863
0,0,0.006874854436227296
0,0,0.006415093416323124
0,0,0.007388169623464903
0,0,0.01570577125146444
0,0,0.009725912334919783
0,0,0.005432702701477831
0,0,0.006203698958164365
0,0,0.009801362438594113
0,0,0.06777252278485356
0,0,0.030116563718749507
0,0,0.006723436607164004
0,0,0.011826571672810031
0,0,0.01050288503762052
0,0,0.005804108863483789
0,0,0.020564709110349154
0,0,0.01132406885190493
1,1,0.7646461087207758
0,0,0.016996638570206914
0,0,0.006976036466689544
0,0,0.02631518289555158
0,0,0.022455441328678962
0,0,0.007390967702290607
0,0,0.32884071239178103
0,0,0.025968402420142145
0,0,0.0068991863302474525
0,0,0.009986472576542086
0,0,0.004216423223358497
0,0,0.005900594403423051
0,0,0.0073373605288350975
0,0,0.01208915754861666
0,0,0.037077006005176265
0,0,0.008759588717626152
1,1,0.7726980179533599
0,0,0.012164931020807658
0,0,0.008136632429847688
0,0,0.02590991155156291
0,0,0.007922290770608425
0,0,0.005469084685206049
0,0,0.02019683666364278
0,0,0.03668629834182384
0,0,0.01583102899024409
0,0,0.010852465781726061
0,0,0.0077139230245153005
0,0,0.0065181137175831195
0,0,0.007372433989124905
0,0,0.0057185563917327474
0,0,0.005877807133723382
0,0,0.011503843274331661
0,0,0.01665482656767006
0,0,0.030687804504155803
0,0,0.0103691422312756
0,0,0.006222990129371452
1,1,0.9987400288261884
0,0,0.022619972165959294
1,1,0.9920736187091641
0,0,0.00946534016004066
0,0,0.024876545441791246
0,0,0.010179332297883075
0,0,0.008296424494836474
0,0,0.024979140126884798
0,0,0.010231540145227723
0,0,0.01153752979151062
0,0,0.007630969629041045
0,0,0.007619584361449393
0,0,0.009535997813211168
0,0,0.007909156538843635
0,0,0.008625859075439208
0,0,0.018033968264712773
0,0,0.010517283863752582
0,0,0.010543773436036824
0,0,0.010251884183060991
0,0,0.01627011029078815
1,0,0.02691606890660679
1,1,0.5368032690271508
0,0,0.01347778095691007
0,0,0.006679014166641313
0,0,0.177842442190212
0,0,0.02908862591229522
0,0,0.010263705133920921
0,0,0.005688806076589177
0,0,0.14439561868250927
1,0,0.15865791755924302
0,0,0.005825183420606242
0,0,0.007261074483159219
1,1,0.9997849304977763
0,0,0.00816642146452497
1,0,0.0709018621948092
1,1,0.997378424082819
0,0,0.006975842958568319
0,0,0.01694112126338277
0,0,0.01886307840457166
0,0,0.02734128546463807
0,0,0.007559038953089551
0,0,0.0069679247199382795
0,0,0.007396766771663001
0,0,0.15751024832549762
0,0,0.01668029162356997
0,0,0.012069712914429587
0,0,0.0057607733390997035
0,0,0.03456001855601688
0,0,0.006730318682142946
0,0,0.014468630007029946
0,0,0.019120164169098564
0,0,0.006278863429025805
0,0,0.02983109564197974
0,0,0.007772759299070947
0,0,0.008635005993055273
0,0,0.09187934329280786
0,0,0.009453097807598704
0,0,0.10901498753811854
0,0,0.12181435078687547
0,1,0.5044444780736019
0,0,0.00901174509597465
0,0,0.017177034891470284
0,0,0.010695418045482265
0,0,0.0075073797614210345
0,0,0.005573071173166981
0,0,0.00454818561841442
0,0,0.01383274573813744
0,0,0.08735970943115369
0,0,0.007726950077330484
0,0,0.019789503858096292
0,0,0.03602775632634982
0,0,0.006386841569422483
0,0,0.019681212085063054
1,1,0.9752611746497687
0,0,0.014287997543947141
0,0,0.015069608296813317
0,0,0.007257508235993492
0,0,0.010118381251972538
1,1,0.9983026946781257
0,0,0.04280318063686031
0,0,0.01260145096486198
0,0,0.007823439491204452
0,0,0.008509452970496384
0,0,0.007114893734494554
0,0,0.011191217873684602
0,0,0.007432126364115064
0,0,0.007357496562214428
0,0,0.007208449205500481
0,0,0.0063745158131085
0,0,0.018600821893401405
0,0,0.009183927712195322
0,0,0.006435874625487581
0,0,0.1784899899431853
0,0,0.04725837073597763
0,0,0.022230321880766686
0,1,0.8446612666104458
0,0,0.1828226262835818
0,0,0.00873632250040546
0,0,0.01552119133668451
1,0,0.2055826129627248
0,0,0.007814288367420976
0,0,0.02563850272213463
0,0,0.010890645641525453
0,0,0.016299796724064085
0,0,0.0068909307799969064
0,0,0.010048459947446974
0,0,0.007490077827654229
0,0,0.16846494321208794
0,0,0.007766356372665006
0,0,0.04716035698665073
0,0,0.018113585630789655
1,1,0.9980243380307166
0,0,0.006931469317557704
1,1,0.9991941667479862
0,0,0.007022353344036012
0,0,0.005991473334460403
0,0,0.007441758700487662
0,0,0.15357693941834044
0,0,0.025710347339014412
1,1,0.9981720124392667
1,1,0.9973123041207334
0,0,0.010844090821893365
0,0,0.014515024013306259
0,0,0.01217242845001928
0,0,0.0055757778248770205
0,0,0.012150060759729395
0,0,0.04784727563070373
0,0,0.29844072110374326
0,0,0.02817940437319196
0,0,0.023475362565075323
1,1,0.8600673621700637
0,0,0.06413362760496785
0,0,0.00556713869841138
0,0,0.04758527009549616
0,0,0.005429120652762396
0,0,0.006882481782254574
0,0,0.008772263076389076
0,0,0.006159011752347039
0,0,0.11651883385989321
0,0,0.005998456300756249
0,0,0.014562109935048992
0,0,0.010055165158648084
0,0,0.1583497561742289
0,0,0.21025574445525277
0,0,0.009125278665358758
0,0,0.00547701180637107
0,0,0.009210340299538333
0,0,0.00894005557768288
0,0,0.17400720600018374
0,0,0.005944808783906987
0,0,0.007224655638852697
0,0,0.005986916055678711
0,0,0.008192100922211471
0,0,0.0071204872821175194
0,0,0.020522391950628344
0,0,0.009770617481203643
0,0,0.0073631798813734665
0,0,0.006484448217245043
0,0,0.01602372291243066
0,0,0.018564908141353004
0,0,0.13166240159477655
0,0,0.01480513447432114
0,0,0.008276663896107816
0,0,0.005001363121313794
0,0,0.04833116973110014
0,0,0.04784727563070373
0,0,0.011496917649213779
0,0,0.013598865282890173
1,1,0.9983532900546725
0,0,0.011773700342257
0,0,0.011250319653271515
0,0,0.0063389893792541105
0,0,0.005865524557072142
1,1,0.9994796518278687
1,1,0.999807629963749
0,0,0.007577696213365665
0,0,0.006712735769552137
0,0,0.008429929214720546
0,0,0.009346855331094837
0,0,0.04763433658561069
0,0,0.005263319598150406
0,0,0.00921693170606018
0,0,0.009271440750678213
0,0,0.006557977167769264
1,1,0.9989994673959647
0,0,0.3133002087363008
0,0,0.008268727632093615
0,0,0.005809432147638129
0,0,0.0133499188122303
0,0,0.008988784033619301
0,0,0.016816436160382735
0,0,0.06379666071170736
0,0,0.010027590152642046
1,1,0.9986583430166257
0,0,0.007053086833782246
1,1,0.9990839940742143
0,0,0.00622280028338958
0,0,0.006102526019642613
1,0,0.24710211075056973
0,0,0.10519077532635697
0,0,0.004400627924554729
0,0,0.006110492186866492
0,0,0.026438950520199244
0,0,0.0055468679019230645
0,0,0.006966176507268782
0,0,0.06188293746731662
0,0,0.007785822653105727
0,0,0.006120015357439408
0,0,0.01996636902201697
0,0,0.011071693860962
0,0,0.011104729615421846
1,0,0.0175867905350023
0,0,0.02083651177140845
0,0,0.0059877486019685984
0,0,0.007145078598197579
1,1,0.9978331043500582
0,0,0.005088245342049027
0,0,0.005639125879902175
0,0,0.006762165836145174
1,1,0.9964510750622064
0,0,0.008497536164505937
0,0,0.011598991907603464
0,0,0.007084937178216358
0,0,0.015325719348646178
0,0,0.00992098358356685
0,0,0.007418646989216017
0,0,0.00917233324516186
0,0,0.006156743544301393
0,0,0.3756845608736468
0,0,0.011513803184448768
0,0,0.007623596488140882
0,0,0.018027346327975435
0,0,0.007259964376930554
0,0,0.1602366412254612
0,0,0.007066776051023383
0,0,0.014481560094610933
1,1,0.9992464090755808
0,0,0.007961512278044272
0,0,0.01709292320366771
0,0,0.007225768182986767
0,0,0.010708184699623185
0,0,0.008988570711953438
0,0,0.009206749908337634
0,0,0.009669106173908797
0,0,0.008218506770085926
0,0,0.016929498686838167
0,0,0.00644892677502683
0,0,0.008395394092975145
0,0,0.006818461480318188
0,0,0.015347901636138224
0,0,0.015641056954565465
0,0,0.03892662952989689
0,0,0.00955494078177209
0,0,0.014472099029215526
0,0,0.005696006995505462
0,0,0.01208574023230103
0,0,0.010372209970814651
1,1,0.9988662013859477
0,0,0.007508363486181191
0,0,0.012979573278473395
0,0,0.007356208968119382
0,0,0.008415781012172278
0,0,0.014628753646323534
0,0,0.008072194979394999
1,1,0.9983300071964846
0,0,0.007798739348118656
0,0,0.009401606015018984
1,1,0.9915600219090349
0,0,0.03370725138963466
0,0,0.0793344243613795
0,0,0.005538787955426853
0,0,0.014263446540767397
0,0,0.009691199032265275
0,0,0.032658817581849804
0,0,0.00714979418960982
0,0,0.007091876593133419
0,0,0.027963111420850596
0,0,0.007447502585280626
0,0,0.005198236423950319
0,0,0.013242189381532932
1,0,0.41376417246824765
0,0,0.007815171484870261
0,0,0.007491514676435968
0,0,0.006271051456939165
0,0,0.007699164604965609
0,0,0.007043075818453277
0,0,0.005532771816470588
0,0,0.006999776658734458
0,0,0.008340524413370624
0,0,0.008686372681430177
1,0,0.28570449832497424
0,1,0.5402218489561135
0,0,0.011017962863224788
0,0,0.007889417193778003
0,0,0.006787659462468115
0,0,0.031562300939678704
0,0,0.028286612923315788
0,0,0.023607742254383078
0,0,0.08247196992092404
0,0,0.031099516443845083
0,0,0.016508925398267486
0,0,0.008363205609610864
0,0,0.043242857526030624
0,0,0.010250076166489692
0,0,0.013056989004759137
0,0,0.007145855801364676
0,0,0.005079544895175131
0,0,0.012304836623685951
0,0,0.023045475844900843
0,0,0.0071073626402444546
0,0,0.00883166792280391
0,0,0.007794141814656898
0,0,0.13930512728535258
0,0,0.005782195697397473
0,0,0.007753979935713901
0,0,0.060373340890941866
0,0,0.010427748841129826
0,0,0.024337818521100646
0,0,0.005267281793647425
1,0,0.206420362447867
1,1,0.9639429541334945
0,0,0.015460973500673799
1,1,0.9994255331541353
0,0,0.007756049827265508
0,0,0.01168244300954597
0,0,0.006793701195301231
0,0,0.00621360660616928
0,0,0.00970746490121652
0,0,0.007806486260796524
0,0,0.015099128435826968
0,0,0.033603111705306776
0,0,0.01319002504207252
0,0,0.0070580080334174825
0,0,0.005170887034257478
0,0,0.016785055198189406
1,1,0.9906777109009776
0,0,0.004971697788358009
1,1,0.9997309771183761
0,0,0.010719024496394797
0,0,0.006063826989815608
0,0,0.006459585847906474
0,0,0.029019976356180224
0,0,0.01583050249969658
0,0,0.16532544311212127
0,0,0.006568228767567975
0,0,0.005489772669230982
0,0,0.010234355723897815
0,0,0.01238215457052787
0,0,0.028087033240990694
0,0,0.008238474214999124
0,0,0.1348152724038142
0,0,0.00932274073100382
0,0,0.010692386172144821
1,1,0.9991741509358535
0,0,0.010590740430423662
0,0,0.011254547258429322
0,0,0.07669290408103639
0,0,0.007697152058122618
0,0,0.0063609024823480876
0,0,0.012333661437028338
0,0,0.004906570738843785
0,0,0.027038437207132792
0,0,0.046699895898869345
0,0,0.32656821902807975
0,0,0.009040453722117878
1,0,0.2714015131340104
0,0,0.011851928720238035
0,0,0.004972472361213244
0,0,0.007388819967002205
0,0,0.007476179486449749
1,1,0.9982263242846329
0,0,0.007800692185584008
0,0,0.01629778039599382
0,0,0.006289419341161429
0,0,0.012100760441551553
0,0,0.008313531522866565
0,0,0.020148245639114562
0,0,0.03776766987047225
0,0,0.006246079410340799
0,0,0.006816326842060114
0,0,0.007164736580114822
0,0,0.006824258455329294
0,0,0.005560561064159501
1,0,0.11824250154631437
0,0,0.01585744308698487
0,0,0.008418492037382425
0,0,0.00647377836863499
0,0,0.007703798995614243
0,0,0.008237266162628263
0,0,0.04894402610125063
0,0,0.008665036699636378
0,0,0.01245452048845148
0,0,0.00676590042013673
0,0,0.0073523163387179255
1,1,0.9804416729720286
0,0,0.049885629719187474
0,0,0.014057359759448673
1,0,0.00889213987464446
1,0,0.4261386422433256
0,0,0.007984030997463712
0,0,0.025636915314950413
1,1,0.9917266533109654
0,0,0.0064886761220440525
0,0,0.007346210939747145
0,0,0.007146962842394033
0,0,0.007993520623772224
0,0,0.0073493800770009264
0,0,0.016657617218483425
1,1,0.9900156499698288
0,0,0.009769346291329544
0,0,0.006441479922544673
0,0,0.009309734363409723
0,0,0.02846225476443658
0,0,0.006595635262282135
0,0,0.008874896490839921
0,0,0.007075346566975723
1,1,0.9773240638332871
0,0,0.006777310571746261
0,0,0.007682035599016197
0,0,0.011993220750172914
0,0,0.00551117501965476
0,0,0.022265332679934684
0,0,0.0060361871673282165
0,0,0.035760382930650425
0,0,0.02476191434490133
0,0,0.007445517403448496
0,0,0.019289846656100066
1,0,0.051368109582862705
0,0,0.04329156897141015
0,0,0.0054874618313439935
0,0,0.006308693311456751
0,0,0.011720609026235914
0,0,0.012023987836382982
0,0,0.02529609367840612
0,0,0.018612813751890847
0,0,0.0070775790713754
0,0,0.004866852724313038
1,0,0.22604304942917072
0,0,0.007040424773498149
0,0,0.009923111481228354
0,0,0.005819977434742532
0,0,0.011302426769504386
0,0,0.023500262101200764
0,0,0.00905673964420432
0,0,0.013355732771070312
0,0,0.005296360119764307
0,0,0.014045918822297603
0,0,0.006876772512459006
0,0,0.010660526948650655
0,0,0.015287903961337548
0,0,0.00865033853531228
0,0,0.00905673964420432
1,1,0.9954683063323607
0,0,0.021409264278110594
0,0,0.005945914332969083
1,1,0.9995939025068787
0,0,0.05393760392083436
1,1,0.9996185008224794
0,0,0.007185772783214575
1,1,0.9980114612916596
0,0,0.038340725025289624
0,0,0.004033048710595906
0,0,0.005591630840937456
0,0,0.006004740973101325
0,0,0.007521839068374984
1,0,0.04209266446215701
0,0,0.008773769167201
0,0,0.009523902255627353
0,0,0.007235208685845439
1,1,0.9947235042417361
0,0,0.018924171036071056
1,1,0.6737466382351162
0,0,0.01652293347163829
0,0,0.013048271843941004
0,0,0.2108843923451786
1,1,0.9982232070646172
0,0,0.0075866441598536226
0,0,0.012995059707994614
0,0,0.009970464292937482
0,0,0.006310078101058276
1,1,0.9984203489020301
0,0,0.007661645613826857
0,0,0.01929374643908549
1,1,0.9992461981870785
1,0,0.3133002087363008
0,0,0.004861656196171317
0,0,0.007082368778380911
0,0,0.006440278888192624
0,0,0.027538542180392023
0,0,0.006868280196276475
0,0,0.012094128974305713
0,0,0.019043958112837423
1,1,0.9957553311443356
0,0,0.009535426719282872
1,1,0.9978818146326638
0,0,0.021625695098340718
1,1,0.62821260973829
0,0,0.007251761665868958
0,0,0.006619539648205598
0,0,0.010172156076545029
0,0,0.008894641293318262
0,0,0.012625446310340358
0,0,0.0451879018238179
0,0,0.009592398914020587
0,0,0.006637223585918987
0,0,0.008417530885135978
0,0,0.008541057102431276
1,1,0.9878390476469827
1,1,0.9946910857507553
0,0,0.012315728636900938
0,0,0.043642484994421034
0,0,0.011074446668667762
0,0,0.00700413975499983
0,0,0.009881230809176647
0,0,0.02102163139313513
0,0,0.007096856007057291
0,0,0.014076688395320535
0,0,0.009203173264595672
0,0,0.006081042965784936
0,0,0.008725375206809511
0,0,0.008787847807229207
1,1,0.9981202443191687
0,0,0.02087007274282145
0,0,0.012142350924581406
0,0,0.007012388276618708
0,0,0.005615456573122904
0,0,0.00668640527154906
0,0,0.005431952109623231
0,0,0.01906040416424076
0,0,0.005913955915327686
0,0,0.005506588863882329
0,0,0.016167735675028026
0,0,0.03937600745280623
1,1,0.9984196707248942
0,0,0.008124280200507726
0,0,0.011536414905269078
0,0,0.015137675358788315
0,0,0.005915897711218371
0,0,0.009560347962433274
1,1,0.9984355073313764
0,0,0.007253760880540095
0,0,0.0266078181142832
0,0,0.006741304639057197
0,0,0.006390696711794967
1,1,0.9980810934890469
0,0,0.0074843505318876865
0,0,0.006123881370303877
1,0,0.14438932398303442
0,0,0.00693169873328985
0,0,0.0095164937272561
1,1,0.9944702490253854
1,0,0.24958515463528755
0,0,0.0054926237677387696
0,0,0.011039560670332764
0,0,0.006342686162833986
0,0,0.006348447626530101
0,0,0.01176256868791956
0,0,0.016096667066803853
0,0,0.010716401246115061
0,0,0.018230468538612155
0,0,0.004714845594354513
0,0,0.008427103989666314
0,0,0.008383203773789474
1,1,0.9994243642434812
0,0,0.15313544811064903
0,0,0.007056545119559754
1,1,0.9961178107356475
0,0,0.013723950285666786
0,0,0.00583762317832009
0,0,0.012819106143152613
0,0,0.006787512549496846
0,0,0.008022599004471722
0,0,0.08631516470554211
0,0,0.009947134645862804
0,0,0.0048952205210492416
0,0,0.004672321520062101
0,0,0.0067347802911220415
0,0,0.008084376350108785
0,0,0.010255364781568885
1,1,0.9991966016639222
0,0,0.0065061265091205895
0,0,0.03186960114964753
1,0,0.02846884414395181
1,1,0.9920736187091641
0,0,0.021376448927770908
0,0,0.006607671161923879
0,0,0.010295669769806788
0,1,0.6124707604814876
0,0,0.03689285731484586
1,1,0.9981777767007661
0,0,0.046437888099263476
0,0,0.016800283758402874
0,0,0.00764383048383832
0,1,0.6048650333550141
0,0,0.009895063231813661
0,0,0.008162999803603316
0,0,0.01875428388151483
0,0,0.009802194415596054
0,0,0.02098821980461247
0,0,0.0055127792234781915
0,0,0.007280016533971028
0,0,0.014183115725070016
0,0,0.013557053716244384
0,0,0.11685467413388441
0,0,0.04209266446215701
1,1,0.998357676992224
0,0,0.03362224886721676
0,0,0.011992032371649919
0,0,0.005630742889604362
0,0,0.011012633624628254
0,0,0.011306653230640333
0,0,0.018100377082042485
0,0,0.010677059891987027
0,0,0.0071183298441757515
0,0,0.017837628462085097
1,1,0.9993051298593825
0,0,0.011768513271638739
1,0,0.013395951232318234
0,0,0.01719496658691431
0,0,0.00879910646127278
0,0,0.008807140482041755
0,0,0.012632251181346362
0,0,0.016105422025909033
0,0,0.006496981003640441
0,0,0.008541631048148335
0,0,0.009938057344053243
0,0,0.03662585866998279
0,0,0.015115428037184377
0,0,0.030502986763969252
1,1,0.9890283370675335
0,0,0.05447603820311712
0,0,0.008249313744052673
0,0,0.03665469942400304
0,0,0.010745154357697207
0,0,0.022800369135526945
0,0,0.1786894819099753
0,0,0.013431920811035815
0,0,0.00768320480937948
0,0,0.09657499482771664
0,0,0.010213768020562964
0,0,0.007938102928478916
1,1,0.9993139771804782
1,1,0.999434969109925
0,0,0.02717234493825988
0,0,0.007303064628171248
1,1,0.998748157498252
0,0,0.005692929145296518
0,0,0.03049005271258596
0,0,0.05111976658937137
0,0,0.015464525126022956
1,1,0.9967364162062902
0,0,0.006310215935561632
0,0,0.009477398670138104
0,0,0.012849463225056463
0,0,0.007988322852980892
0,0,0.007947646602956488
0,0,0.008673032945651785
0,0,0.005498064108636406
0,0,0.006128179725167966
0,0,0.21537943316435734
0,0,0.029930194710434968
0,0,0.008565695737087991
0,0,0.015160079356700606
0,0,0.005773236080638219
0,0,0.007373117779511014
0,0,0.016143595182735
0,0,0.007206972014057305
0,0,0.00462289006529453
0,0,0.023165869379495593
0,0,0.01320335589372299
0,0,0.005247695643412232
0,0,0.005406028986010903
0,0,0.012327439226297721
0,0,0.0071566751843585704
1,0,0.008973574461948408
1,1,0.9993760504384479
0,0,0.011152393170567421
0,0,0.008733899023815713
0,0,0.007548789754549809
0,0,0.011171326596531889
0,0,0.006845494056298391
1,0,0.2430205431185514
0,0,0.014828834077838249
0,0,0.007104827365571685
0,0,0.005879735460293121
0,0,0.00563003381049148
0,0,0.008237828817355563
0,0,0.0063316900937410835
0,0,0.006039396892874634
0,0,0.02064185389327868
0,0,0.006696193518930958
1,1,0.7238740184638628
0,0,0.015391574564750633
0,0,0.023954684997417222
0,0,0.007171611075494287
0,0,0.02178190134767522
0,0,0.037772077381488446
0,0,0.030222445271181803
0,0,0.02910430252213114
0,0,0.02078133887824332
0,0,0.006435196879171587
0,0,0.0087458370538636
0,0,0.007225008231871537
0,0,0.006868108042839594
0,0,0.20019579005577165
0,0,0.0076955486938295225
0,0,0.004196248366413787
0,0,0.005064313100392863
0,0,0.01338142385328877
0,0,0.008150905883990688
0,0,0.018905226516807608
0,0,0.4222810948134889
0,0,0.007443177283943721
0,0,0.009968131210505615
0,0,0.00602812213263841
0,0,0.007255553593316942
0,0,0.025937025406787516
1,1,0.9982084856694199
0,0,0.0059500281749029545
1,1,0.9986531181374955
0,0,0.0074752014927288515
0,0,0.02442693628746839
0,0,0.012838619397921441
0,0,0.00554991873280455
0,0,0.003019414894411835
0,0,0.012424721316463641
0,0,0.005840930846448917
0,0,0.00916082984365886
0,0,0.006758514297669932
0,0,0.006398324842250579
0,0,0.10977703606168092
1,1,0.9995218570338589
1,1,0.9950054238344569
0,0,0.01654094441606315
0,0,0.023011435183001312
0,0,0.06135889823569273
0,0,0.11042183214272573
0,0,0.0057012690665578175
0,0,0.038915770508366435
1,0,0.3710815134451363
0,0,0.009994437373914518
0,0,0.006715024233868346
0,0,0.005548849802588948
0,0,0.013407199280011738
0,0,0.03124942126770545
1,0,0.4330269677142382
0,0,0.01556749833187774
0,0,0.008199774858961497
0,0,0.011980603431560077
0,0,0.008229000350715075
0,0,0.09892508331499869
0,0,0.0074742636806308434
0,0,0.012576665006703552
0,0,0.04306714392517597
0,0,0.005699739301589773
0,0,0.017229704996799523
0,0,0.015348265283276328
0,0,0.02349052161861336
0,0,0.017570338008888835
0,0,0.030242123842671897
0,0,0.004588166215167644
0,0,0.009499978700607852
0,0,0.00427996717133937
0,0,0.023570967865941737
0,0,0.007677551609147781
0,0,0.0049118110043459
0,0,0.005287408365119013
0,0,0.010740204810427558
0,0,0.005714752140648559
0,0,0.01006884392769106
0,0,0.007433872422131258
0,0,0.012773262726508227
0,0,0.006983533977738534
0,0,0.16558481811488188
0,0,0.008308170528324717
1,1,0.9992464090755808
0,0,0.006617180018938073
0,0,0.019670212133243162
0,0,0.007189291370067126
0,1,0.8335446304707298
0,0,0.013640402710551454
0,0,0.027975485058365782
0,0,0.009090201068325324
0,0,0.006480306561220727
0,0,0.01464889229358014
0,0,0.026353575834617355
0,0,0.01729959068268962
1,1,0.9997826253052869
0,0,0.016701917287313236
0,0,0.012379317337725753
0,0,0.008081220805121534
0,0,0.05066760555417308
0,0,0.010758347660046377
0,0,0.016623449913549877
0,0,0.007466290943317758
0,0,0.004351702739899478
0,0,0.008530296755442797
0,0,0.00909395139424864
0,0,0.014303853243042295
0,1,0.8016990082270983
0,0,0.020071899972776083
0,0,0.07846185346591902
0,0,0.03086536525128961
1,1,0.9982401656013612
0,0,0.007499482898251019
0,0,0.007779627485132255
0,0,0.02358847027795502
0,0,0.019330319342298046
0,0,0.006735739009720566
0,0,0.014016032348033126
0,0,0.006462788134278715
1,1,0.9997552152070602
1,1,0.9777574496476703
0,0,0.00621852879232294
0,0,0.010730976172380821
0,0,0.01362308989101708
1,0,0.3523036606008359
0,0,0.12931654843521334
0,0,0.007096765736638874
0,0,0.0065826182209727975
0,0,0.011094190988185263
0,0,0.00524598187604917
0,0,0.17355443763607106
0,0,0.02262891925025269
0,0,0.007375999804195653
0,0,0.007043595714941114
0,0,0.009020937334027345
1,1,0.6891594686956074
0,0,0.006837168082279753
0,0,0.030001329224393344
0,0,0.007393009941881246
1,1,0.9993665945797938
0,0,0.006054812108449939
0,0,0.012830077832002717
0,0,0.00659455346369373
0,0,0.010776020833445064
0,0,0.010393388297791397
0,0,0.008869507285355842
0,0,0.009153234428581427
0,0,0.023209741768041085
0,0,0.011524560406769834
1,1,0.9981918987779412
0,0,0.1833459799792731
0,0,0.008889812061590178
1,1,0.9836200016840154
0,0,0.01844704907769188
1,0,0.24629431890715925
0,0,0.007919443013497804
0,0,0.009504423043639475
0,0,0.02717171598787254
0,0,0.006594767521822536
1,1,0.9993808880910127
0,0,0.01076737319634805
0,0,0.02221297134371815
0,0,0.006373306338619426
0,0,0.006994036321247769
0,0,0.015024229755743091
0,0,0.017579922220729887
0,0,0.009372263228825495
0,0,0.022503019203511672
0,0,0.03825989803097141
0,0,0.008909993996757282
0,0,0.0072846995621136815
0,0,0.03808950381324799
1,1,0.997732305254457
0,0,0.07553535275342968
1,0,0.11734725218514723
1,1,0.99873437527485
0,0,0.008909406735120248
0,0,0.007699021841235389
1,1,0.5715558756738786
0,0,0.014507747575400015
0,0,0.006851542929662254
0,0,0.007749729683390263
0,0,0.17234447522248522
0,0,0.016458436827186444
0,0,0.005109877581030505
0,0,0.039625198570745146
1,1,0.9886542277256732
0,0,0.009247634292947894
0,0,0.04632074595193091
0,0,0.005615382444193264
0,0,0.013349676894725979
0,0,0.007287514305901521
1,0,0.048224917862224534
0,0,0.045910341218353204
0,0,0.014287997543947141
0,0,0.008740168439800612
0,0,0.01190308600221216
0,0,0.008947306437186317
0,0,0.020823307266859555
0,0,0.021003906313512274
1,1,0.6688174405791856
0,0,0.3077269405408773
0,0,0.02323698045815359
0,0,0.005923435078757445
0,0,0.005528449755437416
1,1,0.9995744035411585
0,0,0.020007157232340218
0,0,0.3732210208096378
0,0,0.010360888367201582
0,0,0.07202932538586504
0,0,0.013527499557010866
1,0,0.03551560408721746
0,0,0.0071944274125648406
0,0,0.009131758468257435
0,0,0.04405688000484116
0,0,0.012507706767808026
0,0,0.008978844220469396
1,0,0.12965427813515948
0,0,0.00807314656475695
1,1,0.9990694992777591
1,1,0.9995085958862893
0,0,0.010816096938912953
0,0,0.09890629666073254
0,0,0.01855639370568348
0,0,0.017535834429299967
0,0,0.010543387214545176
0,0,0.012518950814188424
0,1,0.8703656115245806
0,0,0.007058759288865379
0,0,0.01025186228554331
0,0,0.01064937089921199
0,0,0.005632000108556957
1,1,0.9995201324777355
1,1,0.7388114197265351
0,0,0.008611650443444908
0,0,0.006109640509863621
0,0,0.020759931451713877
0,0,0.008186723588573763
0,0,0.015600197908935713
0,1,0.627732473631697
0,0,0.005117636271360069
0,0,0.00655479752440856
0,0,0.02976121488980131
0,0,0.009827554183753275
0,0,0.0063609024823480876
0,0,0.16115233787772826
0,0,0.3033028080308961
0,0,0.006793412747612287
0,0,0.006540962704537568
0,0,0.010060445640051546
0,0,0.04217289773076859
0,0,0.1296802602980886
0,0,0.0062581424283483355
0,0,0.09496213300751559
0,0,0.007600623269440195
1,1,0.9992922024717694
0,0,0.03357299838807733
1,1,0.9939979902307583
0,0,0.00852991464224293
0,0,0.04025325916616758
0,0,0.03150742461028448
1,0,0.13459912210626795
0,0,0.009541205901570846
1,1,0.9991681485537001
0,0,0.009526723706711456
0,0,0.010186461007503561
0,0,0.005949522575485422
0,0,0.007084276403590469
0,0,0.022452085399494906
0,0,0.006179652952213348
0,0,0.010653462031060972
0,0,0.02046690148763675
0,0,0.008825198782319906
0,0,0.008335919014598544
0,0,0.012241256558140833
0,0,0.008938826683566893
0,0,0.02073413317350593
0,0,0.010167516540729815
0,0,0.007445991882131906
0,0,0.007274967305682971
0,0,0.007123286139971982
0,0,0.02303199987940611
0,0,0.006947852402287097
1,1,0.9942379711417916
0,0,0.0661063509648993
0,0,0.025612020487546888
0,0,0.007584345062500607
0,0,0.025713786967529136
0,0,0.00971639102214131
0,0,0.005349634743268488
0,0,0.007500245300824838
0,0,0.009694439330848358
0,0,0.010392445145184526
0,0,0.02610473973527519
0,0,0.007379392183141432
0,0,0.007376958250520181
0,0,0.026201254220272596
0,0,0.022063374982283012
0,0,0.006119607805920028
0,0,0.012583829858260762
0,0,0.03769018468881367
0,0,0.026578652506209815
0,0,0.007794144350566824
0,0,0.011152426547571509
0,0,0.011089629555131165
1,0,0.0952745307889329
0,0,0.02068974592335196
0,0,0.005477822287550696
0,0,0.009375838731063861
0,0,0.02305189780241428
1,0,0.007465621710319543
0,0,0.008717117473605438
0,0,0.011842074103078772
0,0,0.010643255809672651
1,1,0.9955458304756225
0,0,0.011355726009316626
0,0,0.012438529728657645
0,0,0.010298124240427937
0,0,0.016265685195276512
0,0,0.006694837381252364
0,0,0.005042623200503894
0,0,0.01302294760079281
0,0,0.007783834940677774
0,0,0.006074186334506753
0,0,0.014552918175775684
1,1,0.8112882243774547
0,0,0.03560421388229341
0,0,0.0123534940286176
0,0,0.18847940727965076
0,0,0.008794845818714927
0,0,0.008259109514189686
0,0,0.008160896814970514
0,0,0.00694851935834194
1,1,0.9982442111164657
0,0,0.007868932251829162
0,0,0.01634363266782872
0,0,0.005722152445739471
1,1,0.9985108446244347
0,0,0.010137748398164045
0,0,0.006778398565654779
0,0,0.006295486120434314
0,0,0.007680832367307103
0,0,0.0378151617523479
1,1,0.7622095577498718
0,0,0.008715739427907758
1,1,0.9992902955808972
0,0,0.014135068068009361
0,0,0.005758525921292191
0,0,0.026447402723250267
0,0,0.005780312150885768
0,0,0.009558200797506172
0,0,0.008696406067241001
1,1,0.9993860670524763
0,0,0.008160896814970514
0,0,0.0072549007129914704
0,0,0.0064454584617948795
0,0,0.006058509323906046
0,0,0.007865828894777927
1,0,0.3171317502895357
1,0,0.01936013223419829
1,1,0.997732305254457
0,0,0.00892434435837048
0,0,0.007036947993856038
0,0,0.008412897611490977
0,0,0.019993087957210453
0,0,0.006291987338504464
0,0,0.006697684479975957
0,0,0.008262629359327957
0,0,0.21830232457931145
0,0,0.007374813641958284
0,0,0.01298095767794653
0,0,0.054687426193824974
0,0,0.020334764308464346
1,1,0.9997659168920383
0,0,0.034367655945223764
0,0,0.008647018131662703
1,1,0.9875391681416228
0,0,0.015614683699083894
0,0,0.014428533878253677
0,0,0.008505830878441792
0,0,0.012118446804434578
0,0,0.03190462709517356
0,0,0.014839770942102447
0,0,0.006446414145419557
0,0,0.005979611187222459
0,0,0.027796005681571808
0,0,0.016841625895658144
0,0,0.012627930823516889
1,1,0.9981777767007661
0,0,0.006169156520355906
0,0,0.029063606398196207
0,0,0.04412436199781632
0,0,0.007000777844249334
1,1,0.9079232611139934
1,1,0.9890780854847523
1,1,0.9993382866344936
0,0,0.01624308224371231
0,0,0.011725987024979826
0,0,0.007093394877711722
0,0,0.024848750506473647
0,0,0.016566857674445348
0,0,0.026594933349996578
0,0,0.012033206874557265
0,0,0.013431920811035815
0,0,0.02246308402346172
0,0,0.013783198031330157
1,1,0.9994049693372492
0,0,0.020582117460948443
0,0,0.009276452691255937
1,1,0.9993612646102205
0,0,0.011490038751167529
0,0,0.0038060600819478253
0,0,0.006340595039550863
0,0,0.12689654590557312
0,0,0.010172069991727381
0,0,0.006074340875126712
0,0,0.00583972867684767
0,0,0.025626881269881815
0,0,0.012452872348883717
1,0,0.03982796491657676
0,0,0.006250123272567063
0,0,0.0065427343347145995
0,0,0.0266474813055353
0,0,0.006271125374309334
0,0,0.005919926905081675
0,0,0.00918836826444088
1,1,0.9997309771183761
0,0,0.007890331604227967
0,0,0.009838263856303072
0,0,0.006106535660801316
0,0,0.010399354049923605
1,0,0.10012250897979211
0,0,0.02515604236787365
0,0,0.011197666088362894
1,0,0.19103132041504803
0,0,0.003936636209909285
0,0,0.03955853122372547
0,0,0.008307382806470033
0,0,0.005916241968275681
0,0,0.009189907482645782
0,0,0.005117265013507657
0,0,0.01774932314920713
0,0,0.005911912812968785
0,0,0.0069986333570566705
0,0,0.021043258480859212
1,1,0.9991898100986697
0,0,0.006524771410466478
0,0,0.1394049624510796
1,1,0.9745296019074154
0,0,0.007728645379832314
0,0,0.00861300246271999
1,1,0.998679940393651
0,0,0.013718507726601464
0,0,0.006028329406900783
0,0,0.005387424188301532
0,0,0.008469114478109512
0,0,0.009219646625347152
0,0,0.013325073485781698
0,0,0.08261643494109026
0,0,0.005346159618509942
0,0,0.05097524975611976
0,0,0.050941441349577274
0,0,0.012172090604294207
0,0,0.4307222986983873
1,0,0.046059790933002664
0,0,0.0063775639875111876
0,0,0.01721712155282029
0,0,0.009353300489866363
0,0,0.012461750883759504
0,0,0.020802831714118068
0,0,0.01143729678368018
0,0,0.018815357308952223
1,1,0.9995843290277817
0,0,0.010947019896255383
0,0,0.020537318230518537
1,1,0.999402543234919
0,0,0.00698040107032213
0,0,0.012712377685018409
0,0,0.17710678620246006
0,0,0.005930245764396566
0,0,0.029432594218281444
0,0,0.014078217939334163
0,0,0.019219447601406044
0,0,0.003906267570661328
0,0,0.01821903006790965
0,0,0.029089118500044028
0,0,0.008574708733543846
1,0,0.3075361893486943
1,1,0.9982666977625408
0,0,0.006785009556670473
0,0,0.006555991904060345
0,0,0.0074703607074199764
0,0,0.010559898861884374
0,0,0.006033121528766095
0,0,0.10449557754689177
0,0,0.04673745205293055
1,0,0.35671598082502015
0,0,0.005526710140670148
0,0,0.006718768196157964
0,0,0.014229269480923687
0,0,0.008038875580917662
0,0,0.009055108975493846
0,0,0.007381608851807668
0,0,0.01381769314176202
0,0,0.005419540820492437
0,0,0.006549069794782548
0,0,0.02957202348348902
0,0,0.006615429185459058
0,0,0.008629773526652016
1,1,0.941986929504279
0,0,0.006718449248251162
0,0,0.015228249494707746
0,0,0.004833746686907664
0,0,0.010659650099094885
0,0,0.006642657181377204
1,1,0.9976746066925335
0,0,0.012640027297834104
0,0,0.005233795150352523
0,0,0.008966024961655496
0,0,0.0134605813496086
0,0,0.0080711480222424
0,0,0.011195828965122098
0,0,0.022026113036776148
0,0,0.01142493198217632
0,0,0.0062631580317944816
0,0,0.022537944020418598
0,0,0.008716730708129209
1,1,0.9990990543998778
0,0,0.020699200528610587
0,0,0.004778266251841948
0,0,0.17541154713011586
0,0,0.0113716823929068
0,0,0.004846209147948063
0,0,0.005708411908087888
0,0,0.41795435674374287
0,0,0.11101582331801159
0,0,0.007577696213365665
0,0,0.006446414145419557
0,0,0.01844280575747156
0,0,0.005599986181662593
0,0,0.01308946244813843
0,0,0.024364969888770488
0,0,0.006736150359234564
0,0,0.006389695700174783
0,0,0.007082240348477105
0,0,0.006088252429284485
0,0,0.023300198808803
1,1,0.9983026946781257
0,0,0.010323199420040145
0,0,0.006931761333708283
0,0,0.007327209909474757
0,0,0.0090524402749978
0,0,0.006863962318245817
0,0,0.00931431373537006
0,0,0.016567445800253322
0,0,0.10071697168262216
0,0,0.15403651982918057
0,0,0.013554988091323947
0,0,0.009652059415489357
0,0,0.04828339416089175
0,0,0.005646205841643332
1,1,0.9966138433964709
0,0,0.008173014982918057
0,0,0.006660464258120797
0,0,0.011375611586714794
0,0,0.020701879666458728
0,0,0.013464789592743004
1,1,0.9995071096115447
0,0,0.010053866425940158
0,0,0.005751274859340065
0,0,0.005471857435185384
0,0,0.009173063577426444
0,0,0.005311178684571293
0,0,0.0071204022628491735
0,0,0.02769649454270367
0,0,0.01715985381076182
0,0,0.006124819756948124
0,0,0.006418703826492057
0,0,0.03585608253702487
0,0,0.020255998060037916
0,0,0.005790045736741556
1,0,0.14880234886455243
0,0,0.00714557625882784
0,0,0.0050786821954242915
0,0,0.009295814515769643
0,0,0.014464637302666786
0,0,0.00731036607930392
0,0,0.021039903456531978
0,0,0.0073795378596655655
0,0,0.00865056504387595
0,0,0.006713660783647126
0,0,0.07425643390624842
0,0,0.00817720741572809
0,0,0.0857367540107501
0,0,0.0914748554331837
0,0,0.022452085399494906
0,0,0.01668990290453638
0,0,0.007678010068800205
0,0,0.012410441370047806
0,0,0.005820557238807185
1,1,0.999378587217306
0,0,0.006833074749809004
0,0,0.013717843763165097
1,1,0.9991284757819006
0,0,0.01716454264124899
0,0,0.011503970507199495
1,1,0.99750818623654
0,0,0.004526520132092105
0,0,0.0063018128042598995
0,0,0.01161849969109802
0,0,0.02002460698355606
0,0,0.00787826345171863
0,0,0.007147788434125482
0,0,0.007733008120981034
0,0,0.005883667422462793
0,0,0.008376038560780388
1,1,0.9963731694584846
0,0,0.007953936176512804
0,0,0.007806824508182662
0,0,0.03395084593917546
0,0,0.014176945674192455
1,1,0.783684529237007
0,0,0.01077688401735356
0,0,0.006150636662227085
1,1,0.9991763953132348
0,0,0.00602002388774932
0,0,0.017043142354018544
0,0,0.007523294920383771
0,0,0.007590798786381056
0,0,0.020947665546366668
0,0,0.004467918496153586
1,1,0.9470833206142847
0,0,0.011167047138294719
0,0,0.2591300645121387
0,0,0.015186834680294152
0,0,0.016467774994823457
0,0,0.01998009708681094
0,0,0.03385767077364049
0,0,0.007457543854275482
0,0,0.007776472358903803
0,0,0.02780365441366169
0,0,0.1187682610127594
0,0,0.36410581560908123
0,0,0.18394216224203258
0,0,0.0062582674044456025
0,0,0.04614046074959734
0,0,0.016507446881984723
0,0,0.030969122307813794
0,0,0.00814205418048469
0,0,0.007149601205392395
0,0,0.01334750888553801
0,0,0.009976073837390678
0,0,0.045942236974454126
0,0,0.42566560738139664
1,1,0.9935493103417493
0,0,0.0053087482872729115
0,0,0.00625691743857285
0,0,0.00886261611196754
0,0,0.04640513824309486
1,1,0.8210143428268387
0,0,0.008968395452962451
0,0,0.20017328001253903
0,0,0.010645666140150872
1,1,0.996087633889288
0,0,0.014412755539767001
0,0,0.009188222626272651
0,0,0.15411355735284393
0,0,0.01583574542233867
0,0,0.010710589514265607
0,0,0.018926306455588883
0,0,0.007490411190779854
0,0,0.00753114001329632
0,0,0.008947099498005777
0,0,0.011593089933778953
0,0,0.032874588436363004
0,0,0.13186325103767318
0,0,0.011858115022227214
0,0,0.013169738129924781
0,0,0.14302292100805183
0,0,0.012384954983071805
0,0,0.0068548551334753115
1,0,0.3710815134451363
0,0,0.012870983030801586
0,0,0.012446603486417554
0,0,0.03255766655032369
0,0,0.01181444552724977
1,1,0.99858956081374
0,0,0.03272814794594947
0,0,0.0058114769024008115
0,0,0.02079811991132599
0,0,0.011528924378202424
0,0,0.011416939087101665
1,1,0.9769723691228092
0,0,0.009893569706391504
0,0,0.012240946735451324
0,0,0.006235776973378506
0,0,0.009180259437303521
0,0,0.31611710246157
1,0,0.17355443763607106
0,0,0.011428558221340266
0,0,0.007955447812090583
0,0,0.007870144883806213
0,0,0.007231375056997332
0,1,0.783347553456767
0,0,0.007782845976800624
1,1,0.9908669646422826
0,0,0.004747000278847644
0,0,0.013889070999653742
0,0,0.009084399101316
1,1,0.8105206153211184
0,0,0.012188859867621181
0,0,0.006823566192021757
0,0,0.014670148959897562
1,1,0.89836740350182
0,0,0.12578791383551655
0,0,0.025268874640710894
0,0,0.006188814241848569
0,0,0.025996195913954703
0,0,0.1588946428010226
0,0,0.005570929048844945
0,0,0.012253535335006628
0,0,0.02283431719787707
0,0,0.007753836104932851
0,0,0.00940056040673054
0,0,0.012255018467071057
0,0,0.01805583674261402
0,0,0.011428510353996604
0,0,0.015878129666721585
0,0,0.008789820373172287
0,0,0.009117080481075991
0,0,0.008309953542683867
0,0,0.008383140724753798
0,0,0.006370594140043547
0,0,0.006441774060405875
1,0,0.13200391845390455
0,0,0.009645999052657766
0,0,0.01806909066182368
0,0,0.004242324489305767
0,0,0.007103028519549505
0,0,0.009615513510792296
0,0,0.04907695928264344
1,0,0.01841607939509162
0,0,0.007263406179449746
0,0,0.0075903346631201315
0,0,0.015373858903504465
0,0,0.015442739455689171
0,0,0.05598373296564445
0,0,0.02407516815813411
1,1,0.950133146072579
0,0,0.0081296078257941
0,0,0.015624867329474207
0,0,0.011984701916399566
0,0,0.010430772838129666
0,0,0.03830553856894165
0,0,0.04397982420210496
1,1,0.9983026946781257
0,0,0.00616552843276535
0,0,0.09022292059127374
0,0,0.01720241686985498
0,0,0.04724761895199085
0,0,0.008781698387880704
0,0,0.007110188939314256
0,0,0.25300070257128227
0,0,0.006742576122927244
0,0,0.02804674262296013
0,0,0.010414340094937392
0,0,0.054440388049684985
0,0,0.009395065831236355
0,0,0.0091288796757503
0,0,0.006273105268546904
0,0,0.020880543858224184
0,0,0.007915124285596624
0,0,0.017220885089023436
0,0,0.007145190492375241
0,0,0.006128710759331711
0,0,0.007578663314789606
0,0,0.008464129046826233
0,0,0.0064235601998168445
0,0,0.006670409402389985
1,1,0.9997703626441212
0,0,0.006509183332134497
0,0,0.008000510054100806
0,0,0.007220499325811829
0,0,0.020455420520756728
0,0,0.009980610890995171
0,0,0.009620449370000696
0,0,0.01173688280855769
0,0,0.013741901118039176
0,0,0.03241228735672659
0,0,0.009743635193873178
0,0,0.007278967106718562
0,0,0.007899726498783444
0,0,0.02268736063357988
0,0,0.007018072097590865
0,0,0.01882734506238391
0,0,0.02269889773634603
1,1,0.9934697736085637
0,0,0.010896429171667239
0,0,0.009551960685639248
0,0,0.009420316312136572
0,0,0.006305586550395503
0,0,0.010377745789297007
0,0,0.011279792030989139
0,0,0.006191391031518506
0,0,0.006303640228558866
0,0,0.020599689418573465
0,0,0.016800283758402874
0,0,0.010260948268378154
0,0,0.015223772364778357
1,1,0.5644067105293258
0,0,0.007409613789967346
0,0,0.010390032094097328
0,0,0.010502080917685539
0,0,0.010551899664663
0,0,0.11103736125466851
0,0,0.15442170310845335
0,0,0.008199774858961497
0,0,0.01036957790558196
0,0,0.005104127562097885
0,0,0.004800013456851421
0,0,0.014344667896658506
1,1,0.9980260922727007
0,0,0.010655636849763145
0,0,0.005450012324613943
0,0,0.036709734985758434
0,0,0.09615596775377629
1,1,0.9988962133364282
1,1,0.9982547199736919
0,0,0.006564126911922881
0,0,0.02446049391838293
0,0,0.007868956126856433
0,0,0.18151544760860322
1,0,0.18087288514764968
0,0,0.0068036797558446264
0,0,0.006646155583076995
0,0,0.03511525341900596
0,0,0.013749258413344343
0,0,0.0077670679970662905
0,0,0.009454672254055883
0,0,0.009485306995599605
0,0,0.02272886114747155
0,0,0.013449952332359077
0,0,0.034377377682106816
0,0,0.006600816966770943
0,0,0.0077835019904955735
0,0,0.00932212330103937
0,0,0.007226736933247135
1,1,0.5106335855951006
0,0,0.005894046090407776
0,0,0.02077984854776521
0,0,0.09041458512634663
0,0,0.007774107124055114
0,0,0.018967684342956807
0,0,0.009552983827742202
0,0,0.005774587240184146
0,0,0.01525908362174895
0,0,0.006403498673925998
0,0,0.00810776406047424
0,0,0.0071497201109856166
0,0,0.008616194735201194
0,0,0.010677467162995466
0,0,0.011513196904312123
0,0,0.04215010289119335
0,0,0.005700820434072585
0,0,0.009107674745909528
0,0,0.06861887171223204
0,0,0.013937910437979883
0,0,0.015576464604297556
0,0,0.006992363219507207
0,0,0.03107044117828424
0,0,0.007018220474387493
0,0,0.0065536753002071665
0,0,0.01138357270603515
0,0,0.010320569977911493
0,0,0.005383077173091772
0,0,0.12218304192878669
1,1,0.9979082761827214
0,0,0.006793576653837554
0,0,0.005205672524830301
0,0,0.01629135612142381
0,0,0.009937014758429789
0,0,0.006039739021858784
0,0,0.007794126396802244
0,0,0.08539712303267194
0,0,0.006041237729320942
1,1,0.9993808880910127
0,0,0.09100907980037252
0,0,0.0064684243365696415
0,0,0.012419423189847375
0,0,0.0067936157432322
0,0,0.007137561742883136
0,0,0.010407618478028312
0,0,0.011375867245924539
0,0,0.05303459902585096
0,0,0.012546913115126944
0,0,0.04576127133403065
0,0,0.015495061456105805
0,0,0.004668459614420871
0,0,0.006496855680176132
0,0,0.008936288733215591
0,0,0.025008410166713183
0,0,0.007294247338318091
0,0,0.022524510747873584
0,0,0.007917934446897125
0,0,0.017827822718000614
0,0,0.005907726684555282
0,0,0.013632766654743418
0,0,0.007958942024417947
0,0,0.019465254357454744
0,0,0.0075614124469721156
0,0,0.027962547137645465
0,0,0.009940630660686975
0,0,0.030604333174965068
0,0,0.007707867575015278
0,0,0.013516242663319812
0,0,0.014513303187142213
1,1,0.9981612330936349
1,0,0.4634358147493408
0,0,0.04872162214819006
0,0,0.005604943706957502
0,0,0.016321388035677346
0,0,0.008897870820732746
0,0,0.023878913581683116
0,0,0.011310054070738613
0,0,0.06788858254646503
0,0,0.006118432500090914
0,0,0.009530850078991508
0,0,0.00779064498639057
0,0,0.00899754369293233
0,0,0.006729846978902242
0,0,0.0158026513743806
0,0,0.019838276828356403
0,0,0.02417069122398051
0,0,0.007020975662351428
0,0,0.012566729836000932
0,0,0.01009982493244545
0,0,0.012708467192266657
0,0,0.007603228615350929
0,0,0.009297653365477481
0,0,0.007418646989216017
0,0,0.006040945185833514
0,0,0.006971969474903452
0,0,0.00785216116441013
0,0,0.007223670269484197
0,0,0.010589121539235623
0,0,0.005303633362063122
0,0,0.00925497056236345
0,0,0.006451562446532937
0,0,0.0041141529459870945
0,0,0.015245580817371741
0,0,0.03157175699690359
1,1,0.9984900499150681
0,0,0.009601512282894235
1,1,0.9987840873418122
0,0,0.007180474555092378
0,0,0.010630688416355172
0,0,0.0074857046334003184
0,0,0.01682794138759558
0,0,0.006785325805867973
0,0,0.006893881922736037
0,0,0.0068451445000606535
0,0,0.017316742199790017
0,0,0.011798165496752278
0,0,0.01015731388666346
0,0,0.00741178552388045
0,0,0.006495806539694266
0,0,0.009173867744910576
0,0,0.0060575977249184496
0,0,0.23415343954118975
0,0,0.00913197157319948
0,0,0.00932384197622653
0,0,0.0531200591191181
0,0,0.11171439818529594
0,0,0.007131239765893247
0,0,0.019506639124492374
0,0,0.006302867816051451
0,0,0.005868044502603815
0,0,0.02149783436363193
0,0,0.009193632347704804
0,0,0.006597703806111499
0,0,0.005702246196289205
1,0,0.07965473294250726
0,0,0.18325460193351809
0,0,0.011907062326073956
0,0,0.022236183914542407
0,0,0.021167582362367595
0,0,0.120862749431632
0,0,0.02205335791277392
0,0,0.006368510495558556
0,0,0.005865850846023864
0,0,0.15181071908623384
1,0,0.300005257471068
0,0,0.006924679275059148
0,0,0.00783157566478924
0,0,0.028495708858875767
0,0,0.010305061717608876
0,0,0.006102806493320433
0,0,0.007173378014277404
0,0,0.004532666182573915
0,0,0.005500903337087002
0,0,0.018698578500787447
0,0,0.01069505030289255
1,0,0.37790276281301793
0,0,0.006517364308309629
0,0,0.014619430992012024
0,0,0.008336446851096097
0,0,0.005003857775438327
0,0,0.015343914395714165
0,0,0.00797754636330888
0,0,0.005547919293478323
0,0,0.0060631109834152356
0,0,0.005310704069813029
0,0,0.23389428222179368
0,0,0.005687195512379286
0,0,0.0060751824297432125
0,0,0.009449096980755509
0,0,0.008181080091614877
0,0,0.010016643137566509
1,1,0.9930635091551446
0,0,0.013331925421146635
0,0,0.007936026568389775
0,0,0.009876919098516106
0,0,0.010413872692295646
0,0,0.14906014738340267
0,0,0.008216909102841341
0,0,0.019492676687098337
0,0,0.06655719627278948
0,0,0.03341219522495781
0,0,0.018648343124352384
0,0,0.04347814167265395
0,0,0.015900209978090184
0,0,0.01905762212057398
0,0,0.011610946353802548
0,0,0.005366294101198986
0,0,0.0061600896921434325
0,0,0.02762452829129921
0,0,0.053897901355540886
0,0,0.006600816966770943
0,0,0.06110957113630185
0,0,0.005184479188780961
0,0,0.1754456335531883
1,1,0.990948992828647
0,0,0.007442396260252086
0,0,0.016831054336944054
0,0,0.007399918400646379
1,1,0.9984073443380214
0,0,0.006921074296259458
0,0,0.006089151363547276
0,0,0.009536395911679136
0,0,0.016574836615526518
0,0,0.038255349770153164
0,0,0.03152763594837757
1,1,0.9993806184995405
0,0,0.013635366778112367
0,0,0.41795435674374287
0,0,0.06927580880109048
0,0,0.011883023712103213
0,0,0.010934815528489876
0,0,0.008636548243167232
1,1,0.9991633647798592
0,0,0.00679863391938583
0,0,0.006386990964841402
0,0,0.011100748370187806
0,0,0.017602948686837632
1,1,0.9985563149097119
0,0,0.03531596170613734
0,0,0.005855846645796269
0,0,0.005860445824060296
0,0,0.006119920200752419
0,0,0.29624549286226065
0,0,0.006571843205644629
0,0,0.01537509129214061
1,1,0.9985307715964838
0,0,0.01554824402464573
0,0,0.009852506139413564
0,0,0.01346232719306676
0,0,0.009648938538340993
0,0,0.0073476847363360765
0,0,0.011340697759790111
0,0,0.17954315356516307
0,0,0.012141532621902689
1,1,0.9995939025068787
0,0,0.010106082376131314
0,0,0.011935454522984923
1,1,0.9983532900546725
0,0,0.024871675185726902
0,0,0.004467344854980063
0,0,0.019010330792209366
0,0,0.00689718873915162
0,0,0.004619964660090541
1,1,0.9986259989775642
0,0,0.0067463257933221615
0,0,0.01430524512240414
0,0,0.2705297227600817
0,0,0.007859732123322291
0,0,0.008861284766938851
0,0,0.0103091143639235
0,0,0.011469152981334368
0,0,0.03800593281574758
0,0,0.017154405513999833
0,0,0.007216235683297786
1,1,0.9991304598688042
0,0,0.007020346729069018
0,0,0.01362964378795353
1,1,0.6359263718266118
0,0,0.006460521430467281
0,0,0.013091335093078249
0,0,0.005424291218401868
0,0,0.010600952193012032
0,0,0.009094799052378883
0,0,0.008508802825330425
0,0,0.009669342882631866
0,0,0.01052860331788991
0,0,0.15621578114464577
0,0,0.005140218997886952
0,0,0.007299894558678227
0,0,0.07669290408103639
0,0,0.14308303637390646
0,0,0.021119726789218925
1,1,0.9995360981708588
0,0,0.009236296520118172
0,0,0.007694673718039155
0,0,0.01013664219246062
0,0,0.007782025561206031
0,0,0.012076951787318558
0,0,0.014106102351495347
1,1,0.9987814780449729
1,1,0.980195042181912
0,0,0.04353096387921279
0,0,0.010570945681633793
0,0,0.020069508796823288
0,0,0.01361064252797193
0,0,0.008002341026529566
0,0,0.007313766266025448
0,0,0.013211171131081396
0,0,0.017394413830278295
0,0,0.007719993562260332
0,0,0.011350304925250968
0,0,0.007336443121862662
1,0,0.02994042120461248
0,0,0.010854513454296494
0,0,0.01888301458217342
0,0,0.016158884694173155
1,1,0.885051945966824
0,0,0.10374010087473044
0,0,0.0241598539802879
0,0,0.04784727563070373
0,0,0.014678932292458306
0,0,0.022195333026316138
0,0,0.01405351792101948
0,0,0.010447682659584377
1,1,0.9995218570338589
0,0,0.007519495181299741
0,0,0.010936712845053903
0,0,0.008818959340470138
0,0,0.006831920793661532
0,0,0.010591717632135667
0,0,0.0525661028567561
1,1,0.9993680555074607
0,0,0.029658540544423795
0,0,0.004535181477112024
0,0,0.01056427713001618
0,0,0.029726255368860158
0,0,0.0068849387022246996
0,0,0.013714546718838056
0,0,0.011871083735797055
0,0,0.008962093590624791
0,0,0.14550163129990382
0,0,0.009465892127474318
0,0,0.03174557698728548
1,0,0.03882589745672145
0,0,0.006402511690070718
0,0,0.006466298057344383
0,0,0.1400332518252792
0,0,0.006524918129280055
0,0,0.009180801220701626
0,0,0.006370741754268321
0,0,0.005041208317825715
0,0,0.1402915910292975
0,0,0.008000387917956873
1,1,0.9991277455122364
0,0,0.07910791957290654
0,0,0.06381088624185932
0,0,0.06888501225974338
0,0,0.02581820904094032
0,0,0.006450564549708329
1,0,0.3486056280780996
0,0,0.014998022933283244
0,0,0.0062779161929174924
0,0,0.004507223674275335
0,0,0.09538941435452337
0,0,0.005579549809456709
0,0,0.008691349612340077
0,0,0.0048072667685949075
0,0,0.011860769861065814
1,1,0.9986603616417117
0,0,0.01449031574070784
0,0,0.009965096476279512
0,0,0.05934763528920936
0,0,0.028456853462624873
0,0,0.007157070673231617
1,0,0.2371838157376779
0,0,0.031879711759209055
0,0,0.006354685260849287
0,0,0.01014370778153737
0,0,0.009503789535079694
0,0,0.005939114634964726
0,0,0.012668879085092098
0,0,0.009499824742461535
0,0,0.006357596129166693
0,0,0.043269957132145626
0,0,0.008798073444028238
0,0,0.07744272333191957
0,0,0.00474724888845149
0,0,0.006862896616772969
0,0,0.00563333194432629
0,0,0.09838359208853499
0,0,0.010517242217324939
0,0,0.006406772608253432
0,0,0.017617166794366153
0,0,0.005960328366362335
0,0,0.012844534982138509
0,0,0.00671046421344136
0,0,0.010163834984443777
0,0,0.09834287832285397
0,0,0.010347021750327414
0,0,0.005826141984855244
0,0,0.011172239469652527
1,0,0.2111257035171633
0,0,0.014442412465113014
0,0,0.006932046551306301
1,1,0.9982651916342028
0,0,0.00619510650974971
0,0,0.008796602467761474
0,0,0.0889358638781872
0,0,0.007966966353124003
1,0,0.025889587924962397
0,0,0.023544211969014527
0,0,0.025874266115509154
0,0,0.09220657821707505
1,1,0.5335356952935792
0,0,0.006211620393268149
0,0,0.018329168062027994
0,0,0.007655260100420071
1,0,0.04240451093719491
1,1,0.9991968466583551
0,0,0.1258208170576602
0,0,0.014366747617777944
0,0,0.01373600199831915
1,1,0.9978818146326638
0,0,0.00955579748381544
0,0,0.006231285663458651
0,0,0.06621821797933174
0,0,0.007261781538796426
0,0,0.008834612086912415
1,1,0.9961900140868891
0,0,0.0048706885898484155
0,0,0.0054100778015468195
0,0,0.020269538547377234
1,1,0.9923921096559324
1,1,0.9985361978921236
1,1,0.9780326527791431
0,0,0.006695979304250194
1,1,0.9923935844414463
0,0,0.004491122805818917
0,0,0.03237853109966182
0,0,0.006280535038814309
0,0,0.006068152896343551
1,1,0.9985361978921236
0,0,0.00625645053598111
0,0,0.024044214456806927
0,0,0.03162783873619577
0,0,0.049101693651926084
0,0,0.021885206433194963
0,0,0.008587146267297754
1,1,0.998748157498252
1,0,0.014779853858037869
0,0,0.006265013255712762
0,0,0.020396693092674795
0,0,0.057698052077929336
0,0,0.01771858888779722
0,0,0.006257238735400303
0,0,0.008205772930138406
1,0,0.22164179421169308
0,0,0.006270104597323996
0,0,0.006556828398512601
0,0,0.007346942754122283
0,0,0.020722724469899076
0,0,0.010437304984843465
0,0,0.00660920911120116
0,0,0.006277983783663183
0,0,0.012661797719682937
0,0,0.029397853183282394
0,0,0.0066765275877605544
0,0,0.005741291383260768
1,1,0.996089321418699
0,0,0.03271043466450198
0,0,0.01040738284018675
0,0,0.021260442574907324
0,0,0.0072511097894084
0,0,0.0556987943255613
0,0,0.01035689136615429
0,0,0.009543906860394767
1,0,0.3939514616397832
0,0,0.012680177926580142
0,0,0.07853017485508341
0,0,0.007610232689357362
0,0,0.006018316371826491
0,0,0.007882760877978017
0,0,0.02040649112471851
0,0,0.020362254130203563
0,0,0.024985806678807145
0,0,0.0071311188839125565
0,0,0.0654831262447805
0,0,0.009277064265749486
0,0,0.01200195164726921
0,0,0.01189144355484553
0,0,0.31696752138486195
0,0,0.0056998244806525265
0,0,0.007783209793416062
0,0,0.19710366009166627
0,0,0.03365595802743122
0,0,0.006255012439391388
0,0,0.012563383363306582
0,0,0.008170233859425566
0,0,0.02422996750438807
0,0,0.008226766518123088
0,0,0.009623498731867077
0,0,0.03509838674585347
0,0,0.010487417284553168
1,0,0.39078949412961883
0,0,0.1374417870148775
0,0,0.009867401567809284
0,0,0.013648414643906447
0,0,0.007952881298561741
0,0,0.005198236423950319
0,0,0.00677282965394692
1,1,0.9924737151008802
0,0,0.007324589962518771
0,0,0.0051618412733792605
0,0,0.01075952233138365
0,0,0.004013040013347134
0,0,0.032692409544765315
0,0,0.007372433989124905
0,0,0.006313126852567339
1,1,0.9993589186008498
1,1,0.9401292946442972
0,0,0.015538362717566383
0,0,0.007628353018726437
0,0,0.00660283812993461
0,0,0.19236623603298889
0,0,0.007704851077162655
0,0,0.04353096387921279
0,0,0.012429543591360363
0,0,0.006909626681266083
0,0,0.008221844693738158
0,0,0.23458217587284408
0,0,0.06318799255471907
0,0,0.048048505089757
0,0,0.007971235871209353
0,0,0.007960648531436503
0,0,0.011985623670183842
0,0,0.005504919003053111
0,0,0.0617166760414942
0,0,0.006607743551484283
0,0,0.015820321667885304
0,0,0.005358920237715691
0,0,0.006512929042494931
0,0,0.007771037468847929
0,0,0.015348265283276328
0,0,0.03908309780343672
0,0,0.013804451792868122
0,0,0.006844853225313153
0,0,0.008945406648371455
0,0,0.009047004836459418
0,0,0.009474437332696036
0,0,0.0101659246163984
1,1,0.624952124930533
0,0,0.0669668761652069
0,0,0.016140152282290203
0,0,0.01395353927626429
0,0,0.0065020014352164595
0,0,0.32656821902807975
0,0,0.006178265295495871
0,0,0.11105102543497297
0,0,0.019922514387475745
0,0,0.02983131622619873
0,0,0.008948363816747004
0,0,0.02513856864853889
0,0,0.00924076203672468
0,0,0.00681350779643112
0,0,0.007407551496646633
0,0,0.01077181635950089
0,0,0.019198651019588817
0,0,0.008294908779499588
1,1,0.9987966296737363
0,0,0.01981180634909358
0,0,0.00799621775512003
0,0,0.004827208762733039
0,0,0.007544201577848819
0,0,0.014887940660026047
1,0,0.15240517388883681
1,1,0.9701416438160062
0,0,0.01979039568049207
0,0,0.007491215555720079
1,0,0.011872229365126394
0,0,0.018831003697847806
0,0,0.15025382087401978
0,0,0.011164353175613194
0,0,0.02391055460615122
0,0,0.01410039726855069
1,1,0.999470951243772
0,0,0.003700982885482369
0,0,0.005628984865993416
0,0,0.09908269378326102
0,0,0.010167516540729815
0,1,0.8094912643107309
0,0,0.006083053759170998
1,1,0.9989652220026555
0,0,0.006271650644284255
0,0,0.04174022698990694
0,0,0.008942107893353335
0,0,0.018074267225211292
0,0,0.006370623452763114
0,0,0.007429002035058222
0,0,0.011788198220601679
0,0,0.006939527640256315
0,0,0.2782469788570569
1,0,0.3580155829353171
0,0,0.007131406505802259
0,0,0.047011250858966014
1,1,0.9987301399418358
0,0,0.025175280507072684
0,0,0.00856045184563453
1,1,0.979123333396856
0,0,0.007456227021755686
0,0,0.11830458621843216
0,0,0.0053468549577622695
0,0,0.009546379873912688
0,0,0.015799948605524132
0,0,0.009919098261891758
0,0,0.050130146000550935
0,0,0.013506424820336982
0,0,0.009282549050060863
0,0,0.006018091030426569
0,0,0.005851404258292121
0,0,0.006169075556575945
0,0,0.027600160881651733
0,0,0.007058983809477916
0,0,0.012995059707994614
0,0,0.1622440796752819
0,0,0.009214819774913641
0,0,0.004855238827279415
1,1,0.999353107961711
0,0,0.036709734985758434
0,0,0.01222799290481158
0,0,0.008979383144939323
0,0,0.006876896951265103
0,0,0.012458032802078368
0,0,0.007584016371504295
0,0,0.006177117214720537
0,0,0.0844781546831311
0,0,0.005466176826332646
0,0,0.011145779015444885
1,1,0.9435935366473814
1,1,0.9930602927790515
0,0,0.01820551687516726
0,0,0.013062324174688562
0,0,0.020018656820153226
0,0,0.05462480974203026
1,1,0.9971586180314724
1,1,0.9880415354597762
0,0,0.007814311388094583
0,0,0.006496981003640441
0,0,0.02084756486774857
0,0,0.009024602110428968
0,0,0.009241251189711804
0,0,0.0055265866455666895
0,0,0.006727170174853797
0,0,0.00678323440321143
0,0,0.018684919482838028
0,0,0.009769346291329544
0,0,0.027521631052180164
0,0,0.05557781228313627
1,0,0.24846074523459769
1,1,0.9985589601895214
0,0,0.012744829741596506
0,0,0.019024139544057895
0,0,0.011540853103028612
0,0,0.012255534636789165
0,0,0.005761479947037852
1,1,0.9991751953804984
0,0,0.006450499834190526
0,0,0.032735757305614364
0,0,0.014060688984349437
0,0,0.00939622096109709
0,0,0.017272701822280377
0,0,0.008224469727747657
0,0,0.09075264180953467
0,0,0.2373229816119264
0,0,0.006913738621566428
1,1,0.9983677989714409
0,0,0.011752830210024158
0,0,0.011174731061071433
0,0,0.15001410692260586
0,0,0.02954972824753127
0,0,0.014402295282888718
0,0,0.005547919293478323
1,0,0.18707835915683096
0,0,0.005173934945886502
0,0,0.006184067805712154
0,0,0.010893554215281164
0,0,0.004524991472899793
0,0,0.009451806295766738
0,0,0.007320242812596501
0,0,0.005666862162209005
0,0,0.006060690494016754
0,0,0.007460221810941032
0,0,0.007070729301093601
0,0,0.007583337397873401
0,0,0.0074963832771318874
0,0,0.16471925284463954
0,0,0.032679276732643425
0,0,0.015006466991047152
0,0,0.006651748563230161
0,0,0.06050925282538827
0,0,0.008854819623311147
0,0,0.00704937112892754
0,0,0.01574400553033661
0,0,0.011191472064039197
0,0,0.011355726009316626
0,0,0.005312942684711127
0,0,0.014356601308620001
1,1,0.9990355181105763
0,0,0.006798696353376236
0,0,0.008124938154709608
0,0,0.0047722029847662994
0,0,0.0064145339181439056
0,0,0.006493795716725794
0,0,0.007788373585520092
0,0,0.021698340571118264
0,0,0.01038941072269241
0,0,0.007754860212167853
0,0,0.005855189836003738
0,0,0.008621431908171653
0,1,0.6517765199182339
0,0,0.007662638881356342
0,0,0.0066654814943390055
0,0,0.028152413025018388
0,0,0.01176198230725113
1,0,0.31417176060982976
0,0,0.011157395575544685
0,0,0.012016873662045542
0,0,0.013324276254031094
0,0,0.17534368967828418
1,0,0.04859711646301728
0,0,0.004490464755546227
0,0,0.008552897571519544
0,0,0.013451896142438777
0,0,0.01065895187625448
0,0,0.026504645036425908
0,0,0.009453014530196022
0,0,0.008987781484678319
0,0,0.005730048338786359
1,1,0.531112615202769
0,0,0.006182980975752192
0,0,0.07235106829257922
0,0,0.013019629371177618
0,0,0.006472560974110562
0,0,0.0062872324910330886
0,0,0.007682783013046523
0,0,0.035998088847418425
0,0,0.005565822456569308
0,0,0.033283523166011825
0,0,0.4795786808318318
0,0,0.007186219218529042
0,0,0.14901768053640146
0,0,0.008108726450176842
0,0,0.015802334018848622
1,1,0.996545280010784
0,0,0.005555841240624382
0,0,0.009045333311739089
0,0,0.02790848166975773
0,0,0.01629778039599382
0,0,0.008380209750982723
0,0,0.013610070109888411
0,0,0.012866381958641608
0,0,0.010874894410463855
0,0,0.03750445115919334
0,0,0.0082886527428836
0,0,0.014716750622825894
0,0,0.009130789429554878
0,0,0.08300704592391205
0,0,0.0077670679970662905
0,0,0.006054061654525907
0,0,0.19564715997816107
0,0,0.0072997050311577145
0,0,0.008975518588218278
0,0,0.010180080327266482
0,0,0.019838276828356403
0,0,0.006716913644119015
0,0,0.011877633792112156
1,1,0.6565491417950394
0,0,0.015228249494707746
0,0,0.00898732501280112
0,0,0.005363098925973985
0,0,0.008064733455701672
0,0,0.008434713566144406
1,1,0.8566740822643121
0,0,0.010091661766662435
0,0,0.3914595150727925
1,1,0.9996473164321502
1,0,0.03133731058143072
0,0,0.020455129104978875
1,1,0.9169617397246147
0,0,0.008913590435606794
0,0,0.0075441420570626925
0,1,0.6465073793908701
0,0,0.013392612612436452
0,0,0.008383172774251602
0,0,0.005965849860494781
0,0,0.009248147600456487
0,0,0.011884028011352141
0,0,0.04614046074959734
0,0,0.0212330993078673
1,0,0.2088850435287478
0,0,0.012148220850535152
0,0,0.023315484878268428
0,0,0.14889659416742002
0,0,0.0072968790993297545
0,0,0.07306487805022438
1,1,0.9892371590162542
0,0,0.16521917135930472
0,0,0.010258570130945641
0,0,0.014165963342583892
0,0,0.01034252808356875
1,0,0.3133002087363008
0,0,0.0046165027907855176
0,0,0.04794126860032018
1,0,0.014441179710869783
1,1,0.9819090033640837
0,0,0.01169737125957873
0,0,0.005793265024911022
0,0,0.019554879829090654
1,1,0.9986719735839343
0,0,0.0094344545724636
0,0,0.011883181622968416
0,0,0.016910566730778454
0,0,0.008272002352518413
0,0,0.006370623452763114
0,0,0.007716353543664107
0,0,0.00818337514933976
0,0,0.0207355625120323
0,0,0.0159069943459075
0,0,0.005892802865078115
0,0,0.016558509746712535
0,0,0.00822197543613008
0,0,0.006222611753620331
0,0,0.015216453509780924
0,0,0.006784453874022495
0,0,0.016183930341536652
0,0,0.15736898509247013
0,0,0.006670687043842322
0,0,0.0100627767755776
0,0,0.042682941487696295
0,0,0.08286196666995273
0,0,0.006490624904685949
0,0,0.00617691297941382
0,0,0.01828129628425481
0,0,0.01889862746497742
1,1,0.9995939025068787
1,1,0.9989699682537924
0,0,0.006088973476657899
0,0,0.010641922748711225
0,0,0.01924843999304773
0,0,0.010816836043936533
0,0,0.01561963161706237
0,0,0.01985343235395711
0,0,0.14480900226515284
1,1,0.9921120909255545
0,0,0.014878214264447036
0,0,0.004232678829714375
0,0,0.009397494334329856
0,0,0.00845877982190259
0,0,0.00901794966468537
1,1,0.9980810934890469
0,0,0.013215751008677314
0,0,0.028934636464528138
0,0,0.28082761983619675
0,0,0.014273425054149604
0,0,0.007874196979019763
0,0,0.006021034702689384
0,0,0.02701615110943918
0,0,0.010471328039654079
0,0,0.007989432866087904
0,0,0.006577082792555952
0,0,0.012386716277888855
1,1,0.9988857749588829
0,0,0.005927651171147161
0,0,0.00974821800818821
0,0,0.07809319008505422
0,0,0.0053431597368998815
0,0,0.01901026768428666
0,0,0.2853361108358159
0,0,0.017476183750278183
0,0,0.01045620718135995
1,1,0.9926338803685157
0,0,0.006662227788035897
1,0,0.0645095439800221
0,0,0.02636782056248902
0,0,0.009557257777900062
0,0,0.19739603093619784
0,0,0.005151747997523228
0,0,0.025797981083812708
0,0,0.007842397960994223
0,0,0.021003906313512274
1,1,0.9964132349803697
0,0,0.021690127475771568
1,1,0.9957573404913672
0,0,0.005927059729573576
0,0,0.012217382642403376
0,0,0.0070621517178084394
0,0,0.01960267984179624
0,0,0.007392929604859984
0,0,0.005477998795265964
0,0,0.010186461007503561
0,0,0.011583246074071364
0,0,0.01814274900757005
0,0,0.00612548540376697
1,0,0.22604304942917072
1,1,0.5051946324230732
0,0,0.012554600206174013
0,0,0.006671320397100497
0,0,0.005506588863882329
1,1,0.998890782342203
0,0,0.07038665817160689
0,0,0.02434146550978024
0,0,0.006749017595381472
0,0,0.006619381806593372
0,0,0.017681466554560845
0,0,0.013083805277670169
0,0,0.006046032322574747
0,0,0.16631820491091198
0,0,0.014958198652772208
0,0,0.30443530547222586
0,0,0.009122669318706277
0,0,0.020619223646536528
0,0,0.012434078201939897
0,0,0.06241640739290037
1,0,0.26816188728739443
0,0,0.00662482469867038
0,0,0.008227797935482867
0,0,0.013150707633872825
0,0,0.006353611759372459
0,0,0.09661348457239093
1,0,0.2669358508203754
0,0,0.007840775196482094
1,0,0.3527537769959047
0,0,0.030222445271181803
0,0,0.011776787871099533
0,0,0.025169344517484094
0,0,0.03929984979816891
0,0,0.0056818571888258606
0,0,0.0052150670254499385
0,0,0.006821251591831279
0,0,0.005761749268875984
0,0,0.011439040664730815
0,0,0.10025484924922315
0,0,0.005635957530014195
0,0,0.017986675520146544
1,1,0.9879784440502711
0,0,0.005831721873524137
0,0,0.01430524512240414
0,0,0.024584165450739243
0,0,0.02157066600672606
1,1,0.9974684088346291
0,0,0.037533579557932364
0,0,0.006196274415040521
0,0,0.019454977202316457
0,0,0.007581242673924398
0,0,0.0067515175230990175
0,0,0.008048907619789067
0,0,0.012817347100951094
0,0,0.006350146200290794
0,0,0.005250916884158203
0,0,0.012635692761724252
0,0,0.00702879809666155
0,0,0.006623464460525459
0,0,0.005003857775438327
0,0,0.018989838505542426
0,0,0.012762004523198298
0,0,0.014964366497796715
0,0,0.006571363633308086
0,0,0.014662939264663846
0,0,0.019445456252925625
0,0,0.006728236255061815
0,0,0.3864699928574088
0,0,0.013604040017186934
0,0,0.02659074418482937
0,0,0.032206063816135826
0,0,0.007352770393815348
0,0,0.006217833003825488
0,0,0.010776220097875003
0,0,0.005299910389446202
0,0,0.007387861658761294
0,0,0.020213967173469335
0,0,0.010594676412312754
0,0,0.008663239811650868
0,0,0.005806595042936296
0,0,0.02355619619155506
0,0,0.06104388489883802
0,0,0.010228358943658134
0,0,0.013407199280011738
0,0,0.018504791404568264
0,0,0.023343921454243247
0,0,0.009513346269590764
0,0,0.006531557514470019
0,0,0.011228982315393748
1,0,0.26442233042206403
0,0,0.00807046200023647
0,0,0.005896519698627214
0,0,0.010471328039654079
0,0,0.019566565170024756
0,0,0.03395084593917546
0,0,0.08526792161854117
0,0,0.006832678157419558
0,0,0.02244803472944452
0,0,0.012528291180844713
0,0,0.023334584399254794
0,0,0.4960738592372021
0,0,0.006109451484121888
0,0,0.00713162664788381
0,0,0.006510836511990567
0,0,0.009626657397099014
0,0,0.008491735215151551
0,0,0.005846676925575947
0,0,0.04734121537867295
0,0,0.020621948664617435
1,1,0.9988590099286093
0,0,0.007736660844192028
0,0,0.1557412502896964
0,0,0.018967948094036825
0,0,0.0083546614916762
0,0,0.006444788611404698
0,0,0.054687426193824974
0,0,0.0065427343347145995
0,0,0.07921345271728984
0,0,0.0104649751066874
0,0,0.005505261710281245
1,1,0.9996659592323581
0,0,0.02287981253084177
0,0,0.012517256801694838
0,0,0.005548860225099511
0,0,0.013619358929622804
0,0,0.011720709891288622
0,0,0.005708639859347641
0,0,0.010727520196926939
1,1,0.999482147263784
1,1,0.7621487698217213
0,0,0.005744077124560751
0,0,0.12578791383551655
0,0,0.00936627535963558
0,0,0.21292251030639578
0,0,0.007906860860142416
0,0,0.0240233757085726
0,0,0.012885472048337294
1,1,0.9995344308321817
0,0,0.007869569582087616
0,0,0.035430368902061984
0,0,0.018988937132698315
1,0,0.30190423799350546
0,0,0.005040776814097352
0,0,0.005281202710153762
0,0,0.007375244901221872
0,0,0.01085879438173489
0,0,0.018752421459972753
0,0,0.024099166547081614
0,0,0.018698754102758258
0,0,0.03399655881220626
0,0,0.02725354006465777
0,0,0.07306487805022438
0,0,0.011921151963151713
0,0,0.006137812563468211
0,0,0.009148173823287207
0,0,0.2946507629940467
1,1,0.9988879473355916
0,0,0.00892995764997247
0,0,0.04162530122559239
1,0,0.06736191800921275
0,0,0.027382440450489865
0,0,0.013552245888618718
0,0,0.0225014595740082
0,0,0.008290159628229304
0,0,0.012934415544941827
0,0,0.01586373938501083
0,0,0.028384461726179786
0,0,0.006363723651225498
0,0,0.006589378225235736
1,0,0.15219071217841357
0,0,0.03209519482997498
0,0,0.009196838980426471
0,0,0.00837070688711379
0,0,0.010473366213439783
0,0,0.006857431071752056
0,0,0.04618116983989158
0,0,0.012806479076600014
0,0,0.023181272189954347
0,0,0.022450738785846816
0,0,0.013113405179133378
0,0,0.017758873635746044
0,0,0.010578029944489592
0,0,0.010279237000416228
0,0,0.00647749391506599
0,0,0.07669290408103639
0,0,0.012501505295782025
1,1,0.9916280136007622
0,0,0.02268033141902127
0,0,0.00703167105209464
0,0,0.005663919736889595
0,0,0.008686561018517343
0,0,0.007146747816081206
0,0,0.02312045560000041
0,0,0.008886499588763625
0,0,0.041371791908103174
0,0,0.0087537415224658
0,0,0.013073632732975014
0,0,0.009066804540741331
0,0,0.021408626496376006
0,0,0.008079745973539183
0,0,0.02916914174037189
0,0,0.01111839023364026
0,0,0.008798567187201992
0,0,0.007716008789970566
0,0,0.02108692959042954
0,0,0.011092602220159321
0,0,0.00482189222060506
0,0,0.06281636492363973
0,0,0.01064125979662049
0,0,0.3348447896257072
0,0,0.006216278323366634
0,0,0.007157858466352266
0,0,0.01559832859601163
0,0,0.006971060789952495
0,0,0.012761027656564545
1,1,0.9686085915614457
0,0,0.0055082305016954025
0,0,0.004412801958114237
0,0,0.00660100283991198
0,0,0.007510647450893132
0,0,0.00603180073108672
0,0,0.015431596483563821
0,0,0.013130891882271817
0,0,0.0068030611250496165
0,0,0.02303282091781452
0,0,0.007244295963789225
0,0,0.006729311014063362
1,1,0.9985589601895214
0,0,0.02417010215981789
0,0,0.006886922940746533
0,0,0.042610865638798116
0,0,0.008253392206197559
0,0,0.007419272755612837
0,0,0.009262357697133341
0,0,0.015346308952442385
0,0,0.09857914977788511
0,0,0.007751616129594025
0,0,0.00682036717347497
1,1,0.9993665945797938
0,0,0.00900641839174924
1,1,0.9930492074527714
0,0,0.0065181137175831195
0,0,0.011881955846626373
0,0,0.01074655918370493
0,0,0.00681875184090393
1,1,0.8421964789344684
1,0,0.016177737988419323
0,0,0.006384118096959926
0,0,0.024116272388699952
0,0,0.009508629443748367
0,0,0.010009954288644997
1,1,0.9969512248296073
0,0,0.0058977169995280436
0,0,0.004294372300608389
0,0,0.16158998604943473
0,0,0.007689566037836662
1,1,0.9978605009213982
0,0,0.019020244568583485
0,0,0.022770467486670644
0,0,0.005982176130377283
0,0,0.04110817610347243
1,1,0.997732305254457
1,1,0.9878870640125967
0,0,0.008852874942461134
0,0,0.0076208045456468846
0,0,0.09739029828533893
0,0,0.0082646016382406
0,0,0.0200375584165995
0,0,0.00831200380150102
0,0,0.008033107413579845
0,0,0.01187094274777842
0,0,0.323607549104439
0,0,0.017035739282535385
0,0,0.010322284344453099
0,0,0.011368076388874385
0,0,0.010325045776684505
0,0,0.022729237620941648
0,0,0.023727898436598078
0,0,0.07838186605403816
0,0,0.013224204003988662
0,0,0.011337595233383823
0,0,0.008030574985524955
0,0,0.0071035537941210244
0,0,0.024979140126884798
0,0,0.009098423705910125
1,0,0.2645814672393588
0,0,0.006536610043653723
0,0,0.014047178443658052
0,0,0.019535655024521897
0,0,0.006894772563009096
0,0,0.19567612250356586
0,0,0.011977233007715618
0,0,0.007828976756120796
0,0,0.06303950025586268
1,1,0.9985788529796645
1,1,0.9993850611686846
0,0,0.07663378956565343
0,0,0.012897337098217035
0,0,0.02372588117610042
0,0,0.00689416239951512
0,1,0.6820236104393519
0,0,0.0319218839567333
0,0,0.007754444270304476
0,0,0.0064367531269045285
0,0,0.006920642572203123
0,0,0.02421404126255843
1,1,0.998711452444025
0,0,0.007342658076060586
1,1,0.99430723414299
0,0,0.025626881269881815
0,0,0.006531380076833015
0,0,0.03484799166048156
1,0,0.3322331172559703
0,0,0.02530971592397604
0,0,0.16484095376014485
1,1,0.9991217386835847
0,0,0.027288580704158207
0,0,0.008497667970639711
0,0,0.005397713279806644
0,0,0.011177056780649078
0,0,0.006737974084945528
1,0,0.027166204166720352
1,1,0.9997016422138143
0,0,0.017594902514884922
0,0,0.06063345113529911
0,0,0.0060363262964310185
0,0,0.2238496145583083
0,0,0.005749331734706353
0,0,0.017384900193695957
0,0,0.00882280444517367
0,0,0.01720932747972261
0,0,0.3111966529310029
0,0,0.005807443414649124
0,0,0.011758548414213163
0,0,0.005344068196574271
0,0,0.00636644154954409
0,0,0.005432182636990504
1,1,0.9981849702291674
0,0,0.014295405417491998
0,0,0.024312103989359627
0,0,0.009835138566708337
0,0,0.009917938785883412
0,0,0.008427487452536245
1,1,0.9946910857507553
1,1,0.9879538777197912
0,0,0.0078996968859556
0,0,0.009083710799905801
0,0,0.00793728679089856
1,1,0.9981372156253894
0,0,0.006586203445963515
1,1,0.7356016496342563
0,0,0.02814660296617758
0,0,0.01819321920424539
0,0,0.03572222586155578
0,0,0.009769346291329544
0,0,0.008951115438272041
0,0,0.01354741073730233
0,0,0.026566860133998924
0,0,0.008376507804347955
0,0,0.008818156377329864
0,0,0.009030640313595056
0,0,0.007834347713294337
0,0,0.009077793500840033
0,0,0.017065574278141538
0,0,0.008844053121361484
0,0,0.006022928135259412
0,0,0.005060934248851631
0,0,0.015611717871598948
0,0,0.11849909624948736
0,0,0.020416677216438358
0,0,0.007451347815366038
0,0,0.006489083287605355
0,0,0.005741819169655848
0,0,0.006726416383640102
0,0,0.02434294524881352
0,0,0.009155755748796686
1,0,0.13532574964518077
0,0,0.009485683669332761
0,0,0.08704765245681491
0,0,0.0220591599528746
0,0,0.008285720928071954
0,0,0.006730363008811734
0,0,0.0075903346631201315
0,0,0.008780142613412523
0,0,0.18854706426116208
0,0,0.014316343189356043
0,0,0.006404269852294844
0,0,0.018931375255162
0,0,0.011234116322170995
0,0,0.02239622762456488
0,0,0.0050798374508776644
0,0,0.006321971907011811
0,0,0.009765795510877659
0,0,0.10749750894137049
0,0,0.005982057604645217
0,0,0.00895222908360968
0,0,0.01226352662735944
0,0,0.006447445067768916
1,1,0.5933055730975245
0,0,0.010179332297883075
0,0,0.005474474417111777
0,0,0.033196651614857096
0,0,0.017494576408047618
0,0,0.026254189469770414
0,0,0.02463464634331819
0,0,0.018354019442980773
0,0,0.009615513510792296
0,0,0.0068155309558184255
0,0,0.014597927822210099
1,1,0.9924332481846728
0,0,0.007116708063424189
0,0,0.005734479253988668
0,0,0.007768124450558078
1,1,0.9993959829436089
0,0,0.024049915795883267
0,0,0.42942971428311427
0,0,0.0076005809236080355
0,0,0.008864371173100703
0,0,0.03265161317075869
0,0,0.009051067725133307
0,0,0.00885598431098108
0,0,0.007878344429073458
0,0,0.009239909158244825
0,0,0.043770685641334
1,1,0.9716308354206988
0,0,0.023645255981071017
0,0,0.0091776172581983
0,0,0.00570604236767242
0,0,0.005293479464043367
0,0,0.008424590651741521
0,0,0.02063085855134339
0,0,0.007397720118152165
0,0,0.061269583561468784
1,1,0.9706222635647056
0,0,0.006344409134270805
1,1,0.9848984647664782
0,0,0.013663861418109682
0,0,0.009914048843963503
0,0,0.011985328481765754
0,0,0.021371766775561157
0,0,0.026907456387692395
0,0,0.006052506456946495
0,0,0.009602133815403596
0,0,0.007617855247919084
0,0,0.006578057563150518
0,0,0.07037205821480917
0,0,0.009258718876365528
0,0,0.0406783414541669
0,0,0.013694216246853252
0,0,0.009624697816539154
0,0,0.021538369062751295
0,0,0.005422364040107005
0,0,0.008952845345584427
0,0,0.010155646695994372
0,0,0.08500970610386972
0,0,0.060861519806459125
1,0,0.005188515747954629
0,0,0.020267004230059865
0,0,0.004828637516244112
1,1,0.9989897161362056
1,1,0.9988467775347087
0,0,0.006870932978263378
0,0,0.005799557075035643
0,0,0.011353762468676849
0,0,0.010244299906281621
0,0,0.006381172128600699
0,0,0.006925329154826224
0,0,0.008356000962919592
0,0,0.02668865384737302
0,0,0.01208930612623398
1,1,0.9982680881895699
0,0,0.014351995813768515
0,0,0.009621572306809337
0,0,0.007437982986991722
0,0,0.006864311413748739
0,0,0.017067030955212847
0,0,0.013342593475917028
0,0,0.014792552716135917
0,0,0.029374098262654087
0,0,0.021255412263418337
0,0,0.01167537963049479
0,0,0.03765291396901996
0,0,0.0165538056854082
0,0,0.006665322906702084
0,0,0.14381379748279843
1,1,0.9583167507656539
1,1,0.9951777925536647
0,0,0.010017309062399957
0,0,0.022327606977931076
0,0,0.008531397487017483
0,0,0.007446095110690732
0,0,0.023378905127535488
1,1,0.9971586180314724
0,0,0.005379252834151213
0,0,0.01279775458178447
0,0,0.03224563795814985
0,0,0.02891123719721934
0,0,0.011157395575544685
0,0,0.16024209883916765
0,0,0.007841287498601603
0,0,0.009148388283198344
0,0,0.009816248322007387
0,0,0.014684901409659543
1,1,0.9979082761827214
0,0,0.0054645274884139285
0,0,0.006057505847149504
0,0,0.006953985213933349
0,0,0.06026013410096166
0,0,0.009844063767876584
0,0,0.004540764713613707
0,0,0.007513637022548442
0,0,0.005558003588055321
0,0,0.008530640040329916
0,0,0.006962812777552434
0,0,0.11533013878807465
0,0,0.010148491741605717
0,0,0.06414188832396099
0,0,0.006715294941601057
0,0,0.0036536843216271875
0,0,0.007358760853389745
0,0,0.008762059167515015
0,0,0.005303989451248084
1,0,0.018239496814024585
0,0,0.012849463225056463
0,0,0.007126412206367489
0,1,0.6988064850859343
0,0,0.05985280908813445
0,0,0.016558985354093718
0,0,0.020869511402933666
0,0,0.015171442313902004
1,1,0.9910045356761625
0,0,0.005854170653962776
0,0,0.014190371479468878
0,0,0.08706368474762029
1,0,0.311858680789312
0,0,0.014154287970855396
0,0,0.0186835413240257
0,0,0.1873538535714189
0,0,0.007523451773910292
0,0,0.006672727313107299
0,0,0.006291892387652853
0,0,0.006943620300179516
0,0,0.008015237740818752
0,0,0.010759860402790518
0,0,0.006275578186087186
0,0,0.007354693234116482
0,0,0.008986365624449684
0,0,0.023517171548742305
0,0,0.023651129230589034
0,0,0.011216610821226604
0,0,0.005918446110940863
0,0,0.00800671132387019
0,0,0.012064396249336631
0,0,0.0059286984360543615
0,0,0.006042211536479828
0,0,0.010949128532968845
0,0,0.006451047797890602
1,0,0.27729833165114787
0,0,0.06012133587613546
0,0,0.007648216829658581
0,0,0.006941461365981312
0,0,0.008432698172692083
0,0,0.009452981729253955
0,0,0.008074209670058233
0,0,0.16353431861379727
0,0,0.005841192510234592
0,0,0.01355942900565397
0,0,0.008681750324274675
0,0,0.006870338911356784
0,0,0.006330500094940223
0,0,0.012121400556559164
0,0,0.00808947334429923
0,0,0.20530882034919004
0,0,0.009360268521915332
0,0,0.039584741526316886
0,0,0.006030824728329884
0,0,0.008023973229504943
1,1,0.9879784440502711
1,1,0.7325954079155578
0,0,0.012907629895431968
0,0,0.008221844693738158
0,0,0.017826766344761123
0,0,0.04552983587426171
0,0,0.007542363017843273
0,0,0.006943004125851011
0,0,0.00810149541020088
0,0,0.009814018101601435
0,0,0.005319860978003624
0,0,0.009622688680083646
0,0,0.007057924124966896
0,0,0.007285367957618902
0,0,0.025514000888299974
0,0,0.015947545432977335
0,0,0.007554654722758471
0,0,0.008262601519497453
0,0,0.031563587994247466
0,0,0.008253798895325164
0,0,0.005284636156344094
0,0,0.021319858813238786
1,1,0.9951538182209209
0,0,0.01583574542233867
0,0,0.007834375366962236
0,0,0.010139800457652077
0,0,0.10742290870732621
0,0,0.004834463450375596
0,0,0.007811409117128957
0,0,0.029245944683615722
0,0,0.012432341871933773
0,0,0.011306053384454336
0,0,0.005906130765731484
0,0,0.017617166794366153
0,0,0.01615103094143854
0,0,0.01482951389596167
0,0,0.00639949247576011
0,0,0.0165202396534285
0,0,0.005587369212876792
0,0,0.024543542013633807
0,0,0.012995059707994614
0,0,0.01430876569065714
0,0,0.01026613120194061
0,0,0.007721757058707998
0,0,0.008296794265565233
1,1,0.7007429135982584
0,0,0.078444174464145
0,0,0.007527577393163008
0,0,0.1482768020931734
0,0,0.006959425911454904
1,0,0.18519523945400518
1,1,0.9985399655122718
0,0,0.19150830617904155
0,0,0.014560132269268798
0,0,0.055728933880766156
0,0,0.010739980782475697
0,0,0.006247518652123769
1,0,0.4065045655752255
0,0,0.013439104282986026
0,0,0.008504738207105688
0,0,0.008113206365245098
0,0,0.005754841892325336
0,0,0.006900457478020697
0,0,0.015995164561735928
1,0,0.2124283778021265
0,0,0.13690445812206728
0,0,0.01648133923847787
0,0,0.004954446290862209
0,0,0.0071359385867906
1,0,0.36544158950831707
0,0,0.017104858802407707
0,0,0.04148543503029503
0,0,0.00631324119037592
0,0,0.005828457669782312
1,1,0.9830966306582867
0,0,0.01964677738501507
0,0,0.016472008901645047
0,0,0.0070846858593840226
0,0,0.006090586698318628
0,0,0.031057115313589897
0,0,0.01417477707038505
0,0,0.006707881861775076
0,0,0.01262523045664175
0,0,0.007183857454524448
0,0,0.04915238541729216
0,0,0.009238592023215085
0,0,0.01425483468592122
0,0,0.025657721412678216
0,0,0.0074174115931909205
0,0,0.007675710199879071
1,1,0.9916263585682328
0,0,0.006446991034688482
1,1,0.998913664624
0,0,0.026748946041184343
0,0,0.009116468968471687
0,0,0.13720604213323248
0,0,0.00822979414319414
0,0,0.04764548613431337
0,0,0.00890560542946346
0,0,0.011096017200119684
0,0,0.007297456546795169
0,0,0.0066782233645550455
0,0,0.010570754027665778
0,0,0.008331029222745288
0,0,0.00678646880530096
0,0,0.009599851969846671
0,0,0.008417745536609787
0,0,0.0792640777745294
0,0,0.018356697338099363
0,1,0.5405577162959241
0,0,0.004670358707716981
0,0,0.008001795726625852
0,0,0.02776300754296655
0,0,0.009594369032103154
0,0,0.02093068539132105
0,0,0.0231339992608044
0,0,0.006515327071220028
0,0,0.0050692485939860905
0,0,0.02089745829709769
0,0,0.0077073930694567475
0,0,0.00883717400857746
0,0,0.0070621517178084394
0,0,0.021660805201206775
0,0,0.00812022766242079
1,1,0.9974540684930399
0,0,0.04804222849629354
0,0,0.006507827783622556
0,0,0.009511374230242519
0,0,0.0077998197967211885
0,0,0.007364193270845396
0,0,0.05226827254895966
0,0,0.007860577679180764
0,0,0.01185765999822246
1,1,0.8567998631472544
0,0,0.004790320891619905
0,0,0.007656257132296633
1,1,0.9965768057579882
0,0,0.005610539379283875
0,1,0.5617471698665922
0,0,0.014684901409659543
0,0,0.01805583674261402
0,0,0.00817668971010014
0,0,0.019476808699927663
0,0,0.007850129819881195
0,0,0.006280397199555236
0,0,0.031911168224139995
0,0,0.00446045703167831
0,0,0.008686993802770458
0,0,0.14263616722786143
0,0,0.011802180143959503
0,0,0.02251118684899281
0,0,0.01034584684948054
0,0,0.020754973635513388
0,0,0.026186766422370188
1,1,0.9989729166221043
0,0,0.007104010602044196
0,0,0.07427270816430685
0,0,0.011007451786194857
0,0,0.0068416221016919885
0,0,0.009771100010986565
0,0,0.015431393671551873
0,0,0.01114510535608909
0,0,0.0304276159367894
1,0,0.4598386418976375
1,1,0.5919606102575646
0,0,0.00805222432828058
0,0,0.005615382444193264
0,0,0.026812813988408003
0,0,0.004302250610109147
0,0,0.007717967577042028
0,0,0.005871756816326865
0,0,0.020280313809712493
0,0,0.016857072401104508
0,0,0.00452399609532749
0,0,0.006880689608036593
0,0,0.005449554674449771
0,0,0.014440556522497932
0,0,0.012429543591360363
0,0,0.045164809881434086
0,0,0.00846510677479385
0,0,0.011191177271821857
0,0,0.016402310775535705
0,0,0.008111286223244198
1,1,0.9983460289026507
0,0,0.009605800031113903
0,0,0.007567004505411489
0,0,0.03849569084746423
1,1,0.9996959994697211
0,0,0.00517729632145093
0,0,0.015985164504246214
0,0,0.006807332167515231
0,0,0.0085922818880241
0,0,0.007420290221547141
0,0,0.0065920357073901365
0,0,0.014766212104723899
0,0,0.01092456697968715
0,0,0.017452392776142342
0,0,0.0077374027667033345
0,0,0.010346268580289749
0,0,0.005961439193955771
0,0,0.046036246119132845
0,0,0.006151338662315644
0,0,0.010318464861618535
0,0,0.01904254428480253
0,0,0.012514690584461318
0,0,0.0067203699246768025
0,0,0.030828265607294913
0,0,0.009606091697386635
0,0,0.005784870740458597
0,0,0.00784207158484666
0,0,0.009086368687917446
0,0,0.016279294584898307
0,0,0.026514995408005424
0,0,0.01796036090602971
1,1,0.6009575190540442
0,0,0.007246955043882547
0,0,0.009775380495995044
0,0,0.009738460624461681
0,0,0.010905552146808132
0,0,0.022287301485485356
0,0,0.013689351002400412
0,0,0.014200322611668518
0,0,0.19920513546881002
0,0,0.006426474976208887
0,0,0.03407638458211696
0,0,0.037895203063858574
0,0,0.03934132471140706
0,0,0.007017076382702052
0,0,0.005757897292213057
0,0,0.00894536814580658
0,0,0.005990742354107809
0,0,0.006394284867504537
0,0,0.009637128421778933
0,0,0.007401497107608521
0,0,0.1544409048917289
0,0,0.006972481283158478
0,0,0.005653866395042355
0,0,0.041659250495855636
0,0,0.00986016640875124
0,0,0.057680614921621236
0,0,0.006922988573726057
0,0,0.011976337654372407
0,0,0.007472883724696679
0,0,0.004407320223323052
0,0,0.007679597340657538
0,0,0.0068477517267085215
0,0,0.013010859030260532
0,0,0.01875839816789164
0,0,0.0090532170793805
0,0,0.013411654272632427
0,0,0.0194773640507381
0,0,0.007946824367273488
0,0,0.006692830004876345
0,0,0.021442982166141756
0,0,0.0060124563781245996
0,0,0.015228393501492089
0,0,0.43343050651844733
0,0,0.016924892521907087
0,0,0.022911951031807674
0,0,0.07402908409807889
0,0,0.0069762935410329656
1,1,0.9984432752909081
0,0,0.008804017473112375
0,0,0.01109113854697574
0,0,0.011976868424017349
0,0,0.023556009575510944
1,1,0.8306846111376903
0,0,0.006431221395446002
0,0,0.022653731267984603
0,0,0.009115436248765629
1,1,0.9907305025245191
0,0,0.03230416988687546
0,0,0.006603487404397095
0,0,0.029092997540790047
0,0,0.007663371145034354
0,0,0.011466778032403868
0,0,0.017880468086354163
0,0,0.17456104900969305
0,0,0.047284715749256974
0,0,0.008502248021265996
0,0,0.4413943560903475
0,0,0.010081446102100227
0,0,0.019996840576914452
0,0,0.009994070828082277
0,0,0.00828462745677171
1,0,0.07210579916611841
0,0,0.007869745801230987
0,0,0.007457335163729417
0,0,0.02149773897201692
0,0,0.0075445054417543865
1,0,0.017469270425021263
0,0,0.008988784033619301
0,0,0.008199946912255222
0,0,0.005402860159706189
0,0,0.009898658097975731
0,0,0.008148429186784543
0,0,0.06431291703312547
0,0,0.023351316764852546
0,0,0.007928206341454894
0,0,0.025841562138573648
0,0,0.0068707747740350735
1,1,0.573911320048577
0,0,0.03007272271948232
0,0,0.05810843747838511
0,0,0.009991333759973612
0,0,0.009381190023259748
0,0,0.029194897701491005
0,0,0.10879208426148226
0,0,0.013433221134133814
0,0,0.0065070292651295825
0,0,0.008160530435164367
0,0,0.00846655483730681
0,0,0.006492783765737327
1,0,0.007702205162377409
0,0,0.005787139261939543
0,0,0.006915753388550395
0,0,0.005432182636990504
0,0,0.010008448348313308
0,0,0.01491299652457663
0,0,0.013752682722213772
0,0,0.0064528296011431814
0,0,0.013500642491014271
0,0,0.04041962395743226
0,0,0.007164773989782308
0,0,0.00725700630382397
0,0,0.01115652414156945
0,0,0.008583067164837732
0,0,0.006275729709258476
0,0,0.013340133680143732
0,0,0.025514360158474116
0,0,0.013451033663235178
0,0,0.005455734861261041
1,1,0.9585488186954516
0,0,0.0070633144409516105
0,0,0.013232625960189075
0,0,0.007469412995515643
0,0,0.005334488545341576
0,0,0.2052633292024258
0,0,0.007011337684859311
0,0,0.010376670493822527
0,0,0.025900226824800927
0,0,0.005658787402646124
0,0,0.007052409960943074
0,0,0.01591623291202612
0,0,0.12254509852717847
0,0,0.008714758788641417
1,0,0.20464126582045986
0,0,0.00549280581241691
0,0,0.02281014395948613
0,0,0.02425324706985606
0,0,0.005752044004578827
0,0,0.007484769599183262
0,0,0.005951050601804609
1,0,0.3003099190241457
0,0,0.04071035422068315
1,1,0.9930492074527714
0,0,0.030109571152236385
0,0,0.022662795232382973
0,0,0.01175914258394232
0,0,0.006008172130290771
0,0,0.017330387958736464
0,0,0.019671125178327475
0,0,0.005910956722057565
0,0,0.033825045147159075
0,0,0.21647301917679665
0,0,0.020141856012414326
0,0,0.009858785005183826
0,0,0.30705491086538717
0,0,0.008395851941640022
0,0,0.004971304858951277
1,1,0.9896864072767602
0,0,0.01068617499315737
0,0,0.007483546654542835
1,1,0.9988024366494886
0,0,0.012772238490492168
0,0,0.43127681251282934
0,0,0.01156128443740749
0,0,0.005024652469073929
0,0,0.015003878101863684
1,1,0.9977244648701916
0,0,0.008888114566383658
1,1,0.9930026519929693
0,0,0.04254949240808985
0,0,0.008270784314485463
1,1,0.9951778857652158
0,0,0.008938061458027119
0,0,0.0059203505247660436
0,0,0.01091932057932898
0,0,0.010518430002593676
0,0,0.006353207185443123
0,0,0.010539339915681034
0,0,0.006652928726245984
1,0,0.005619036439763039
0,0,0.011687233007324892
1,0,0.027066242732580157
0,0,0.01572264999951591
0,0,0.00830357229096828
0,0,0.006416960680213892
0,0,0.06080679558547141
0,0,0.007508811878728741
0,0,0.016090282339794617
1,1,0.9992502246719912
0,0,0.1071645053612441
0,0,0.008595854908204532
0,0,0.010336587921041829
1,1,0.9970600556786724
0,0,0.03493040076940464
0,0,0.007240204960618513
0,0,0.021804078177486256
0,0,0.011322619590072778
0,0,0.006964083644004822
0,0,0.006312779949824092
0,0,0.012953325977430456
0,0,0.06735901108545884
0,0,0.26962548538763687
0,0,0.0062112754997006026
0,0,0.011833005393585488
0,0,0.006119920200752419
0,0,0.011991968271672048
0,0,0.012776877565196638
0,0,0.007757750197425968
0,0,0.006400526997465503
0,0,0.008871385437426495
0,0,0.005526885564492957
0,0,0.012807025936287776
1,1,0.998949803264853
1,1,0.5072918881306381
0,0,0.042238803757727726
0,0,0.011798165496752278
0,0,0.007625857167361952
0,0,0.005331114846099324
0,0,0.006496079905511016
1,1,0.9978229330152704
0,0,0.021848366904668844
0,0,0.00829928548091635
0,0,0.011568380791852921
0,0,0.027683788233668044
1,0,0.10932284546447822
0,0,0.004327382512486098
0,0,0.011572249346700791
0,0,0.005727712292221413
0,0,0.006875066427253449
0,0,0.010338025069532394
0,0,0.006943676649716114
0,0,0.022750812930678387
0,0,0.007274967305682971
0,0,0.009846853327988257
0,0,0.03529219748597733
0,0,0.013681482578932206
0,0,0.03108309187146295
0,0,0.014915113397305836
0,0,0.007108672027326206
0,0,0.0272820099414106
0,0,0.009302528546299553
0,0,0.011488549244893615
0,0,0.012144270398140061
0,0,0.0198213401145182
0,0,0.00949178865146914
0,0,0.012599444942863018
0,0,0.03184469351321734
0,0,0.20864562911196446
0,0,0.06267750664464926
0,0,0.035809563974834924
0,0,0.01354741073730233
0,0,0.006308716944177047
0,0,0.010720572564213614
0,0,0.10932284546447822
0,0,0.010073918092202098
0,0,0.007153243190966398
0,0,0.01474263026703054
0,0,0.2225821791503222
0,0,0.005923147228962222
1,1,0.9997935046237961
0,0,0.010328648544857938
0,0,0.009662207975318225
0,0,0.005838590204601728
0,0,0.02941969078524431
0,0,0.15313424058776917
0,0,0.010035823103032892
1,1,0.9994268080409142
0,0,0.0232857920167041
0,0,0.012522607519226328
0,0,0.0073925034374596665
0,0,0.0283608214061301
0,0,0.011882747873506107
0,0,0.006595705758403277
0,0,0.03224563795814985
0,0,0.0067534609531177195
0,0,0.006514849775378457
1,1,0.9988867627207558
1,0,0.34454071433653544
0,0,0.006329365832619099
0,0,0.0076914645842288566
0,0,0.006628568188025753
0,0,0.3281311971719862
0,0,0.03391782687767876
0,0,0.21956509625953327
0,0,0.011140841701272625
0,0,0.004920756243326463
0,0,0.011675875299314542
0,0,0.006451370731257836
0,0,0.01380399769835552
0,0,0.006459253387626519
0,0,0.0070895729001910265
0,0,0.006132706449021093
0,0,0.024979140126884798
0,0,0.008062371584616632
1,1,0.9768159371213696
1,0,0.052609725157534586
0,0,0.028671359714516176
0,0,0.019068000313575383
0,0,0.011665564024947265
1,1,0.5658113351559599
0,0,0.00939694539807259
0,0,0.009850177851361283
0,0,0.015229742760437448
0,0,0.008120678160558588
0,0,0.009012947380472093
0,0,0.00849255906090895
0,0,0.015223949663511224
0,0,0.00797879536372551
0,0,0.027494493224644808
1,1,0.9995843290277817
0,0,0.007416097104523777
0,0,0.01044283398706637
0,0,0.00796197364891839
0,0,0.025031662419638546
0,0,0.04878231657874989
0,0,0.042245436538090854
0,0,0.010381254782703176
0,0,0.008760340299416514
0,0,0.010603254910917124
0,0,0.00802567180168896
0,0,0.013936494957970417
0,0,0.007444010251055956
0,0,0.009613031363055259
0,0,0.012095597032905879
0,0,0.011526012482877379
0,0,0.049341905298282515
0,0,0.004896911090926524
0,0,0.009809905973786769
0,0,0.04724761895199085
0,0,0.005494502176048273
0,0,0.004755860411464273
0,0,0.006118112388978603
0,0,0.042941823905528344
0,0,0.005875316690615945
1,1,0.9790591832682308
0,0,0.02215245274536234
0,0,0.009637003345263065
0,0,0.041696705177041354
0,0,0.008713662349750123
0,0,0.012710980048353235
0,0,0.016130440000705504
0,0,0.04264958714092202
0,0,0.005713125259913257
0,0,0.005053896979426328
0,0,0.07593963576210204
0,0,0.011612208354595165
0,0,0.006100077604611247
0,0,0.006199373250767206
0,0,0.005656630551673035
0,0,0.004211465279467334
0,0,0.009333408259792616
0,0,0.008218245795714731
0,0,0.012080152162622516
0,0,0.020522391950628344
0,0,0.22198758564626928
0,0,0.007393769793553251
0,0,0.006091250662315483
0,0,0.015214593473777486
1,1,0.9681403511847089
0,0,0.0053586537876274595
0,0,0.007565724749552563
0,0,0.016657997331105266
0,0,0.008039398903412738
0,0,0.006416638779911098
0,0,0.01953487610809851
0,0,0.00661018692602632
0,0,0.42566560738139664
0,0,0.010689089351828333
0,0,0.007515275766049004
0,0,0.3108392519277154
0,0,0.007256211089062958
0,0,0.007753979935713901
0,0,0.32853136745486977
0,0,0.006960863420776893
0,0,0.17054576438684885
0,0,0.014423904493625196
0,0,0.03560421388229341
0,0,0.041179792293692286
0,0,0.006619286322920581
0,0,0.007865572028648123
0,0,0.0074960404544140895
0,0,0.014915089094177297
0,0,0.004968419296899303
0,0,0.00642948855962924
0,0,0.0042173021057965825
0,0,0.006733185784359777
0,0,0.007417867227388692
0,0,0.007722791754526722
0,0,0.01304706946036542
0,0,0.00983877157663806
0,0,0.011676114109297635
0,0,0.010028615966860539
1,0,0.07000905871555978
0,0,0.009007560227381575
1,1,0.8041553721346782
0,0,0.0236145502659967
0,0,0.014984567818089243
0,0,0.015421645074281147
0,0,0.03525015045910348
0,0,0.048452129785675785
0,0,0.016521551826182607
0,0,0.006683512456300445
0,0,0.009865171016341137
0,0,0.008130553930142503
0,0,0.1637950969115863
0,0,0.03361272056681436
0,0,0.008605186478558038
1,0,0.2676232975503387
0,0,0.006560862919562705
0,0,0.009022616512249448
0,0,0.009962758334782888
1,0,0.46403501912623263
0,0,0.011748835536949286
0,0,0.00807065156955843
0,0,0.022475661473595195
0,0,0.007951297503357551
0,0,0.0071008422959903655
0,0,0.01782534686497325
0,0,0.006072522218938881
0,0,0.008865433317021243
0,0,0.03447439487964077
0,0,0.022416705538442133
0,0,0.004855448247590195
0,0,0.005280169115987588
0,0,0.007074104004963977
0,0,0.009310390835908991
0,0,0.026113716911743898
0,0,0.010226679464101758
0,0,0.005490057049617414
0,0,0.007481004210642162
0,0,0.00983752549199984
0,0,0.009797739969079683
0,0,0.015715079144035575
0,0,0.017850014977258948
0,0,0.007245840048523869
0,0,0.006913738621566428
0,0,0.044126644432583025
0,0,0.007701924010960033
0,0,0.004968988857928499
0,0,0.01907863636248683
0,1,0.5459298787482784
0,0,0.02292209226340681
0,0,0.006742794720249193
0,0,0.010935861921841997
0,0,0.007044191104253894
0,0,0.005342434483419939
0,0,0.006003347367411949
0,0,0.24524238983064955
0,0,0.049497578037820636
0,0,0.006993979432976766
0,0,0.006730317398993121
0,0,0.012896480607416641
0,0,0.008516481695995472
1,1,0.5592310497511944
0,0,0.005642388798743565
1,1,0.9980959408357831
1,1,0.9970743421013756
0,0,0.011112920232128247
1,1,0.997732305254457
0,0,0.015559990219404796
0,0,0.006077621967749869
0,0,0.058843825753097684
0,0,0.005706575397486468
0,0,0.02043409900913135
0,0,0.010288076565217165
0,0,0.005044190583453851
0,1,0.7854720915733809
0,0,0.013527499557010866
1,1,0.919603186413436
0,0,0.007553630368521452
0,0,0.0068328623049021524
0,0,0.01391890378877863
1,1,0.9027394676093424
0,0,0.007294443133496507
0,0,0.0071839353792172884
1,1,0.9920736187091641
1,1,0.9881498694067269
1,1,0.9997098878074855
0,0,0.00658950215481828
0,0,0.01006884392769106
0,0,0.007491514676435968
0,0,0.018891048019127808
0,0,0.009797610482778758
0,0,0.008263644731694348
0,0,0.013854872799568036
0,0,0.008558619016456577
0,0,0.02467521414058817
0,0,0.3193228327206107
0,0,0.007706128110476268
0,0,0.05129622245251739
0,0,0.013695195293626616
0,0,0.0169541030105635
0,0,0.010144649886726668
0,0,0.0070961552439532515
0,0,0.0062558678184815395
0,0,0.0048547021522763875
1,1,0.9886542277256732
0,0,0.026660356950478484
0,0,0.013449910778652823
0,0,0.007250210076096906
0,0,0.023531501284824178
0,0,0.06603098411140952
0,0,0.01020158500226691
0,0,0.009365075290995253
0,0,0.008769498038617035
0,0,0.006839857907526581
1,1,0.998930523838173
0,0,0.012262408195422665
0,0,0.037843754435377
0,0,0.004237494726073995
0,0,0.07160845892132287
0,0,0.01411366452067695
0,0,0.00644839095901981
0,0,0.007213757358590262
1,1,0.9991916545972347
0,0,0.00699814664439382
0,0,0.008557663371840551
0,0,0.00714557625882784
0,0,0.02215245274536234
0,0,0.013617488089339965
0,0,0.007082368778380911
0,0,0.007468409894344361
1,0,0.14597653071349673
0,0,0.006998183003625254
0,0,0.3615037103532825
0,0,0.005307053347221233
1,0,0.01979189994047295
1,1,0.99750818623654
0,0,0.0207144216997714
1,0,0.02533138623736633
1,1,0.5858372097375347
1,1,0.5003365171518471
0,0,0.023290303924425135
0,0,0.007526873158447564
1,1,0.9965294145161103
0,0,0.1509563510158417
1,1,0.9989475068294763
0,0,0.009048465576566068
0,0,0.0061605897953389945
0,0,0.006057464104306392
0,0,0.018831822101249656
0,0,0.023491489019035413
0,0,0.043720333333997344
0,0,0.008193348154803631
0,0,0.009162221886416314
0,0,0.011541575586448471
0,0,0.011026151674224821
1,1,0.5291010799204063
0,0,0.006158612484893191
0,0,0.0074302118164571865
0,0,0.008809252184737517
0,0,0.004912732878681325
1,1,0.9980243380307166
0,0,0.008442543546154622
1,1,0.9981292259986172
0,0,0.006690186170852749
0,0,0.010205558101221405
0,0,0.005978851812524207
0,0,0.023856691720729982
0,0,0.008426756222579218
0,0,0.005937416526295583
0,0,0.011538155386188007
0,0,0.007213757358590262
0,0,0.0037381763381180754
0,0,0.011747727987833736
0,0,0.005924509291622602
0,0,0.016418715515260987
0,0,0.07325827412011697
0,0,0.009493263712647792
0,0,0.009056662776516424
0,0,0.007638225518734311
0,0,0.009466828968138979
0,0,0.01573514662410633
0,0,0.006589640284004875
0,0,0.00892704901983113
0,0,0.032480349151090326
0,0,0.0147416945099036
0,0,0.004302728951553153
0,0,0.06623532694452365
0,0,0.005893838577013819
0,0,0.1421149735225961
0,0,0.017986675520146544
1,1,0.998357676992224
0,0,0.017554049163059828
1,1,0.9986399006963291
0,0,0.05081980849136849
0,0,0.030757699044641578
1,1,0.6706954863973114
0,0,0.01411237745734657
0,0,0.048759313372188445
0,0,0.0062848779111061345
0,0,0.005294483456132652
0,0,0.009838316956516808
0,0,0.011793765025175759
0,0,0.005498057657060648
0,0,0.01075298700022534
0,0,0.03774643138219436
0,0,0.019119441297090284
1,1,0.847788926385918
0,0,0.21578729339793415
0,0,0.012154810017932472
0,0,0.010489197075010774
0,0,0.004590371654707719
1,0,0.28967230915438436
0,0,0.013589677459382644
0,0,0.05201172041913961
1,1,0.9992220249041264
0,0,0.2389184039526675
0,0,0.01829459603838426
0,0,0.015544547009163141
0,0,0.011551208541903864
0,0,0.011282463222111525
0,0,0.006879695087511828
0,0,0.01718663618300731
0,0,0.006406195850621955
0,0,0.006183473639849642
0,0,0.006291053697937892
0,0,0.010276975373449088
0,0,0.005862333560077508
0,0,0.008156138612018882
0,0,0.08717032356753573
0,0,0.015791763737743773
0,0,0.009548269941391876
0,0,0.017369132068247018
0,0,0.043612843450115395
1,1,0.9990168208555283
0,0,0.10332402324982942
0,0,0.030380234444405938
0,0,0.009725912334919783
1,1,0.6355520091704024
0,0,0.012463576433064704
0,0,0.02728863820255965
1,1,0.9984203489020301
0,0,0.05687905640864802
0,0,0.010346268580289749
0,0,0.007080238117615806
0,0,0.011385322291389742
0,0,0.009370926195901078
0,0,0.054228827448237885
0,0,0.08579457500025715
0,0,0.008036536366842333
0,0,0.28967230915438436
0,0,0.011390055923169516
0,0,0.019772403546608287
0,0,0.008074209670058233
0,0,0.005618667122673909
1,1,0.9992922024717694
0,0,0.009543708392314993
1,1,0.914242451154823
0,0,0.006041904054541213
0,0,0.008504988195345464
0,0,0.009301192305945715
0,0,0.011281072526927642
0,0,0.015099790648300446
0,0,0.01429666628878562
0,0,0.01051942951895462
0,0,0.03728313881882093
0,0,0.05794055039886374
0,0,0.006639088847827845
0,0,0.05656493388796272
0,0,0.014489078975793613
0,0,0.020071899972776083
0,0,0.00789415017962287
1,1,0.9861039758418711
0,0,0.012435852797425038
0,0,0.048098901032247315
0,0,0.006949731033220417
0,0,0.07831793284210674
0,0,0.005751787328243539
1,0,0.08517374098712295
1,1,0.9998154709803324
0,0,0.0138656334039909
0,0,0.01629728070368651
0,0,0.005933370350013729
0,0,0.0065834509635966125
1,1,0.9983162791124185
0,1,0.5588954845110761
0,0,0.018684919482838028
0,0,0.053646068385950534
0,0,0.025363420110013957
1,1,0.999378587217306
0,0,0.01640187385185298
0,0,0.007047432142512771
0,0,0.008380875253734765
0,0,0.006775336249240649
0,0,0.008176792731060412
0,0,0.007420294875314944
0,0,0.014138084519004874
0,0,0.0043523492038320686
0,0,0.014662842712793186
0,0,0.00727100619599839
0,0,0.00581322382282504
0,0,0.019391978424734214
0,0,0.007412620431921682
0,0,0.36599358415864774
1,1,0.5003365171518471
0,0,0.023578141527399062
0,0,0.007486828912312829
0,0,0.0062597562419005595
0,0,0.005783504891477188
0,0,0.006064912504203924
0,0,0.01094232248453408
0,0,0.015896076345927237
1,1,0.9934751061224478
0,0,0.03040620359903031
0,0,0.009448446907420988
0,0,0.005679560477184363
0,0,0.006704815339356127
0,0,0.008268145819365242
0,0,0.009674240061385784
0,0,0.031926907014148014
0,0,0.012384015608533682
0,0,0.009126822309714618
0,0,0.018929836454590298
1,0,0.10166982546106351
0,0,0.007588550658758147
0,0,0.006254558696337649
0,0,0.008482318436451712
0,0,0.007737274168877055
0,0,0.013213973516744647
0,0,0.05185573923760762
0,0,0.010979871673940256
0,0,0.007280709186395929
0,0,0.007879929399586523
1,1,0.7981937693870214
0,0,0.006185593824638685
0,0,0.006566731804817268
0,0,0.02005706748553728
1,1,0.9991633647798592
0,0,0.008214690244787805
0,0,0.0070440619271929
0,0,0.008044528701694052
0,0,0.006622042873372575
0,0,0.012822381731372132
1,1,0.9892613063073059
0,0,0.006872204085696082
0,0,0.008012778737514313
0,0,0.006085905395647096
0,0,0.00972123886379492
0,0,0.02353713532086016
0,0,0.010862721541459567
0,0,0.006652422619063096
0,0,0.008623679710161064
0,0,0.02469915048430293
0,0,0.005966368130764683
0,0,0.0052815956688359745
0,0,0.007093542384252486
0,0,0.00833962648883109
0,0,0.011025215109991373
0,0,0.023195687846941586
0,0,0.011533486565134917
0,0,0.01359494483200891
0,0,0.00420436022659181
0,0,0.24624470200280044
0,0,0.01284398055977878
0,0,0.006224165780098379
0,0,0.010276975373449088
0,0,0.008788057397958808
0,0,0.004778266251841948
0,0,0.005799575801796374
0,0,0.023211195078191
0,0,0.08165120771457028
0,0,0.011058498569280937
0,1,0.5736098291156434
0,0,0.06222773432823058
0,0,0.005793895529889735
0,0,0.11282959515926072
0,0,0.012210819998167276
0,0,0.006801853765384462
0,0,0.007057031889469947
0,0,0.01149188524079143
0,0,0.0056706274899142005
1,1,0.998748157498252
0,0,0.39167283217568866
0,0,0.013412834524196072
0,0,0.02794057690620128
0,0,0.006675870950125939
0,0,0.00669025221953619
0,0,0.007767276554165575
0,0,0.06854668507761819
0,0,0.006848286239418543
1,1,0.7192848910246127
0,0,0.029144600493061966
0,0,0.007388313944274431
0,0,0.024992592598858946
0,0,0.01385397541036483
0,0,0.007758095224553225
0,0,0.011458897573347141
0,0,0.027404611445634136
0,0,0.006746740126298348
0,0,0.009129356239488687
0,0,0.0075708570160768806
0,0,0.07846185346591902
0,0,0.010508046725788638
1,1,0.9993927694628507
1,1,0.9980959408357831
0,0,0.1687133956918317
0,0,0.01121806295259707
0,0,0.03066291167782767
1,1,0.5069360637801703
0,0,0.16307483229378122
0,0,0.007180835049018126
0,0,0.011535119165940253
0,0,0.014984195789588073
0,0,0.008425156051112093
0,0,0.00662433635309534
0,0,0.006505396116848011
1,1,0.9961958989938526
0,0,0.009821110059746447
0,0,0.004835585940829705
0,0,0.013219796191840426
0,0,0.02474671903573765
0,0,0.013548444783974265
0,0,0.0076354795114675945
0,0,0.007458838636688323
0,0,0.009331521302548306
0,0,0.012733445603514151
0,0,0.04853359477951236
0,0,0.015255764408002016
0,0,0.006987565972414025
1,1,0.9945592089259846
0,0,0.009409559177683687
0,0,0.4435392778800577
0,0,0.01170037485117123
0,0,0.007338122846705727
0,0,0.00888435502018383
0,0,0.01822272038028154
0,0,0.08608783590872385
0,0,0.01928644277208943
0,0,0.02272886114747155
0,0,0.009710200648936339
0,0,0.006246918133265055
0,0,0.009976073837390678
0,0,0.027893391398799195
0,0,0.037001281419813875
0,0,0.01417675614339232
0,0,0.011364923559134071
1,0,0.14235313626560403
0,0,0.006216133591714113
0,0,0.01554824402464573
1,1,0.9470833206142847
0,0,0.00854580439615194
0,0,0.010971730090777477
0,0,0.005812153724497201
0,0,0.007935461839922097
0,0,0.0052505005130053725
0,0,0.03296940666038883
0,0,0.025512643914667257
0,0,0.004352843692319017
0,0,0.028961546536886797
1,0,0.06252493330568161
0,0,0.015488333988119092
0,0,0.11533013878807465
0,0,0.006185481515127239
0,0,0.026858117542377834
0,0,0.00726053161646823
0,0,0.00591647077069567
0,0,0.009053901186202215
1,1,0.9981663721695629
0,0,0.008878740104508264
0,0,0.027385782823767725
1,1,0.999230991958858
0,0,0.01786530626079488
0,0,0.010806929011308046
0,0,0.006106369309904882
0,0,0.0924656143126423
0,0,0.00809314236393594
0,0,0.024382221984043665
0,0,0.0067197482425269146
0,0,0.007519071605994159
0,0,0.0249883724958458
0,0,0.008305249303871559
0,0,0.01660659229743135
0,0,0.04841129545405725
0,0,0.006659570918828494
1,1,0.9946677740143781
0,0,0.02804674262296013
1,1,0.9922268272533247
0,0,0.02529459144742909
0,0,0.010423191196023295
0,0,0.0061648078008362086
0,0,0.006147982338910412
0,0,0.009588846970839802
0,0,0.027310807427414388
0,0,0.01563831117037333
0,0,0.008989039980049747
0,0,0.006539609050914789
0,0,0.01330280103826037
0,0,0.03016509293335702
0,0,0.01906040416424076
0,0,0.012046989206042559
0,0,0.004063137139789046
0,0,0.009413595058574318
0,0,0.011214567545904958
0,0,0.005923503542770352
0,0,0.017091568040397402
0,0,0.03754219673646091
1,1,0.9980739927218049
0,0,0.01171809540555416
0,0,0.014519624207919446
0,0,0.007606052296525406
0,0,0.025220752903140797
0,0,0.009162822181466102
0,0,0.025466575567059623
0,0,0.013789152334856657
0,0,0.009196851076651125
0,0,0.01754570287698136
0,0,0.13191442038301554
0,0,0.007368821599912927
0,0,0.014980695116453023
0,0,0.006471465990587171
0,0,0.012264153140385333
0,0,0.006576385883784113
0,0,0.006287066641819599
0,0,0.008263091807109896
0,0,0.007356287684688994
0,0,0.011078103187848432
0,0,0.0070067687745994905
0,0,0.17753695123199822
0,0,0.018156029538671997
1,1,0.9989952106280864
0,0,0.013964269675442053
0,0,0.013309531988484292
0,0,0.006014627635288107
0,0,0.007471433967160597
0,0,0.008170414352164843
0,0,0.013763135371652396
0,0,0.014220404840681924
0,0,0.03481508654443516
1,1,0.9976850591632865
1,1,0.997732305254457
0,0,0.005532672262769796
0,0,0.007663085318741735
0,0,0.005330159352326622
0,0,0.006192161471850785
1,1,0.996087633889288
0,0,0.013641819780869832
0,0,0.006326593173825963
0,0,0.0059575086741778275
1,1,0.9994244197787664
0,0,0.019629889888186883
0,0,0.0074086430253092195
0,0,0.010699740701095162
0,0,0.005663765593266249
0,0,0.008858224477776105
0,0,0.008013479191343882
0,0,0.006056187436090914
0,0,0.008431436400779785
0,0,0.006848233692069949
1,0,0.15985640846284285
1,1,0.662167593595178
0,0,0.006063418706879165
0,0,0.008089658618027707
0,0,0.009636903733659182
0,0,0.00731740931549753
0,0,0.00711324279511851
0,0,0.010660498505988273
0,0,0.004856586150610017
0,0,0.006695881716586182
0,0,0.005613838955368254
0,0,0.0168812533897357
0,0,0.006637874010126361
1,1,0.999545805695886
0,0,0.007209305752884901
0,0,0.012582241982766914
0,0,0.006151531312731676
0,0,0.323873032355137
0,0,0.011200820768018798
0,0,0.01828650527000293
0,0,0.005584247401988649
1,0,0.012986603455498931
0,0,0.02732347573500681
0,0,0.013933186490896957
0,0,0.007681703358048136
0,0,0.007158325702139393
0,0,0.008672346322090482
0,0,0.07067279403340256
0,0,0.005219928953630267
0,0,0.012822381731372132
1,1,0.9993850611686846
0,0,0.010471016017926663
1,1,0.8398177247152533
0,0,0.007076105043196899
0,0,0.0256897716483015
0,0,0.007242444459500403
0,0,0.012679395862808364
0,0,0.014745433187048749
0,1,0.5522595704331915
0,0,0.016952686134545647
0,0,0.0068274661441462894
0,0,0.015542343526967446
0,0,0.007116708063424189
0,0,0.01591671543224855
0,0,0.42627014476522823
0,0,0.006093038464561803
0,0,0.008852545849070779
0,0,0.026393218797889077
0,0,0.009930111467362451
1,1,0.9984203489020301
0,0,0.029660489362536017
0,0,0.005890068509367584
1,1,0.9370064326817299
0,0,0.00707399953352257
0,0,0.08073596258677053
0,0,0.011456219268173707
0,0,0.011192286998249892
1,0,0.13811802525610642
0,0,0.013698084945940022
0,0,0.007675035963098308
0,0,0.012024713975719914
0,0,0.011873643786659787
1,1,0.996087633889288
0,0,0.21238654342195384
0,0,0.00888791039269727
0,0,0.04939746998840795
0,0,0.42827719699168215
0,0,0.007250241793141818
0,0,0.43447563100184616
0,0,0.00473269541223534
0,0,0.037306876112601986
0,0,0.013449910778652823
0,0,0.01554626819442113
0,0,0.19184197919674859
0,0,0.006092299146636244
0,0,0.009693194626673283
1,1,0.9982970335799524
1,0,0.01682550673061335
0,0,0.01023457738157002
0,0,0.00508685683698184
0,0,0.007764345383112404
0,0,0.00634455267537773
0,0,0.005038163907439158
0,0,0.01195047020089532
0,0,0.01098776236997589
0,0,0.015187658292028257
0,0,0.025701850567772522
0,0,0.013377190385331214
0,0,0.005960134152797693
1,1,0.9986673280418987
0,0,0.017808658447242564
0,0,0.009814018101601435
0,0,0.007346667741519783
0,0,0.008126927114216932
0,0,0.014750391148838573
0,0,0.00682093953589535
0,0,0.009642577491104259
0,0,0.007415595328632028
0,0,0.011353958697179192
0,0,0.0056990863241979965
0,0,0.0071260992447672936
1,0,0.47608706523347116
0,0,0.030059221186077758
0,0,0.013188592827845744
0,0,0.007860970737361297
0,0,0.020205370382569057
0,0,0.030126220709354404
0,0,0.012809474432051007
0,0,0.006325535933020427
0,0,0.02630713863695989
0,0,0.017154405513999833
0,0,0.19590555489525366
0,0,0.012636940444696173
0,0,0.07579225114932467
0,0,0.020990646065567862
0,0,0.0063572258405438006
0,0,0.031574253611083375
0,0,0.02645396263691676
0,0,0.030091658756552907
0,0,0.01952084094629498
0,0,0.03381404071970791
0,0,0.01047309777823077
0,0,0.009669342882631866
0,0,0.01632208917775926
0,0,0.0077163318929546094
1,1,0.9701416438160062
0,0,0.006935380498078293
0,0,0.09249694123447592
0,0,0.011114980321838965
0,0,0.008208406752637612
0,0,0.007399025220621686
0,0,0.022841510441574855
0,0,0.14847650037200705
0,0,0.04022071870749332
0,0,0.01779006207733229
0,0,0.005998228152833782
0,0,0.00673788144521418
0,0,0.00604594694818179
0,0,0.0156295158820544
0,0,0.09068062703480752
0,0,0.011950738857796598
0,0,0.01566147555280301
0,0,0.008980910518915579
0,0,0.007236815388446671
0,0,0.007278967106718562
0,0,0.023260354900270085
0,0,0.015589986535237896
1,1,0.9249568435161132
1,1,0.9997098878074855
0,0,0.07057513849432577
0,0,0.008383203773789474
0,0,0.09179685846904888
0,0,0.0066206289404550245
0,0,0.0062470185818861365
0,0,0.005257942495726048
0,0,0.006513059228387143
1,1,0.9995568080411052
0,0,0.005667278324977345
0,0,0.006863366911294878
0,0,0.00970725986519834
0,0,0.0072810386689500925
0,0,0.029304465537652855
0,0,0.007761015219964569
0,0,0.027744232902873405
0,0,0.018777158419544738
0,0,0.011483590415177242
1,0,0.012066747379013674
0,0,0.011390055923169516
1,1,0.7016208647378934
0,0,0.008103559604025257
0,0,0.006786267018408143
0,0,0.007651235518891151
0,0,0.006672727313107299
0,0,0.006185411986060876
0,0,0.011574308525344149
0,0,0.007486412327924427
0,0,0.006609293871023042
0,0,0.006791094137423092
1,1,0.9957573404913672
0,0,0.2416844858219167
0,0,0.011115805106524069
0,0,0.00743854593556385
0,0,0.0098865905513232
0,0,0.008092571460323992
0,0,0.016946692392707328
0,0,0.006971469566608864
0,0,0.03080552006072709
0,0,0.005864755123517481
0,0,0.02566965051529251
0,0,0.008669010166907944
0,0,0.00629345355143181
0,0,0.008744716396231639
1,0,0.057636393626765654
0,0,0.020521695085760763
0,0,0.01901026768428666
0,0,0.008772026591353885
0,0,0.009520453657980262
0,0,0.011502676615261132
1,0,0.008660927182970303
0,0,0.010181759242206396
0,0,0.030802666468583362
0,0,0.158228661880448
0,0,0.010328656143089152
0,0,0.017589418293236896
0,0,0.005527818468780842
0,0,0.013889070999653742
0,0,0.012289990332776043
0,0,0.028897633749496672
0,0,0.0070353095223129394
0,0,0.019382240359169856
0,0,0.018563200407018934
0,0,0.0164734802905515
0,0,0.010438705549181419
0,0,0.013533387857609082
0,0,0.00619179242469483
0,0,0.011947414561699891
0,0,0.11178645947518459
1,1,0.9992220836863485
1,1,0.9985589601895214
0,0,0.020614529882508226
0,0,0.006807439744607709
0,0,0.14133556797629757
0,0,0.27464733346519826
0,0,0.04032164491202949
0,0,0.010251203956167042
1,1,0.998098219581225
0,0,0.014038442892641844
0,0,0.009600493432972404
0,0,0.008984951062941235
0,0,0.007741122105986597
0,0,0.017824798015851358
0,0,0.11203390666700921
0,0,0.02102287059692882
0,0,0.0055325575929798445
0,0,0.007134542020506459
0,0,0.0068544981388021075
0,0,0.01408775706722904
0,0,0.0057755962262760864
0,0,0.009244745322745338
0,0,0.010070296111461402
0,0,0.0951502389083513
0,0,0.01051786847298555
0,0,0.16114139639380812
0,0,0.017783078318973494
0,0,0.008823199763958066
0,0,0.0071015744751307544
0,0,0.008246952608601615
0,0,0.01386134303045552
0,0,0.06621961475818626
0,0,0.013200690131312207
0,0,0.027499680930675587
0,0,0.011396904752152997
0,0,0.06642667807177013
0,0,0.02437467344888997
0,0,0.010029165973806053
0,0,0.023756093356033917
0,0,0.00836707592574324
1,0,0.187861156745339
0,1,0.5308628354787599
0,0,0.005918471858838922
1,1,0.9966678547908798
0,0,0.012501505295782025
0,0,0.006769870505759255
0,0,0.005915583144422016
0,0,0.006448130843185128
0,0,0.02606867320615371
0,0,0.054687426193824974
0,0,0.03137094646589517
0,0,0.022388346440698165
1,1,0.9984540723399272
0,0,0.1942311999999964
0,0,0.007131062257070335
1,1,0.9995085958862893
0,0,0.007034289079451013
0,0,0.008719914057615595
0,0,0.0074490663981480335
1,1,0.9992362389705989
0,0,0.006297175375963145
0,0,0.05989492412004099
0,0,0.007079124171609416
0,0,0.009493388593620465
0,0,0.012900616062185807
0,0,0.007390809274572357
0,0,0.041342597575224446
0,0,0.011816662826566317
0,0,0.006607594387361094
0,0,0.016562595870173443
1,1,0.9983026946781257
0,0,0.008933391897033755
0,0,0.011467177850399229
0,0,0.011533307618925685
0,0,0.052710572106714385
0,0,0.013699793220801818
0,0,0.005978638795164959
0,0,0.011704804129774133
0,0,0.006324961498758904
0,0,0.028752577441956948
0,0,0.007206404562203549
0,0,0.007374694621896682
0,0,0.0053550415869628954
0,0,0.006903218585676994
0,0,0.007908999841067558
0,0,0.013285703676281879
0,0,0.018098667157098635
0,0,0.005462952350843578
1,0,0.2563419706840409
0,0,0.010116258390012366
0,0,0.015366857527753516
0,0,0.010917420159510673
0,0,0.043096445599609665
0,0,0.004434784234834993
0,0,0.008914999921070331
0,0,0.11721959811858669
0,0,0.00735429591975598
0,0,0.007159856800760375
0,0,0.007357798265310026
0,0,0.010074912557702032
0,0,0.005688806076589177
0,0,0.009308922763136362
0,0,0.010766398412967568
0,0,0.029732714426197862
0,0,0.0039022159808375576
0,0,0.009974322900450088
0,0,0.010907421850067217
0,0,0.015291761365563934
0,0,0.009971383935612687
0,0,0.013423993406043175
0,0,0.006243496831359101
0,0,0.007771417312466961
0,0,0.010487138394191927
0,0,0.011451008341215577
0,0,0.005320471701938556
0,0,0.008620316013474691
0,0,0.020947665546366668
1,0,0.34949526395120467
0,0,0.057680614921621236
0,0,0.02128234860201389
0,0,0.03560421388229341
0,0,0.006715216723003269
1,1,0.9879789618947681
0,0,0.00745885176310883
0,0,0.00402557584206358
0,0,0.00811510614298616
0,0,0.015228249494707746
0,0,0.023659933201059944
0,0,0.006190136750633272
0,0,0.04605916749905323
1,0,0.07078241208838498
0,0,0.009474437332696036
0,0,0.020728074096236816
0,0,0.008256315981031121
0,0,0.005853222959745136
0,0,0.056922730832041385
0,0,0.023520432127203367
0,0,0.006886752421266596
0,0,0.00562214472530412
0,0,0.006035287389220513
0,0,0.05577697297128172
0,0,0.014129436406163428
0,0,0.034798722189913006
0,0,0.004199782477489991
0,0,0.0973041380674617
1,1,0.8369215413212127
0,0,0.051507195276991324
0,0,0.005748193633959116
1,0,0.33802792872193776
0,0,0.02421066809811344
0,0,0.006487367542932372
0,0,0.03024196529302619
0,0,0.00862353766344745
0,0,0.006720177167966428
0,0,0.02647109336192765
0,0,0.0066422156421529245
1,1,0.9841456948607218
0,0,0.04052634672352593
0,0,0.017611586439625758
0,0,0.014810314582912425
0,0,0.029075693328654825
1,1,0.9985477609707948
0,0,0.012241256558140833
0,0,0.008303211119599497
0,0,0.011171294232509704
0,0,0.007577762715133253
0,0,0.007092156308155638
0,0,0.006864958709872146
0,0,0.007066050224367004
0,0,0.0077447074497460295
0,0,0.006518870445149576
0,0,0.02051635871293741
0,0,0.005702698240857493
0,0,0.010849551605423674
0,0,0.01045620718135995
0,0,0.007055261010525705
0,0,0.005593292604863762
0,0,0.005744110974132321
0,0,0.027470798339975688
0,0,0.016465977445917504
0,0,0.004800905540147552
0,0,0.023758814455625984
0,0,0.18594185778673347
0,0,0.006779965918684691
0,0,0.015229742760437448
1,1,0.9985108446244347
0,0,0.010777182783268491
0,0,0.0360549665534203
0,0,0.006572832701980776
0,0,0.007130876239455632
0,0,0.005344217839149392
0,0,0.03877673247227848
0,0,0.0053869399051830365
0,0,0.006156441790910629
0,0,0.031448250172389655
0,0,0.007141383774397541
0,0,0.0076289483874268154
0,0,0.022200411246175118
1,0,0.045777972340747965
0,0,0.007030375233584106
0,0,0.008260528925960015
0,0,0.005588220948647874
0,0,0.012104902783980666
0,0,0.007063999301820754
1,1,0.9981111649829646
0,0,0.007537489681775996
0,0,0.04820883638806757
0,0,0.008360400507802098
0,0,0.029662262691136847
0,0,0.010577396576395797
0,0,0.1309620977477653
0,0,0.006284293233286825
0,0,0.023990322714688574
0,0,0.01739964466835363
0,0,0.020495736843350997
0,0,0.005960134152797693
0,0,0.007773982426769971
0,0,0.04110817610347243
0,0,0.01094503587843222
0,0,0.02742613416487251
0,0,0.008027339841543543
0,0,0.012377366573120363
0,0,0.013068523925312962
0,0,0.017997360779939336
0,0,0.2148374656185035
0,0,0.00420436022659181
0,0,0.017982757678855054
0,0,0.011462693332556357
0,0,0.008268696964256406
0,0,0.10742447558008393
0,0,0.008641067555304438
0,0,0.29624549286226065
0,0,0.015422800460976355
0,0,0.01103161223374182
0,0,0.008119889629745058
0,0,0.05953443832771916
0,0,0.03293889559944672
0,0,0.009343827530573204
0,0,0.006037261260359462
0,0,0.006831140180174341
0,0,0.008889445741402947
0,0,0.012660077637219075
0,0,0.02137245608080975
0,0,0.010878650882662528
0,0,0.020168758413809502
0,0,0.007932491845488632
0,0,0.004669643371234386
0,0,0.012903054825635927
0,0,0.0075169862815554515
0,0,0.013074358486034172
0,0,0.011738434025027401
0,0,0.00796197364891839
0,0,0.006704135216693902
0,0,0.026200519691837856
0,0,0.007705435851035358
0,0,0.024526700044149852
0,0,0.006852483202517051
0,0,0.010933080170295742
0,1,0.7621875901008175
0,0,0.010332968667454843
0,0,0.006977530738062434
1,1,0.9998251196951892
1,0,0.45222593813520073
0,0,0.005897302393933266
0,0,0.07838186605403816
0,0,0.013705823098518415
0,0,0.012778187205137908
0,0,0.01380457224685132
0,0,0.006617135634388328
0,0,0.012088314789951498
0,0,0.004759183598798962
1,1,0.9978814970937241
1,0,0.2559769929004876
0,0,0.1688180178361583
0,0,0.01876524619968475
0,0,0.01888582961005569
0,0,0.005983562182346733
0,0,0.011252065237824961
0,0,0.01011560720866496
0,0,0.011055757859395113
0,0,0.00462289006529453
0,0,0.010265219224073833
0,0,0.006450738894594858
0,0,0.10229863003173256
1,0,0.2516426681978746
0,0,0.005795750266156321
1,1,0.5114045643816002
1,1,0.9973998247475125
0,0,0.0069805818552222485
0,0,0.009222972715446516
0,0,0.0068742790106441935
0,0,0.006538919186151406
0,0,0.03452895702044073
0,0,0.047411932635909704
0,0,0.006253129332404377
0,0,0.008934695911467032
0,0,0.022473103435809882
0,0,0.00650846935389632
1,1,0.9977728492663684
0,0,0.05387221208742825
0,0,0.007502440253297314
1,1,0.8716732969093662
0,0,0.007979974028283609
1,1,0.9897657462888654
0,0,0.030893625943591307
0,0,0.01026613120194061
0,0,0.006266400753407464
0,0,0.0047539114675767945
0,0,0.004915655143439045
0,0,0.025153167563597877
0,0,0.006690811953174314
0,0,0.029094000682287048
1,1,0.9966411390660366
0,0,0.06061259252226729
0,0,0.06222747884500877
0,0,0.01621663622942563
0,0,0.06436098045366064
0,0,0.012849463225056463
0,0,0.006662294065797866
1,1,0.9993110286627347
0,0,0.07025871542433744
0,0,0.015730255143159975
0,0,0.005828134530418886
0,0,0.007455874365968062
0,0,0.012927846441827495
0,0,0.040290887401987156
0,0,0.004747370533182636
0,0,0.0166527086795383
0,0,0.007744415237100452
0,0,0.006984100469553354
0,0,0.010379011072944028
0,0,0.007865938756638702
1,1,0.914242451154823
0,0,0.008440532989677093
0,0,0.021631075964308792
0,0,0.0075745304305055335
0,0,0.005350518088045534
1,1,0.9985307715964838
0,0,0.0055310861501583685
1,1,0.9980810934890469
0,0,0.005950545614795069
0,0,0.00847880161599528
1,1,0.9996608313056208
0,0,0.012090540975749431
1,1,0.9974984058076477
0,0,0.006346870913058105
0,0,0.017562263437706723
0,1,0.7437616797637621
0,0,0.008265663061282173
1,1,0.9997331397012382
0,0,0.10231459138654476
0,0,0.004075535442988718
0,0,0.15126876772571454
0,0,0.009390886882766139
0,0,0.006080645509637949
0,0,0.01433857459224252
0,0,0.00828378069069007
0,0,0.006938165591303757
0,0,0.006625380598501664
0,0,0.012562186538935052
0,0,0.007582189860220563
0,0,0.00885914297046569
0,0,0.011325673791935094
0,0,0.013590213267499667
0,1,0.6048650333550141
0,0,0.006093528002942883
0,0,0.005358920237715691
0,0,0.006134509455617485
0,0,0.007565753867377263
0,0,0.0062952522727161295
0,0,0.03785598106187702
0,0,0.005603766299200939
0,0,0.0076208045456468846
0,0,0.0067432527658174615
0,0,0.006944500019761229
0,0,0.025166075981627
1,1,0.9988165472447679
0,0,0.007453292224761166
1,1,0.965082234461805
0,0,0.0495067468092394
0,0,0.00829574462139188
0,0,0.025991385609956046
0,0,0.011975086126683087
0,0,0.007655747234039927
0,0,0.00783931217273367
0,0,0.029367794664399493
0,0,0.008744543856191585
0,0,0.007082019331071481
0,0,0.010799451121991228
0,0,0.01492739095085744
1,1,0.995026915238865
0,0,0.21400312785779999
0,0,0.01614189248785972
0,0,0.012661797719682937
0,0,0.022301796012102415
0,0,0.23831422860100382
0,0,0.00655963063782727
0,0,0.011895019172709458
0,0,0.006480255202433024
0,0,0.005713137618733459
0,0,0.06659461528386713
0,0,0.008271254104118714
0,0,0.022537813799432264
0,0,0.016474141639415345
0,0,0.006692302069388144
0,0,0.010063188463218213
1,0,0.012156875417515416
0,0,0.04872162214819006
0,0,0.0077807098461811115
0,0,0.01170037485117123
0,0,0.01719206333786231
0,0,0.010741700853161255
0,0,0.007212527424092898
0,0,0.011951812398070307
0,0,0.013430232926306348
0,0,0.009396002860746126
0,0,0.28475041060401146
0,0,0.01578216765293488
0,0,0.015488882142850874
0,0,0.008391829740195561
0,0,0.007539252988103417
0,0,0.016494524562776246
0,0,0.025518628047792327
1,1,0.8642354811096524
0,0,0.1730225622642594
0,0,0.011879259830951918
0,0,0.012310260134320794
0,0,0.012429643620405826
0,0,0.008312089821871246
0,0,0.006563058682846457
0,0,0.010299504216693142
0,0,0.15070287843667338
0,0,0.13229034921305732
0,0,0.004967856020336134
0,0,0.013189378706122062
0,0,0.026936583987099603
0,0,0.011668057800466949
0,0,0.006494491568281409
0,0,0.13075246130475035
0,0,0.005832353301059987
0,0,0.005351829380518627
0,0,0.03532760739460016
0,0,0.015887679011345975
0,0,0.020171621228811793
0,0,0.13191442038301554
0,0,0.007017714566074035
0,1,0.8765725328221715
0,0,0.438671812218209
0,0,0.00801170337290245
0,0,0.006508179753734903
0,0,0.005260206207360605
0,0,0.019391978424734214
0,0,0.0177840743854966
0,0,0.005269746067210234
0,0,0.04200336338959615
0,0,0.009738245821002774
0,0,0.010216746209639258
0,0,0.008513253843091708
0,0,0.006876805781885583
0,0,0.007685350792477162
0,0,0.010363034650523217
0,0,0.010171133725898174
0,0,0.010027998568261214
0,0,0.038720076765261416
0,0,0.022097691204735353
0,0,0.01038941072269241
0,0,0.0053087482872729115
1,1,0.9984949695965297
0,0,0.006647444993058982
0,0,0.021874808069132952
0,0,0.0064612109702968
1,0,0.013122295860354854
0,0,0.01250528219808501
0,0,0.004658796440618993
0,0,0.029780463375991693
0,0,0.006991432235743024
0,0,0.006446588810062921
0,0,0.018891048019127808
0,0,0.00932212330103937
0,0,0.030720905791588565
0,0,0.00938744640270105
0,0,0.027176975772645464
0,0,0.008637740126636755
0,0,0.019391978424734214
0,0,0.009941883354976372
0,0,0.0612168478659192
0,0,0.005296360119764307
0,0,0.00572488020602013
0,0,0.011795568177532304
0,0,0.006641154792618991
0,0,0.008391315391210734
0,0,0.008365501046340706
0,0,0.030479777773285355
0,0,0.007789170370358573
0,0,0.007074925048490305
0,0,0.013403398936165276
0,0,0.011048698197091414
0,0,0.006365586137568116
0,0,0.007002932758949695
0,0,0.007114893734494554
0,0,0.02404905042456525
0,0,0.006963738595077559
1,1,0.9971239575325911
0,0,0.009386706677198133
0,0,0.013194351429885311
0,0,0.024689250783446342
0,0,0.007562170245892789
1,0,0.013431920811035815
0,0,0.007618779604560144
0,0,0.11282959515926072
0,0,0.007946909877229348
0,0,0.010230315424662349
1,1,0.9996735826583669
0,0,0.007755423124412797
0,0,0.14740558320165223
0,1,0.7475024052622952
0,0,0.015056764021193561
0,0,0.00803582760000178
0,0,0.016276944128392885
1,1,0.996650635668047
0,0,0.044126644432583025
0,0,0.294918076824353
0,0,0.006666073998741076
0,0,0.006385299233829859
0,0,0.06881442095844119
0,0,0.005560565983783532
0,0,0.014738169825108852
0,0,0.006213607669409508
0,0,0.010017309062399957
0,0,0.008026567412310441
0,0,0.017823227885111835
0,0,0.26999534905988193
1,1,0.9963723762280529
0,0,0.006776532496543997
0,0,0.010168508316637532
0,0,0.00683033012924303
0,0,0.012773373788716933
0,0,0.00503155063143602
0,0,0.05095527366284508
0,0,0.007299738526155952
0,0,0.009958780343668396
1,1,0.9978645607379845
0,0,0.004950588732959363
0,0,0.015431596483563821
0,0,0.007243455941816402
0,0,0.013483785179217238
0,0,0.007984287418039743
0,0,0.015602080073997906
0,0,0.008877269617540729
0,0,0.007486672920810582
0,0,0.014417419222735858
0,0,0.04380822505154217
0,0,0.08977732224672705
0,0,0.01071046903469748
0,0,0.006280911661921744
0,0,0.010333653063772293
0,0,0.22748738475236957
0,0,0.029246932194483558
0,0,0.006557775579717852
0,0,0.007823986131293377
0,0,0.010055814878534127
0,0,0.019526464167421133
0,0,0.023767281117347886
0,0,0.006703547156493426
0,0,0.049550101769466934
0,0,0.009183138176195212
0,0,0.007152882280015713
0,0,0.006569463133430162
1,1,0.6143799015421489
0,0,0.006360932825413955
0,0,0.010393388297791397
0,0,0.023154852183287278
0,0,0.01616003162518399
0,0,0.005656449426666835
0,0,0.009019677593337523
1,1,0.9982442111164657
0,0,0.061226564826771565
1,1,0.9944269704198336
0,0,0.008226624483905293
0,0,0.14982694109077516
0,0,0.008233203133900411
0,0,0.007509660240700378
0,0,0.007715889373496219
0,0,0.009973134950743215
1,0,0.17364875078360675
1,0,0.3523405398416114
0,0,0.007186841274691721
0,0,0.007824595690685046
0,0,0.005626498542313272
0,0,0.007156791087654049
0,0,0.008370149017071003
0,0,0.01102650545197846
0,0,0.009362992993219087
0,0,0.04309299752617448
0,0,0.04345776147226164
0,0,0.007439661213352534
0,0,0.03617064884095583
0,0,0.006514890111673541
0,0,0.019319994472425103
0,0,0.017583246977926736
0,0,0.00789415017962287
0,0,0.004903635462482033
0,0,0.0063512319881330334
1,1,0.9954170294570731
0,0,0.059474987855284905
0,0,0.01300332912647242
0,0,0.006170728330174064
0,0,0.0071224123042624874
0,0,0.011469981439852598
0,0,0.03922957641402327
0,0,0.00769449253899472
0,0,0.028805801490573005
0,0,0.03618074456538261
0,0,0.022075496508222447
0,0,0.02817940437319196
1,0,0.2723277371827094
0,0,0.0076830231161587005
0,0,0.03711179013680924
0,0,0.009663236627453437
0,0,0.006407105281558494
0,0,0.010572989127305275
0,0,0.019381951016101823
0,0,0.05775305806473772
0,0,0.011657574400261593
0,0,0.0063682679617235085
0,0,0.02596512495321997
1,1,0.9930635091551446
0,0,0.0072001447224554795
0,0,0.008480084394790746
0,0,0.024235863226911344
0,0,0.007009751841512466
0,0,0.025105308559107645
0,0,0.02223852686207492
0,0,0.006161496761181155
0,0,0.012512559865979602
0,0,0.007032281490506591
0,0,0.013213129048168024
0,0,0.008596744314973585
0,0,0.012151458347411954
0,0,0.011578217463244703
0,0,0.0064188466257526135
0,0,0.0061605897953389945
0,0,0.021495219554039286
0,0,0.01619197002785538
0,0,0.006278202707637362
0,0,0.011255966071346643
0,0,0.008007796220330314
0,0,0.010485143436692898
0,0,0.014496455079904982
0,0,0.3133002087363008
0,0,0.15711179673884115
0,0,0.011572249346700791
0,0,0.013980276308853118
0,0,0.08724531445863126
0,0,0.008791132103917321
0,0,0.00533774977914339
0,0,0.01203827877148398
0,0,0.00722305642498431
0,0,0.026720926636256272
0,0,0.013161888999962193
0,0,0.0067419094124100045
0,0,0.006039780153436948
1,1,0.9984203489020301
0,0,0.019517568487307686
0,0,0.0062483292770542315
1,1,0.9952821437244427
0,0,0.01234927200128909
0,0,0.019827605098416544
0,0,0.006355505000940853
0,0,0.009192606896803094
0,0,0.009485306995599605
0,0,0.044950100933200184
0,0,0.006709698624874761
0,0,0.005243848504694767
0,0,0.010920039484335512
0,0,0.006157355662292285
0,0,0.01076630407041575
0,0,0.010567853790871868
1,1,0.996089321418699
0,0,0.016871312803991578
0,0,0.005466764301008375
1,1,0.9978606680316126
0,0,0.013946813880240678
0,0,0.023167066384551505
0,0,0.009553681642452674
0,0,0.008758360540766017
0,0,0.014763380734877492
0,0,0.01004547234007014
0,0,0.010374481462740915
1,1,0.9978414228836632
0,0,0.013931987437857245
1,1,0.9996647827974883
0,0,0.010311755299677232
0,0,0.010807741308198247
0,0,0.024307023725787247
0,0,0.016593458624068805
0,0,0.06967044397950495
0,0,0.03257418097825024
0,1,0.5459298787482784
0,0,0.012167654150347219
1,1,0.9978307481166783
0,1,0.6858861463110412
0,0,0.005441745747131213
0,0,0.014966803627141263
0,0,0.006798402792025835
0,0,0.007983208976598018
0,0,0.011411704048132625
0,0,0.0057477318877016325
0,0,0.007580777528159841
0,0,0.005327444740147944
0,0,0.012945970407568525
0,0,0.007591012454629285
0,0,0.009302528546299553
0,0,0.011773700342257
0,0,0.010706559753848596
0,0,0.007230304293644274
0,0,0.10644134368449826
0,0,0.00818839467370924
0,0,0.01554824402464573
0,0,0.016574031113755012
0,0,0.0065615308629641605
0,0,0.010278090596389473
0,0,0.00915761195809923
1,1,0.9996647827974883
0,0,0.011845752053840511
1,1,0.9992464090755808
0,0,0.01144426974235349
0,0,0.06407383730735859
0,0,0.05018631718565396
0,0,0.05103405639139486
1,1,0.9984203489020301
0,0,0.01100165104307895
0,0,0.045426855885137715
0,0,0.00779602415961211
0,0,0.0674414073119902
0,0,0.009098881026092303
0,0,0.07758917623979476
0,0,0.007260092579116657
1,0,0.005659920015902614
1,1,0.9970600556786724
0,0,0.00796568879738649
0,0,0.0101114826644948
1,1,0.9945337305616231
0,0,0.041222767100780475
0,0,0.015000817277197268
0,0,0.01049255818170109
0,0,0.0087458370538636
0,0,0.0534958065861995
0,0,0.030477987923141603
1,0,0.28319942040096574
0,0,0.007903538532103984
0,0,0.034377377682106816
0,0,0.031430818068120765
0,0,0.04237414125415576
0,0,0.008850484945785943
0,0,0.013365301991979139
0,0,0.019828002153853636
1,0,0.03882589745672145
0,0,0.006690372261416535
0,0,0.008660203654061643
1,1,0.9956924607056815
0,0,0.013870590715770736
0,0,0.0074860793962184076
0,0,0.005961439193955771
0,0,0.0228210065304513
0,0,0.05596305027213199
0,0,0.005806595042936296
0,0,0.012190993298956369
0,0,0.0055416093686791075
0,0,0.2939920419873197
0,0,0.007038234072081369
1,1,0.9051731011716029
0,0,0.0668723425275341
0,0,0.010699740701095162
0,0,0.006574128307987342
0,0,0.005043116381598293
0,0,0.008495721386707426
0,0,0.010776020833445064
0,0,0.012826680395507077
0,0,0.006188974305389215
0,0,0.011271857018205177
0,0,0.006941146906340423
0,0,0.006103557733987989
0,0,0.010523233155470352
1,0,0.13459983741713902
0,0,0.018057283982043718
1,1,0.9846588892270288
0,0,0.00784971497371355
0,0,0.01858310662027637
0,0,0.0059105594184075
0,0,0.01208389333741664
0,0,0.007694424733683449
0,0,0.006824244939197813
0,0,0.006558720674252027
0,0,0.021797067458547464
0,0,0.014024046034632998
0,0,0.006352521708434363
0,0,0.018509210043771537
0,0,0.037333326364846445
0,0,0.010308277371804765
0,0,0.006338605174102538
0,0,0.006274961353454498
0,0,0.01583574542233867
0,0,0.010768702674291938
0,0,0.008941254079204212
0,0,0.012103127776688784
0,0,0.00586764946112272
0,0,0.00598639441460222
0,0,0.007645986819704074
0,0,0.012642524901407092
0,0,0.011150435657625581
0,0,0.013623765691187431
0,0,0.0074812054126190235
0,0,0.017399968562280595
0,0,0.024934921273607063
0,0,0.008522547369075624
0,0,0.009430018093390906
0,0,0.027377531293718498
0,0,0.010723455772010965
0,0,0.014318069460282128
1,1,0.9995085958862893
0,0,0.01117571728867081
0,0,0.02182589430719965
0,0,0.007864685117872451
1,1,0.9938632631177656
0,0,0.008495238440480665
0,0,0.030222445271181803
0,0,0.01259645233956567
0,0,0.005740735939751096
0,0,0.008140374734028335
0,0,0.010509582774500096
1,0,0.1075176282472111
0,0,0.007360966045724051
0,1,0.5368032690271508
0,0,0.010910931978883865
0,0,0.013928226016347451
0,0,0.010945238373033427
0,0,0.005923503542770352
0,0,0.0091541401475956
0,0,0.008534833731090348
0,0,0.0069865966371264725
1,0,0.41795435674374287
0,0,0.017881203810545414
0,0,0.027484730226522248
0,0,0.02382190311186778
0,0,0.007315427323758819
0,0,0.004957404795320875
0,0,0.03671569325673234
0,0,0.009322762007324625
0,0,0.010450200872522191
0,0,0.034080803158789
0,0,0.05036065950883536
0,1,0.559131630233835
0,0,0.009065251570364202
0,0,0.007788838480091772
0,0,0.012724063696257684
0,0,0.005355970233094798
0,0,0.03666423433358226
0,0,0.007014642418139424
1,0,0.49808550194695994
0,0,0.08001484474687572
0,0,0.006462129675566365
0,0,0.006518647393929781
0,0,0.01590493938799232
0,0,0.03351518426202745
1,1,0.997454852949782
1,1,0.5694664277242729
0,0,0.10596494016336484
0,0,0.035523210278197534
0,0,0.007680820735341392
0,0,0.020522243980950445
0,0,0.00897994856666051
0,0,0.004671902072632622
0,0,0.008232350844032208
0,0,0.04935100698271059
0,0,0.08740581660303012
0,0,0.017051258652011788
0,0,0.03869975307476417
0,0,0.008374564259584128
0,1,0.7061487126272478
0,0,0.007327906041152308
1,1,0.9979048714661223
1,0,0.1365637845660716
0,0,0.009568255194899757
1,1,0.9946910857507553
0,0,0.042908222552262114
0,0,0.008567248233951974
0,0,0.027216054243608703
0,0,0.008516281870605913
0,0,0.00525248703870406
0,0,0.007103410026737738
0,0,0.012388443975100897
0,0,0.010148491741605717
0,0,0.0036536843216271875
0,0,0.012133183517760745
0,0,0.008375769476077847
0,0,0.006317350324556961
0,0,0.0068710954598506365
0,0,0.008043320893987647
0,0,0.47777820064659493
1,1,0.8105206153211184
0,0,0.005355157099947706
0,0,0.0266078181142832
0,0,0.32119927525080866
0,0,0.008271501189330283
1,1,0.999434969109925
0,0,0.006254994193707123
0,0,0.007066574250821533
0,0,0.003853349240918382
0,0,0.007527281720962697
0,0,0.006557258650525869
0,0,0.0069229015763831595
0,0,0.006529184752742919
0,0,0.006397750302566851
0,0,0.016757577407340664
0,0,0.007208131955123497
0,0,0.006380038497271414
0,0,0.008088556528567645
0,0,0.006333994550338394
0,0,0.01033351291300996
0,0,0.027114445218518555
0,0,0.013563114503878117
1,1,0.998748157498252
0,0,0.006221827183604344
0,0,0.012303399310069444
0,0,0.009077728168693844
0,0,0.0062985548951089215
0,0,0.008324020417455365
0,0,0.014887283819104122
0,0,0.006278100612711693
0,0,0.011060297595294805
0,0,0.005947222282046432
0,0,0.10679761795766299
0,0,0.006480306561220727
0,0,0.00904477232301267
0,0,0.033276138892966815
0,0,0.01014094132516401
0,0,0.009703320981475562
0,0,0.02350864311398292
0,0,0.008623679710161064
0,0,0.007814855437885909
0,0,0.022269253343326533
1,0,0.2563567412698971
0,0,0.011392425011025267
0,0,0.017091644790745604
0,0,0.004896911090926524
0,0,0.007368323277192479
0,0,0.006555860704557311
0,0,0.006414702521140331
0,0,0.020679530663374017
0,0,0.1767337131429085
0,0,0.010931785176479717
0,0,0.13234657164377694
0,0,0.009671102733306585
0,0,0.01802013776839821
0,0,0.006430990848704226
0,0,0.014441303382923267
0,0,0.005221405238555234
0,0,0.0161185511968188
0,0,0.00608241144074343
0,0,0.00928468724082525
0,0,0.006334939551330449
0,0,0.0073032725108684365
0,0,0.007615103083724112
1,1,0.9660797864793735
0,0,0.011789350405950545
0,0,0.0069005256239924
0,0,0.006872823605136043
0,0,0.011051835629529137
0,0,0.009014735004432062
0,0,0.018533093282603625
0,0,0.011473425437722798
0,0,0.009088264959161528
1,1,0.9990727256930262
0,0,0.0905839466635096
1,1,0.9965768057579882
0,0,0.008658418408908368
0,0,0.034560975361451265
0,0,0.012267892346456978
0,0,0.007699855210920272
0,0,0.018879572805782487
1,0,0.09524378715199812
0,0,0.044387223902705115
0,0,0.016262718852124814
0,0,0.005433283573267407
0,0,0.014976706406181206
0,0,0.012304836623685951
0,0,0.02452057601486089
0,0,0.014192647583988426
0,0,0.004107428940794975
0,0,0.008902894444202484
0,0,0.03136967584780064
0,0,0.01802013776839821
0,0,0.017546745346508963
0,0,0.008730711013741406
0,0,0.006744772111619735
0,0,0.009536451428209297
0,0,0.008020318292643734
0,0,0.005841244160960637
0,0,0.005428309607412991
0,0,0.006519664159032512
0,0,0.009343214090438612
0,0,0.008324637298557926
1,1,0.9987419313953714
0,0,0.009086542144928189
1,0,0.11410782417041071
0,0,0.006445742866216912
0,0,0.005946790386591484
1,1,0.990948992828647
0,0,0.010222884623643543
0,0,0.006320769994202445
0,0,0.006648582469100254
0,0,0.01614189248785972
0,0,0.10317378625439302
0,0,0.13659030258693738
0,0,0.006861289181527181
1,0,0.027382148634343663
1,0,0.3034100733075289
0,0,0.008532858336206515
0,0,0.019825639074682124
0,0,0.006340799459037642
0,0,0.007583174094204599
0,0,0.009413595058574318
0,0,0.010837556163644456
0,0,0.013849430185455765
0,0,0.00874453238377184
0,0,0.006227590706995039
0,0,0.007779260100050056
0,0,0.01101179689798437
0,0,0.006170096812373009
0,0,0.007479919964437644
0,0,0.010007202260801705
1,1,0.7892252706224926
0,0,0.005730589962304404
0,0,0.0063995460811608175
0,0,0.006204274075334242
0,0,0.014813063492240451
0,0,0.03383365036553082
0,0,0.008912864349440584
0,0,0.030362574964333516
0,0,0.005444068279412233
0,0,0.1383780264943915
0,0,0.022104850141553216
0,0,0.008586663858660156
1,0,0.01708171710960138
0,0,0.010250751252158798
1,1,0.9977537156732209
0,0,0.006669552975289367
0,0,0.01682550673061335
0,0,0.005950707106263833
0,0,0.007145078598197579
0,0,0.0325869307238147
1,1,0.8252485697454692
1,0,0.2262132883161279
0,0,0.005736952389379799
0,0,0.02191905323119754
0,0,0.011615915633871543
0,0,0.009088546183029882
0,0,0.0070461405001068685
0,0,0.025088352184704253
0,0,0.007694408826222318
0,0,0.019853155281737176
1,0,0.006583730009788431
0,0,0.009581502550374469
1,0,0.0156572017888029
0,0,0.021700471414766775
1,1,0.9983532900546725
0,0,0.006068181448130546
1,1,0.5666633702627846
0,0,0.008331029609518197
0,0,0.014367292858918121
0,0,0.00887382846859965
0,0,0.009906610208122326
1,1,0.7070443514605164
0,0,0.005877966501964596
0,0,0.00793526755337889
0,0,0.012463431063476551
0,0,0.006250227874356606
0,0,0.0069741150414767495
0,0,0.014502126159957688
0,0,0.0060351659924087935
0,0,0.006550182832347729
0,0,0.009218993864444688
1,0,0.0072549007129914704
0,0,0.01532836031035562
0,0,0.005070674318709922
0,0,0.012392340722752165
1,1,0.8028767817710559
0,0,0.005590856320531108
0,0,0.015781473768940752
0,0,0.01178106345676795
0,0,0.006288422558609134
1,1,0.9435935366473814
0,0,0.006645239865311913
0,0,0.007676352296484251
0,0,0.018649929652334255
0,0,0.007566850206718403
0,0,0.006552826109516032
0,0,0.007156172975058642
0,0,0.014839065524944947
1,1,0.9933864064815341
0,0,0.008274959262861484
0,0,0.005553804204357148
0,0,0.007214520625194619
0,0,0.014754583372571718
0,0,0.004623296117626679
0,0,0.01541993862062624
0,0,0.007580468522759992
0,0,0.04348702825944821
0,0,0.006556810560627013
1,1,0.9953228771816673
1,1,0.9978331043500582
0,0,0.008431844958631723
0,0,0.032660646183755325
0,0,0.006425088542060554
0,0,0.0076764659346911
0,0,0.03581387364554669
0,0,0.008108726450176842
1,0,0.00858519371923652
0,0,0.008762956643794199
0,0,0.037708995072989235
1,1,0.9982380552501976
0,0,0.009693108387687555
1,1,0.9874379862599938
0,0,0.007282444768986873
1,1,0.9763624488193128
0,0,0.007397762939347803
0,0,0.007481004210642162
0,0,0.0435730905316284
0,0,0.009339941715446323
0,0,0.05345243575482059
0,0,0.00612507717907123
0,0,0.010321795316505995
0,0,0.008061699789063605
0,0,0.017702593365458513
0,0,0.022306838927169805
0,0,0.006400231051107079
0,0,0.025859917481450827
0,0,0.20896235940697785
0,0,0.022043231848930228
0,0,0.0058724516148544546
0,0,0.008340326040720585
1,1,0.9855245849072224
0,0,0.0057722388450870896
1,1,0.9995535441137222
1,1,0.99954115356236
0,0,0.15390873531144358
0,0,0.01775644139302183
0,0,0.007034475334502051
1,1,0.9994135424282098
0,0,0.008229348169827642
0,0,0.005353383957985378
0,0,0.0071883283704116336
0,0,0.012517256801694838
0,0,0.3133002087363008
0,0,0.014321646317258423
0,0,0.026999327590309756
0,0,0.005806595042936296
0,0,0.0074963832771318874
0,0,0.02422951409548519
0,0,0.01537229832602735
0,0,0.030908033915941976
0,0,0.006214646052085667
1,1,0.9997113718916181
0,0,0.008338638177253633
0,0,0.005964769652383671
0,0,0.013567570905129698
0,0,0.0076830231161587005
0,0,0.010232537047724461
0,0,0.0054934817432455985
1,0,0.2185460978216828
0,0,0.007495837973936116
0,0,0.006786560564499975
0,0,0.010252457351376846
0,0,0.014931430053874007
0,0,0.013375920955768856
0,0,0.008163404077258705
0,0,0.016531291870274224
0,0,0.008646785588726068
0,0,0.026931450956153458
0,0,0.011195397889220809
0,0,0.011121817954039806
0,0,0.14793727038514423
1,0,0.024403198863486294
0,0,0.016300872300477158
0,0,0.06067926499351644
0,0,0.00745741513291091
0,0,0.014662277146484977
0,0,0.02651369397583603
0,0,0.07036231154079868
0,0,0.006243683015827681
0,0,0.004965951465181381
0,0,0.026042908097675538
0,0,0.01830175088112571
0,0,0.10377206722931599
0,0,0.0089529863598281
0,0,0.015852577390676453
1,1,0.9841456948607218
0,0,0.006565789958164698
0,0,0.01123434845929282
0,0,0.07308200290444745
0,0,0.00817398650642717
1,1,0.9982007842952464
0,0,0.02281014395948613
0,0,0.008892974571286901
0,0,0.004083460101301569
0,0,0.006076113094745882
1,1,0.9983026946781257
0,0,0.034716162970172965
0,0,0.007807320227390225
0,0,0.006718755791683039
0,0,0.0040613106876227125
1,0,0.13243972213900876
0,0,0.010020663266074195
0,0,0.008303328940835764
0,0,0.007357242883586704
0,0,0.006144109927521435
0,0,0.0069520412456006535
0,0,0.010935864853774672
0,0,0.08578253380336849
0,0,0.00861860490514189
0,0,0.011324120356162355
0,0,0.011529715555831894
0,0,0.00549826478123557
0,0,0.07128867120433195
0,0,0.007568272984273271
0,0,0.007358575023258606
0,0,0.006447627015018263
0,0,0.007453292224761166
0,0,0.008992426462002255
0,0,0.011331499172449138
0,0,0.007979994271068998
1,1,0.9367101208623586
1,0,0.28418456345018667
0,0,0.0065072084891233724
0,0,0.03237853109966182
0,0,0.05934763528920936
0,0,0.01779908560412612
0,0,0.013304590045990081
0,0,0.008857825470668539
0,0,0.015218848879240687
0,0,0.005520779844159293
0,0,0.007188991491876813
0,0,0.0070514161238942495
0,0,0.03228623486064758
0,0,0.007103196134392959
0,0,0.009367150528392092
0,0,0.17011483804579788
0,0,0.2652403406516541
0,0,0.0057335511764834285
0,0,0.006294991218905092
0,0,0.0054767898903939054
0,0,0.009404049396638137
0,0,0.02063410564378106
1,1,0.9995439540361648
0,0,0.30580851126258884
0,0,0.005400352472185816
0,0,0.009432552520947195
0,0,0.018694425650816707
0,0,0.00777739896297387
0,0,0.011551514001977372
0,0,0.0075708570160768806
1,1,0.9941823775072159
0,0,0.006207634100735392
0,0,0.06844741100515428
0,0,0.007338122846705727
0,0,0.00811891195115393
0,0,0.019003159856782526
0,0,0.010835016083092877
0,0,0.006278406706041165
0,0,0.1412123301239316
0,0,0.011480613442015175
0,0,0.015172616278652015
0,0,0.01642872630370631
0,0,0.013877624150218749
0,0,0.013970781339774719
1,1,0.9989249006977822
0,0,0.006348967939407269
0,0,0.016016510272530385
1,1,0.990948992828647
0,0,0.008110230239393026
0,0,0.015483312388479806
0,0,0.00912814553333204
0,0,0.008258881161194763
0,0,0.01644749034011626
0,0,0.0074065405370571024
0,0,0.013786670020176361
0,0,0.015374503899326566
0,0,0.006797599686258004
0,0,0.006798155212240097
0,0,0.005971516789841333
0,0,0.30452118178949444
1,1,0.5405577162959241
0,0,0.0056720138451901
1,1,0.9995242297658052
1,0,0.007784859858647761
0,0,0.026852196976457174
0,0,0.006751846041326761
0,0,0.006848023458099294
0,0,0.012539799683034649
0,0,0.010372027198880963
1,1,0.9948919079601415
1,0,0.17711218479293675
0,0,0.009669342882631866
1,0,0.29768956613886105
0,0,0.009925996139826506
0,0,0.47132901518261117
0,0,0.006905930336764627
0,0,0.005724839192570427
0,0,0.0521269949511315
0,0,0.017393080194654117
0,0,0.006951722838391621
0,0,0.02704500193579729
0,0,0.009106170784341203
0,0,0.02075924383587029
0,0,0.007268563628387917
0,0,0.03292596989307687
0,0,0.009237328333037986
0,0,0.006382184922199838
1,1,0.9982504965085178
0,0,0.008753572264960943
1,1,0.998357676992224
0,0,0.04277517386713189
0,0,0.0069617419361343545
0,0,0.19238150021195777
0,0,0.007890091366657559
0,0,0.042105307242934896
0,0,0.007843719010114526
0,0,0.01255307288173007
0,0,0.006157769996831678
0,0,0.004400627924554729
0,0,0.1578277691253257
0,0,0.014576184915736392
0,0,0.009984872217374863
0,0,0.018677421774233843
0,0,0.0067495520632497915
0,0,0.01200403265687842
0,0,0.006440558759456886
0,0,0.02577966478949149
0,0,0.00889213987464446
0,0,0.005198543112778528
0,0,0.011810214094253271
0,0,0.4396704898115182
0,0,0.006978883917637068
0,0,0.009461801513385933
1,1,0.9874604084360641
0,0,0.006728236255061815
0,0,0.017136898640781793
0,0,0.013108618591068913
1,1,0.9367101208623586
0,0,0.006026332423453892
1,1,0.7382383890900033
0,0,0.008495238440480665
0,0,0.005849984322233712
0,0,0.010840801292514239
0,0,0.008692388319350796
0,0,0.02039168604512323
0,0,0.013542119653370264
0,0,0.008391272451762504
0,0,0.009318803539516219
0,0,0.004769426069564067
0,0,0.07148963714845896
0,0,0.1599312006849597
0,0,0.008036645442630505
0,0,0.005786515159876597
0,0,0.053742147299498416
1,1,0.9548346176358502
0,0,0.007277317435554786
0,0,0.006297318983028261
0,0,0.016767410061819824
0,0,0.013257699949171765
0,0,0.007259770675425985
1,1,0.9967014927238786
0,0,0.0068224037951236305
0,0,0.018521137191763386
0,0,0.013092991365493543
0,0,0.008044524325005003
0,0,0.006282073018619386
1,1,0.6850313404296974
0,1,0.5804535881324159
0,0,0.39167283217568866
0,0,0.005826017239422353
0,0,0.00735396520427705
0,0,0.0066488269764076536
0,0,0.03762916993071403
1,0,0.07000905871555978
0,0,0.007689429974233673
0,0,0.01974242145582532
0,0,0.015944923677261653
0,0,0.010969791174309067
0,0,0.008838488419623675
0,0,0.007602254456780347
0,0,0.012310143698015884
0,0,0.007443419466101143
0,0,0.007459422498620082
0,0,0.07102154636093153
0,0,0.016749645777959107
0,0,0.013001813562003884
0,0,0.012952275018543655
0,0,0.007115657466185517
0,0,0.0054039935350853295
0,0,0.02459756428124335
0,0,0.00727586846329208
0,0,0.007383325074358553
0,1,0.7225003110445859
0,0,0.434895546305225
0,0,0.009134259306936055
1,1,0.99954115356236
0,0,0.11481556355309544
0,0,0.015348265283276328
0,0,0.008264637286516644
0,0,0.005471857435185384
1,1,0.9985586036550644
0,0,0.018560115845351274
0,0,0.014407071005717854
1,1,0.9977622487945121
0,0,0.07537799741939723
0,0,0.006561942878110323
0,0,0.007003231993739535
0,0,0.01270358232371288
0,0,0.45030309369555455
0,0,0.012105870359774468
0,0,0.007335663022356796
0,0,0.008017045055596689
0,0,0.0068025290441050545
0,0,0.0071193789152715825
0,0,0.005667534552661141
0,0,0.007914672373348822
0,0,0.009159597238385782
0,0,0.008866743371778785
0,0,0.010196535736974805
0,0,0.22813118201131577
0,0,0.007654243791005885
0,0,0.01124102663009944
0,0,0.008658900212168917
0,0,0.006084094548246943
0,0,0.0065752439332784456
0,0,0.009700379683796912
1,0,0.014954314956873726
0,0,0.006876780383099281
1,1,0.9963537157437515
1,1,0.9985563149097119
0,0,0.016590185130871973
0,0,0.09589835976923702
0,0,0.010215840908161666
0,0,0.010411111539039935
0,0,0.015560589069623137
0,0,0.005947869539507831
1,0,0.323607549104439
0,0,0.1481470511367337
0,0,0.0071446013995014246
0,0,0.012621821559455269
0,0,0.006483450326525805
1,1,0.9992587521066268
0,0,0.004704607188748634
0,0,0.07587337825925906
0,0,0.007894559633338367
0,0,0.01803209080027417
0,0,0.008724579374992929
0,0,0.004301729968574794
0,0,0.01508354272893759
0,0,0.007829137818584818
0,0,0.015391574564750633
0,0,0.004828621959296735
1,1,0.997732305254457
0,0,0.012862361874158172
1,1,0.9995578124441468
0,0,0.004451532402602837
0,0,0.028158821170324293
0,0,0.005690275023796391
0,0,0.0037262624074055426
0,0,0.012149358240942126
0,0,0.00660920911120116
0,0,0.006247295479210775
0,0,0.006890519244792718
0,0,0.015594635148021094
0,0,0.004866194926482556
0,0,0.013661208311181882
0,0,0.053526817387845926
0,0,0.01273858022609183
0,0,0.1512766579906912
0,0,0.005748193633959116
0,0,0.007898154818991941
1,1,0.9957692071612031
0,0,0.007722014791176392
0,0,0.013605730545281585
1,1,0.9991015587135872
0,0,0.007704614275989874
0,0,0.005025265409878768
0,0,0.023378905127535488
0,0,0.01611436194695109
0,0,0.014196910782479023
0,0,0.0061766716576203634
0,0,0.049792813057729896
0,0,0.018146785692589044
0,0,0.00924076203672468
0,0,0.008259335209208723
0,0,0.03218641966882137
0,0,0.011157628142913089
0,0,0.061826839749563
0,0,0.009787197570088113
0,0,0.009209482017662328
0,0,0.005096136225373325
0,0,0.00541552733759755
0,0,0.013420350094932974
0,0,0.02916914174037189
0,0,0.005874029909147961
0,0,0.006071240680641303
0,0,0.005821415914554714
1,0,0.1936744776718308
0,0,0.005899436924397549
0,0,0.00772525409016164
0,0,0.010450200872522191
0,0,0.007000777844249334
0,0,0.006997090982876657
0,0,0.014137278218834098
0,0,0.00877078850028081
1,1,0.9989452472571005
0,0,0.007964891947917104
0,0,0.0613078133184346
0,0,0.012527556441289068
0,0,0.14961758939590813
0,0,0.006972860055299322
0,0,0.00860260632026592
0,0,0.013226743248108398
0,0,0.005795960321659727
0,0,0.06523340804049378
0,0,0.03064851838838999
1,1,0.9982232070646172
1,1,0.9986399006963291
0,0,0.012064396249336631
0,0,0.011081248883640425
1,1,0.9928387747287667
1,0,0.4669589622121839
1,0,0.009345055949727952
0,0,0.03173745421430919
0,0,0.008746708802212733
1,1,0.9959327491774884
0,0,0.03025540817836068
0,0,0.009397494334329856
0,0,0.015873943246158564
0,0,0.01301522695439236
0,0,0.012819162603144224
0,0,0.015923025793319882
1,1,0.9992922024717694
0,0,0.005041956092252552
0,0,0.007017500789412823
0,0,0.007927707418330451
0,1,0.6929675422604832
0,0,0.01654231035976798
0,0,0.008662382526389767
0,0,0.012189030606516873
0,0,0.1274232877522468
1,0,0.30443530547222586
0,0,0.004997856790708211
0,0,0.02555346513423848
0,0,0.10370562088855324
1,1,0.99954115356236
0,0,0.005657019240023008
0,1,0.6379919167194543
0,0,0.01005285711200562
0,0,0.024469684148857217
0,0,0.019681026740002605
0,0,0.015692143645762508
0,0,0.021770454830677192
0,0,0.007182900412448629
1,0,0.20700034420768657
0,0,0.021627338357573352
1,1,0.998434722656158
0,0,0.03850939221325126
0,0,0.003907135507575621
0,0,0.041117238990367434
0,0,0.01392602784740098
0,0,0.019093862013620976
0,0,0.005403094703958875
0,0,0.0069164878508160815
1,0,0.17406074413832473
0,0,0.006708935258140325
0,0,0.005934507473822626
0,0,0.05796242911579738
0,0,0.013608387494366334
0,0,0.006420302238629305
0,0,0.005882006527615316
0,0,0.0058796218544580545
0,0,0.02288607223040333
0,0,0.006341799698144534
0,0,0.019758180528496348
0,0,0.004700334132115296
0,0,0.00861373993045917
0,0,0.005191079934401946
0,0,0.008161134259344404
0,0,0.00687114305625851
0,0,0.007860325954979718
0,0,0.043720333333997344
1,0,0.04418575430584893
0,0,0.005355557450318569
0,0,0.13498080692004638
0,0,0.0066174283932065375
0,0,0.13051340092354424
0,0,0.007119092198883041
0,0,0.009483647738968903
0,0,0.01559248458595867
0,0,0.014745433187048749
1,0,0.04349250374358352
0,0,0.010276975373449088
0,0,0.009989301636240903
0,0,0.009518632677930926
0,0,0.005089996327559008
0,0,0.008644513532391753
0,0,0.00981813344373415
0,0,0.00789912003692403
0,0,0.010897771963550063
0,0,0.004460126798972642
1,1,0.5539191372729999
0,0,0.008915765044746341
0,0,0.02492501496552417
1,1,0.9973678569057866
1,1,0.6666277642040345
1,1,0.9994771339347198
0,0,0.0222819621569351
0,0,0.006505358430052957
0,0,0.015488333988119092
1,1,0.997182314024081
0,0,0.006518228922967909
0,0,0.01552293554141547
0,0,0.0076338407314132375
0,0,0.007991419855051316
0,0,0.2840652035210209
0,0,0.058025583709751215
0,0,0.00960076223970085
0,0,0.009661980826634583
0,0,0.015264520672585793
1,0,0.27135403842475303
0,0,0.006310517864182177
0,0,0.01663147925647297
0,0,0.007305615832891637
0,0,0.008724416236819662
0,0,0.04544063054900863
0,0,0.007769347153569572
0,0,0.006519907340963818
0,0,0.02388461075241166
0,0,0.05465075414059327
0,0,0.03357299838807733
0,0,0.0067223423098464125
0,0,0.007313214140812605
0,0,0.010485599221271572
0,0,0.01170955415696436
0,0,0.009017698684460314
0,0,0.02568143740235243
0,0,0.01811460542599599
0,0,0.006565789958164698
0,0,0.004919364364047907
0,0,0.033130955264564575
0,0,0.006364513937669774
0,0,0.006690373740736066
0,0,0.027763571265502125
0,0,0.024142781848254153
0,0,0.009992711575285024
0,0,0.01907287485916176
0,0,0.005201500735673573
0,0,0.006769324815277634
1,1,0.9920736187091641
0,0,0.00953842871899306
0,0,0.016868751054701314
0,0,0.005287181385418782
1,1,0.997732305254457
0,0,0.015801315158400345
0,0,0.010502080917685539
0,0,0.008196385380994875
0,0,0.012149358240942126
0,0,0.004926625013580651
0,0,0.007347567299160036
1,1,0.9425818655520677
0,0,0.006872840723997714
0,0,0.00532481064815435
0,0,0.019020244568583485
0,0,0.011580097584079923
0,0,0.015444837780904368
0,0,0.008917698783693856
0,0,0.00687275017468317
0,0,0.0073470138251730335
0,0,0.006555384995346017
0,0,0.011367846545391417
0,0,0.0061839356920177875
0,0,0.009431341325001136
0,0,0.01770379461399616
0,0,0.024033367373395332
0,0,0.011184705023438055
0,0,0.011717235776383799
0,0,0.01054831335719994
0,0,0.006970915995335741
0,0,0.1168895887270045
1,1,0.9983300071964846
0,0,0.006156441790910629
1,0,0.21370335338361934
0,0,0.01628282928592735
0,0,0.013171889755635612
0,0,0.01975185922600202
0,0,0.00868908342627227
0,0,0.02533795031802732
0,0,0.00963158786776897
0,0,0.0054447764477795054
0,0,0.07445245703139512
0,0,0.0061547868456340105
1,1,0.986435239593635
0,0,0.00919053560651759
0,0,0.007966966353124003
0,0,0.008538516259385752
0,0,0.006507827783622556
0,0,0.017638653990381684
0,0,0.013336813231251694
0,0,0.009785313108407476
0,0,0.010550321366201144
0,0,0.0064734047965011405
0,0,0.004920144615854624
0,0,0.05564071833317963
0,0,0.02295460880186601
0,1,0.5900693701269971
0,0,0.007200442443045228
0,0,0.00514130338067662
0,0,0.006352898962782753
0,0,0.00935208743742224
0,0,0.013125407556839304
0,0,0.010785987664812998
0,0,0.007723065522337386
0,0,0.07749274356991137
0,0,0.009255808856800135
1,0,0.271832458397643
0,0,0.0110080749741178
0,0,0.006601955106265119
0,0,0.01816903382717536
1,1,0.9978645607379845
0,0,0.011236653112924511
0,0,0.020281064929425583
0,0,0.005974317785028896
0,0,0.006944389799644163
0,0,0.007537044028252448
0,1,0.5827465495598858
1,1,0.9987262040976396
0,0,0.007774637890981379
0,0,0.018344025331843067
0,0,0.011009527290484898
0,0,0.008008216065020031
0,0,0.012245229376802206
0,0,0.024335438616821796
0,1,0.6733863404569805
0,0,0.013450329165882844
0,0,0.18002191302082174
0,0,0.00836408066383856
0,0,0.09307549977851703
0,0,0.00940231713539844
0,0,0.0591528544721903
1,1,0.7393007017331245
0,0,0.0070812453399750125
0,0,0.007013993844962274
0,0,0.005702191832987201
0,0,0.02063928334330026
0,0,0.011453832260581814
0,0,0.009477703464065684
0,0,0.0071078522324102425
0,0,0.004507223674275335
0,0,0.19590555489525366
1,1,0.8816640384495248
0,0,0.009479632878070582
0,0,0.038504821379223696
0,0,0.04831852740076467
0,0,0.026053281942196194
0,0,0.005752826222371941
0,0,0.005841860584093329
0,0,0.014047178443658052
0,0,0.0076842882341538465
0,0,0.06501050761753568
0,0,0.006568413588384201
0,0,0.005672375896800479
0,0,0.006208548348851887
0,0,0.03169669211464016
0,0,0.006688096781178075
0,0,0.007840992635979729
0,0,0.0091157947920664
0,0,0.006562804261170361
0,0,0.007193564473370563
0,0,0.00631021672907086
0,0,0.006951542661183705
0,0,0.013287185813524912
0,0,0.01102614400935985
0,0,0.13143771393457288
0,0,0.008512430944517296
0,0,0.009139882147418964
0,0,0.00717827642555033
0,0,0.0052071137728802504
0,0,0.006521148962301872
0,0,0.0078200799588731
0,0,0.006789373291998575
0,0,0.009134259306936055
1,0,0.42827719699168215
0,0,0.007064885356244876
0,0,0.027869412016331876
0,0,0.0063230500743457685
0,0,0.015004660145313767
0,1,0.8765725328221715
1,1,0.994248609527395
0,0,0.006479700604318534
0,0,0.006351645986641658
1,1,0.5778278112129532
0,0,0.009070362727237973
1,0,0.020213967173469335
0,0,0.01027528679791914
0,0,0.009771669143539592
0,0,0.00638706419603715
1,1,0.996087633889288
0,0,0.006895237104553406
0,0,0.0071694500082713514
1,1,0.9995085958862893
1,1,0.9981904605564896
0,0,0.005790600494714287
0,0,0.007705877430451589
0,0,0.02100958988106689
0,0,0.008333097760402832
0,0,0.020662463726234984
1,0,0.27663347947968286
0,0,0.0056566839076474616
0,0,0.006804033511302481
0,0,0.00985209457489068
0,0,0.0279244441035395
0,0,0.006264779330619093
0,0,0.01754866228267338
0,0,0.009112615488422385
0,0,0.018518786927428678
1,0,0.18976448252949582
0,0,0.028976622760344517
0,0,0.01124042028004918
0,0,0.005207918274723483
1,1,0.9970600556786724
0,0,0.0045880344900361796
0,0,0.006243683015827681
0,0,0.007896085937719876
0,0,0.008695462594200995
0,0,0.011631620281864492
0,0,0.04009228469784319
0,0,0.012810441966633453
0,0,0.006766641009275486
0,0,0.016367512188297677
0,0,0.00471302065470165
0,0,0.008128492412787344
0,0,0.007676075257108525
1,1,0.9996237902960222
0,0,0.008957815085476875
0,0,0.031846861765614395
0,0,0.01823351301974257
0,0,0.007277289015446873
0,0,0.008885104888824373
1,1,0.998577997097979
0,0,0.02272886114747155
0,0,0.010372027198880963
0,0,0.011592657233208297
0,0,0.008966498780348863
1,0,0.32779350717633654
0,0,0.015165744469868936
1,1,0.9991722054728085
0,0,0.009339188231618502
0,0,0.009360268456691979
0,0,0.012965817241188114
1,1,0.9930635091551446
0,0,0.01121278235235815
0,0,0.08977732224672705
1,1,0.9990168208555283
0,0,0.27324342873036145
0,0,0.01784512832469965
0,0,0.018929192290771116
0,0,0.01267075467801121
0,0,0.008459095417834777
0,0,0.012295903856886496
0,1,0.8452777137117294
0,0,0.008503409273264604
0,0,0.005859133983567699
1,0,0.03303468770986394
0,0,0.0075894290239383565
0,0,0.004972088887999521
0,0,0.006685362360460649
0,0,0.008299700266810735
0,0,0.007834849391309169
0,0,0.007177310415409612
0,0,0.007737274168877055
0,0,0.013407199280011738
0,0,0.011268147492213632
0,0,0.026302582063690516
0,0,0.009276748504377931
0,0,0.012895293478573053
0,0,0.006493191721335169
0,0,0.030217260763701025
0,0,0.009645801041943014
0,0,0.033707879338904005
0,1,0.7362891082392914
0,0,0.014523332091769954
0,0,0.005620201644880044
0,0,0.0170963003334917
0,0,0.0164608720925849
0,0,0.026430110453888586
0,0,0.007295964003341236
1,1,0.9971595516995052
1,1,0.9883943045788415
1,1,0.9981372156253894
0,0,0.010908254069155457
0,0,0.005041758429292608
0,0,0.006886922940746533
0,0,0.007664872778171899
0,0,0.007355336022012767
1,1,0.990948992828647
0,0,0.012034110231046367
0,0,0.007821665557524185
0,0,0.10568107051368048
0,0,0.006042468319619805
0,0,0.007591477190278181
0,0,0.029296826240413767
0,0,0.013066360466362465
0,0,0.007115159918633967
0,0,0.13313850968214475
0,0,0.007405222467779874
0,0,0.014625473814109356
0,0,0.1419915905810996
0,0,0.007220147646030338
0,0,0.00793535546063911
0,0,0.30150812641654373
0,0,0.006486882739773487
0,0,0.006462985359394169
0,0,0.019748635046853945
1,0,0.2800425761926323
0,0,0.01094097663847832
0,0,0.010181499904081522
0,0,0.006708880856130914
0,0,0.007393976927441016
0,0,0.006928927882230514
0,0,0.012398114156650654
0,0,0.00638687413895528
0,0,0.020789103908028454
1,1,0.9885185042016525
0,0,0.019436191231501893
0,0,0.011619976662118227
0,0,0.007596477012016264
1,1,0.9880960706020736
0,0,0.0073681065451356685
0,0,0.018888049818995393
0,0,0.006133060757132376
1,1,0.99710218739847
1,1,0.9987298878939853
1,1,0.9944006249715048
0,0,0.00681147322932782
0,0,0.008769164615722717
1,1,0.998331928964309
1,1,0.9972989288510203
0,0,0.10799266692811932
0,0,0.007737175267912351
0,0,0.010424097820678309
0,0,0.01566147555280301
0,0,0.026614118927746098
0,0,0.006863860258119729
0,0,0.05934763528920936
0,0,0.012737099733162545
0,0,0.006963540182796081
0,0,0.1716487703716968
0,0,0.015050136553593496
0,0,0.023393490009578986
0,0,0.009081345594748378
0,0,0.0356646910225221
0,0,0.012537635269859187
0,0,0.006283397970999305
1,1,0.9995418776466419
0,0,0.035327391346131706
0,0,0.007218206050880211
0,0,0.029040326577644694
0,0,0.027617911968263312
1,1,0.7083970734099241
0,0,0.006377459211090734
0,0,0.008319111215499534
1,1,0.9969555148199417
1,1,0.8747848043128745
0,0,0.1346927982219423
1,1,0.997454852949782
0,0,0.020408579579721663
0,0,0.014058154586642432
0,0,0.026143444298891136
0,0,0.019506639124492374
0,0,0.013148071409523876
0,0,0.006850615332102714
0,0,0.014061038407698543
0,0,0.08761163114223967
1,1,0.9983026946781257
0,0,0.012651056893948938
0,0,0.043186624257487496
0,0,0.014472099029215526
0,0,0.011978768693113354
0,0,0.006570326476610207
1,1,0.5716290160780004
0,0,0.005855415856407464
0,0,0.1952479311267178
0,0,0.010345960078537332
1,1,0.9951538182209209
0,0,0.14105159905747625
1,0,0.06713477775012545
0,0,0.007054194222295831
0,0,0.025356042080343325
1,1,0.9681403511847089
0,0,0.08197511861857115
0,0,0.3763821367759192
0,0,0.010170293401239532
0,0,0.01837789972415898
0,0,0.007503112026168319
0,0,0.022191371241824187
0,0,0.010018687033789763
0,0,0.021059946764219073
0,0,0.006504949487583397
0,0,0.007092812135228518
1,1,0.997732305254457
0,0,0.02682551182442888
0,0,0.0074219307003984035
0,0,0.017479253860949555
0,0,0.010154738104142259
0,0,0.011884561033645805
0,0,0.008933640936111837
0,0,0.019515204950533285
0,0,0.020757721696921784
0,0,0.019120164169098564
0,0,0.008710170040243544
0,0,0.00829228170464915
0,0,0.006826736069094239
1,1,0.9235231611308943
0,0,0.010830533501788357
0,0,0.008177652837729626
0,0,0.00917107200305024
0,0,0.017617166794366153
1,1,0.9977327217438698
0,0,0.032689648623241675
0,0,0.02929897077953311
1,1,0.6523173566542575
0,0,0.006305210168358768
0,0,0.04789166278368194
0,0,0.11456704639209518
1,1,0.633363431889943
0,0,0.031969979700454
0,0,0.008413827634556854
1,0,0.1626691237481982
1,1,0.9983162791124185
0,0,0.005168147846659954
0,0,0.010063466635124122
0,0,0.009992446470256326
0,0,0.019327949555135327
0,0,0.010805484834265269
0,0,0.006332885672158144
0,0,0.005813389021650761
0,0,0.008366337323248587
0,0,0.008212183363508829
0,0,0.007664890271083988
0,0,0.009024595711942493
0,0,0.024773780303892348
0,0,0.006761695292666387
0,0,0.04158925091323051
0,0,0.14105975745783925
0,0,0.005467010003574145
0,0,0.006818484510849915
0,0,0.005589496790439946
0,0,0.005966614930061455
1,1,0.8642354811096524
0,0,0.009009727323546006
1,0,0.2721707496344867
0,0,0.005541923752707307
0,0,0.007732682973526102
0,0,0.009431341325001136
0,1,0.6137164626969709
0,0,0.0146034950662172
0,0,0.006472944776823182
1,0,0.29844072110374326
0,0,0.007342993141813415
0,0,0.01343889304453181
0,0,0.012759799135248948
0,0,0.011592199065082803
0,0,0.021546626445143758
0,0,0.007501840653094749
0,0,0.018240041923454905
0,0,0.012182625309966631
0,0,0.06628982969751422
0,0,0.019657014369194675
0,0,0.012160559367608176
1,1,0.9938632631177656
0,0,0.08577694243834197
0,0,0.008869630084922208
0,0,0.007365739065798002
0,0,0.0071627289706835805
0,0,0.006807056307873388
0,0,0.00699216925701825
0,0,0.010588142355132082
0,0,0.0798057359985035
0,0,0.0060631109834152356
0,0,0.006257145934973476
0,0,0.03216458540732475
0,0,0.13775542660863965
0,0,0.014059216935551922
0,0,0.02104432444366158
0,0,0.007286364137116558
0,0,0.021105604752389907
0,0,0.016124083080071166
0,0,0.007099550512538372
0,0,0.1188008740279273
0,0,0.013098440579705961
1,1,0.999226867321212
0,0,0.008361573782847713
0,0,0.009202835660683405
0,0,0.006163726131324337
1,1,0.9184399653535794
1,1,0.9993686580927942
0,0,0.004294664504201778
0,0,0.004997856790708211
0,0,0.0069446968024407495
0,0,0.015600776764028728
0,0,0.04303656384314426
0,0,0.006723792582355257
0,0,0.025433309664042662
0,0,0.09622607598026746
1,0,0.028538557330417044
0,0,0.040683260092391746
0,0,0.003849218212967373
1,0,0.14879208414626618
0,0,0.006640279066946315
0,0,0.008610049935244233
0,0,0.025895362200298325
0,0,0.009705097812500778
0,0,0.006901361887847377
1,1,0.6808028164449716
0,0,0.05556210629927832
1,1,0.998748157498252
0,0,0.006260492061242241
0,0,0.006093367535792364
0,0,0.015248370376950846
0,0,0.009350838115312107
0,0,0.06654908125594365
0,0,0.010241172040775284
0,0,0.013285403070288342
0,0,0.008046763939152289
0,0,0.0074963832771318874
0,0,0.010862113558414273
0,0,0.009682564232770738
1,1,0.9930223909560003
0,0,0.020168758413809502
0,0,0.007604039339086252
0,0,0.006015826847579762
0,0,0.007777001188571622
0,0,0.006759567813143829
0,0,0.02915273512496824
0,0,0.0062567964949038135
0,0,0.020523435570523173
0,0,0.006584729857483192
0,0,0.010372027198880963
0,0,0.00304639195095935
0,0,0.007775143747677962
1,1,0.9979875595769131
0,0,0.009872692620095831
0,0,0.021079723195774804
0,0,0.0067794881359064954
0,0,0.018397413777656055
0,0,0.006017321392075006
0,0,0.013105533518484775
0,0,0.007239475205384971
0,0,0.006181702328970319
0,0,0.024711203153416534
0,0,0.01593924357147835
1,1,0.9986950435808366
0,0,0.006523989314984757
1,0,0.017912030149966514
0,0,0.011647638850635043
0,0,0.12189152429797144
0,0,0.011511722098322696
0,0,0.04253063398236773
0,0,0.02155811574660248
0,0,0.007511970518669186
0,0,0.023410965901355833
0,0,0.006442574634768222
0,0,0.019540708374786823
0,0,0.01167563141367319
0,0,0.006547466160379557
1,1,0.9995218570338589
0,0,0.016026034775806476
0,0,0.012019074328239527
0,0,0.01605601757094649
0,0,0.010495369533564674
0,0,0.02578663795564296
0,0,0.16279492872295176
0,0,0.009575646478874586
0,0,0.008046916845666604
0,0,0.009660991820299026
0,0,0.162055953118768
0,0,0.005783738688081996
0,0,0.1452969823796489
0,0,0.015103991597632756
0,0,0.007165858112606527
0,0,0.018374870338515963
0,0,0.005031009036450227
0,0,0.11798081713498805
0,0,0.005441174227247721
1,1,0.9990784268162239
0,0,0.014441303382923267
0,0,0.02368359098698274
0,0,0.009119175186790946
0,0,0.007387906145088054
0,0,0.007549680409489128
1,1,0.9980810934890469
0,0,0.007020226964438602
0,0,0.00529373116311845
0,0,0.006140915487942466
0,0,0.007548368480045358
0,0,0.010783079208383143
0,0,0.04744483549148726
0,0,0.017020532093917556
0,0,0.030554160087174476
0,0,0.028864569861037314
0,0,0.020515662865486894
0,0,0.009149744106360656
0,0,0.008643272865693349
0,0,0.009200585510450497
0,0,0.014964907117632362
0,0,0.011713224740249672
0,0,0.005857776012780984
0,0,0.3950525025769881
0,0,0.009098963883564608
0,0,0.010775327592724059
0,0,0.007576982840766511
0,0,0.00448435432102415
0,0,0.014340267137282809
1,0,0.197901495116955
0,0,0.023279699412036288
1,1,0.9957199100031865
0,0,0.008210929526985277
0,0,0.01078646785087673
0,0,0.22219917987593688
0,0,0.01493713590281727
0,0,0.007196755797844622
0,0,0.03416061071371434
0,0,0.009482859467206544
0,0,0.3725363927022652
1,1,0.9986426882858113
0,0,0.21897781384460813
0,0,0.0893051146820022
0,0,0.0048148640141380886
0,0,0.0066456053634855366
0,0,0.02206098243293494
0,0,0.005433688431759624
0,0,0.03860296867283277
0,0,0.008188407273758693
0,0,0.008902894444202484
0,0,0.04565759051055984
0,0,0.011942555746887176
0,0,0.03126122898867903
0,0,0.006196274415040521
0,0,0.024576494874020683
0,0,0.006966841568977316
1,1,0.9982232070646172
0,0,0.0066593590400449605
0,0,0.006952267891881593
0,0,0.0207948180526841
0,0,0.005510730755375722
0,0,0.014592003140392593
0,0,0.006349880541142685
0,0,0.12218304192878669
0,0,0.018431938735211262
0,0,0.007106146489649768
0,0,0.010167350437087788
0,0,0.009729806262367477
0,0,0.025334174925013216
0,0,0.022489146473733613
0,0,0.005941458824776274
0,0,0.005170460898465327
0,0,0.006847279165117347
1,1,0.9974187894581599
0,0,0.004527096609736898
1,1,0.7310806008796215
1,1,0.9933955380681107
0,0,0.008252393919180761
0,0,0.02453587014954394
1,0,0.0709018621948092
0,0,0.00846548134474931
0,0,0.006085150649636023
1,1,0.9991513625491208
0,0,0.011152236723405404
0,0,0.010923693511984798
0,0,0.005891193603535498
0,0,0.009891733140660613
0,0,0.009214819774913641
0,0,0.024970671001464224
1,0,0.0450294735544362
0,0,0.006941566473284702
0,0,0.008908044943938381
0,0,0.009648938538340993
0,0,0.01726492550244175
0,0,0.007279915664204915
1,0,0.2043630657172619
1,1,0.9957657899690289
0,0,0.010782580708241866
0,0,0.0066479231523891204
0,0,0.006582455152208339
0,0,0.0080220567196292
0,0,0.0053456742700286
0,0,0.025109509591317265
0,0,0.04347814167265395
0,0,0.006417864305240287
0,0,0.02413335020711661
0,0,0.010122631043533925
0,0,0.05533785540013509
0,0,0.03555617244079992
0,0,0.2550456523960017
0,0,0.010373166235403517
0,0,0.006028599395603242
0,0,0.024300398203376566
1,1,0.9983026946781257
0,1,0.7152616436292927
0,0,0.00694787564011572
0,0,0.008310194382066238
1,1,0.9930635091551446
0,0,0.00720761521114832
1,1,0.6114266817229687
0,0,0.006498178908701922
1,1,0.9992850386810314
0,0,0.009679981233754138
0,0,0.010276348895662629
0,0,0.0063539211275698265
0,0,0.005073796945723406
0,0,0.005365978819280423
0,0,0.006547877737356142
0,0,0.006188814241848569
0,0,0.005334364083946512
1,1,0.9978229330152704
0,0,0.005718239799746271
0,0,0.02141357844275907
0,0,0.005976297124274975
0,0,0.011113906325345911
0,0,0.010366855909185877
0,0,0.02839523255172555
0,0,0.014432642576931373
0,0,0.027309374321829883
0,0,0.007520354226068174
0,0,0.007346101910777512
0,0,0.021073197578925066
0,0,0.006503241926661656
0,0,0.009310390835908991
0,0,0.025656372616964847
0,0,0.043404606070999496
1,0,0.07422282129105204
0,1,0.7225003110445859
0,0,0.006407226070602892
1,0,0.08454326023481605
0,0,0.010437908358561251
0,0,0.015218149306106208
0,0,0.006471920519886591
1,0,0.23053185118312314
0,0,0.010298864694495242
0,0,0.010716425407286892
0,0,0.017052994363675307
0,0,0.008027568456368971
0,0,0.0061391089927534314
0,0,0.158228661880448
0,0,0.008578421841023462
0,0,0.006268068946456379
0,0,0.033559825583667276
0,0,0.013708365516416639
0,0,0.02130246568846292
0,0,0.3180184387896684
0,0,0.015407465725613977
0,0,0.005911912812968785
0,0,0.062129480060286235
0,0,0.03224563795814985
0,0,0.01985028296552985
1,1,0.7498854967690566
0,0,0.03250641138909394
0,0,0.00560410946456212
0,0,0.007084684541473287
0,0,0.007864093441411075
0,0,0.005528311893325848
0,0,0.005454108354049553
0,0,0.2582790208938606
0,0,0.008205772930138406
0,0,0.008700663632390478
0,0,0.011826571672810031
0,0,0.009987007152297729
0,0,0.009148737808210516
0,0,0.0067339684856462835
0,0,0.007138533750561402
0,0,0.05801063383062632
0,0,0.10229863003173256
0,0,0.028361469423063317
0,0,0.06422172070162244
0,0,0.011844073082433662
0,0,0.008466072381046666
0,0,0.00939622096109709
1,1,0.9994521266331723
0,0,0.009970276074302335
1,0,0.33802792872193776
0,0,0.005579414148635644
0,0,0.006060838636855594
0,0,0.011382923176422739
1,1,0.998357676992224
0,0,0.008456585239621851
0,0,0.009939040746619006
0,0,0.022243774368859916
0,0,0.007383944167978469
1,1,0.9926893369313133
0,0,0.005558197830060059
0,0,0.01009013014600599
0,0,0.005153642097483495
0,0,0.022398092001613617
0,0,0.009433674685084076
0,0,0.005674320764528594
0,0,0.006095964778979831
0,0,0.005391062144073301
0,0,0.005937298426874069
0,0,0.01406776782193145
0,0,0.026912583198817046
0,0,0.06219792244866528
1,1,0.9987456431346811
0,0,0.39012819064139903
1,0,0.006557310214460799
0,0,0.010150642799952245
0,0,0.08149840460407076
0,0,0.0069903294600372
0,0,0.007009751841512466
0,0,0.010441205461525039
1,0,0.21417147700007041
0,0,0.005725890731615304
1,0,0.14660043663756833
0,0,0.010200832820896422
0,0,0.008048224257490985
0,0,0.019972996588861164
0,0,0.017772223134388268
0,0,0.02182589430719965
0,0,0.008128220447784624
0,0,0.006424993706334217
0,0,0.017905554995595797
1,1,0.9994671499849292
0,0,0.008354586979467869
0,0,0.00910235312077058
1,1,0.9725755525524218
0,0,0.018868345449252883
0,0,0.007471476817707727
0,0,0.013569765589433848
0,0,0.00812038329104657
0,0,0.016545895835238234
0,0,0.006832896683511967
0,0,0.030801811146531324
1,0,0.04502820441782107
0,0,0.01935986664766714
0,0,0.008032434877878239
0,0,0.00584654691668594
0,0,0.005713386289559136
0,0,0.019231526311551478
1,1,0.6287187249937208
0,0,0.033338360337917115
0,0,0.0069406230898217906
0,0,0.0657381444158499
0,0,0.009157850228843661
0,0,0.018230468538612155
0,0,0.009553514001298712
0,0,0.028512429798321765
0,0,0.008572458071368413
1,1,0.9963787388440344
0,0,0.19213679080065654
0,0,0.015589986535237896
0,0,0.02239345856002132
0,0,0.009441622671019492
0,0,0.02300881800754744
0,0,0.005988874473146965
0,0,0.05080802122368533
0,0,0.006523635342884164
0,0,0.00886843340151896
0,0,0.007951747934666345
0,0,0.10541002259588002
0,0,0.003237248476844993
0,0,0.007441499008477496
1,0,0.11633645640252041
0,0,0.012047993363835522
0,0,0.011370495510704732
0,0,0.01383081228317375
0,0,0.005835700966885314
0,0,0.0068857398133732005
1,1,0.9959013273869758
0,0,0.09615596775377629
0,0,0.03160760057880386
0,0,0.013863982519925948
0,0,0.006026137413624116
0,0,0.007566824717809722
0,0,0.005323451708180444
0,0,0.29624549286226065
0,0,0.011572639017902255
0,0,0.00913197157319948
0,0,0.005321342706831493
0,0,0.005868230670323253
0,0,0.08325137527343772
1,1,0.9993959829436089
0,0,0.007707867575015278
0,0,0.02584399006966709
0,0,0.012793958979773454
0,0,0.010274676547195386
0,0,0.22813118201131577
0,0,0.005876717855342188
0,0,0.009553266456112963
0,0,0.009792703166664878
0,0,0.007024878518406806
0,0,0.007029854407296141
0,0,0.008862402887488102
0,0,0.016275492314808574
0,0,0.00872203915629283
0,0,0.006332830622117338
0,0,0.011541575586448471
0,0,0.030574185220511016
0,0,0.01652404817919525
0,0,0.009194745359238988
0,0,0.007635797566406111
0,0,0.007281159636172195
0,0,0.015196854759510917
0,0,0.009958861266049309
0,0,0.005950707106263833
0,0,0.006791989997502257
0,0,0.0069665175759729405
0,0,0.009904127156043307
0,0,0.014879804656387966
0,0,0.023784221716124453
0,0,0.08139935471404948
0,0,0.008363942879677658
0,0,0.008245830323752831
1,1,0.9993680555074607
0,0,0.006598615253237412
0,0,0.006056676523356245
0,0,0.005900594403423051
0,0,0.007261532387689329
0,0,0.008267001348320055
0,0,0.008360400507802098
0,0,0.013395951232318234
0,0,0.01335990924000393
0,0,0.02528499130837045
1,1,0.9983026946781257
0,0,0.005515279906567004
0,0,0.011946662980391298
0,0,0.01630163060384059
1,0,0.04794126860032018
0,0,0.029483863835923146
0,0,0.005711628167937233
0,0,0.007930251479779264
1,1,0.75772060993476
0,0,0.017348853991097736
0,0,0.02239622762456488
0,0,0.007101908439411026
0,0,0.00703127491573124
0,0,0.3523405398416114
0,0,0.006560060468224187
1,1,0.998748157498252
0,0,0.007617819580547667
0,0,0.007540161614369025
0,0,0.007247712469346244
1,0,0.02214256395677467
0,0,0.05330851468516511
0,0,0.012087950094969987
0,0,0.010261578994938046
0,0,0.016671214153104873
0,0,0.02086107410545312
0,0,0.042912827374845156
0,0,0.007764345383112404
0,0,0.0054827314354098265
1,1,0.9997299819076169
0,0,0.032809748742372295
0,0,0.009703692207234726
1,1,0.6886358910419964
0,0,0.008271390258097908
0,0,0.05551510494855936
1,1,0.9994958520764904
0,0,0.007618462458421074
0,0,0.05895890865598725
0,0,0.00969923595715909
0,0,0.009226103106838855
1,1,0.9975988207765473
1,1,0.9991751953804984
0,0,0.004412801958114237
0,0,0.02939604170126756
0,0,0.006126492838806368
0,0,0.005866545945876069
0,0,0.043692854448379545
0,0,0.010814420262659
0,0,0.0074116450222065245
0,0,0.006699449929573305
0,0,0.013516283248432662
0,0,0.02805732349036506
0,0,0.0072668067773213815
1,1,0.788592984600387
1,1,0.992661079638863
0,0,0.013901972997012861
1,1,0.99617282054795
0,0,0.004855729664863475
0,0,0.008427103989666314
0,0,0.010746195478891314
0,0,0.006883206453704093
0,0,0.02239345856002132
0,0,0.011755755433665803
0,0,0.006900412730284453
0,0,0.010586878228911174
0,0,0.00932496197796812
1,0,0.3075361893486943
0,0,0.008717072951299065
0,0,0.14333081123570623
0,0,0.006960863420776893
0,0,0.00802715490096584
0,0,0.042262166352227265
0,0,0.007526909301321727
0,0,0.006381104883981715
0,0,0.0067878102086059095
0,0,0.037772077381488446
0,0,0.019058070434301404
0,0,0.01682550673061335
0,0,0.005809432147638129
0,0,0.026612228680978598
0,0,0.005863202707297511
0,0,0.007098236949608078
0,0,0.029027799695412245
0,0,0.006765843555845556
0,0,0.007955447812090583
0,0,0.02429759706702845
0,0,0.006790072295866898
0,0,0.006541842467189221
0,0,0.02873858088880189
1,1,0.998268865040127
0,0,0.007485087019504857
0,0,0.01960284502177028
0,0,0.053423370068912554
0,0,0.005894025830592794
0,0,0.006509816879083162
0,0,0.007149944093145297
0,0,0.006723822799094279
0,0,0.007176353612295122
0,0,0.010426121974804596
1,0,0.2696511435005606
0,0,0.00557427737946238
0,0,0.006289419341161429
0,0,0.00637565750731258
0,0,0.007641533182258218
0,0,0.012096505666067079
0,0,0.005953027639863853
0,0,0.008092571460323992
1,1,0.9141635188990619
0,0,0.006839067290081059
0,0,0.008856004070161664
0,0,0.026735361863121275
0,0,0.009341462687510795
1,1,0.8692369555828326
0,0,0.011098788408295096
0,0,0.01731258293666158
0,0,0.01952084094629498
0,0,0.00696673312320891
0,0,0.1216197163551515
0,0,0.008466974916318594
0,0,0.05335323338039701
0,0,0.008383592604706135
0,0,0.011128761241470941
0,0,0.007118700303717672
0,0,0.006190056705247238
0,0,0.005526477920172913
0,0,0.010649774079931075
0,0,0.011498752649425643
0,0,0.00910275845981462
0,0,0.012815146055196345
0,0,0.018684919482838028
0,0,0.016958525634557662
0,0,0.006163804982395905
1,0,0.020213967173469335
0,0,0.008211295460451566
0,0,0.00570253151498726
0,0,0.010859550346578279
1,0,0.12020445621045596
0,0,0.06564475429210699
0,0,0.006940293497127238
0,0,0.011832811070417146
0,0,0.11734451352580402
0,0,0.0047078375569887514
0,0,0.008658494538473744
0,0,0.019629241319475695
0,0,0.008307783041752106
0,0,0.011972187262235699
0,0,0.007573915576832528
0,0,0.0171338285218708
0,0,0.005885322940745694
0,0,0.007948385098770546
0,0,0.21962059430772393
0,0,0.056579382304293165
0,0,0.006278863429025805
0,0,0.018706938655332014
0,0,0.06501050761753568
1,1,0.9993937140812841
1,1,0.9997133218021469
0,0,0.01607446114511962
0,0,0.013978672615629935
0,0,0.008544429057715394
0,0,0.007665966843676917
0,0,0.010543019603979631
0,0,0.17047824601362055
0,0,0.013002860658037059
0,0,0.007406562125424995
0,0,0.03746190348672108
0,0,0.0060351300726268
0,0,0.007854723911398303
0,0,0.005700979425125793
0,0,0.010182486135149096
0,0,0.04120440302457718
0,0,0.026594933349996578
0,0,0.015512593226365987
0,0,0.008814140581181138
0,0,0.01931346248999927
1,1,0.978115056971604
0,0,0.00829078117837961
0,0,0.018637740317841815
0,0,0.029367454970862163
1,0,0.03573283000990525
0,0,0.009639261024857907
0,0,0.006699449929573305
0,0,0.18151544760860322
0,0,0.007591129034874672
0,0,0.012562186538935052
0,0,0.02021365691348161
0,0,0.008883400641540449
0,0,0.020005775930091577
0,0,0.007645986819704074
0,0,0.005594733949917541
0,0,0.00675010729587949
0,0,0.0068928984267466326
1,1,0.9933306409185004
1,1,0.9925324144693308
1,1,0.9881498694067269
0,0,0.01005285711200562
0,0,0.006079026072930966
1,0,0.054440388049684985
0,0,0.007951294224820842
0,0,0.15814037948215753
0,0,0.0067763292744425245
0,0,0.007418951255557112
0,0,0.03224563795814985
0,0,0.0062638838378860345
0,0,0.03262331412999697
0,0,0.04491108994091661
1,1,0.5627138636223712
0,0,0.008190912932204248
0,0,0.008166177859162883
0,0,0.014470014376652067
0,0,0.010281632499492536
0,0,0.007227080851222449
0,0,0.020372486327601323
0,0,0.023821603108628436
0,0,0.011132023655148473
0,0,0.006270629152172183
0,0,0.007655105665299757
0,0,0.011259607120491627
0,0,0.011204649990804394
0,0,0.02331297397308226
0,0,0.00888791039269727
0,0,0.013670897812252395
0,0,0.006771260220606911
0,0,0.01807580995058215
1,1,0.9986399771383702
0,0,0.028661666391558885
0,0,0.007009122636356896
0,0,0.006213597828257043
0,0,0.01835577422435485
0,0,0.008751440256380628
0,0,0.005440380631258548
0,0,0.011614012727500176
1,1,0.7724951677235333
1,1,0.9995291852504462
0,0,0.05035495109056142
0,0,0.008870677306125821
0,0,0.012123506027870778
0,0,0.012734023826342504
0,0,0.026423658067206642
0,0,0.00807642925413358
0,0,0.028369444920283995
0,0,0.005941049070714851
0,0,0.007922551355787124
0,0,0.006523989314984757
0,0,0.01668029162356997
0,0,0.006556397037576375
0,0,0.007269219460377581
0,0,0.009017055246978356
0,0,0.1833459799792731
0,0,0.007443108440885085
0,0,0.026322463479953692
0,0,0.009473707630614336
1,1,0.9993959829436089
0,0,0.19220163575657914
0,0,0.010922091251460543
1,0,0.008816480113522839
0,0,0.0066780939778716885
0,0,0.008575779962400247
0,0,0.0061833736088521656
0,0,0.007955210120810944
0,0,0.1451920342591868
0,0,0.00667520211784008
0,0,0.02454036524122865
0,0,0.0059733013300964696
0,0,0.00838038313658319
0,0,0.08693504738099195
0,0,0.021765871499767855
0,0,0.011933129074448632
0,0,0.012331467573391914
0,0,0.47608706523347116
0,0,0.016708604538805714
0,0,0.009941883354976372
0,0,0.00850714460898263
0,0,0.004987490723052545
0,0,0.006733536261931253
0,0,0.042977002037121834
0,0,0.005708639859347641
0,0,0.008554633118886393
0,0,0.13199101206320024
0,0,0.005243848504694767
0,1,0.8297955425075509
0,0,0.021971264006820753
0,0,0.027708092263922564
0,0,0.07095385294060108
0,0,0.01660936035151174
0,0,0.015011197745591754
0,0,0.004978755793388818
0,0,0.006122978039061354
1,1,0.9980892992805516
0,0,0.010155865347644845
0,0,0.015537975695427033
0,0,0.011548896921435299
0,0,0.019031167931654047
0,0,0.09049310764645334
0,0,0.011372228846040439
0,0,0.00869863867308153
0,0,0.009057698883324965
0,0,0.007639162388551035
0,0,0.007935073571807203
0,0,0.013249704220161475
0,0,0.016170112189924778
0,0,0.03361157310867382
0,0,0.02686651526209019
0,0,0.005434619698807401
0,0,0.007626698926736517
0,0,0.006248590119911191
0,0,0.006685445326091992
0,0,0.014846485112106182
0,0,0.013619358929622804
0,0,0.0063878400739437536
0,0,0.0052967498573655925
0,0,0.005472367155046036
0,0,0.01835694048110909
0,0,0.011331499172449138
0,0,0.007910990900502735
0,0,0.007738968159222016
0,0,0.015570340169860366
0,0,0.14346066487828987
0,0,0.006562126032650935
0,0,0.007210611804183986
0,0,0.01047799314672528
0,0,0.007541706392328067
0,0,0.007046679847206123
0,0,0.007351725637917584
0,0,0.01867495027149047
0,0,0.01371998737371622
0,0,0.012513248940548722
0,0,0.016289407401723258
0,0,0.008221775378075636
0,0,0.04837915983873579
0,0,0.0070371745528402035
0,0,0.028584672688673218
0,0,0.025841413250374565
0,0,0.006101115296890518
0,0,0.006686590323308046
1,0,0.21082363386067196
0,0,0.00757759020895921
0,0,0.04855433002805075
0,0,0.006948730158338846
1,1,0.9957692071612031
0,0,0.009185819553499987
0,0,0.008008376806493755
0,0,0.017827818638065027
0,0,0.008489607866274639
0,0,0.008097019269312241
0,0,0.025570243787603423
1,1,0.9930843062506998
1,0,0.39306239057277964
0,0,0.007409166880044065
0,0,0.007082110613540228
0,0,0.015099790648300446
0,0,0.009122669318706277
0,0,0.007027581597148203
0,0,0.008430323254191156
1,0,0.1687133956918317
0,0,0.02321248218573829
1,1,0.9989621404877593
0,0,0.00643456039025615
0,0,0.02247571912135484
0,0,0.0077556009641185555
0,0,0.007454271659515375
0,0,0.009024595711942493
0,0,0.010770948738241519
0,0,0.005198557827754815
0,0,0.027938713841122693
0,0,0.009801713568255599
0,0,0.008684747029742399
0,0,0.005757834150830463
0,0,0.006248404063972694
0,0,0.007081281107467152
0,0,0.4591610267844724
0,0,0.011922382769748592
0,0,0.048088116528562826
0,0,0.005960134152797693
0,0,0.013634926209465627
0,0,0.005598872994094283
0,0,0.005511473592726972
0,0,0.006326725548505837
1,1,0.7537817212562792
0,0,0.06007697231498329
0,0,0.004846209147948063
1,1,0.9989514570165219
0,0,0.006719335764649441
1,0,0.03137094646589517
0,0,0.006167727816391247
0,0,0.0076346359120925
0,0,0.013710702059739911
0,0,0.04191610717753405
1,0,0.1163237258731062
0,0,0.04075751148823598
0,0,0.007033134154428983
0,0,0.025606155481898915
0,0,0.012686006863792901
0,0,0.005697275038659015
0,0,0.010935861921841997
0,0,0.014724205203531534
0,0,0.00898662011404592
0,0,0.012776063244268802
0,0,0.009112265150198823
0,0,0.005053083485341342
0,0,0.00508181709053704
0,0,0.015544547009163141
0,0,0.07323145093083988
0,0,0.009306848414286835
0,0,0.006042146962905198
0,0,0.010658911463545329
0,0,0.08397615219174721
0,0,0.011179746771349591
0,0,0.005597317053018836
0,0,0.03203267517144825
0,0,0.012471821667208836
0,0,0.009585267038594409
0,0,0.0064145339181439056
0,0,0.008588925731850272
0,0,0.008605429130254411
0,0,0.006761137213264299
0,0,0.06359355965728421
0,0,0.08472073869202956
0,0,0.017307563893048352
0,0,0.007838809055531153
0,0,0.004714845594354513
0,0,0.007819713074039327
0,0,0.013669162176600332
0,0,0.007111999159312664
0,0,0.006072891181926941
0,0,0.005979415921499503
0,0,0.008486474918124274
0,0,0.03074317250395738
0,0,0.02537069898995221
0,0,0.023417507609097235
0,0,0.017797504181187872
0,0,0.014292380190555214
0,0,0.008827638716057259
0,0,0.018976473155672923
0,0,0.007811409117128957
0,0,0.04139575837747321
0,0,0.007901677034958669
0,0,0.042469718766616135
0,0,0.013686268580200125
0,0,0.01746579706928096
0,0,0.03901030879504137
0,0,0.3038679515513953
1,1,0.9994914067893047
0,0,0.012359456793301811
0,0,0.01066477135179777
0,0,0.016565726089014167
1,1,0.8444171480560929
0,0,0.009755454066834484
0,0,0.014136728725547927
1,0,0.12871524267545476
0,0,0.010622877619168393
0,0,0.0066963557210039555
0,0,0.005375121048468416
0,0,0.33605410594052215
1,1,0.979353648261811
0,0,0.006087617490870138
0,0,0.007080248225980593
0,0,0.02973617280940604
0,0,0.007520969974227682
0,0,0.0478826864734919
0,0,0.015556880894306818
0,0,0.006515217211436425
0,0,0.020947665546366668
0,0,0.04850126133131367
0,0,0.0073694429813777095
0,0,0.006987464827446928
0,0,0.018429361977369885
0,0,0.009400792415711299
0,0,0.012162012720731512
1,1,0.9977135857822753
1,1,0.9993410893688321
0,0,0.1364981828220262
0,0,0.0056996951515235934
0,0,0.12130397798577805
0,0,0.009454097471520293
0,0,0.008477022394332862
0,0,0.07662865087523091
0,0,0.01638078668489909
0,0,0.012291904655814754
0,0,0.008544393775592267
0,0,0.006332652214791783
1,1,0.5722277689476559
0,0,0.007421733438557791
0,0,0.16597376345239673
0,0,0.020254776014833047
1,1,0.531112615202769
0,0,0.013654236691284348
1,1,0.77826812355428
0,0,0.006835664737444712
0,0,0.02125135183256906
0,0,0.012607313399044903
0,0,0.019120164169098564
0,0,0.008272252233176175
0,0,0.005847177939623834
0,0,0.017593885726286562
0,0,0.015063636374046525
0,0,0.018166207686617343
1,1,0.9955442551474988
0,0,0.006960952205522307
0,0,0.024819764631909328
0,0,0.007538452777809083
0,0,0.01471604083802356
0,0,0.009008496103432772
0,0,0.02769332589104281
0,0,0.30592873065813075
0,0,0.004491122805818917
0,0,0.006865843948906065
0,0,0.01877906175631297
0,0,0.00911576430747829
0,0,0.04085068852445834
0,0,0.01200054605055276
0,0,0.026477813280396317
0,0,0.007548267077858752
0,0,0.00606430429555722
0,0,0.030881126433814028
0,0,0.01844716024752088
0,0,0.007635523230839146
0,0,0.1716487703716968
0,0,0.013676241023122496
0,0,0.005618667122673909
0,0,0.0048444804558235785
0,0,0.010762822771260224
0,0,0.005455564071799248
0,0,0.18526762304748975
0,0,0.007938102928478916
0,0,0.049552383592743825
0,0,0.03714084047362978
0,0,0.007095850148188464
0,0,0.017132313592266853
0,0,0.006757292953330213
1,1,0.9989305483795521
0,0,0.012222290374381977
0,0,0.012654791762850533
0,0,0.00530568619101819
0,0,0.024876545441791246
0,0,0.006014115144634059
0,1,0.6290456757088492
0,0,0.009779420451301549
0,0,0.009096007205603612
0,0,0.024049915795883267
1,1,0.99887241816915
1,1,0.9971144265386072
1,1,0.788592984600387
0,0,0.0798370548348816
0,0,0.00820519103064542
0,0,0.013692618326523248
0,0,0.024066165073298864
0,0,0.005790600494714287
1,1,0.9982644992671115
0,0,0.02530832506003304
0,0,0.007623741781233886
0,0,0.0525661028567561
0,0,0.027741558995386138
1,1,0.9995939025068787
0,0,0.009955043461788243
0,0,0.07444029017938064
0,0,0.010554869174448214
0,0,0.006028698975786279
0,0,0.13534913577140448
0,0,0.005458607018454226
0,0,0.025973291142845134
0,0,0.010085108130171657
0,0,0.007058356011395356
0,0,0.00857130602959163
0,0,0.14713600978732372
0,0,0.006033529025250411
0,0,0.01630163060384059
0,0,0.012026123489030455
0,0,0.009284776491026402
0,0,0.005954899383248881
0,0,0.012276824213629602
0,0,0.007737175267912351
0,0,0.34905016833917757
1,1,0.9977879879922623
0,0,0.006450939739850556
0,0,0.00733535666651127
0,0,0.004970938311240542
0,0,0.01808126612000805
0,0,0.0066319071714225075
0,0,0.01698331586514589
1,1,0.9997430290048412
0,0,0.11540862424507056
0,0,0.00752690231135204
0,0,0.012136196104347205
0,0,0.006099413245156662
1,1,0.5321451101976674
0,0,0.0073457520778973185
0,0,0.007567186946871847
0,0,0.2550456523960017
0,0,0.011903369702322192
0,0,0.006355905255626047
0,0,0.013290911526263523
0,0,0.009990556014400803
0,0,0.007985688426954535
0,0,0.006835519059817451
0,1,0.7295625248822303
1,1,0.997732305254457
0,0,0.010167516540729815
0,0,0.013338611817892126
0,0,0.0076610347579000255
0,0,0.008724182011022798
0,0,0.006757266207097383
0,0,0.01037900340999993
0,0,0.05670842459695886
0,0,0.02773559343886742
0,0,0.1361346325527228
0,0,0.037895203063858574
0,0,0.012098020236674688
0,0,0.008520674412421877
0,0,0.007304212181670508
0,0,0.0061969536049779
0,0,0.0050824577791969555
0,0,0.019752462554616174
1,1,0.7778501807964809
0,0,0.007232158099547232
0,0,0.015508749400042593
0,0,0.027804258163965492
0,0,0.010773680292335986
0,0,0.004156022170357228
0,0,0.08429157931410497
0,0,0.07321673400371652
0,0,0.013629214029823783
0,0,0.005396872727929097
1,1,0.8496802367132636
0,0,0.00661952843055495
0,0,0.006228180922463271
1,1,0.6279456628397425
0,0,0.009374458491699256
0,0,0.010632042423118243
0,0,0.005528169459336041
0,0,0.008492049866044174
0,0,0.011817610812128967
0,0,0.006790183197831039
0,0,0.006967913296825512
0,0,0.0059631828175196
0,0,0.41016201635742006
0,0,0.005413289418593661
0,0,0.012885111450832749
1,1,0.774512011961005
0,0,0.008946697292929155
1,1,0.9989293131949961
0,0,0.008824319006835614
0,0,0.01043874605233348
0,0,0.02533138623736633
0,0,0.13371050504685308
1,1,0.9995268589007924
0,0,0.020833987396478716
0,0,0.006686907035146698
0,0,0.011417336039759642
0,0,0.009621426980573538
0,0,0.10026636193413119
0,0,0.017518705580746013
0,0,0.007059102724222622
0,0,0.017111901596543275
0,0,0.006144819832335387
1,1,0.9995829467026404
0,0,0.01185765999822246
0,0,0.05469358209416639
0,0,0.15708691013565082
0,0,0.0285591429953502
0,0,0.015224645321449416
1,1,0.9995231866987718
0,0,0.007317070547587988
0,0,0.008168102885787336
0,0,0.03386066678129689
1,1,0.9987677593298587
0,0,0.022117491844859703
0,0,0.007296663432911262
1,1,0.9952439667173281
0,0,0.022441388120251683
0,0,0.007922805291064275
0,0,0.010298900240589453
0,0,0.007631756554497729
0,0,0.0276971896195967
0,0,0.21575211633722208
0,0,0.01347778095691007
0,0,0.005372283819551173
0,0,0.015970353863940436
0,0,0.0067458046525685055
0,0,0.005590998875693739
1,1,0.995862442402234
0,0,0.007971788228298641
0,0,0.0070592444510130066
0,0,0.011781997441674994
0,0,0.007261087695109796
0,0,0.0078779369846409
0,0,0.011665142427081263
0,0,0.0242434152042331
0,0,0.04840612095039579
0,0,0.06742246401474786
0,0,0.012123506027870778
1,1,0.9583701935843654
0,0,0.005789985996440883
0,0,0.006592199640442415
0,0,0.01014094132516401
0,0,0.006061069608592758
0,0,0.006649112576239602
0,0,0.040171001615427346
0,0,0.023423863441669926
0,0,0.4435620370945115
0,0,0.02260755002180708
0,0,0.01722201105073152
0,0,0.00886828979272955
0,0,0.016253837022969717
1,1,0.6474311894119114
0,0,0.08706368474762029
0,0,0.007759978804817819
0,0,0.006453686969868262
1,1,0.7019302659266783
0,0,0.1375191230730506
0,0,0.028955012819291463
0,0,0.008012415127284303
1,1,0.9983026946781257
0,0,0.009363846540450404
0,0,0.007351725637917584
0,0,0.05850408997424624
0,0,0.007557526328376409
0,0,0.005778967872928908
0,0,0.01103189850470608
0,0,0.0055418074112476455
1,1,0.8348372382806957
0,0,0.01889862746497742
0,0,0.02539979171107229
0,0,0.04234446838319366
1,1,0.9981070225557029
0,0,0.05501039606408895
1,1,0.5771551775948792
0,0,0.16889411879021615
0,0,0.005730825767044123
0,0,0.02507748237529594
0,0,0.014229355884119315
0,0,0.04296554117900721
0,0,0.01004513425452706
0,0,0.00461130765568292
0,0,0.004369174837620449
0,0,0.030830870370591
0,0,0.008984510712432886
0,0,0.012661797719682937
0,0,0.020136585374358845
0,0,0.00998085362436741
0,0,0.006581912444174242
0,0,0.004579748380251799
1,1,0.9983655289555944
0,0,0.014964028292869257
0,0,0.008147124374040245
1,1,0.9915882306791414
0,0,0.04668213558596493
0,0,0.010845417005943058
0,0,0.0063029780489519795
0,0,0.007533494710476707
0,0,0.024810753561221702
0,0,0.02807560731917798
0,0,0.0068704014420718764
0,0,0.026597166350963094
0,0,0.009350048837862633
0,0,0.004990413498019636
0,0,0.017188938515970257
0,0,0.0065296757318565905
0,0,0.2139449427322876
0,0,0.10980360802439483
0,0,0.010340010403447604
0,0,0.025873995151414583
0,0,0.03352180077804872
1,1,0.9818058978333999
0,0,0.023224680295801783
0,0,0.02143405327552191
0,0,0.005766722855121336
1,1,0.9980959408357831
0,0,0.008832741434284341
0,0,0.01998009708681094
0,0,0.016528215676314663
0,0,0.01013711458610347
0,0,0.008351615674667027
0,0,0.011612168753972751
1,1,0.999545805695886
0,0,0.02083446239367397
0,0,0.03218641966882137
0,0,0.011328483557585742
0,0,0.0065061265091205895
0,0,0.011971315180618483
0,0,0.02938491964386273
0,0,0.008192863699988008
1,0,0.047679330603854375
0,0,0.014970552662250412
1,0,0.14424185030446612
0,0,0.0069112602127997394
0,0,0.012619954668661197
0,0,0.010281718516024739
1,1,0.9379648282735567
0,0,0.006737396354495858
0,0,0.0068355280065739606
1,0,0.031970097608026465
0,0,0.007905840782722317
0,0,0.006286503749874135
0,0,0.011819771479591108
1,0,0.4831953620556585
0,0,0.47747562601696997
1,1,0.9615134205941344
0,0,0.005431463034881174
0,0,0.008246781801806082
0,0,0.010949128532968845
1,0,0.41896252028852227
0,0,0.022561999015098855
0,0,0.015605341922018403
0,0,0.006267926766559786
1,1,0.9996616686028049
0,0,0.007231375056997332
0,0,0.0062735289440915545
0,0,0.01215999844744014
0,0,0.115129619521758
0,0,0.06113276448267166
0,0,0.049435514916762596
1,1,0.6278326681251204
0,0,0.030750693805188696
0,0,0.006718449248251162
0,0,0.009448215817232363
1,1,0.7246128281951048
0,0,0.010997078958652625
0,0,0.014137278218834098
0,0,0.007665000551706336
0,0,0.006381068949462675
0,0,0.07089212866716021
0,0,0.00961792143910859
1,1,0.7307453645607698
0,0,0.0060879612482128385
0,0,0.0068881448606172395
0,0,0.006957678125667733
0,0,0.02009667678378302
0,0,0.02106614700538296
0,0,0.004186557813139973
0,0,0.006026110563059119
1,0,0.010337993974135566
0,0,0.006359825006913529
0,0,0.00486197958750149
0,0,0.005302869235661364
0,0,0.005495289783568684
0,0,0.00669025221953619
0,0,0.009638203530664647
1,1,0.9951698996856552
0,0,0.017007567195623918
0,0,0.0043680836964014435
0,0,0.007337061920825025
0,0,0.008398487364536605
0,0,0.007893902865947901
0,0,0.01186099389291054
1,0,0.06501050761753568
0,0,0.02921940678957399
0,0,0.009403998295693551
0,0,0.010947676079714443
0,0,0.009646078482539
0,0,0.009954686921029252
0,0,0.013144594251891253
0,0,0.010097811175458543
0,0,0.01092845711153895
1,1,0.6671189420114251
1,0,0.33972775390420434
0,0,0.006615959209910474
0,0,0.007633299597884805
0,0,0.029043561441136078
1,0,0.12330266558009273
0,0,0.007037394388265419
0,0,0.007835033641580702
0,0,0.009114404451845281
0,0,0.0052476677845991835
0,0,0.01676416976283126
0,0,0.017235291638231516
0,0,0.0059041793388539794
0,0,0.00885598431098108
1,0,0.06114052858154392
0,0,0.008996626007667836
0,0,0.02137108810087259
0,0,0.009133133515787942
0,0,0.0181720681874662
0,0,0.013282532680755183
0,0,0.0089734230631817
0,0,0.005789588809826701
0,0,0.16224824263684615
0,0,0.007658905500055128
0,0,0.008647683149785226
1,1,0.9317120764993642
0,0,0.03322610475203918
0,0,0.012234964981354063
0,0,0.15778688432260923
0,0,0.007854723911398303
0,0,0.013102559483428936
0,0,0.009654336601347797
0,0,0.1562253945954404
0,0,0.023851481892890873
0,0,0.004046437024552996
0,0,0.013433191552384496
0,0,0.0779054563716467
0,0,0.023158345017314483
0,0,0.00967422063819246
0,0,0.009094759722511407
0,0,0.01651998878849415
0,0,0.005401315771394913
0,0,0.04310197709192468
0,0,0.158228661880448
0,0,0.009467088739071558
0,0,0.1130781495501198
0,0,0.07069194592680936
0,0,0.01187175312627104
0,0,0.012018607472378486
0,0,0.024560184054843896
0,0,0.008583067164837732
1,0,0.05815946264917867
0,0,0.008912840171435453
0,0,0.0061508589407093875
0,0,0.008633011833090105
0,0,0.012239990038223646
0,0,0.009870113238690179
1,1,0.9984540723399272
0,0,0.006749901441327627
0,0,0.010113611712892889
0,0,0.005229422653507477
0,0,0.009666269020219807
0,0,0.012184304473716264
0,0,0.00837503815601172
0,0,0.020063138295335275
0,0,0.008840811290350262
0,0,0.006470430025534108
0,0,0.007773982426769971
1,1,0.9988031816339878
0,0,0.009314746543949025
0,0,0.007931718358441683
0,0,0.013168863845109877
0,0,0.010022279214059205
0,0,0.007135499464639592
0,0,0.00617691297941382
0,0,0.009696838067779812
0,0,0.006168489853641284
0,0,0.004267287070851846
0,0,0.007117788941839494
0,0,0.008834091315003362
0,0,0.009009176228690224
0,0,0.007045957400451461
0,0,0.023365535789116876
0,0,0.025913316495327986
0,0,0.035129435620899194
0,0,0.01026613147399443
0,0,0.010471328039654079
0,0,0.006289266595806016
0,0,0.01231623356481585
0,0,0.019154147944116538
0,0,0.2513678007424129
0,0,0.03574125413200066
0,0,0.008965674881042236
0,0,0.01859171086260837
0,0,0.009743514719310887
0,0,0.006243422353409551
0,0,0.09739029828533893
0,0,0.11277864125928873
0,0,0.022539499512791588
0,0,0.016105422025909033
0,0,0.004400416343502076
0,0,0.016273079292343083
0,0,0.008521899386622084
0,0,0.014125061576743182
0,0,0.003482723499289806
0,0,0.006254968311514254
0,0,0.007476977662886768
0,0,0.015210435405401913
0,0,0.007395030541826443
0,0,0.006154618880631799
0,0,0.01681851203599003
0,0,0.0066782233645550455
1,1,0.8978316839116358
0,0,0.012936450018079915
0,0,0.009806570130184798
0,0,0.009904439778215056
0,0,0.0755451699707244
0,0,0.009224043886928239
0,0,0.013277341620778526
0,0,0.1503598526136209
0,0,0.010536941793657937
0,0,0.011590883772523233
0,0,0.0048140048989439976
0,0,0.009631826791560829
1,0,0.42627014476522823
0,0,0.014910659526831346
0,0,0.08429513425472651
0,0,0.007978971867364404
1,1,0.9981408231325263
0,0,0.00553668857852715
0,0,0.008619254121841474
0,0,0.00641431467317163
0,0,0.007745352233697939
0,0,0.006852579780479036
0,0,0.011005098713753578
0,0,0.042469718766616135
0,0,0.011533486565134917
0,0,0.008021198965716105
0,0,0.016779972257343696
0,0,0.004893307168681174
0,0,0.02374590783359556
0,0,0.007782594397257452
0,0,0.007839706413380042
0,0,0.007550217115321268
0,0,0.006815781220639706
0,0,0.006122982904001789
0,0,0.007560506126942917
0,0,0.10281500035840747
0,0,0.005836685522000237
0,0,0.01797373091908982
0,0,0.008397854054818086
0,0,0.012528681860509537
0,0,0.008502613971230328
0,0,0.015541251900859103
0,0,0.012069712914429587
0,1,0.7612060447091273
0,0,0.00962698491294799
0,0,0.007584668331167559
0,0,0.006809728159064512
0,0,0.027928402693471098
0,0,0.012576463833879307
0,0,0.010077247828125144
0,0,0.03401878399127697
0,0,0.19986702670390613
0,0,0.006688229753878462
0,0,0.010947549263809763
0,0,0.012354416234978259
0,0,0.008408144394248123
0,0,0.0285890623489287
0,0,0.010411604328942302
0,0,0.017050279423870784
0,0,0.009918306722431136
0,0,0.013865711170201927
0,0,0.011500290688388298
1,0,0.26442233042206403
0,0,0.0058436014564374195
0,0,0.008278570236540531
0,0,0.007025469920927661
0,0,0.01915539055312131
0,0,0.007691981213216135
0,0,0.03484955927830433
0,0,0.014807931204483052
0,0,0.006538536945707297
0,0,0.022345329310180326
0,0,0.011831469479843664
1,1,0.9992621011075316
0,0,0.010197809067530093
0,0,0.0057792964514378955
0,0,0.007415504330121988
0,1,0.7576452722469613
0,0,0.006761335971067934
0,0,0.005702838750473642
0,0,0.007840992635979729
0,0,0.013518007560522889
0,0,0.006690020407629135
0,0,0.012635474587352554
0,0,0.01808061411343765
1,0,0.017694511719019913
0,0,0.010404239704046386
0,0,0.03313671468005189
1,1,0.9995218570338589
0,0,0.009377183717556367
0,0,0.012570669593346713
0,0,0.010376060450564108
0,0,0.014929757863241012
0,0,0.005385266255031828
0,0,0.017997360779939336
0,0,0.005813383562767745
0,0,0.013144594251891253
0,0,0.004604387884013673
1,1,0.9990485940910031
0,0,0.030952259923564894
1,1,0.9989952106280864
0,0,0.004662885865315646
0,0,0.018067313836579037
0,0,0.032963143193613716
0,0,0.026056889317025902
0,0,0.007682755315500796
0,0,0.007539238222217897
0,0,0.009793920041503304
0,0,0.0046165027907855176
0,0,0.010485953560321259
0,0,0.006156765346190091
0,0,0.012500447267347285
0,0,0.016894962830751096
0,0,0.006262956392236456
1,1,0.9982313537583588
0,0,0.0064885748646903675
0,0,0.005422364040107005
0,0,0.011424411271692136
0,0,0.01026613120194061
0,0,0.1035226759410411
0,0,0.0072829779971487285
0,0,0.01653488603213085
0,0,0.013554736893974267
0,0,0.013982628228898078
0,0,0.006221962609272476
0,0,0.02518639286808573
0,0,0.007433298882251258
0,0,0.13873264713843733
0,0,0.014043446200893445
0,0,0.05299601818073146
0,0,0.005259322693780692
1,0,0.2800425761926323
0,0,0.009424028180536542
0,0,0.006248941359762841
1,1,0.6275308289369015
0,0,0.018226373096050113
0,0,0.028864569861037314
0,0,0.03479858122948156
0,0,0.01120325761325595
0,0,0.008197728829284339
0,0,0.006939979665735591
0,0,0.010137270830721846
1,1,0.9997954882305994
0,0,0.018903694766815075
0,0,0.0071950110677581405
0,0,0.005960328366362335
0,0,0.0074431520622231535
0,0,0.01330280103826037
1,1,0.9975810881607676
1,1,0.9890412774829839
0,0,0.008062371584616632
1,1,0.9265333992908438
0,0,0.009264590629022419
0,0,0.0073383125346301635
0,0,0.20013386543756714
1,1,0.9977361308674394
0,0,0.007655900298693971
0,0,0.004666259125591078
0,0,0.04610897887804429
0,0,0.007634149949952845
0,0,0.011368449271659805
0,0,0.020269538547377234
1,1,0.9906777109009776
0,0,0.007923693264012367
0,0,0.005649423391351659
1,0,0.2416844858219167
0,0,0.007420900160963951
0,0,0.010996796792939072
1,1,0.9828709576693169
0,0,0.008152147647285684
0,0,0.01824764846331007
0,0,0.00728775181779667
0,0,0.00794647395287006
0,0,0.005500100690227666
0,0,0.0071499819861108324
1,1,0.9965294145161103
1,0,0.0922458246835743
0,0,0.008777250601896595
0,0,0.009716824273588732
0,0,0.0080633896789397
1,1,0.999523717207237
0,0,0.08165120771457028
0,0,0.019458044976962928
1,1,0.9994616983874457
0,0,0.16794963015303718
0,0,0.03887406662116542
0,0,0.006097080396212515
1,0,0.4872070008414409
0,0,0.006968933582334894
0,0,0.007694005871759726
0,0,0.008007706306578785
0,0,0.03161994980593326
0,0,0.006641148088489172
0,0,0.005104662797678879
1,1,0.9990113257399398
0,0,0.005660556431495836
1,1,0.9980481117824688
0,0,0.023306902517670473
0,0,0.07849004717229688
0,0,0.009186160291297039
0,0,0.020000291213941812
0,0,0.008249313744052673
0,0,0.006965427341796587
0,0,0.013847867195306191
0,0,0.008205050432103565
0,0,0.009574987162333326
0,0,0.007511532441054554
0,0,0.008663784996931642
0,0,0.007172760093273704
0,0,0.01010305536785059
0,0,0.006872879766374878
0,0,0.08286196666995273
0,0,0.01850290444055123
1,0,0.06683347779377193
0,0,0.010377246678545591
0,0,0.006210647755848901
0,0,0.006635976587897979
0,0,0.02760436998947113
0,0,0.011247501225795544
0,0,0.01076036093774462
1,1,0.5229717223671909
0,0,0.005501231474108134
0,0,0.17731768552807545
0,0,0.005489881111202732
0,0,0.011160803949278476
0,0,0.06673774954163693
0,0,0.007390802581452044
0,0,0.007002220903948298
0,0,0.007322490711667082
0,0,0.012365328948329018
0,0,0.008176843152531471
1,1,0.61546619382638
0,0,0.009770962482813877
0,0,0.042004183260873296
0,0,0.062396071945049265
0,0,0.005514510277730544
0,0,0.00586897704130882
1,1,0.9973123041207334
0,0,0.012819048408554365
0,0,0.023796740836095745
0,0,0.005947969379516211
0,0,0.018119239563394517
0,0,0.005892412891063233
0,0,0.01222799290481158
0,0,0.03831742447241058
0,0,0.005799575801796374
0,0,0.01184397008962524
0,0,0.006582146683449307
0,0,0.1672752749468535
0,0,0.35479100213065895
0,0,0.016154622475698464
0,0,0.005419376487363631
0,0,0.008563751057855205
0,0,0.008797011025058258
0,0,0.039855396168137054
0,0,0.006905801842018351
0,0,0.11481795014088084
0,0,0.0061955637820029314
0,0,0.28126274305037874
0,0,0.007376157529026401
0,0,0.12039290885506075
0,0,0.008032018022025472
0,0,0.006939748081059227
0,0,0.1248431500875373
1,1,0.9990268108564706
0,0,0.005351977656960874
0,0,0.003530872674056302
0,0,0.00626084871276643
0,0,0.02258928724826603
1,1,0.5846227124447908
0,0,0.03174464553369176
0,0,0.024154600956830162
1,1,0.8118337998153943
0,0,0.007464998005510305
0,0,0.03262331412999697
0,0,0.00783157566478924
0,0,0.011987817983880086
0,0,0.017025634127474768
0,0,0.017524909609588076
0,0,0.01559158596272114
0,0,0.008362873191147879
0,0,0.012656081068919306
0,0,0.008418666857770615
0,0,0.010060445640051546
0,0,0.22393804325995076
1,1,0.9954979731725957
0,0,0.022452085399494906
0,0,0.00893284097856775
0,0,0.009029008992899372
0,0,0.005741585039668137
0,0,0.005811282164110266
1,1,0.9990694992777591
0,0,0.01862549547773261
0,0,0.014679941304278871
0,0,0.05255940957598413
0,0,0.021936968894214943
0,0,0.0070180381649278135
1,1,0.9984203489020301
0,0,0.012291009791211215
0,0,0.007424837585145616
0,0,0.006643555997904487
0,0,0.004573183831038578
0,0,0.01062540956455661
0,0,0.08717145195118874
0,0,0.011557942897628029
0,0,0.009112303080589931
0,0,0.008271374665910436
0,0,0.04330779947767646
0,0,0.024557110929158358
0,0,0.005300229239617445
0,0,0.008527592518522526
0,0,0.006947109621794584
0,0,0.007797878906866098
0,0,0.005451167871381015
0,0,0.009914111707660751
0,0,0.011600598286563566
0,0,0.018248992174821205
0,0,0.0050398594637548885
0,0,0.05169904878042611
0,0,0.008557994776891774
0,0,0.015862540154254003
0,0,0.00911551536819402
0,0,0.008731672096002676
1,1,0.9980627581235825
0,0,0.06494449291223399
0,0,0.006337468833828755
0,0,0.006665421441912025
0,0,0.03407909700627079
0,0,0.007740459044831041
0,0,0.005780605130104879
0,0,0.00846068166234119
0,0,0.007762481914072439
0,0,0.01200403265687842
0,0,0.008604545748958253
0,0,0.0159482158938087
0,0,0.007584688555647557
0,0,0.005340064585569723
0,0,0.009938347100863349
0,0,0.011099552341469063
0,1,0.5418194291357451
0,0,0.005699609108924671
0,0,0.0071409738280158105
0,0,0.01909689113127787
0,0,0.29554432843629086
0,0,0.006894202337550856
0,0,0.26321658117043467
0,0,0.017993031429008023
0,0,0.011503889487571299
0,0,0.019437327541042444
1,1,0.754446782591172
0,0,0.012906062578083329
0,0,0.00947873224523918
0,0,0.05337042943392169
0,0,0.042262166352227265
0,0,0.009210766398084661
0,0,0.006450981801912915
0,0,0.10619387713459345
0,0,0.007896704923164242
0,0,0.005189659186330452
0,0,0.007655747234039927
0,0,0.01260793840478692
1,1,0.9985308646745437
0,0,0.0697454968818607
1,1,0.9926437752241037
1,0,0.012621821559455269
0,0,0.009774822484531438
0,0,0.01023362089526627
0,0,0.1405227773480839
0,0,0.007872250732007778
0,0,0.021036209812520454
0,0,0.008697768818494036
0,0,0.07304212961898184
1,1,0.9994957463940527
0,0,0.01249226353320521
0,0,0.010600929655417618
0,0,0.03574125413200066
0,0,0.01997520368929181
0,0,0.0071857825370733285
0,0,0.007982268710116359
0,0,0.004577602875902678
0,0,0.012578252016878361
0,0,0.007877493359156242
0,0,0.005282874746684926
0,0,0.06856882371539809
1,1,0.5500801711320931
0,0,0.02023952858036204
1,0,0.29186909028413577
0,0,0.006819116234593471
0,0,0.139308971194633
0,0,0.04740287861591348
1,1,0.9980243380307166
0,0,0.009679381959687391
0,0,0.01782414490938233
1,0,0.08506170787630123
0,0,0.01808061411343765
0,0,0.09358148125937228
0,0,0.008254526822703707
0,0,0.007967096974919744
0,1,0.7129614438950953
0,0,0.010197797078902032
0,0,0.005986237606464719
0,0,0.017049084240536225
1,1,0.9987209244087714
1,1,0.7624073187942747
0,0,0.017948731988048017
0,0,0.08662527819750071
0,0,0.1591661792870706
0,1,0.6466822921968837
0,0,0.39504794551221223
0,0,0.0074057210193760135
0,0,0.007650947281173753
0,0,0.008453934231267654
0,0,0.01038941072269241
0,0,0.008667846731385735
0,0,0.008336446851096097
0,0,0.00902390093084984
0,0,0.013430723844495314
0,0,0.011911244885634099
0,0,0.006698928825541023
0,0,0.0076338407314132375
0,0,0.006157403543644419
0,0,0.012438529728657645
0,0,0.006983788865541172
0,0,0.004661049406378087
0,0,0.00610569152752418
0,0,0.007143881399627362
0,0,0.009873171828513322
0,0,0.0060965012683852435
0,0,0.008664080030598577
0,0,0.12762313966236252
1,0,0.09656570743088998
1,1,0.9875921731105045
0,0,0.01951507311994348
0,0,0.4261014523733068
0,0,0.010014577474210038
0,0,0.009644478799377854
1,1,0.6724138933751173
0,0,0.12252352228277556
0,0,0.011058498569280937
0,0,0.009228313598244815
0,0,0.01070977763593267
0,0,0.008047050535077949
0,0,0.021942456239811173
0,0,0.007027628971940685
0,0,0.008314087682642163
0,0,0.010670041791212424
0,0,0.008049142661412064
0,0,0.03015473789729072
0,0,0.022114763969107793
0,0,0.0103580749208543
1,0,0.0183466523036305
0,0,0.006730363008811734
1,1,0.9990712000731777
0,0,0.008580238147694978
0,0,0.00485462259272989
0,0,0.007074983934423309
0,0,0.00783931217273367
0,0,0.01060578297781036
0,0,0.01097809215680907
0,0,0.03331779058791493
1,1,0.8259577923536767
0,0,0.006504816211787218
0,0,0.005534726510340056
0,0,0.00931362860446844
0,0,0.015132575054111263
0,0,0.006221406495154276
0,0,0.01180774215946132
0,0,0.006061804055470253
0,0,0.00852224691659444
0,0,0.014576122108872614
0,0,0.015249475229656757
0,0,0.012930140310878031
0,0,0.006263416764531019
0,0,0.007262650444718302
0,0,0.01049990222561777
0,0,0.005537417461287476
0,0,0.009830416342359148
1,0,0.09375809116632595
1,1,0.9373460548003479
0,0,0.006620432502385322
0,0,0.008002218714516014
0,0,0.00651185910552318
0,0,0.010912711534146725
1,1,0.9796236132690749
0,0,0.025822877610331064
0,0,0.05755650188581375
0,0,0.005828370127129152
0,0,0.017627467306375388
0,0,0.006314203487573913
0,0,0.027128749466099104
0,0,0.007774637890981379
0,0,0.006699848453232498
1,1,0.9475669663725705
0,0,0.006578615141147625
0,0,0.006740976739967809
0,0,0.007253844755888525
0,0,0.016489954750425938
0,0,0.005822894644091667
0,0,0.4598386418976375
0,0,0.09626536866537952
0,0,0.006709496897419843
0,0,0.006752258087489612
0,0,0.008685034446762153
0,0,0.005740611710206913
0,0,0.007808912398917387
0,0,0.007918419211518068
0,0,0.011200820768018798
0,0,0.01724635754624093
0,0,0.006531395449679316
0,0,0.016872443729549737
0,0,0.017170446810083537
0,0,0.17120249015583072
0,0,0.005422214026399891
1,0,0.0740345087698114
0,0,0.01036134165651265
0,0,0.00888485874862789
0,0,0.007834432414341615
0,0,0.006694541462096524
0,0,0.01641206669384066
0,0,0.024298254085849656
0,0,0.025713786967529136
1,1,0.9995835611844343
0,0,0.005448600468209924
0,0,0.005529339978145364
0,0,0.012310260134320794
0,0,0.006126002302034076
1,1,0.9993811982041363
0,0,0.008225341525130348
0,0,0.005747759457526515
0,0,0.01425181665516182
0,0,0.005164360088264637
0,0,0.029001588003891507
0,0,0.00829574462139188
0,0,0.011442486236923287
0,0,0.030195241440620038
1,1,0.9996237902960222
0,0,0.0050820934164415785
0,0,0.014163254112711422
0,0,0.005574054342133394
1,1,0.9763596260013074
0,0,0.017140305441804823
0,0,0.011137889009970973
0,0,0.005301885588347363
0,0,0.0070864348117043565
0,0,0.00625895212782785
0,0,0.00488696575182626
0,0,0.006237949519669851
0,0,0.006119226049198604
0,0,0.010995477108750028
0,0,0.006253293299643025
0,0,0.008500148496703505
0,0,0.003269607160871936
0,0,0.015802334018848622
1,0,0.46757064499255213
0,0,0.008821460021907333
0,0,0.016761539845291315
0,0,0.008116752233912944
0,0,0.00986095443506272
1,0,0.48019527912297566
0,0,0.0067551308098392415
1,1,0.9994352692368955
0,0,0.014986471398833518
0,0,0.0059403849550156455
0,0,0.006994734661243289
0,0,0.10638915942309582
1,1,0.8060106714983486
0,0,0.005241326615272527
0,0,0.006545548991581613
0,0,0.09636865246089574
0,0,0.007317127988059939
0,0,0.004524991472899793
0,0,0.02986787164255666
0,0,0.02271603492001528
0,0,0.006821443253648748
0,0,0.15003001518766673
0,0,0.0061023561207410905
0,0,0.038266427211236076
0,0,0.006395546867802697
0,0,0.011378246805180446
0,0,0.006526107294174518
0,0,0.006905190687436001
0,0,0.008062810687769883
0,0,0.017761784093822605
0,0,0.008106197576645503
0,0,0.010882950727054565
0,0,0.007526335979940949
0,0,0.014921050015803114
0,0,0.008461589301806599
1,1,0.9903055966518781
0,0,0.008877803080495362
0,0,0.005637551186860189
0,0,0.007409852705270131
0,0,0.010615305460743123
1,1,0.999402543234919
1,1,0.9842208518689093
1,1,0.9982766033651532
0,0,0.014931430053874007
0,0,0.016186424292061533
0,0,0.019027723926363028
0,0,0.006984023310107474
0,0,0.015262878376761234
0,0,0.006791094137423092
0,0,0.010247333515653875
0,0,0.005655451860686644
1,0,0.144962791941199
0,0,0.009024602110428968
0,0,0.012595820212029577
1,1,0.9987816122396037
0,0,0.0231707974068957
0,0,0.013199225398240656
0,0,0.009914095696010636
0,0,0.007779664324593835
0,0,0.014336388389295301
0,0,0.005440587520306624
0,0,0.20722544219112826
0,0,0.012146098113915057
0,0,0.02248356836798648
0,0,0.013276405417185118
0,0,0.012468267678133508
0,0,0.013818100640080587
0,0,0.006761335971067934
0,0,0.00800502878286829
0,0,0.015855167301904977
0,0,0.007328866391434027
0,0,0.03795737931665989
0,0,0.013555759822666658
0,0,0.005299488965174488
0,0,0.006098184992267926
0,0,0.037764374733973885
0,0,0.008202049226089988
0,0,0.027397025671082768
0,0,0.018825832241700105
0,0,0.009799654786490005
0,0,0.012111232775510886
0,0,0.3111966529310029
0,0,0.007389046571677468
0,0,0.006946616609346192
0,0,0.034835210876766026
0,0,0.01132793845022273
0,0,0.010684653435517269
0,0,0.010782633105375323
1,1,0.997962760720414
0,0,0.009238592023215085
0,0,0.020836221867294433
1,1,0.9878870640125967
1,0,0.015764251731240856
0,0,0.013113005217739475
0,0,0.00744575187043733
1,1,0.9941823775072159
0,0,0.010549549707744535
0,0,0.006488789820162948
0,0,0.006543811716613514
0,0,0.017362728523180344
1,1,0.5811853431385064
0,0,0.013214042570332495
0,0,0.008601556077953324
0,0,0.4888341207104042
0,0,0.07445245703139512
0,0,0.06135889823569273
0,0,0.0071837972140540475
0,0,0.019095787128364638
0,0,0.00848708793321251
0,0,0.032029609173850525
1,1,0.99920856578345
0,0,0.006708935258140325
0,0,0.11116895001470245
0,0,0.008422006538198636
0,0,0.008381938587223324
1,1,0.9923535315841352
0,0,0.0074937975647170404
0,0,0.006861800812157615
1,1,0.8884675503221438
0,0,0.022538348231071148
0,0,0.008926896409575821
0,0,0.016036011487867617
0,0,0.007820845351135636
0,0,0.008659446455233701
1,1,0.9986411718730624
0,0,0.009551705763971786
0,0,0.008652982615179383
0,0,0.009119088085953285
0,0,0.014349639180467368
0,0,0.0074731027227871085
1,1,0.9975474195609214
0,0,0.006010965232812329
0,0,0.02717946018838905
0,0,0.011294836812145615
0,0,0.01004547234007014
0,0,0.008567456944699289
0,0,0.024792830421207127
0,0,0.00906510461446801
0,0,0.006333953472887824
0,0,0.007181561220609253
0,0,0.005957022711988029
0,0,0.006947809962570497
0,0,0.00856115827480256
0,0,0.009166067216668078
0,0,0.024327406122243985
1,1,0.996641591137067
0,0,0.006291872091432087
0,0,0.013380970795201489
0,0,0.29624549286226065
0,0,0.02767859602097953
0,0,0.014505813895896993
0,0,0.01016366844043695
0,0,0.13205033601348606
1,1,0.9991752087770219
0,0,0.010345150349860662
0,0,0.004644830175704973
0,0,0.014142078762046255
0,0,0.0366355387924782
1,0,0.005762940595597882
0,0,0.007670210832769081
0,0,0.006124427535783282
0,0,0.017322212984475154
0,0,0.007307152781955611
0,0,0.00577598573652959
0,0,0.012500708053437892
0,0,0.020334764308464346
0,0,0.01841815655732186
0,0,0.20741246708348707
0,0,0.02923570552081708
0,0,0.0038102028602462388
1,1,0.9950054238344569
0,0,0.007881983968183535
0,0,0.03381925467285759
1,1,0.9992036762087352
0,0,0.019187893873889066
0,0,0.02318253686680748
0,0,0.006806543075276086
0,0,0.007297075598984066
1,0,0.08704032203319054
1,0,0.06080698544641699
1,0,0.3036700761459144
0,0,0.005816919333091253
0,0,0.019100647690241192
0,0,0.010673973386817862
0,0,0.012144219316029319
0,0,0.009915717964367094
0,0,0.008658418408908368
1,1,0.9701564614434618
0,0,0.0060351659924087935
0,0,0.0059865860858965714
0,0,0.007897307887624598
0,0,0.006369655605294731
0,0,0.010834447985293837
1,1,0.9995280227077268
0,0,0.007918541772633101
0,0,0.007418135231161246
0,0,0.05464200416668787
0,0,0.02863305023051456
0,0,0.0055521721478018725
1,0,0.014137278218834098
0,0,0.03607089742960719
0,0,0.006173038175218548
0,0,0.008175439103032006
0,0,0.005642384862297625
0,0,0.006492296083334419
0,0,0.0078499935455168
0,0,0.007045453527160203
1,1,0.9994234636484681
0,0,0.013926967543453048
0,0,0.0067832845961119026
1,1,0.998748157498252
0,0,0.007926444969409863
0,0,0.014496244334710728
1,0,0.17655401267066076
1,1,0.9996797337992464
0,0,0.008004200889763653
0,0,0.09935703766388675
0,0,0.03983176920311676
0,0,0.006463353401878792
1,1,0.9992454791376641
0,0,0.006317438381747368
0,0,0.014866388792814794
0,0,0.02392344867844431
0,0,0.0060285267547991565
0,0,0.00587901563930113
0,0,0.006031245881655329
1,1,0.998357676992224
0,0,0.025852323270645423
0,0,0.016050621832589405
0,0,0.005898779130511398
0,0,0.0068441192187615315
0,0,0.008362069460084078
0,0,0.0069874894529173255
0,0,0.007070757646378646
0,0,0.014515024013306259
0,0,0.007041689426344851
1,1,0.9979836557987875
0,0,0.006469585153935183
0,0,0.016566857674445348
0,0,0.005600255457544493
0,0,0.030595365840127484
0,0,0.005681617560098196
0,0,0.012769547365515246
0,0,0.009623345655471861
0,0,0.008383203773789474
0,0,0.012352532237623488
0,0,0.009331281463571657
0,0,0.007463805823910924
0,0,0.010047781826383011
0,0,0.00593197614404693
0,0,0.007647569348037984
0,0,0.006425751850641031
0,0,0.00964050401688259
0,0,0.01162874516249727
0,0,0.0064637404183678256
0,0,0.010039747304291082
0,0,0.038340725025289624
0,0,0.008968805698347185
0,0,0.013980204865591598
0,0,0.09907170156348415
0,0,0.013066360466362465
0,0,0.00835203863785017
0,0,0.02311851763422181
0,0,0.006299820805729722
0,0,0.010874894410463855
0,0,0.008274109500899374
0,0,0.0070458806373335
0,0,0.005795925137147578
0,0,0.004407320223323052
0,0,0.007053610844868091
0,0,0.011583287537650545
0,1,0.5464009461358954
0,0,0.02323792709034487
0,0,0.011064381263799961
0,0,0.00820250758518126
0,0,0.020143630186565953
0,0,0.005392216764663119
0,0,0.005913170797923884
1,1,0.8230812959097892
0,0,0.009713014273930507
0,0,0.006739918620363001
0,0,0.018922825807100998
0,0,0.051151663184064944
0,0,0.007117911905362577
0,0,0.006925993573157561
0,0,0.04364197527916085
0,0,0.008103148928807091
0,0,0.007298359031111239
0,0,0.006142533131094461
0,0,0.007013993844962274
0,0,0.006213981427260972
0,0,0.006071967489783512
0,0,0.00710930066947673
0,0,0.00671875036334625
0,0,0.012462371853470522
0,0,0.01625428401073932
0,0,0.01934129381901539
0,0,0.00895563778502815
0,0,0.011185963888881514
0,0,0.008634355991365972
0,0,0.005880083353700405
0,0,0.029429294690356614
0,0,0.00860648293977627
0,0,0.02324047117374398
0,0,0.007100581243085524
0,0,0.0960353997034498
0,0,0.007657770172153773
0,0,0.007376401510065649
1,1,0.8335446304707298
0,0,0.008226137558844026
1,1,0.7903003662445157
0,0,0.006372095118492273
0,0,0.0653915209443695
0,0,0.011586618006349433
0,0,0.038915770508366435
0,0,0.006866684052899978
0,0,0.009140074547689702
0,0,0.007415554185579408
0,0,0.008962021597195712
0,0,0.02456917162476944
0,0,0.0070318097790824825
1,1,0.9982232070646172
0,0,0.007421733438557791
0,0,0.11042183214272573
0,0,0.3710815134451363
1,0,0.4435620370945115
1,1,0.5571871460634026
0,0,0.09831505548254786
0,0,0.010695499578855537
0,0,0.026531536822978603
0,0,0.007020226964438602
0,0,0.02908862591229522
0,0,0.009261159909271193
0,0,0.017129316659937548
1,1,0.9660797864793735
0,0,0.01662308364420888
0,0,0.007744726908514441
0,0,0.010816836043936533
0,0,0.009938057344053243
0,0,0.04936775087518419
0,0,0.01632380863092309
0,0,0.0054161313461145045
0,0,0.009216834501938831
0,0,0.005882313976588927
0,0,0.011488389804778502
0,0,0.012562186538935052
0,0,0.005437390308673837
0,0,0.004467918496153586
0,0,0.008795434765116643
1,1,0.9884888588788237
0,0,0.011365198868934225
0,0,0.00930964116468346
0,0,0.014754583372571718
0,0,0.006062917092884644
0,0,0.021715421195539666
0,0,0.027263444685770865
0,0,0.006205143408213862
0,0,0.025413968784202788
0,0,0.21537943316435734
0,0,0.009977627153913954
0,0,0.010152835540613555
0,0,0.009073295204943715
1,1,0.9870472946328263
0,0,0.04328729662069342
1,1,0.998005039881118
0,0,0.027789409481168172
0,0,0.0060598105939231785
0,0,0.010526352728420897
0,0,0.00909695100236501
0,0,0.005158470201699966
0,0,0.010849445390677856
0,0,0.006064994378302397
0,0,0.0066534659299779236
0,0,0.0083755455684494
0,0,0.022834859271124226
0,0,0.0075505577571329
0,0,0.005637551186860189
0,0,0.013710052437800659
0,0,0.007253544253373109
0,0,0.03188838595398272
0,0,0.00645797600338401
0,0,0.005354910503738323
0,0,0.007969962923460945
0,0,0.007923211922763546
1,1,0.99954115356236
0,0,0.025792181278242485
0,0,0.007558840176971082
0,0,0.007045409103986413
0,0,0.0219713483114941
0,0,0.08931910596374827
0,0,0.008388670304096662
0,0,0.013596449521237843
0,0,0.004808462242797428
0,0,0.019165081107030697
0,0,0.009114404451845281
0,0,0.007497095364169627
0,0,0.009741643001676738
0,0,0.0074752014927288515
1,1,0.9987881624386357
1,1,0.9991643411652594
0,0,0.07864225663616867
0,0,0.011982989808112724
0,0,0.006136498186828998
0,0,0.0071516944579419
0,0,0.03328916683272347
0,0,0.0055647963482084156
0,0,0.03787225642393035
0,0,0.061517292539000484
0,0,0.033732642292515914
0,0,0.0126266109564682
0,0,0.008674040514136333
0,0,0.011072887955962596
0,0,0.00626534716752651
0,0,0.01544175365689699
0,0,0.006935380498078293
0,0,0.006652794581622038
0,0,0.04797770499556108
0,0,0.006688464483928039
0,0,0.004314042250237169
0,0,0.027334166870309096
0,0,0.018564640083922494
0,0,0.007154244233161753
0,0,0.0050842694756859964
0,0,0.07855848330707323
0,0,0.009257063432656733
0,0,0.008014304076532806
0,0,0.019495413033286408
0,0,0.007026121562961276
0,0,0.005136515560434433
0,0,0.006178397057552298
0,1,0.624952124930533
0,0,0.014878248285922477
0,0,0.011248477972411977
0,0,0.03766674054391361
0,0,0.008010409746678136
0,0,0.01380121036824272
0,0,0.026072347864445615
0,0,0.010909430828451952
0,0,0.0071684203890661075
1,1,0.9882357496069641
0,0,0.1312620237178359
0,0,0.0242612578294889
0,0,0.010874894410463855
1,0,0.45595172649365495
0,0,0.009559441856780185
1,1,0.99797686924893
0,0,0.05587967074289386
1,1,0.9982971604992512
1,0,0.09189772264092615
0,0,0.0067139396088730895
0,0,0.015631238847988844
0,0,0.008312079036512482
0,0,0.00624674615510903
0,0,0.01014094132516401
0,0,0.011060127415056756
0,0,0.008992871805494265
0,0,0.01826662998227218
1,0,0.1839029166921462
0,0,0.014544869760275586
0,0,0.01227265242195547
0,0,0.03583021987848201
0,0,0.022546375887872998
0,0,0.2106905479081252
0,0,0.010523233155470352
0,0,0.025436056732514922
0,0,0.01823351301974257
0,0,0.005538784948882459
0,0,0.006671406791599871
0,0,0.003510789562399765
1,1,0.9781881708878022
0,0,0.008616014513341458
0,0,0.02098285442930004
0,0,0.02960077892253259
1,1,0.9984297943568227
0,0,0.00879910646127278
0,0,0.07107335355786021
0,0,0.007510630407792691
0,0,0.007601509089308586
0,0,0.004875312002531407
0,0,0.01216871930461236
1,0,0.318219139222599
0,0,0.008896470291302618
0,0,0.12578791383551655
0,0,0.008833871933386996
0,0,0.005910647582031679
0,0,0.02281133121904526
0,0,0.008100915640188566
0,0,0.018223174127325843
0,0,0.09907170156348415
0,0,0.012560723103740574
0,0,0.010900385967510912
0,0,0.08892109030015881
0,0,0.00785308391368761
0,0,0.00963478076887099
0,0,0.016437895501924867
0,0,0.02900802166051027
0,0,0.022360258037344524
0,0,0.00651763060298684
0,0,0.013155100746415144
0,0,0.018028123790258824
0,0,0.008531742611567365
1,0,0.22392102068555605
0,0,0.08144291286457812
0,0,0.010107312996662371
0,0,0.012459558327457529
0,0,0.0204354829538917
0,0,0.0201980990318988
0,0,0.007161640464531916
0,0,0.01497681111156228
0,0,0.014612673292304175
0,0,0.0069698080636962974
0,0,0.016439543672875832
0,0,0.007486497882124162
0,0,0.06489489178780117
0,0,0.0468095058042566
0,0,0.008043137411796774
0,0,0.0063072008830963415
0,0,0.012750985069251108
0,0,0.009136477480672424
0,0,0.03126122898867903
0,0,0.00991041522062813
0,0,0.03345389514800519
0,0,0.006733592588871227
0,0,0.00691168603889348
0,0,0.007946261156707723
0,0,0.008731953036628036
0,0,0.0063837834250616305
0,0,0.00760082247430515
0,0,0.005740363647708594
0,0,0.006174703239718022
0,0,0.008595854908204532
0,0,0.007669577980899218
0,0,0.005935166270678992
0,0,0.010716799370987448
0,0,0.007182968768214823
0,0,0.012333589114828238
0,0,0.008675629187907949
0,0,0.013113232721536729
0,0,0.15196862219494028
0,0,0.009966912193771065
0,0,0.010776020833445064
0,0,0.006393082275797788
0,0,0.21981923083938532
0,0,0.008245314166282094
1,1,0.9960115175319918
0,0,0.007127116299950977
0,0,0.008853599177309953
1,1,0.9994115140876233
0,0,0.015293185820161159
0,0,0.005929510760524359
0,0,0.00972223630817516
0,0,0.007346835757283586
0,0,0.19291373644069398
0,0,0.009209271845373413
0,0,0.005701900573949333
0,0,0.017611518225761496
0,0,0.009376121519212542
0,0,0.03884514149415437
0,0,0.007560218316587228
0,0,0.005400424318782563
0,0,0.008769897644576658
0,0,0.012876472517594448
0,0,0.01800089325178684
0,0,0.006480480969429851
0,0,0.010725879756872387
0,0,0.0065098388753841675
0,0,0.019132346433004176
0,0,0.006206236190427696
0,0,0.0241113299736919
0,0,0.0062809206758875245
0,0,0.011767534939649087
0,0,0.014601679795232973
0,0,0.007833802744488885
0,0,0.009143445954215521
0,0,0.006533639557602306
0,0,0.01837643831001418
0,0,0.12586928154821242
0,0,0.009297183621924058
0,0,0.006916827331310478
1,1,0.9993721003247756
0,0,0.00914799442782882
0,0,0.11518885882094529
0,0,0.015790539126299633
0,0,0.2978291651704967
0,0,0.004211465279467334
0,0,0.00849707531572044
1,1,0.9317120764993642
0,0,0.009857806538132079
1,0,0.04302563274784445
0,0,0.020242263097886758
1,1,0.9716308354206988
1,1,0.9718090111945564
0,0,0.016370332788011956
0,0,0.00838527013143613
0,0,0.03490458762545856
0,0,0.031107598883030906
0,0,0.006684487625433672
0,0,0.0058288251614850555
0,0,0.012279140630763567
0,0,0.012832934139502596
0,0,0.011908996530216995
0,0,0.007143783958344023
1,1,0.9989729166221043
0,0,0.007110131279927808
0,0,0.024876545441791246
0,0,0.004985522694257282
0,0,0.007836788243644921
1,0,0.0922599381479655
0,0,0.11849779012970021
0,0,0.021408027945570344
0,0,0.008931632702964891
0,0,0.007227459565026065
0,0,0.005449408500019288
0,0,0.009206749908337634
0,0,0.01583574542233867
0,0,0.00804744745620845
1,1,0.9995535441137222
0,0,0.3295314575431433
0,0,0.03508284099620107
0,0,0.008572458071368413
0,0,0.023807806790420955
0,0,0.005233795150352523
0,0,0.005595207805004076
0,0,0.015228249494707746
0,0,0.00958119456248529
0,0,0.0047944809444893
0,0,0.022800724223489714
0,0,0.015103991597632756
0,0,0.09947135950010495
1,1,0.9991275425606548
0,0,0.009645999052657766
0,0,0.006527355848224049
0,0,0.11922239336559956
0,0,0.00913220933525276
0,0,0.006757257937543047
0,0,0.008271366702053773
0,0,0.005931072718541629
0,0,0.008650751687755505
0,0,0.00796375519598252
0,0,0.012391750635338159
0,0,0.011484526141509207
0,0,0.005685110559657637
0,0,0.016156362395376756
1,1,0.9985146070094834
0,0,0.0052071137728802504
0,0,0.010420773167990886
0,0,0.007040400114846134
0,0,0.02490587453517355
0,0,0.13237473882334055
0,0,0.005335701705196562
0,0,0.008430323254191156
1,1,0.9966825081252305
0,0,0.007630381750284298
0,0,0.021322611735530173
1,1,0.9726201145926032
0,0,0.008833820363734294
1,1,0.9976850591632865
0,0,0.008159747249236984
0,0,0.008926992284976726
0,0,0.01667523952306297
0,0,0.012979124072812785
0,0,0.012420850902270858
0,0,0.0061334325430929286
0,0,0.02191905323119754
0,0,0.022542378096003183
0,0,0.049238716180051656
0,0,0.026143444298891136
0,0,0.008104635422613433
0,0,0.011905052172527871
0,0,0.012153394812117422
0,0,0.006182939467998869
0,0,0.014378337818785277
0,0,0.011569006771090962
0,0,0.010444484059534208
0,0,0.01202458149266638
1,1,0.9993412806854317
0,0,0.01136425488742787
0,0,0.009621426980573538
0,0,0.02558431726735496
0,0,0.01754138628467358
0,0,0.020788924681089206
0,0,0.030406542377574373
1,1,0.8754695124073204
0,0,0.006052506456946495
0,0,0.00755461367583808
0,0,0.009502822802560363
0,0,0.005879614965337784
0,0,0.005364607032716009
0,0,0.009535487312391695
0,0,0.006890781865973339
0,0,0.016460469404489874
0,0,0.006944915338623965
0,0,0.013540361487382723
0,0,0.02679657862056546
0,0,0.015273719935369759
0,0,0.004413566129451558
1,1,0.9987693761892894
1,1,0.9974684088346291
0,0,0.04744483549148726
0,0,0.015522712013989482
0,0,0.010173689833556964
0,0,0.01404720065076987
0,0,0.028774222318887772
0,0,0.017492714782247485
1,0,0.08246502682708333
1,0,0.021631075964308792
0,0,0.03272814794594947
0,0,0.3958217290882558
0,0,0.007696074199630473
1,1,0.9994390998561756
0,0,0.008040934369119348
0,0,0.008411250066264997
0,0,0.017554049163059828
1,1,0.9993110286627347
0,0,0.007156848587772812
0,0,0.023011435183001312
0,0,0.007812018069300704
0,0,0.03184469351321734
0,0,0.019425119163712742
0,0,0.008722874936693853
0,0,0.010841654285439265
0,0,0.05516376470414997
0,0,0.014254583051295936
0,0,0.005986900428152433
0,0,0.023617214405192353
0,0,0.005742601000345414
1,1,0.583361287651761
0,0,0.028581336301457688
0,0,0.008289787985472986
0,0,0.006288836657468119
0,0,0.006119420496168884
0,0,0.008095137741540737
0,0,0.009462874871008815
0,0,0.009066240531787404
0,0,0.006029352376197537
1,0,0.14433400492729986
0,0,0.014926127542358584
0,0,0.03416212103327165
0,0,0.01429994752672546
0,0,0.0125366200308075
0,0,0.2686416403023218
0,0,0.007815693634214811
1,0,0.4426836110507211
0,0,0.008100698378367403
1,1,0.998225126547593
0,0,0.0121507711827064
0,0,0.033997068931688156
0,0,0.0060575977249184496
0,0,0.023203206271398994
0,0,0.01040275643663314
0,0,0.010583580037423705
0,0,0.029549146578716184
0,0,0.015218149306106208
0,0,0.016764726772005835
1,1,0.950195293270669
0,0,0.009072443751118297
0,0,0.006412353330072538
0,0,0.007040665003933706
0,0,0.009302528546299553
0,0,0.007112604224038453
0,0,0.006574611957495131
0,0,0.020540957565274562
1,1,0.9994877803925709
0,0,0.022968075148715125
0,0,0.006264779330619093
0,0,0.0058717505511419995
0,0,0.013328078876117682
0,0,0.013083805277670169
0,0,0.011235516999453103
0,0,0.006908373140176603
0,0,0.019058964199358427
0,0,0.009847965522031715
0,0,0.012525058708111962
0,0,0.021906691384842615
0,0,0.06417435656181152
0,0,0.022132393911969177
0,0,0.004468251741035927
0,0,0.014289142558711249
0,0,0.007321403922521237
0,0,0.0551414481376218
0,0,0.010168508316637532
0,0,0.009824543449050795
0,0,0.007002617996782521
0,0,0.009920242145726975
0,0,0.006627364937868366
0,0,0.007173011180374779
0,0,0.012756057703771383
1,1,0.9987275373931753
1,1,0.7515070767344229
0,0,0.00657582973164766
1,1,0.9914901086073985
0,0,0.03126122898867903
0,0,0.007579747036551856
0,0,0.0065020014352164595
0,0,0.007430517221326155
1,1,0.9991799080872518
1,1,0.998357676992224
0,0,0.012060133737654322
0,0,0.004884041705205489
0,0,0.019649064328555278
0,0,0.004742157514713042
0,0,0.006071896395283802
0,0,0.007148508905742706
0,0,0.017191782750876572
1,1,0.9994521266331723
0,0,0.011517071726192651
0,0,0.013514013554608548
0,0,0.011237251088280083
0,0,0.007071342739058106
0,0,0.0563471305950226
0,0,0.009643032382336977
1,1,0.5433316921886199
0,0,0.009148011600903564
0,0,0.017184523449469254
0,0,0.10801001072368872
0,0,0.03232969811161961
0,0,0.006027617809295757
0,0,0.016655784723221614
0,0,0.006967811987432054
0,0,0.009353493550120736
0,0,0.009617107539427554
1,0,0.0718438580942028
0,0,0.01997520368929181
0,0,0.009348154360156919
0,0,0.010291995086421627
0,0,0.013753207310632948
0,0,0.012140928028401164
0,0,0.010524876648097497
0,0,0.006300260761460778
1,0,0.016036990060933762
0,0,0.007484016260732061
0,0,0.01210412188973324
1,0,0.055632363878537226
0,0,0.007107737791879534
0,0,0.0068739983888642655
1,0,0.42410035230291865
0,0,0.020949952445329566
1,1,0.9988590099286093
0,0,0.005744532387448604
1,0,0.15047197576818067
0,0,0.006912401686077941
0,0,0.005017596840725446
0,0,0.007983208976598018
0,0,0.006543811716613514
0,0,0.004579379924797386
0,0,0.014211211760822328
0,0,0.044341534095878585
0,0,0.04556188598347382
0,0,0.006257211098655776
0,0,0.005151747997523228
0,0,0.019573448947171525
0,0,0.01508298656341993
0,0,0.014169292316776652
0,0,0.10654193801572098
0,0,0.05064087278450697
0,0,0.024503328330026677
0,0,0.009184743566145124
0,0,0.060102248689853824
1,1,0.9993665945797938
1,1,0.6657547282790742
1,1,0.9983890047156699
1,1,0.9874216781784716
1,1,0.9927302469224949
0,0,0.007496119806165553
0,0,0.020308856001381752
0,0,0.01683257265755614
0,0,0.011658031538723664
0,0,0.13327937377405624
0,0,0.010581070256497594
0,0,0.00932351233524252
0,0,0.007612349894339038
0,0,0.026846605046170337
0,0,0.03746190348672108
0,0,0.005937298426874069
0,0,0.006648223685393276
0,0,0.024559338913209473
0,0,0.005901883421353042
0,0,0.055207582249429454
0,0,0.01958073540267004
0,0,0.007324338190871014
1,0,0.11042183214272573
0,0,0.005790045736741556
0,0,0.009837781770610931
0,0,0.013989984394233407
0,0,0.01802013776839821
0,0,0.005972401100284716
0,0,0.0068604727273769
0,0,0.009632203915115167
0,0,0.040683260092391746
0,0,0.049435514916762596
0,0,0.006899785071151855
0,0,0.007733008120981034
0,0,0.026053281942196194
0,0,0.006122978039061354
0,0,0.006727582742073689
0,0,0.13981641998315222
0,0,0.006391757380238198
1,1,0.9389751008976748
0,0,0.02790375364441141
0,0,0.008118349619303862
0,0,0.00811891195115393
0,0,0.007112605147539775
0,0,0.010570754027665778
0,0,0.014003542479459055
0,0,0.00662309174028746
1,1,0.9976746066925335
0,0,0.04471297705607669
0,0,0.007241655463590156
0,0,0.005450012324613943
0,0,0.005945914332969083
0,0,0.010547531596941719
0,0,0.00829594686176814
0,0,0.0072762211425509956
1,1,0.9984203489020301
0,0,0.08517374098712295
0,0,0.006395906066915018
1,0,0.32884071239178103
0,0,0.007875949830046629
0,0,0.0090532170793805
0,0,0.030409996866104908
0,0,0.013455092732055111
0,0,0.007141950895338642
0,0,0.007444354280117688
0,0,0.006469082793301584
0,0,0.028707898438585445
0,0,0.00879179282669783
0,0,0.00372387346902971
0,0,0.0449652520810262
0,0,0.016912481153104435
0,0,0.010855070401327778
0,0,0.012378803654865933
0,0,0.010066083187670317
0,0,0.01605601757094649
0,0,0.010885301945089236
0,0,0.006852018641916591
0,0,0.005998456300756249
0,0,0.01235895594421543
0,0,0.027542045318515115
1,1,0.9885185042016525
0,0,0.006441549382008422
0,0,0.008917698783693856
0,0,0.01754866228267338
1,1,0.8505481787228505
0,0,0.0072775909723179965
1,1,0.9992730701874308
0,0,0.0072467570615851115
0,0,0.04334185693070834
0,0,0.0060898617850902465
0,0,0.005753900421067336
0,0,0.032077435724984386
0,0,0.0724080992585023
0,0,0.009263446764557213
0,0,0.007025348805604988
0,0,0.008890353213710964
0,0,0.008792695097113761
0,0,0.006881932261837459
0,0,0.2133638151353165
0,0,0.13647853052733402
0,0,0.011727627753251245
0,0,0.018773194961397868
0,0,0.004161096576148189
0,0,0.049128378902741396
1,1,0.9930635091551446
0,0,0.008846120547067246
0,0,0.012973368144771924
0,0,0.02226865222490654
0,0,0.021826498872230097
0,0,0.007004061945318455
0,0,0.005044610350596725
0,0,0.004630785422622922
0,0,0.01909980653734244
0,0,0.011872620978877755
0,0,0.004172093387853564
0,0,0.010417682895381456
0,0,0.006920642572203123
0,0,0.007806383603869297
0,0,0.0077140400549436244
0,0,0.007510123841495482
0,0,0.11242529732486423
1,1,0.99948812481526
0,0,0.07657651327066987
0,0,0.02321248218573829
0,0,0.011053643821511187
0,0,0.011304066823275599
0,0,0.015824717007074444
0,0,0.019040849655457433
0,0,0.009588846970839802
0,0,0.006265013255712762
0,0,0.011533486565134917
0,0,0.013140398129468708
0,0,0.009574679024817078
0,0,0.010677396097166792
0,0,0.023481108106495993
0,0,0.006545816873660008
0,0,0.005095269267578185
0,0,0.013065515820427495
0,0,0.0074007636380683875
0,0,0.017256767979513244
0,0,0.008867420466261476
0,0,0.007743591581219752
0,0,0.015130399936040992
0,0,0.014888029703992155
0,0,0.023365031311766187
0,0,0.45030309369555455
0,0,0.024036717341334102
1,1,0.7646461087207758
0,0,0.009071974455764822
1,1,0.9997540663099613
0,0,0.18301966991386148
1,1,0.9970600556786724
0,1,0.702968942043464
0,0,0.0105351002133727
0,0,0.005297475978662342
0,0,0.005231618285752095
0,0,0.009652059415489357
1,1,0.9978645607379845
0,0,0.02188088235031229
0,0,0.006713532962116224
1,1,0.5818147221148409
1,1,0.9990727256930262
0,0,0.006937236063545721
0,0,0.008332270182732172
0,0,0.008550667111056032
0,0,0.005952488142844342
0,0,0.019737788761657014
1,1,0.9957809162776289
0,0,0.008104758876204576
0,0,0.02086903127147415
0,0,0.024445481357175548
0,0,0.036935616867608004
0,0,0.005271989799164854
0,0,0.024919076093100498
0,0,0.007499070157396281
0,0,0.028437978944076004
0,0,0.01047922873955421
0,0,0.008125338766423787
0,0,0.017683612473647935
1,0,0.2185460978216828
0,0,0.01881855990102691
0,0,0.017402658053811058
0,0,0.005642907642435844
1,1,0.9968030792195648
0,0,0.03200547179480793
0,0,0.03267116187369556
0,0,0.005522741346764119
0,0,0.02539237404268883
0,0,0.01158691079732524
1,0,0.17736172181624274
0,0,0.0063163029868444935
0,0,0.058827956856352115
1,1,0.9930635091551446
0,0,0.0069446968024407495
0,0,0.01840480656524005
0,0,0.006175984599631649
0,0,0.017986011049955026
0,0,0.02846225476443658
0,0,0.011479556453720865
0,0,0.009864548973008385
0,0,0.00515675869386386
0,0,0.006455487525029562
0,0,0.005027724273156321
0,0,0.006133729499342291
0,0,0.010216099245929559
0,0,0.020262190219549985
0,0,0.029678393400072986
0,0,0.050862799739254644
0,0,0.01306767641181272
0,0,0.005935085873324463
0,0,0.016825123999513344
1,1,0.9974571991471305
0,0,0.005722152445739471
0,0,0.016989745781184326
0,0,0.0067758483076792945
0,0,0.00454818561841442
0,0,0.48604446370309595
0,0,0.03796703384891767
0,0,0.02298319190756714
0,0,0.007814288367420976
1,1,0.9990345201251799
0,0,0.18000911573553605
0,0,0.02191314026839544
0,0,0.007221573083406422
0,0,0.006304102674818344
0,0,0.00831991226699005
1,1,0.7676870817191856
0,0,0.2295321441483597
0,0,0.00704640599226833
0,0,0.03781291711768058
0,0,0.03126122898867903
0,0,0.007218464830650162
0,0,0.0058281391324424454
0,0,0.015603788904538804
0,0,0.024946090458970737
0,0,0.007774855594674291
0,0,0.008793856044700307
0,0,0.10954582161707037
1,1,0.9946356386820424
0,0,0.005799382219779361
0,0,0.008769498038617035
0,0,0.023457553097223673
0,0,0.025456774055879226
0,0,0.2048429471872662
0,0,0.015032736957176857
0,0,0.0098919907847882
0,0,0.017771516101753565
0,0,0.014119589504334484
1,1,0.9992461981870785
0,0,0.01503339715366495
0,0,0.06082135178884391
0,0,0.011121817954039806
0,0,0.01007408390010241
0,0,0.19446681182703868
0,0,0.032476986661325376
0,0,0.009862961100800842
0,0,0.09556351382097253
0,0,0.0047696048705216385
0,0,0.09907170156348415
0,0,0.0068825163078746875
0,0,0.02169198911206142
0,0,0.030845367149445888
0,0,0.011351936929646896
0,0,0.007568373990751079
0,0,0.008215954185664039
0,0,0.015267741297392329
1,1,0.9986030365091211
0,0,0.012604181519771758
0,0,0.007262959819554585
0,0,0.018024499112295762
0,0,0.04436743601812148
1,1,0.9946910857507553
0,0,0.00623334035277619
1,1,0.9953629770619189
0,0,0.007346865753704123
0,0,0.016442192934436068
1,1,0.9991470162491296
0,0,0.006292932710798563
0,0,0.022845368539626446
0,0,0.04184659526358801
0,0,0.00911406355735088
0,0,0.007791424173950135
0,0,0.03161373937591091
0,0,0.010149648504745043
0,0,0.014053510073231407
0,0,0.014309609224261161
1,1,0.9926670135543347
1,1,0.9995292292280472
0,0,0.007368948353637202
0,0,0.019764132564544425
0,0,0.007528977788192283
0,0,0.019776975745114084
0,0,0.005565202735157319
0,0,0.05025116144910068
0,0,0.0569317025345023
0,0,0.013017640622428286
0,0,0.2202776254486387
0,0,0.009945912124994037
0,0,0.006603262434217043
0,0,0.005612188137058271
0,0,0.13833899614621922
1,0,0.11023963750645466
0,0,0.007835176546103884
0,0,0.011068262817228404
0,0,0.028675734017991214
0,0,0.011264375034416182
0,0,0.04299429102778086
0,0,0.009202835660683405
0,0,0.008365950360685447
0,0,0.00772529223043009
0,0,0.007929123126133138
0,0,0.005947601852029526
0,0,0.022637092347475674
0,0,0.006267972050991576
0,0,0.21378197542959815
0,0,0.006015939574948966
0,0,0.009975270496906843
0,0,0.006095601496529138
0,0,0.0070364800381955
0,0,0.017036825691697566
0,0,0.007651235518891151
1,1,0.9981372156253894
0,0,0.007239475205384971
0,0,0.012813761573463622
1,1,0.9991674721401054
1,1,0.9897483589391861
0,0,0.0037330950838212313
0,0,0.008087388950337851
0,0,0.00734344236313725
0,0,0.02885936038429318
0,0,0.023306902517670473
0,0,0.09807863626524428
0,0,0.008050405232620617
0,0,0.006102144736168154
0,0,0.005734117604875146
0,0,0.01569132447042538
1,1,0.9985477019436695
0,0,0.10243944637984673
0,0,0.015584481943061479
0,0,0.00591321933717124
0,0,0.0591311104429887
0,0,0.007861740239843706
0,0,0.0175867905350023
0,0,0.008127191156564016
0,0,0.004610116131084324
0,0,0.007731353147896269
0,0,0.030969756553645568
0,0,0.006362588485490677
0,0,0.0547376481962035
0,0,0.11414997228011951
0,0,0.008020417084691877
0,0,0.006476290984002849
0,0,0.016632612891789578
0,0,0.026224125151754277
0,0,0.06489830835197509
0,0,0.007369758474821778
0,0,0.011075662732953516
0,0,0.08823276402470817
0,0,0.27085190262341596
1,0,0.03860296867283277
0,0,0.005905959564400326
0,0,0.006960585684106682
1,1,0.9879538777197912
1,1,0.9986008363235903
0,0,0.02215708148035544
0,0,0.008027249240316428
1,1,0.9841456948607218
0,0,0.02082851130619936
0,0,0.029137510434906203
0,0,0.007953821533251927
1,1,0.99858956081374
1,1,0.5590182269294274
0,0,0.0793344243613795
0,0,0.0070694191634856594
1,0,0.011212040286221775
0,0,0.00969923595715909
0,0,0.007088072047628336
0,0,0.008932858463523183
1,1,0.619719357155618
1,1,0.9991741509358535
0,0,0.008502118690567708
0,0,0.009314746543949025
0,0,0.005997327745982624
0,0,0.059252699334079485
0,0,0.00887953933210319
0,0,0.01247508533659881
0,0,0.007329654493447612
0,0,0.005555236745533872
1,1,0.9997299819076169
0,0,0.01638014164934021
0,0,0.09096647259226878
0,0,0.06771860532874163
0,0,0.006150048577502224
0,0,0.006802984328685879
0,0,0.007281134002384205
0,0,0.0067756061486710815
0,0,0.009775157177491802
0,0,0.005369418988119936
0,0,0.007952346774416323
0,0,0.008736986951993186
0,0,0.004864321605374738
0,0,0.016276851483811635
0,0,0.010860131562820414
0,0,0.005773688528920668
0,0,0.007169782088190718
0,0,0.02272886114747155
0,0,0.006277074389505939
0,0,0.018127467014135402
0,0,0.006329560102955948
0,0,0.00963158786776897
0,0,0.007495126393619999
0,0,0.011345449535823232
1,1,0.7536181862063942
0,0,0.03829180379492565
0,0,0.005804151727212744
0,0,0.010417389964762004
0,0,0.00950936083412059
0,0,0.022191371241824187
0,0,0.011412223422673442
0,0,0.005344486153365117
0,0,0.020288621681321038
0,0,0.007929037158952363
0,0,0.04173852266765234
0,0,0.008615808159095007
0,0,0.006096104993325261
0,0,0.3257085139671737
0,0,0.009718283311005344
0,0,0.011551997162661826
0,0,0.010152835540613555
0,0,0.01251060604087457
0,0,0.004707929812075042
0,0,0.02618844320387048
0,0,0.004834649478133435
0,0,0.023315484878268428
0,0,0.01508679780082256
0,0,0.0066319071714225075
0,0,0.007861396708904815
0,0,0.009295903761930678
0,0,0.051784557569730306
0,0,0.09438930718639499
0,0,0.005455550610193923
0,0,0.017306417470012696
0,0,0.14515737617100669
0,0,0.016067107003394098
0,0,0.09123796459722788
0,0,0.0054087575890001925
0,0,0.011460406379505236
0,0,0.005743573322131912
1,0,0.23143266062689713
0,0,0.010908254069155457
0,0,0.011331499172449138
0,0,0.055845087299100565
0,0,0.01411704840167728
0,0,0.026868453979317055
0,0,0.007487240450768007
0,0,0.13787377695974576
0,0,0.003964359917490214
0,0,0.006300506414220863
0,0,0.013306619945419842
0,0,0.011502676615261132
0,0,0.014828708529109546
0,0,0.01821807171425764
0,0,0.016633598568006745
0,0,0.00923387072095862
1,1,0.539190220532557
0,0,0.004518475274278597
0,0,0.030789796192803642
0,0,0.005416751336308519
0,0,0.017594902514884922
0,0,0.01192439825249929
0,0,0.006819748681749641
0,0,0.008092487315825278
0,0,0.038206952243678295
0,0,0.014758070870941428
0,0,0.09067316618126475
0,0,0.0073770974385344934
0,0,0.008486705181333844
0,0,0.021780798839043727
0,0,0.007602822920359589
0,0,0.006289093042830654
0,0,0.016116506764150405
0,0,0.005733401176444025
0,0,0.019271139632314818
0,0,0.021813675238400776
0,0,0.012625964054927554
0,0,0.1377288264882403
0,0,0.0080437346174951
0,0,0.006197566262006742
0,0,0.01726076118622872
0,0,0.007806326114150193
0,0,0.006422454499749158
0,1,0.5089426278245517
0,0,0.004241979481813593
0,0,0.004855874511320766
0,0,0.007269834778057664
0,0,0.00890173540590827
0,0,0.01886303698320528
0,0,0.007778092889083661
0,0,0.0048032777461193615
1,1,0.9987799362581379
0,0,0.18541504125716018
1,0,0.12512522438660373
0,0,0.009493263712647792
0,0,0.00644354386175459
0,0,0.006210195009970022
0,0,0.018088637877978035
1,0,0.2037457229371428
0,0,0.0073754006648316705
0,0,0.00910518976455463
0,0,0.00797754636330888
0,0,0.00806566465723957
0,0,0.006494005852313686
0,0,0.38234288249367987
1,1,0.9987093751362748
0,0,0.008759188693882997
0,0,0.021336141049535566
1,1,0.9063157246758188
0,0,0.0612766069070252
0,1,0.5405577162959241
0,0,0.16114139639380812
0,0,0.006598937173148875
0,0,0.011565321517345881
0,0,0.007546942185890037
0,0,0.01010165614566265
0,0,0.01886303698320528
1,1,0.9979531714928473
0,0,0.027317091745746452
0,0,0.007575784836785927
1,1,0.9984350265308088
0,0,0.006167644532641549
0,0,0.010845053726008618
0,0,0.007763855083095206
0,0,0.018976728745023375
0,0,0.026597166350963094
0,0,0.00715645563009611
0,0,0.007464998005510305
0,0,0.006190473040757533
1,1,0.9884027515060286
0,0,0.030655013965926056
0,0,0.01267761477727479
0,0,0.011926445000596461
1,1,0.9992476901246866
0,0,0.08587703320132971
0,0,0.1489098378410619
0,0,0.008814444552319878
0,0,0.020674627734605655
0,0,0.005468849922987556
0,0,0.006092015314128372
0,0,0.0066456053634855366
0,0,0.008180533791212537
0,0,0.012193563487207576
0,0,0.02597170607311499
1,0,0.013431920811035815
0,0,0.0071543362962606565
0,0,0.00940056040673054
0,0,0.006684487625433672
0,0,0.01407177726320261
0,0,0.009884715370793424
1,1,0.9977450746321127
0,0,0.005363964623574908
0,0,0.011368237305661177
0,0,0.021023736153202
0,0,0.025445938357321982
0,0,0.007208449205500481
1,0,0.32891122557693003
1,0,0.22814191060494798
0,0,0.005899704509373368
0,0,0.005730825767044123
0,0,0.0305787466617198
0,0,0.029285033347485293
1,0,0.05536470756113013
0,0,0.007277317435554786
0,0,0.019304258884583692
0,0,0.029058282655361648
0,0,0.0068449158805824195
0,0,0.014598745215815575
0,0,0.01200948442655609
0,0,0.020493814304732568
0,0,0.008429617822360761
0,0,0.013741848435054839
0,0,0.008254455388264923
0,0,0.014945424835216112
0,0,0.005799933552832453
0,0,0.027192038269167204
0,0,0.013617488089339965
0,0,0.004933778274132704
0,0,0.02738852534198455
0,0,0.00553959413010827
0,0,0.19710366009166627
0,0,0.005791399497577354
0,0,0.006481814284337755
0,0,0.005317015694989392
0,0,0.019658277115720164
0,0,0.016763032430962176
0,0,0.022139090687064305
0,0,0.06696211967429569
0,0,0.008976157906126181
0,0,0.041546696039511
0,0,0.01806909066182368
0,0,0.006854514905833856
0,0,0.007665541751193096
0,0,0.01717809706860831
0,0,0.014519113670572898
1,1,0.9965915583500249
0,0,0.005582177117834879
0,0,0.007692448092456085
0,0,0.013572733703291298
0,0,0.005572299784075125
0,0,0.005744077124560751
0,0,0.005064313100392863
0,0,0.01292743357730848
0,0,0.01447057776847566
0,0,0.006601198431719342
1,0,0.009242499309535848
1,1,0.9981722269615132
0,0,0.005762940595597882
0,1,0.6808028164449716
1,1,0.9996692655321608
0,0,0.008111576050834544
0,0,0.008698520015963024
0,0,0.05217652642544394
0,0,0.007107161936708473
0,0,0.00988501802727969
0,0,0.04810636473330609
0,0,0.010319187337311903
0,0,0.007380171410003072
1,1,0.9986428148332067
0,0,0.00957079723751143
1,1,0.998268865040127
0,0,0.013778501147131993
0,0,0.00591547874320788
0,0,0.13668257228415465
0,0,0.006221636211999904
0,0,0.018654536006946262
0,0,0.015148237647385385
0,0,0.00841829038228222
0,0,0.023747703955616595
0,0,0.010817045015655228
0,0,0.09305704857675484
0,0,0.01641705706596345
0,0,0.005105763980003032
0,0,0.04241892603431513
0,0,0.007333229408765778
0,0,0.013418746230839142
0,0,0.0066567666993495285
0,0,0.0054677674081117554
0,0,0.009679010264087939
0,0,0.00762874777476405
0,0,0.06498408105197656
0,0,0.06754192972869422
0,0,0.010279113296124805
0,0,0.013130891882271817
0,0,0.007466013319231611
0,0,0.007064885356244876
1,1,0.9825971891147456
0,0,0.015052123430447414
0,0,0.01489525467575307
0,0,0.012847848967753641
0,0,0.01254811697445187
0,0,0.009426546433490727
0,0,0.008524045989448609
0,0,0.10030582989324252
0,0,0.013527499557010866
0,0,0.010027998568261214
0,0,0.005191582631058052
0,0,0.012333589114828238
0,0,0.012085072522582145
0,0,0.008279666766334563
0,0,0.00703866978844785
0,0,0.016615267879126053
0,0,0.0062326786617040685
0,0,0.14909308310934444
0,0,0.13554605999266606
0,0,0.004966813022211183
0,0,0.011544380513646457
0,0,0.006989772826091075
0,0,0.008310774413667572
0,0,0.01503052176573654
1,0,0.3478624460040997
0,0,0.008742360011609017
0,0,0.008681750324274675
0,0,0.01028847723867467
0,0,0.007089021804125287
0,0,0.007708739582268367
1,1,0.9993966273622547
0,0,0.021023736153202
0,0,0.024060743426730997
0,0,0.014607659614120274
0,0,0.007893658950749538
0,0,0.07426459461995737
0,0,0.0050373188811172285
0,0,0.008018887542376974
1,1,0.9972964354022614
0,0,0.011526012482877379
0,0,0.0100032403402719
0,0,0.023332801784877105
0,0,0.06463580727506253
0,0,0.013351700469093694
0,0,0.007340773225175938
0,0,0.014880751983857746
0,0,0.012576571457986822
0,0,0.04393714830213619
0,0,0.015275626572288634
0,0,0.15181071908623384
0,0,0.008802399555629354
1,0,0.19184478008486913
0,0,0.14129872556171255
0,0,0.008200869608060116
0,0,0.01038596537775964
0,0,0.00393035427916108
0,0,0.012527973889142455
0,0,0.006838633303904808
0,0,0.006578931482929681
0,0,0.009177876051069981
0,0,0.028846113698520137
0,0,0.00893284097856775
0,0,0.009427209919657075
1,1,0.9991966016639222
0,0,0.05557804133514767
0,0,0.007491005117891808
1,0,0.05934932996432352
0,0,0.011167115946801722
0,0,0.008992679964692236
0,0,0.009348154360156919
0,0,0.02528037712052115
0,0,0.02615478224867998
0,0,0.00650246937525808
0,0,0.022599914545319677
1,0,0.2531117942829964
0,0,0.008450920861437575
0,0,0.007827772908706412
0,0,0.006409166945708471
0,0,0.017391975952820684
0,0,0.007292318441198819
0,0,0.038594300696185656
0,0,0.0217926747064475
0,0,0.014586630066897591
0,0,0.16353431861379727
0,0,0.011255763580251751
0,0,0.005298661606633998
0,0,0.007873950018631629
0,0,0.006305993264753015
0,0,0.07559923301211403
0,0,0.0067262140421295415
0,0,0.006032635914251262
0,0,0.006340502444909205
0,0,0.013303221034465558
0,0,0.011410424806925407
0,0,0.0057294420411942324
1,0,0.007884062903484304
0,0,0.016083549871419946
0,0,0.01659994754245997
0,0,0.008181687939785362
0,0,0.007209232682011396
1,0,0.059674317362387486
0,0,0.004721933447121016
1,1,0.9991304598688042
1,1,0.9980810934890469
1,0,0.25376533652562566
0,1,0.7157399509638739
0,0,0.027288864527858763
0,0,0.05257478329945295
0,0,0.007245910133666536
0,0,0.016080516124371336
0,0,0.005735752190445196
0,0,0.27656079604371125
0,0,0.04209266446215701
0,0,0.013870664550734414
0,0,0.0058819844224572496
0,0,0.006984046322538698
0,0,0.005673665249648425
0,0,0.008635954806071553
0,0,0.010676796558138031
0,0,0.022276658670956292
0,0,0.00485856431719788
0,0,0.013006461986940387
0,0,0.0052092208442008825
0,0,0.017692871304480964
0,0,0.01435170696058406
0,0,0.006204979690478094
0,0,0.0055186384283488045
0,0,0.007655144447493885
0,0,0.006852483202517051
0,0,0.008989341030179641
0,0,0.026925058165769095
0,0,0.007669577980899218
0,0,0.006868854983304843
0,0,0.013746385852469754
0,0,0.00812540352305285
0,0,0.005205672524830301
0,0,0.009765608349003016
1,1,0.7016856885702257
0,0,0.08254474963963619
0,0,0.009038092925864634
1,1,0.9996456680853739
0,0,0.006510300409592136
0,0,0.027397104095386215
0,0,0.007732825525926728
0,0,0.005914137379614906
0,0,0.008149745284764918
0,0,0.016369900138508028
0,0,0.10217974222437533
0,0,0.007380598387233562
0,0,0.17456104900969305
0,0,0.02739248762369193
0,0,0.00661952843055495
0,0,0.0175867905350023
0,0,0.00690220466388985
0,0,0.013590213267499667
0,0,0.15495182237450433
0,0,0.006247863979797077
0,0,0.14101435344315683
0,0,0.00904078136220082
1,1,0.9886698747965763
0,0,0.016628722023330777
0,0,0.15571091537184417
0,1,0.5405577162959241
0,0,0.03482869989800557
0,0,0.008052622915233284
0,0,0.01265391950858873
0,0,0.1219770689929876
0,0,0.011732506711048678
0,0,0.007457224214669304
0,0,0.00977487412866633
0,0,0.012733445603514151
0,0,0.02314808069750286
0,0,0.01125242681788143
0,0,0.017272456283396558
0,0,0.022800329780385136
0,1,0.6724138933751173
0,0,0.009561869637407594
0,0,0.0052121975952100314
1,1,0.9981865649748828
0,0,0.014488078654874873
0,0,0.023673029630987073
0,0,0.00953013217892076
0,0,0.036545004236706244
0,0,0.01103635355633548
0,0,0.008845502336608049
0,0,0.007016442755947189
0,0,0.008321227441526921
0,0,0.017823227885111835
0,0,0.017002946827806637
0,0,0.007946909877229348
0,0,0.006864311413748739
0,0,0.009126824477424885
0,0,0.006257500395546504
0,0,0.0054953286081205035
0,0,0.008861284766938851
0,0,0.028418309973680014
0,0,0.00634938869720238
0,0,0.013833247423299149
1,1,0.9982979422472009
0,0,0.00970781104004988
0,0,0.044799075257997645
0,0,0.05774843295395692
0,0,0.015242436033011276
0,0,0.008226766518123088
0,0,0.007256316484511772
0,0,0.03393239532854438
0,0,0.008630783097498746
0,0,0.007420055503056244
0,0,0.005707976617039603
0,0,0.012874179219542536
0,0,0.03789997803008594
0,0,0.0077851063342573665
0,0,0.00813214902602876
0,0,0.01615241601719813
0,0,0.03785285464410965
1,1,0.998357676992224
0,0,0.003948558349667573
0,0,0.008098730173481885
0,0,0.006903620713963733
0,0,0.007675035963098308
0,0,0.00797642793469194
0,0,0.014502126159957688
0,0,0.00936348805956707
0,0,0.020049045301242657
0,0,0.00689595810124233
0,0,0.015520918983115207
0,0,0.010471328039654079
1,1,0.540831817706972
0,0,0.008956169828004604
0,0,0.006530530832250667
0,0,0.014752165185372692
0,0,0.010834447985293837
0,0,0.004463772405113691
0,0,0.00874184238082616
0,0,0.011717356635727002
0,0,0.008087731346648565
0,0,0.007330915963578499
0,0,0.017897859694103627
0,0,0.009767198549428896
0,0,0.00740816785991659
0,0,0.11447511687208428
0,0,0.02330670906429459
0,0,0.006417141370907033
1,1,0.9485419124993572
0,0,0.024024616304653974
0,0,0.009071814413536192
0,0,0.013575149676041657
0,0,0.009898658097975731
0,0,0.3725363927022652
0,0,0.023630299181292985
0,0,0.012223388701685232
0,0,0.005792478187405012
0,0,0.00656221109704214
0,0,0.010293526348235275
0,0,0.19823171822290492
0,0,0.04236394290448472
0,0,0.010135844634967773
0,0,0.010624382719319427
0,0,0.005701105007273044
0,0,0.004566937334316668
0,0,0.007267378028983228
0,0,0.10562343912807959
0,0,0.042469718766616135
0,0,0.030431182465514618
0,0,0.0250082182349613
0,0,0.0054926237677387696
0,0,0.00885764879091523
0,0,0.008241043985113591
0,0,0.005286608922342584
0,0,0.2503470503983968
0,0,0.008305249303871559
0,0,0.028959294757653884
0,0,0.010141566300272816
0,0,0.005935238833753771
0,0,0.00772528083678033
0,0,0.08446364990332253
0,0,0.021604057683086375
0,0,0.007819456340635174
0,0,0.015590386983287116
0,0,0.007043422529516588
1,1,0.9996456680853739
0,0,0.0636381458139617
0,0,0.008989039980049747
0,0,0.2085230254455308
0,0,0.007625721819045619
0,0,0.013249704220161475
0,0,0.007989858515892468
0,0,0.007328991137929252
0,0,0.005887342555245949
0,0,0.08044816257563522
1,1,0.9998154709803324
0,0,0.03793480880283429
0,0,0.13478236574357366
0,0,0.013001813562003884
0,0,0.005943709956357101
1,0,0.4544809404911827
0,0,0.007490368533630376
0,0,0.009247634292947894
1,0,0.02916591291231751
0,0,0.004379942606700048
0,0,0.010277625410651732
0,0,0.005943555040121946
0,0,0.014990707935786066
0,0,0.006615858595322637
0,0,0.009538988269819028
0,0,0.005361804579292703
0,0,0.02045386602165502
0,0,0.013372551908103953
0,0,0.01623372489565843
0,0,0.021293168916296717
1,1,0.9987114139151969
1,0,0.2136248859263783
0,0,0.0104175674243566
0,0,0.004611418317476475
0,0,0.008610083128371861
0,0,0.006744872081803788
0,0,0.00839151211018762
0,0,0.0060933166475867565
0,0,0.008172235134933651
0,0,0.012534357647497763
0,0,0.011745580216770777
0,0,0.011826003670125417
0,0,0.008682216972831011
0,0,0.032536267596221594
0,0,0.02421927678629801
0,0,0.01602114502801567
0,0,0.007140170298581271
1,0,0.11456195806412216
0,0,0.007822075094371097
0,0,0.014624348050437346
1,1,0.9945592089259846
0,0,0.018166207686617343
0,0,0.0055864407050100024
0,0,0.013250055749409365
0,0,0.006212710243129575
0,0,0.008070426040180679
0,0,0.0066321110092421994
0,0,0.009280383083271613
0,0,0.10879208426148226
1,1,0.9996428765082138
0,0,0.019105431214782177
0,0,0.009992827433598465
0,0,0.021745247119488147
0,0,0.010651894637569525
1,1,0.9969352246111008
0,0,0.007648624264017893
0,0,0.01475961528977423
0,0,0.007688103988622251
0,0,0.19225059431317573
0,0,0.00814816513714717
0,0,0.00402557584206358
0,0,0.008739894713425978
0,0,0.006948507414596376
0,0,0.018518504246824274
0,0,0.01776164451530378
1,1,0.9984771931517398
0,0,0.007055261010525705
0,0,0.015689955559340416
0,0,0.03618132324260537
0,0,0.00799877095371558
0,0,0.06352115011811885
0,0,0.006096241445493849
0,0,0.006608149590376629
0,0,0.008834820990757162
0,0,0.006279256220045631
1,1,0.9880798642790686
0,0,0.014163254112711422
0,0,0.01441934550061474
0,0,0.006872705590989853
0,0,0.009285387321007355
0,0,0.07855141624992534
0,0,0.007484090276380313
0,0,0.009556377945240257
1,0,0.33239489094470137
0,0,0.011149854014035508
0,0,0.010496342113732572
0,0,0.008274959262861484
1,1,0.9987262040976396
0,0,0.0063178167422768714
0,0,0.015779916201470186
1,0,0.32377747283605063
0,0,0.008266657601094267
0,0,0.011767534939649087
0,0,0.00830357229096828
0,0,0.21329707967369818
0,0,0.005623570564520385
0,0,0.006380685973566037
0,0,0.04236742956266814
0,0,0.009471649836735674
0,0,0.007865938756638702
1,1,0.9978954490176221
0,0,0.008554269692649807
0,0,0.0212330993078673
1,1,0.9984942690373293
0,0,0.006704196867634029
1,0,0.04595507903410705
0,0,0.009310381389047282
0,0,0.009677651595811531
0,0,0.03086536525128961
0,0,0.010564705565944556
0,0,0.02987070747324622
0,0,0.026823435242299902
0,0,0.015302451171018656
0,0,0.15240517388883681
0,0,0.009535426719282872
1,1,0.9986555091751649
0,0,0.028204456134738737
1,0,0.01325296463935665
0,0,0.013066360466362465
0,0,0.04901277110821921
0,0,0.017399526708453007
0,0,0.006504081059154574
0,0,0.0063218229805936995
0,0,0.08649523657076667
0,0,0.007107040685706227
0,0,0.011093120391542548
0,0,0.01183731215969477
0,0,0.01125540892457958
0,0,0.035717526143243576
0,0,0.0075580403674111165
0,0,0.13565223073136473
0,0,0.02198817231261822
0,0,0.14066014612457536
0,0,0.03008625638013619
0,0,0.059512141959356925
0,0,0.007578663314789606
0,0,0.18944061088370803
0,0,0.04752465868475692
0,0,0.01429113529281723
1,0,0.16155327751957807
0,0,0.010766398412967568
0,0,0.006657563300925049
1,0,0.011541575586448471
0,0,0.00987293069816303
0,0,0.027801615090209827
0,0,0.02474102414627259
0,0,0.10006743017148916
0,1,0.913935911192345
0,0,0.00899014721954187
0,0,0.03334658400218663
0,0,0.006848286239418543
1,1,0.9994049705081004
1,0,0.1446910348654414
0,0,0.016474141639415345
1,0,0.00939984884338798
0,0,0.014310053699111867
0,0,0.012410441370047806
0,0,0.027962925410966035
0,0,0.007107970168251979
0,0,0.0076138494375692185
0,0,0.006903600357929299
0,0,0.007772388801527844
0,0,0.017657565181514713
0,0,0.03218641966882137
0,0,0.007948262363993184
0,0,0.1696877769450309
0,0,0.323873032355137
0,0,0.006628811187519233
0,0,0.011112920232128247
0,0,0.010288841642369815
0,0,0.006440198102054624
0,0,0.2550456523960017
1,0,0.09892508331499869
0,0,0.007259362241582572
0,0,0.015214593473777486
0,0,0.004644830175704973
0,0,0.05299601818073146
0,0,0.007155378771573228
0,0,0.005444968784677561
1,0,0.24828300159973354
0,0,0.03463356868781562
0,0,0.009487441210898624
1,0,0.4746105557852373
0,0,0.005473017198927161
0,0,0.011473425437722798
0,0,0.009488750430175108
0,0,0.006470653666710735
0,0,0.0067947598285941395
0,0,0.02200568008395271
0,0,0.00779868836519534
0,0,0.012747596698291347
0,0,0.237667286268659
0,0,0.006140726692628838
1,1,0.9844906011308363
0,0,0.49819035341406365
0,0,0.008038022184331159
0,0,0.03865511106175141
0,0,0.1761867835523846
0,0,0.0065367584285473835
1,0,0.007046849474964396
0,0,0.006351511489089129
0,0,0.012839601728001008
0,0,0.0165027634286979
0,0,0.009423940810276895
1,1,0.9975843018181383
0,0,0.005181964122258742
0,0,0.006520087060179427
0,0,0.010254532185257459
0,0,0.008330071089405105
0,0,0.025572362816557732
0,0,0.02880848541690139
0,0,0.013619358929622804
0,0,0.02762195792420042
0,0,0.009258263834042877
0,0,0.005940937571868846
0,0,0.013244230295813526
0,0,0.030362574964333516
0,0,0.006424694321357038
0,0,0.009327337893928908
0,0,0.0084846030898827
0,0,0.026160253264080127
0,0,0.04240597248838271
0,0,0.010924383605262164
0,0,0.03985655778034029
1,1,0.5789373660059275
0,0,0.017941379313432003
1,1,0.9997309771183761
0,0,0.010819498975790128
0,0,0.011570064072779695
0,0,0.01150119830893077
0,0,0.006278005509025163
0,0,0.014385392484977168
0,0,0.005115917639462938
0,0,0.007195787802631988
0,0,0.0072982714446232074
0,0,0.08213012912030367
0,0,0.005928104598177784
0,0,0.01693596709238475
0,0,0.030304865420624653
0,0,0.1839029166921462
1,1,0.6013197825680927
1,1,0.8669221311574686
0,0,0.007768124450558078
0,0,0.00981849343163753
0,0,0.007670210832769081
0,0,0.1223686983095315
0,0,0.06745425357871328
0,0,0.010569914039390643
1,1,0.9982463290216886
0,0,0.14129872556171255
0,0,0.011439040664730815
0,0,0.049352707211398235
0,0,0.010602742512410723
0,0,0.04058622006135173
0,0,0.008635738269872498
0,0,0.009889918447268355
0,0,0.011453832260581814
0,0,0.005437197564134895
0,0,0.004595848273718904
0,0,0.009407634678544934
0,0,0.006653252269092412
0,0,0.0074907883237995635
0,0,0.05395695519674242
0,0,0.009228804888336462
0,0,0.08372080359152265
0,0,0.026597367419740496
0,0,0.06402028121836337
0,0,0.0061824083453186985
0,0,0.02577966478949149
0,0,0.008660894239446907
0,0,0.00816973372101113
0,0,0.005903077399124889
0,0,0.006027158304302776
0,0,0.009818098721319158
0,0,0.006853974661476429
0,0,0.004750262471200406
0,0,0.006430158270997471
0,0,0.01388626241661957
0,0,0.009363260859221586
0,0,0.08281693113527934
0,0,0.008594745657790538
0,0,0.03407774644473947
0,0,0.010524866088919511
0,0,0.00596070266532875
1,1,0.7402943086969438
1,1,0.9986525743870863
0,0,0.017818953460011548
0,0,0.015584481943061479
0,0,0.11567658007480976
0,0,0.014849746071941405
0,0,0.005595437386276266
0,0,0.00650204434508953
0,0,0.008197728829284339
0,0,0.006671996347014209
1,0,0.2660511346842167
0,0,0.023652847909276402
0,0,0.006096171842491971
0,0,0.00665149083862711
0,0,0.02549894134029802
0,0,0.08144291286457812
0,0,0.012602132480100671
0,0,0.017036825691697566
0,0,0.010400082185447444
0,0,0.00650204434508953
0,0,0.00709075132660902
0,0,0.13966421118831338
0,0,0.007130177793492075
0,0,0.04014392854888515
0,0,0.00785701461600199
0,0,0.008065584648961793
0,0,0.007305683733608058
0,0,0.018449245746702925
0,0,0.006412580534458061
0,0,0.009613224808903224
0,0,0.009353332221579424
0,0,0.008520724552910107
0,0,0.012338844519845698
0,0,0.006694297336943924
0,0,0.007207552791528737
0,0,0.006413369322907219
0,0,0.004697839240528342
0,0,0.006178978275844121
0,0,0.056535554130044824
0,0,0.018811852375380696
1,1,0.9990979827854101
0,0,0.006127551697429382
0,0,0.007221942926763738
1,1,0.9982680881895699
0,0,0.007019121546049357
0,0,0.029993588137726436
0,1,0.7042236560380702
0,0,0.009197569023871612
0,0,0.010947676079714443
0,0,0.007396224710128944
1,1,0.986538217234436
0,0,0.009178116681311469
0,0,0.01040738284018675
0,0,0.30443530547222586
0,0,0.010163909994168024
0,0,0.005065492148064351
0,0,0.018058619406480913
0,0,0.009668821868998655
0,0,0.0061688756476589455
0,0,0.0069931299011534226
0,0,0.008070196375296702
0,0,0.006251967440969558
0,0,0.005851518908546489
0,0,0.028655112285759784
0,0,0.009973962207662347
0,0,0.009245985244788079
0,0,0.013852436824010193
1,0,0.016446546906567282
0,0,0.007674814631401127
0,0,0.033709041940332966
1,0,0.10508003535247673
0,0,0.003020308132357732
0,0,0.006893252440729419
0,0,0.006133888731999838
0,0,0.0067278758273604695
0,0,0.02606396807557125
0,0,0.00631456799838705
0,0,0.02077984854776521
0,0,0.008366337323248587
0,0,0.004652774149318145
0,0,0.007380585232484983
0,0,0.006218548636887881
0,0,0.018815561793438726
0,0,0.16114139639380812
0,0,0.01091842664703215
0,0,0.011619787539654232
0,0,0.007080238117615806
0,0,0.005900315748151075
0,0,0.0073865235775985244
0,0,0.006384568722956745
0,0,0.010313837296042157
0,0,0.005149034743670569
0,0,0.008909544796027407
0,0,0.01595332972775079
0,0,0.006939805696643771
0,0,0.017985559012454203
0,1,0.7082498157932022
1,0,0.06978691650374831
0,0,0.011237503838548029
0,0,0.011557025737076463
0,0,0.007148847168643079
0,0,0.006471231127123175
0,0,0.012113103048344438
0,0,0.013815562082113547
0,0,0.007396438013169151
0,0,0.004260071634602608
0,0,0.005811941505748463
0,0,0.016768122445683514
0,0,0.005702246196289205
0,0,0.008031150036263297
0,0,0.013468196823355484
0,0,0.009295000173228499
0,0,0.007976460458260712
0,0,0.3485140228763306
0,0,0.0064969718961082395
0,0,0.00673641321576526
0,0,0.02558849591615004
1,1,0.8639794488351871
0,0,0.007642389725279354
0,0,0.007529496797259215
1,0,0.2705297227600817
1,1,0.9951777925536647
1,0,0.26201106121163353
0,0,0.007820907845793906
0,0,0.0067203699246768025
0,0,0.004630785422622922
0,0,0.019245378842989994
0,0,0.008295700603681986
0,0,0.00813798377700453
1,1,0.9796236132690749
0,0,0.007952011410633814
0,0,0.0040613106876227125
0,0,0.007223186245607892
0,0,0.015226751484646143
0,0,0.004667854306611475
0,0,0.00792441346219887
0,0,0.005961617043513051
0,0,0.1557412502896964
0,0,0.038037688884091536
0,0,0.008059686998086036
0,0,0.015785771030836677
0,0,0.03126122898867903
1,1,0.9930635091551446
0,0,0.01757875741306605
0,0,0.007069433573064745
1,0,0.12387866875921447
0,0,0.019633923366392636
1,0,0.2139252856216069
0,0,0.005325722628047828
0,0,0.0054139735224854124
0,0,0.008429684240605922
0,0,0.007314620691754594
0,0,0.024078271028112972
0,0,0.025954190051700205
1,1,0.9996115833068546
0,0,0.007025777670794689
0,0,0.007642469355721153
0,0,0.007303432145991461
0,0,0.027344692341536542
0,0,0.0061828949389649696
1,0,0.18351271259696122
0,0,0.16360152324182228
0,0,0.009779836963609678
1,0,0.3700611236888277
0,0,0.016363578348492305
0,0,0.01725448587760721
0,0,0.009850054842222313
0,0,0.013554988091323947
0,0,0.006075581107255634
0,0,0.006234005270060617
0,0,0.023240840152410142
1,0,0.05392697934127989
0,0,0.008490960619725265
0,0,0.02619171565370904
1,1,0.6438218932927748
1,1,0.9992689474853533
1,0,0.47480017046458317
0,0,0.013172323819740898
0,0,0.012195596925154888
0,0,0.03787225642393035
0,0,0.09701959398956708
1,1,0.5387406851950921
0,0,0.0675128251484677
0,0,0.010767490995698008
0,0,0.007519754236098146
0,0,0.009886188482658346
0,0,0.01043920163201769
0,0,0.013032306769321541
0,0,0.008888333400975378
0,0,0.005963139007608936
0,0,0.007169543316476778
0,0,0.005122438889389899
0,0,0.006155472887367485
0,0,0.00574163856093913
0,0,0.006638244979143156
1,1,0.9995071096115447
0,0,0.06048295254582262
0,0,0.006876503135262535
0,0,0.2240173011900545
0,0,0.012024143034505951
0,0,0.012291756150823042
0,0,0.03799770808826603
0,0,0.016342913322240214
0,0,0.007299483015349243
0,0,0.14682936808553057
1,1,0.9980810934890469
0,0,0.014070932087755774
0,0,0.007888921802656575
0,0,0.0039022159808375576
0,0,0.015391574564750633
0,0,0.006367644358033723
0,0,0.0041752002331661665
0,0,0.01085879438173489
0,0,0.007930284983873243
0,0,0.007022341581605601
0,0,0.02577966478949149
1,1,0.99769844516118
0,0,0.006170506226696508
0,0,0.05548620682817085
0,0,0.009687339434360316
1,1,0.9959013273869758
0,0,0.07321673400371652
0,0,0.006253664399456088
0,0,0.00737603695595052
0,0,0.01961496202971541
0,0,0.008359422527459344
0,0,0.007775209872201154
1,0,0.007189902329227686
0,0,0.019319429757466994
0,0,0.012806741892322188
0,0,0.019231526311551478
0,0,0.014558233121221129
0,0,0.008403141964274953
0,0,0.006786998459525678
1,1,0.9995843290277817
0,0,0.00782801821659362
0,0,0.005215370225772475
1,1,0.998748157498252
0,0,0.006042211536479828
0,0,0.007905288206995544
0,0,0.0720811869991326
0,0,0.22558260488961304
0,0,0.007941590190633617
0,0,0.006834875544423688
0,0,0.024922176902034406
0,0,0.011572639017902255
0,0,0.008010311821705682
0,0,0.47608706523347116
0,0,0.008619508710531713
0,0,0.0104749705717558
0,0,0.005708094705474118
1,1,0.9978645607379845
0,0,0.012167025573188483
0,0,0.007031445796212525
0,0,0.021968504168432327
0,0,0.006314667987113017
0,0,0.30443530547222586
0,0,0.0055842867977417806
0,0,0.008393374610612916
0,0,0.005630773222852171
1,0,0.06227691566005625
0,0,0.032542014181791555
0,0,0.023261035560871637
0,0,0.018686876145702122
1,1,0.9725755525524218
0,0,0.005233112396184891
0,0,0.04537592908107436
0,0,0.012811104166381055
1,1,0.9710934273688935
0,0,0.005695206082983139
0,0,0.00955320835969986
0,0,0.05810843747838511
0,0,0.012688318196565723
0,0,0.006304677666604211
0,0,0.019776015365973332
0,0,0.028753376074280728
0,0,0.008227797935482867
0,0,0.007585237256175286
0,0,0.020843601387003537
0,0,0.012271731379586688
0,0,0.004302728951553153
0,0,0.05605359938850056
0,0,0.019697268555347903
0,0,0.03004512308510454
0,0,0.005756725466077721
0,0,0.014957003799376
0,0,0.010252596553914833
0,0,0.009315076635378389
0,0,0.006555087746430944
0,0,0.012522819764406142
0,0,0.008951115438272041
0,0,0.022313040836063943
0,0,0.012838619397921441
0,0,0.022300515756666583
0,0,0.010286863933000254
0,0,0.007410356693891419
0,0,0.007974923269491258
1,0,0.23192792832664363
0,0,0.006329980797933136
0,0,0.029137510434906203
0,0,0.0060631109834152356
0,0,0.006355905255626047
0,0,0.014635842803209606
0,0,0.00951092598776048
1,1,0.9991338493691103
0,0,0.009390886882766139
0,0,0.008840811290350262
0,0,0.11243044502696214
0,0,0.01557628965595264
0,0,0.14533948554901932
0,0,0.023894971241806902
0,0,0.005795750266156321
0,0,0.009481856933483255
0,0,0.18133194573422196
0,0,0.008303782306560127
0,0,0.008968724956073192
0,0,0.007655260100420071
1,0,0.017718025484007437
0,0,0.28219284995564525
0,0,0.007441686589965635
0,0,0.08009818315931914
0,0,0.007751546337467754
1,0,0.187861156745339
0,0,0.027315929865000945
1,1,0.6993884931272017
0,0,0.0067638908799607916
0,0,0.009145109364138536
0,0,0.0053114822589995035
0,0,0.009191139264961488
0,0,0.008044524325005003
0,0,0.006580407837574506
0,0,0.017254653885928565
0,0,0.005158928624387482
0,0,0.0157173139800045
0,0,0.008383203773789474
0,0,0.025365270287450233
0,0,0.006613586427947049
0,0,0.17304217281886147
0,0,0.0073120038112361166
0,0,0.006480874505947558
1,1,0.9993868750182817
0,0,0.006115770112763667
0,0,0.1693405034761457
0,0,0.012227241549739372
0,0,0.01155220795741536
0,0,0.008668703288312873
0,0,0.007238561576860454
0,0,0.011567195118130693
0,0,0.008936315562021003
0,0,0.005939665059132558
0,0,0.021385293755899475
0,0,0.0059516610968229425
0,0,0.02805732349036506
1,0,0.12948005422136494
0,0,0.0384775987358385
0,0,0.007738025576422364
0,0,0.024194587091332802
0,0,0.01724899452951475
0,0,0.01426430267115528
1,1,0.9819090033640837
0,0,0.00823404770186311
1,1,0.9994497711479438
0,0,0.005003134115372164
0,0,0.015622971282377331
0,0,0.011104044664412305
0,0,0.008055726329997513
0,0,0.011101756624009041
0,0,0.012148982370376303
0,0,0.014904478792368472
0,0,0.03929993395150503
1,1,0.8802860727096653
0,0,0.006486900467909834
0,0,0.008546198531789369
0,0,0.06642667807177013
1,1,0.9991990358710924
0,0,0.0165924860446749
1,1,0.9895152720577421
1,1,0.9990618229996763
0,0,0.008477393799586853
0,0,0.006622219096391029
0,0,0.010187072443552169
0,0,0.014724280021750243
0,0,0.007948792566889427
0,0,0.015371168284862903
0,0,0.005970918383140848
1,1,0.9945592089259846
0,0,0.007745872262951142
0,0,0.0631975047446702
0,0,0.017786552398097753
0,0,0.018089999941905455
0,0,0.007729937687041382
0,0,0.014752171854272415
0,0,0.007292493106760631
0,0,0.018194356047641816
1,1,0.9989293131949961
1,1,0.997454852949782
0,0,0.006482026796324893
0,0,0.005870597657354895
0,0,0.013489233190048678
0,0,0.0067305993632784215
1,1,0.9938459333653014
1,0,0.04804222849629354
0,0,0.02701416984713173
0,0,0.10297657992235072
0,0,0.005684332362124869
0,0,0.03040572669914609
0,0,0.01809394710062568
1,0,0.18763240836025916
0,0,0.13286145099056193
0,0,0.016216516252778975
0,0,0.016218557308553233
0,0,0.005742198448272826
0,0,0.007077744823825962
0,0,0.010728818563224784
0,0,0.011914994169715929
0,0,0.007150757002817853
0,0,0.02728061511610862
0,0,0.008783740083013119
0,0,0.006172551415461965
0,0,0.04775766711769313
0,0,0.02802828944079056
1,1,0.9964228071698146
0,0,0.005090936147976157
0,0,0.011488549244893615
0,0,0.019015413737953058
0,0,0.0054362377615649665
0,0,0.025897346138134682
1,1,0.8685552250860891
0,0,0.015992815903962645
0,0,0.011129045521593404
0,0,0.03849841556339051
0,0,0.007539090797696826
0,0,0.009939040746619006
1,1,0.7096677457531255
1,1,0.89836740350182
0,0,0.010850818686012273
0,0,0.006201892216549643
0,0,0.0073175243309606276
0,0,0.01026613120194061
0,0,0.07904488494748357
0,0,0.05097524975611976
0,0,0.023772395317474198
0,0,0.007614572689025199
0,0,0.013357820884574038
0,0,0.007040423588108417
0,0,0.008434738242506064
0,0,0.006523589808338422
0,0,0.00553671332697931
0,0,0.006210486220491785
0,0,0.008491341858321089
0,0,0.006132103560440042
0,0,0.015975106553722473
0,0,0.0065826418277272125
0,0,0.008403562423469017
0,0,0.01992006710014561
0,0,0.01018343740870114
0,0,0.08642559607701167
0,0,0.1619975817597469
1,1,0.5885815272346828
0,0,0.006123066583769857
0,0,0.0222767786786089
0,1,0.6331440631947141
0,0,0.13226569608357458
0,0,0.018526091987148822
0,0,0.012597768043702115
0,0,0.07337594375098373
0,0,0.007754726076049914
0,0,0.006002117131555811
0,0,0.008833871933386996
0,0,0.009759463086271465
1,1,0.9959804128055567
0,0,0.009156670772394711
0,0,0.007348704327043594
0,0,0.4944845005184813
0,0,0.027672682548657842
0,0,0.006807114141036958
0,0,0.009213635846646225
1,1,0.5887740016212076
0,0,0.00702605378232532
0,0,0.00858519371923652
0,0,0.018569671868278834
0,0,0.014353640649782827
0,0,0.005757834150830463
0,0,0.006122062274497243
0,0,0.009615513510792296
0,0,0.008179761104481133
0,0,0.006638244979143156
1,1,0.9388615254374353
0,0,0.005243848504694767
0,0,0.006589541884977638
0,0,0.0067097606161853765
0,1,0.5031410339778186
0,0,0.007124934185365735
1,1,0.9901126102084581
1,1,0.990082286393351
0,0,0.010455040598023017
0,0,0.016300872300477158
0,0,0.3448860735296247
0,0,0.009905509376291916
0,0,0.01609028804921178
0,0,0.0370765711331037
0,0,0.009906610208122326
0,0,0.006056187436090914
0,0,0.011588336834712002
0,0,0.014786081309996419
0,0,0.02540520665502572
0,0,0.0197612857217897
0,0,0.006619381806593372
0,0,0.0071483981444244345
0,0,0.013197576041380884
0,0,0.12248301613643887
1,1,0.9990454803130966
0,0,0.016945354891824884
0,0,0.16902493360281162
0,0,0.11417541956900282
0,0,0.048810608037336
1,0,0.0922458246835743
0,0,0.020548756896584475
0,0,0.007493731040513396
0,0,0.00625404736436964
0,0,0.00900855708412384
0,0,0.00585692413168746
0,0,0.007495284150475329
0,0,0.01125045357258218
0,0,0.005124872291226692
0,0,0.009209271845373413
0,0,0.028323793459363932
0,0,0.011740050524741424
0,0,0.03842813447847644
0,0,0.006183214832559362
1,1,0.998357676992224
0,0,0.01110828188070241
0,0,0.013617488089339965
0,0,0.2498241110090821
0,0,0.21306496249181173
1,1,0.9994858695425902
0,0,0.007009256411653364
0,0,0.01433103440179187
0,0,0.0056799486930386575
0,0,0.028115895131839697
0,0,0.01431447835876615
0,0,0.007781445610969703
0,0,0.019973340620624565
0,0,0.012231361357532698
0,0,0.33185660566118835
0,0,0.020477941265414547
0,0,0.01204227549158924
0,0,0.009347890987728367
0,0,0.007466734143058002
0,0,0.007651991627899788
0,0,0.01026962026781556
0,0,0.28642527011380386
1,1,0.9993009540794392
0,0,0.005751350598226792
0,0,0.008784926167212418
0,0,0.006403338417501688
0,0,0.015173208867662293
0,0,0.004119498338423951
0,0,0.02195953870943402
0,0,0.010762465735801849
0,0,0.008030032473764203
0,0,0.037821154242893895
0,0,0.024954491645181202
0,0,0.018318515208154862
1,1,0.9967374924419266
0,0,0.02623304365104749
0,0,0.05293427326947217
0,0,0.031846861765614395
0,0,0.006213883417987307
0,0,0.00639403672971559
0,0,0.006312912483922766
0,0,0.005962673382626591
1,1,0.996612719700087
1,1,0.9658245755143425
0,0,0.008167619159427044
1,0,0.3695422365556747
0,0,0.004142682777538002
1,1,0.9989665653360597
0,0,0.00782176933952403
0,0,0.0072893612405026805
1,0,0.27034846535431417
0,0,0.009965297268722546
0,0,0.1598869120180557
0,0,0.47132901518261117
0,0,0.0066602192612217875
0,0,0.3069976386286494
0,0,0.01610150587672891
0,0,0.013997829823373968
0,0,0.07838186605403816
0,0,0.029167525327424535
0,0,0.007028395818712142
0,0,0.05267575471161487
0,0,0.014046608010124187
0,0,0.006697476300173307
0,0,0.1772006827959373
0,0,0.012100564343180109
0,0,0.04682916232130985
0,0,0.012625730349552677
0,0,0.03143120777765104
0,0,0.015496863467377981
0,0,0.008714095468884324
1,1,0.998897808670572
0,0,0.007450881563318385
0,0,0.007129397283774149
0,0,0.009370133237746272
0,0,0.0071309761535568944
0,0,0.02384969602570942
0,0,0.010098672415915853
0,0,0.12346246730873665
1,1,0.9988974177726995
1,1,0.9993051298593825
0,0,0.008427548172791703
0,1,0.6490928663595615
1,0,0.09330723747417723
0,0,0.013055979182015716
0,0,0.005840946461211057
0,0,0.0339255451357704
0,0,0.007032639712519501
0,0,0.03135697013231342
0,0,0.009388579741334592
0,0,0.024729892423146826
1,1,0.997732305254457
0,0,0.008043025925134973
0,0,0.020550271108735196
0,0,0.013084371878338491
0,0,0.3943867792026338
1,1,0.9845158261041909
0,0,0.012875428227230017
0,0,0.009760080837560465
1,1,0.7318709803592932
0,0,0.00929955851865691
0,0,0.009564268151688626
0,0,0.006184067805712154
0,0,0.2074418314629945
0,0,0.005931457924575973
0,0,0.0055059781412397915
0,0,0.007652831727095836
0,0,0.031539804427991994
0,0,0.015464525126022956
0,0,0.012766670745620459
0,0,0.0054767898903939054
0,0,0.008515905136640179
0,0,0.004677321456487442
0,0,0.014008224978789665
0,0,0.005400352472185816
0,0,0.023820413256790778
0,0,0.0137376283301363
0,0,0.015605341922018403
0,0,0.01200403265687842
0,0,0.006116047760857688
0,0,0.01404808262313652
0,0,0.013783211716135021
0,0,0.10661208013854145
0,0,0.026065311657732654
0,0,0.01773966311986556
0,0,0.006372351289943672
1,1,0.9993205802274833
0,0,0.00628167279369099
0,0,0.006782935327397392
0,0,0.006425038414975177
0,0,0.006017496809528138
0,0,0.0060756659500285646
0,0,0.009617107539427554
0,0,0.027272686422430775
0,0,0.008019135788335987
0,0,0.01213751292477564
1,0,0.26962548538763687
0,0,0.012026781043168094
0,0,0.021408027945570344
0,0,0.04276657053780993
0,0,0.010894659953366902
0,0,0.013786071135753584
0,0,0.006190066598496756
0,0,0.007280618113601171
1,0,0.05002149171889147
0,0,0.011982306890718945
0,0,0.008879760698598993
0,0,0.007797769772722124
0,0,0.007324314450785945
0,0,0.024469684148857217
0,0,0.00967322226822157
0,0,0.00713354696112425
0,0,0.007881364136885543
0,0,0.00727822501344654
0,0,0.020156270927203998
0,0,0.007852148266565483
0,0,0.011658031538723664
0,0,0.008001373730424581
0,0,0.007841175666535926
0,0,0.13459912210626795
0,0,0.007168254670745973
0,0,0.013673454581873058
0,0,0.013301644383040495
0,0,0.011687441450416901
0,0,0.005729585278590769
1,1,0.9726201145926032
0,0,0.01643692414717919
0,0,0.004467344854980063
0,0,0.47747562601696997
0,0,0.0064111776535591605
1,1,0.7981194366550836
0,0,0.006874867482594208
0,0,0.015797399553165413
1,0,0.15843594495231747
0,0,0.011609030269342785
0,0,0.16509628855512426
0,0,0.005532197964055271
1,1,0.9976146074782448
0,0,0.019578777385039384
0,0,0.03205223000200402
1,1,0.997732305254457
0,0,0.012303214476110762
0,0,0.00816742694536484
0,0,0.006927782671989918
0,0,0.015608643253066776
0,0,0.1402404950315768
0,0,0.006692542403148243
0,0,0.01527126431457563
0,0,0.01156366247547852
0,0,0.019851657213243102
1,1,0.9918421855184325
0,0,0.018344025331843067
0,0,0.08167197881149488
0,0,0.00739074241931587
0,0,0.010410596729258629
0,0,0.00822620308846715
0,0,0.017301641845259726
0,0,0.01979039568049207
0,0,0.007299327743922868
0,0,0.009350045567175266
0,0,0.018625571554416492
1,1,0.9621160370870536
0,0,0.06598371620435467
0,0,0.014287997543947141
1,1,0.9989293131949961
0,0,0.013304512760275278
1,0,0.007443232055391061
0,0,0.007921299160416796
0,0,0.1117640176658748
0,0,0.02176111139943975
0,0,0.0070134548768597555
0,0,0.005976849818256719
0,0,0.006221058816814403
0,0,0.009400143353556354
1,1,0.996322857640707
0,0,0.03727019340606477
0,0,0.010074912557702032
0,0,0.07817433505506773
0,0,0.015239947367003483
0,0,0.0061656677387921625
0,0,0.008235500119175204
0,0,0.012671913328784454
0,0,0.013457314581824375
0,0,0.031107598883030906
0,0,0.026597166350963094
0,0,0.004592568029988268
0,0,0.009200575269683414
0,0,0.015968659295893972
1,1,0.6648682096538884
0,0,0.00630523740223221
0,0,0.012201501844915265
0,0,0.01380325868676276
0,0,0.3036700761459144
0,0,0.007098795953519041
0,0,0.08707279993635778
0,0,0.007674954373696014
0,0,0.011568380791852921
0,0,0.16654194930323546
0,0,0.1402404950315768
0,0,0.011168459719169396
0,0,0.006960501336649539
0,0,0.011329156375727466
0,0,0.11747827704015662
0,0,0.007141279123315368
0,0,0.024725198874614246
1,1,0.791555738319727
0,0,0.007187979197103722
0,0,0.007611050445447585
0,0,0.0063389893792541105
0,0,0.006586989127223136
0,0,0.022301796012102415
0,0,0.008109570283696632
0,0,0.017201099987260254
0,0,0.012237342086897612
0,0,0.010188151932051106
0,0,0.029961679730951003
0,0,0.007393009941881246
0,0,0.028260297902839238
0,0,0.008597186884769402
0,0,0.007975898920523536
0,0,0.012293559281089187
1,1,0.9993913769703995
0,0,0.003726688097724936
0,0,0.010019329538708334
0,0,0.004899424672273289
0,0,0.012185876293378658
1,1,0.998229027694672
0,0,0.020504554130605458
0,0,0.011035078889474711
0,0,0.014794619001516997
0,0,0.2205484505000076
0,0,0.00607888838224014
0,0,0.0074956643530255255
0,0,0.02109865740307482
0,0,0.021936968894214943
0,0,0.006738445741174807
0,0,0.01740360066359747
0,0,0.13763110282869714
0,0,0.031879711759209055
0,0,0.00879910646127278
0,0,0.007423659685863079
0,0,0.024018782843171244
0,0,0.006269017041180432
0,0,0.0074099652447211835
0,0,0.02578873180450894
0,0,0.008749856554711138
0,0,0.007057998409195914
0,0,0.008668444481405838
0,0,0.009152995623180352
1,1,0.9978605009213982
0,0,0.030334092365313113
0,0,0.029077690254054406
0,0,0.008011312697068514
0,0,0.01811112281224244
0,0,0.011467933868860093
0,0,0.03853216563964192
1,0,0.06703528311447123
1,1,0.9421018117379879
0,0,0.008321746148457019
1,1,0.9945592089259846
0,0,0.030364966578770285
0,0,0.038791215982224514
1,1,0.9837112602817195
0,0,0.005898577196708029
0,0,0.006209156936109565
0,0,0.007318795511983017
0,0,0.006771370219746784
0,0,0.027130237875849
0,0,0.027951381906025665
0,0,0.00947327342381885
0,0,0.008018798807844238
1,1,0.9991122089215728
0,0,0.00933662245513319
1,0,0.013824561993188366
0,0,0.26999534905988193
0,0,0.008449607785338657
0,0,0.005738270268082949
0,0,0.009801255817791166
0,0,0.009029008992899372
0,0,0.006636068186743873
0,0,0.012797768171845214
0,0,0.014346685366992292
0,0,0.0050684452717885305
0,0,0.013817252751762052
0,0,0.036709734985758434
0,0,0.005714752140648559
0,0,0.17011483804579788
0,0,0.005964053841703472
1,1,0.9965623613128739
0,0,0.015712331959629348
0,0,0.024773910715201214
0,0,0.0078104573549986666
0,0,0.04492160197315216
0,0,0.014011221827930895
0,0,0.005921800336298834
0,0,0.13235183127282835
0,0,0.007808190643063101
1,0,0.2670372299052101
0,0,0.006627096548733261
0,0,0.005649293021433583
0,0,0.008615506599205855
0,0,0.13748896483620546
0,0,0.02015557172569168
0,0,0.0100529040145673
0,0,0.02098285442930004
0,0,0.006313279868077654
0,0,0.022538348231071148
0,0,0.007374482776514875
0,0,0.012734558399099979
0,0,0.00582657210811979
0,0,0.022371660704446728
0,0,0.022835739569952208
0,0,0.01205390751869672
0,0,0.019245378842989994
0,0,0.00939243445510988
0,0,0.025432872009554
0,0,0.007105214269281011
1,1,0.9991157724749393
0,0,0.007861396708904815
0,0,0.01119856137197962
1,1,0.9984941855886857
0,0,0.005479803924582985
0,0,0.006613017755847338
0,0,0.0678672250968954
0,0,0.00431372180035431
0,0,0.11021349182895232
0,0,0.004893307168681174
0,0,0.0067356894646650525
0,0,0.024430844744787513
0,0,0.0066780939778716885
1,1,0.9916263585682328
0,0,0.00977249661772112
0,0,0.00756006405342451
0,0,0.4400372332891387
0,0,0.007605827379200914
0,0,0.020846333499894232
0,0,0.12358157233664548
0,0,0.006584729857483192
0,0,0.005459502020597066
0,0,0.19890602121238055
0,0,0.02963409243538109
0,0,0.007529247721772056
0,0,0.020806269281527706
0,0,0.028612792268669574
0,0,0.01993798621367372
0,0,0.008943692669359243
0,0,0.022485028163274624
0,0,0.007226379600141157
0,0,0.012104902783980666
0,0,0.006594767521822536
0,0,0.028471482396423792
0,0,0.14438932398303442
0,1,0.6629298327715757
0,0,0.0057857639828162635
1,1,0.9862806466135988
0,0,0.007938969160272563
0,0,0.020471387736661944
0,0,0.030731272938009493
0,0,0.013847425976986119
0,0,0.006635527436647611
0,0,0.010878030106311314
0,0,0.006968341122720328
0,0,0.012905517099011785
0,0,0.008480084394790746
0,1,0.8716732969093662
0,0,0.04680944013362482
0,0,0.006895769755281262
0,0,0.00856462231890202
0,0,0.00924975460493828
0,0,0.05807900889600046
0,0,0.07440973838916036
0,0,0.00962552962413876
0,0,0.006053748714566973
0,0,0.02558849591615004
0,0,0.011340403052741142
0,0,0.005489427865304109
0,0,0.022471607149806914
0,0,0.017699487857266043
0,0,0.016012307601794264
0,0,0.008666551201105346
0,0,0.04125382061434426
0,0,0.009424525000742144
0,0,0.028426758897239432
1,1,0.9980633832051757
1,1,0.6250742755823009
0,0,0.05213578568266259
0,0,0.0077802935467165294
0,0,0.01530187616555258
0,0,0.016912933540217886
0,0,0.02748520345586951
0,0,0.007572000601794943
0,0,0.012986079769555174
0,0,0.10186551809426113
0,0,0.02746174510380755
0,0,0.19041633876778624
0,0,0.009397494334329856
0,0,0.0108764956921091
0,0,0.00750510769692282
0,0,0.012105870359774468
0,0,0.005373123566668803
0,0,0.008705927517354342
0,0,0.006903804271508287
0,0,0.08852353300909682
0,0,0.0465377494491986
0,0,0.02281014395948613
0,0,0.02733151663979006
0,0,0.006689252322104615
0,0,0.006872237664523159
0,0,0.014359261164981034
0,0,0.006321971907011811
0,0,0.028412353079956116
0,0,0.0071405371407779
0,0,0.006093991815888348
0,0,0.040898287313907156
0,0,0.007284328484725779
0,0,0.01202290052763801
0,0,0.023043219130815553
0,0,0.011626187953432782
0,0,0.008697871405295259
0,0,0.006088505651688148
0,0,0.007568298853164879
0,0,0.006260948543823174
0,0,0.005967436023467863
0,0,0.010734668141200311
0,0,0.006206982194244234
1,1,0.998748157498252
0,0,0.00910185181670214
0,0,0.016521721958724603
1,0,0.31611710246157
0,0,0.047554517677599877
0,0,0.08507035469498334
0,0,0.007311073494479563
0,0,0.010717660109119273
0,0,0.17462861968218021
0,0,0.01983509982667198
0,0,0.07386551345879305
0,0,0.008466899268333595
0,0,0.009133133515787942
0,0,0.010737956975543105
0,0,0.034441763685103065
0,0,0.052891315486118536
0,0,0.019857436915251138
0,0,0.015022075676356635
1,1,0.9701564614434618
0,0,0.15862281332149497
1,1,0.9892923441153298
0,0,0.006251967440969558
0,0,0.006990064957567834
0,0,0.04593745473424008
0,0,0.006146292620329796
1,1,0.9985061164874941
0,0,0.01194942711515552
0,0,0.005402410007600799
0,0,0.042065092285114694
0,0,0.014351457823491962
0,0,0.3883593188563322
0,0,0.013170486881098734
0,0,0.0141737317107699
0,0,0.01359494483200891
0,0,0.02360209457852806
0,0,0.006567637532327753
0,0,0.0062474025808161825
0,0,0.006142047384054819
0,0,0.09050186844450063
0,0,0.010856667131905367
0,0,0.00613391210554191
0,0,0.004000701768685033
0,0,0.08658639736311369
0,0,0.012880722375887634
0,0,0.004966948636545784
1,1,0.9991032859268235
0,0,0.2698733033034444
0,0,0.005701105007273044
0,0,0.11530158212662732
0,0,0.008736037925729852
0,0,0.007498806047620228
1,1,0.9993685554139836
0,0,0.00782931173930168
0,0,0.008439308496141782
0,0,0.00537502933197119
0,0,0.009815533693333874
0,0,0.006952331187011709
0,0,0.05589682106966867
0,0,0.007107737791879534
0,0,0.019142510188142475
0,0,0.42410035230291865
0,0,0.007627125973453317
0,0,0.009350048837862633
0,0,0.0078802280695442
0,0,0.08616944715237854
0,0,0.007314865292043598
0,0,0.044471029265277594
0,0,0.006940529884811731
0,0,0.010148491741605717
0,0,0.06610041167392935
0,0,0.0060217964402036585
0,0,0.01895422191934026
0,0,0.010698262389986729
0,0,0.008109560414555766
0,0,0.019044181266884837
0,0,0.009620492300802613
0,0,0.006136577670581278
0,0,0.005664912728640104
1,1,0.9980627581235825
0,0,0.007669577980899218
0,0,0.005956281939338386
0,0,0.003220449732122277
0,0,0.023166426357926897
1,1,0.9967374924419266
1,0,0.12582774974942798
0,0,0.007877796574829142
0,0,0.1220413369572233
0,0,0.011894867632999965
0,0,0.02020946539330509
0,0,0.013140349170125088
0,0,0.00522864998738325
0,0,0.0385839239788776
0,0,0.022835739569952208
1,1,0.9994135424282098
0,0,0.0055643392146941355
0,0,0.07066604311174512
0,0,0.008316304942694332
0,0,0.08301674547418016
0,0,0.05761713741779561
0,0,0.008283453275825494
0,0,0.06710053257215576
0,0,0.008531782852165262
0,0,0.009621426980573538
0,0,0.007628174152967954
0,0,0.05378172773838971
0,0,0.004779748082801974
0,0,0.009148664611893582
0,0,0.006103264176744535
0,0,0.029732714426197862
0,0,0.00886095589318492
0,0,0.0074233745638296825
0,0,0.02010644475901477
0,0,0.007169726875848349
0,0,0.00719516104552003
0,0,0.0167929237512302
0,0,0.007618757675414906
0,0,0.007385534499384923
0,0,0.005712095857364078
0,1,0.5765736293185691
0,0,0.014118691945397843
0,0,0.02077984854776521
0,0,0.01632380863092309
0,0,0.01262321474864623
0,0,0.006042486978665234
0,0,0.008465076521203969
0,0,0.06522066302239776
0,0,0.005397742941385872
0,0,0.006211656532259532
0,0,0.13690445812206728
1,1,0.9986378776213998
0,0,0.02994042120461248
0,0,0.006049127040858517
0,0,0.008431322267147448
0,0,0.004736386117295424
0,0,0.054219812859607384
0,0,0.009876996689094386
0,0,0.012376534667056337
0,0,0.21302720094416525
1,0,0.2185460978216828
1,1,0.9844197414246837
0,0,0.011603632890642044
0,0,0.008980969793406249
0,0,0.007407551496646633
0,0,0.14762959531895195
0,0,0.007428331370517488
0,0,0.005549106276794066
0,0,0.007850591242716705
0,0,0.051783074849323846
0,0,0.008386031003177002
0,0,0.00682574605351917
0,0,0.008156901884682167
0,0,0.03182006194697914
0,0,0.0080327282304217
0,0,0.01537229832602735
0,0,0.008590782584915344
0,0,0.012546788354436483
0,0,0.03037545813560595
0,0,0.01209533414480889
1,1,0.9990679400111285
1,1,0.9354797151180114
0,0,0.02015557172569168
0,0,0.009733778819600579
0,0,0.008723467302291489
0,0,0.003963979598019156
0,0,0.007453292224761166
0,0,0.007210587097222366
0,0,0.11742326419237312
0,0,0.00549511049504348
0,0,0.006806276578768637
1,1,0.9980243380307166
0,0,0.0212330993078673
0,0,0.08610892178877468
0,0,0.08391855809534196
0,0,0.014281510632042837
0,0,0.014555371963883684
0,0,0.007467086190394597
0,0,0.010586997059029544
0,0,0.005536959005783275
0,0,0.007231269611214205
0,0,0.05227249474819904
0,0,0.04218568693174149
0,0,0.005454963111872727
0,0,0.007466346059019998
1,1,0.9921120909255545
0,0,0.010691408338086902
0,0,0.004407320223323052
0,0,0.008184567958865538
0,0,0.005747205397047233
0,0,0.0056744490749355905
0,0,0.012454287138237775
1,0,0.294918076824353
0,0,0.034217974854046714
0,0,0.013887583073044808
0,0,0.006875642827018903
0,0,0.009161811691106756
0,0,0.012186138015678728
0,0,0.012480198018277683
0,0,0.011164281631331095
0,0,0.0052798308693848646
0,0,0.062292135378951376
0,0,0.1370373488627477
0,0,0.006946383456676542
0,0,0.018177570452839267
0,0,0.0062428824517871215
0,0,0.007826787942955276
0,0,0.01271437220288238
0,0,0.006161223635397363
0,0,0.0074079600145982106
0,0,0.010897771963550063
0,0,0.008465294377837282
0,0,0.31157330302674174
0,0,0.035129435620899194
0,0,0.00883013411776005
0,0,0.007539090797696826
0,0,0.005292763450101621
0,0,0.01579274292519165
0,0,0.010523718588165643
1,1,0.5678730149160292
0,0,0.005113608374631606
0,0,0.005355818965439602
0,0,0.030725682311095952
1,1,0.9464258632657445
0,0,0.020823837911434585
0,0,0.008070196375296702
0,0,0.010645269100923385
0,0,0.0067515175230990175
0,0,0.0063237341382191324
1,1,0.9988555855779082
0,0,0.007355094424761241
0,0,0.008327435634141215
0,0,0.007144075515537231
0,0,0.008446972364718449
0,0,0.00716954824015681
0,0,0.004486256432976401
0,0,0.015249897378155321
0,0,0.020881142627701892
0,0,0.007027706954443825
0,0,0.010455000987632251
0,0,0.008078064907665912
0,0,0.006716438747439269
0,0,0.007328177818895633
1,1,0.9989813410488896
0,0,0.0068176633419106195
0,0,0.006280035997173562
1,1,0.965673624879232
0,0,0.021057482118139466
0,0,0.007469659227595604
0,0,0.009049174375387638
0,0,0.019013633328921153
0,0,0.17753695123199822
0,0,0.006902116879041014
1,0,0.011117966729925271
0,0,0.0049872713353013845
0,0,0.03871629567247637
0,0,0.008442491004630528
0,0,0.022377559161170117
0,0,0.007077270166889698
0,0,0.013958261135572327
0,0,0.007934710587657443
0,0,0.0163907385268
0,0,0.012631961727896428
0,0,0.015565404952229014
1,1,0.9995535441137222
1,1,0.9965330547321591
0,0,0.015163046564877847
0,0,0.00625927824825786
0,0,0.008295772180543113
0,0,0.020209300053014398
0,0,0.006185364829658305
0,0,0.0337677426184406
0,0,0.005355818965439602
0,0,0.01185882165233567
0,0,0.008064565870028661
0,0,0.006219641323807337
0,0,0.01154603063928533
0,0,0.012927846441827495
1,1,0.9975927382985137
0,0,0.027804121928140076
0,0,0.007822606438970958
0,0,0.008867692163315665
0,0,0.05537813933128044
0,0,0.006375408497873193
0,0,0.013555160886191252
0,0,0.21150784567266503
0,0,0.015480805186005642
0,0,0.007299767281536044
0,0,0.01376296947091138
0,0,0.00853224464868502
1,1,0.9888586864984136
0,0,0.054864429686756686
0,0,0.007437783285757594
0,0,0.06566732988115198
1,1,0.8437564935666759
0,0,0.009790330267192738
0,0,0.007938369753204205
1,1,0.9989312857825444
0,0,0.051013563937642566
0,0,0.02239622762456488
1,1,0.999026305106818
0,0,0.008710425684942008
0,0,0.009617199042400066
0,0,0.010323199420040145
0,0,0.006872915162984774
0,0,0.013094013024947709
0,0,0.006343259117146194
0,0,0.00813510936637984
0,0,0.005737431215589941
0,0,0.0094075613641608
1,1,0.8910090046086484
0,0,0.006679898179177231
0,0,0.043710743109196676
0,0,0.014645438899911085
1,1,0.542807596833328
0,0,0.006318633314871004
0,0,0.03895275105643071
0,0,0.00743425357421151
0,0,0.012950166769828892
0,0,0.013439104282986026
0,0,0.006291695543485376
1,1,0.7437616797637621
0,0,0.010457805677046262
0,0,0.013096530989383971
0,0,0.010246311491685972
0,0,0.0090156261243315
0,0,0.008900976960610185
0,0,0.025225201931236396
1,0,0.031107598883030906
0,0,0.0190642502819546
0,0,0.016102518626675815
0,0,0.011255447360610226
1,1,0.9929113445412908
0,0,0.022354272102650754
0,0,0.010046231240512465
1,0,0.49911525703831616
0,0,0.007191587384488864
0,0,0.0065040000785736435
1,1,0.9965156142420669
0,0,0.17792544816410286
0,0,0.023256944131355196
0,0,0.00828462745677171
1,0,0.19010576923925807
0,0,0.007763104998775627
0,0,0.009423690928969396
0,0,0.006781614671834939
0,0,0.008005138419798897
0,0,0.006716752741025162
1,1,0.9897985830966395
1,0,0.014563176161537563
0,0,0.011844073082433662
0,0,0.009907803786181816
0,0,0.00845919827755136
0,0,0.27085190262341596
0,0,0.013777037431111638
0,0,0.006374120947763001
0,0,0.006605023757920141
1,1,0.9895563917100462
0,0,0.007865572028648123
0,0,0.04803162120248913
0,0,0.008287112032938002
0,0,0.4697316588373613
0,0,0.012197263435704781
0,0,0.006668647975117971
0,0,0.10871407847030382
0,0,0.007270327714611012
0,0,0.011178033323260637
0,0,0.040059035516508905
0,0,0.010169896385012735
0,0,0.00591262339529159
0,0,0.02308824319268788
0,0,0.006244144299419399
0,0,0.009236187688554977
1,0,0.00664173957608824
0,0,0.018316063692994336
0,0,0.009094376109852333
0,0,0.005735484768042239
0,0,0.007777774625861706
0,0,0.01076001929738412
0,0,0.0075296518048288885
0,0,0.005552714056203169
0,0,0.008072746797402757
0,0,0.006236887437155695
0,0,0.007222591594200126
0,0,0.005713381046138206
1,0,0.411973594854924
0,0,0.007072539390512233
0,0,0.006884099856989804
0,0,0.005648066475409999
0,0,0.009655068998993844
0,0,0.09451052090639946
0,0,0.009439825599831376
0,0,0.008821460021907333
0,0,0.06407383730735859
0,0,0.10170223370690425
0,0,0.19044368161962769
0,0,0.004641447308413544
1,1,0.9989882213748604
0,0,0.1761867835523846
0,0,0.007727896093257006
0,0,0.07067279403340256
0,0,0.008341819162802017
0,0,0.007205377781135533
0,0,0.005470080180749346
0,0,0.007398171416102506
1,1,0.9895563917100462
1,1,0.9923535315841352
0,0,0.006205026531844843
0,0,0.0043680836964014435
0,0,0.0059342572567431815
0,0,0.007761075931483512
0,0,0.007320242812596501
0,0,0.007893175488013365
1,1,0.9997309771183761
0,0,0.01167563141367319
0,0,0.10752034682515271
0,0,0.00774834575761345
0,0,0.02313981554181576
0,0,0.01933893688370607
0,0,0.0069565592788024405
0,0,0.006868604989715614
1,1,0.9995450819310417
0,0,0.013525395735815427
0,0,0.016947657197089145
0,0,0.010265577955513003
0,0,0.006752255892589109
0,0,0.008489607866274639
0,0,0.00627477824125393
0,0,0.007926974669838731
0,0,0.007916951849728179
0,0,0.020236961021149975
0,0,0.005125717762632416
0,0,0.008453795327394627
1,0,0.26442233042206403
0,0,0.00795924961845831
0,0,0.009747472732645255
0,0,0.006196555020928622
0,0,0.00568763310615708
0,0,0.07720453875129397
0,0,0.025640265469571773
0,0,0.007441499008477496
1,0,0.18576564868345294
0,0,0.01855942866328045
1,1,0.9978311288028865
1,1,0.5960358917453704
0,0,0.006661849992442825
0,0,0.02749190896828177
0,0,0.017757842871500833
0,0,0.006253600882657074
0,0,0.016416019361439046
0,0,0.02280214078044575
0,1,0.6733863404569805
0,0,0.03016549525967803
0,0,0.004898872926442405
0,0,0.027190197816548304
0,0,0.005653531702301536
0,0,0.13493757775687076
0,0,0.007721595796794361
0,0,0.0074907883237995635
0,0,0.02912548069560522
0,0,0.01632380863092309
0,0,0.004776923995614729
0,0,0.010411114317680168
0,0,0.024487674653211684
0,0,0.006931761333708283
0,0,0.043242857526030624
0,0,0.012716134205423005
0,0,0.014786592523834602
0,0,0.008176858680093001
0,0,0.003409359354029259
0,0,0.009320804128145545
0,0,0.009897123935626846
0,0,0.017681012291785335
0,0,0.008717434791644454
0,0,0.01373362694920669
0,0,0.4435620370945115
0,0,0.009431415538950707
1,1,0.9927302469224949
1,1,0.9965076288912523
0,0,0.02384428919818525
0,0,0.00670302327303828
0,0,0.009983275266932986
0,0,0.006321209920073922
0,0,0.29186909028413577
0,0,0.010777069015552945
0,0,0.011075368094997848
0,0,0.06019503540715099
0,0,0.008185484274439582
0,0,0.015107810026486973
0,0,0.02412765328297884
1,1,0.9988527209652602
0,0,0.017485407700485785
0,0,0.10728445348763793
0,0,0.007634964591313513
0,0,0.006219581954107135
0,0,0.0060631109834152356
1,1,0.9973816447100334
0,0,0.007436106364471399
0,0,0.22838192218459313
1,0,0.21068623296435937
0,0,0.34151864884592065
0,0,0.008931901025899669
0,0,0.005754542232179106
0,0,0.0077768163126250315
0,0,0.007546584340807947
0,0,0.00826127189838897
0,0,0.0063219933533031234
0,0,0.027869412016331876
0,0,0.00745454950197622
0,0,0.005756442999200932
1,1,0.9981257567763652
0,0,0.007803553809893772
0,0,0.006403426356413627
0,0,0.07147357151021172
0,0,0.007389281943699392
0,0,0.013168863845109877
1,0,0.0569317025345023
0,0,0.006264852177520086
0,0,0.00822065483881198
0,0,0.009832204891739884
0,0,0.010325017505802593
0,0,0.008614245844653342
1,1,0.9989729166221043
0,0,0.007978971867364404
0,0,0.010509618685852262
0,0,0.005586879797427976
